url,status,used_by
http://cityofplattsburgh.com/sites/cityofplattsburgh.com/files/municipal-lighting-department/TARIFF%20PAGES.pdf,200,presence 15145 res_habit; presence 15145 res_dispatch; presence 15145 ci_habit
http://nlrelectric.com/wp-content/uploads/2025/02/NLR-Net-Metering-and-DG-Rules-Ord-9329-.pdf,200,programs North Little Rock Electric Department; ic_util North Little Rock Electric Department
http://shakopeeutilities.com/wp-content/uploads/2020/07/SPU_2020_ElectricRates_v2.pdf,200,presence 16971 res_habit; presence 16971 ci_habit
http://www.basepowercompany.com/EPElectric,200,programs El Paso Electric
http://www.dominionenergy.com/en/South-Carolina/Large-Business-Services,200,presence 17539 ci_dispatch
http://www.entergyarkansas.com/wp-content/uploads/2024/11/eal_ois.pdf,200,programs Entergy Arkansas LLC
https://3cenergy.org/rebates/hourly-flex-pricing-pilot/,200,presence 61432 res_habit; presence 61432 ci_habit
https://3cenergy.org/rebates/residential-battery-rebate-program/,200,presence 61432 res_dispatch
https://4riverselectric.com/electric-rates,200,presence 64196 res_habit; presence 64196 ci_habit; presence 64196 ci_dispatch
https://adamsec.coop/time-day-rate,200,presence 40220 res_habit
https://adamselectric.coop/member-services/energyefficiencymembers/,403,presence 108 res_habit; presence 108 res_dispatch
https://aeptxsaves.com/commercial-programs/load-management/,200,presence 3278 ci_dispatch; presence 20404 ci_dispatch
https://aeptxsaves.com/wp-content/uploads/2026-AEP-Texas-SMART-Source-Program-Kickoff.pdf,200,programs AEP Texas Central; programs AEP Texas North
https://aeptxsaves.com/wp-content/uploads/25-26-LM-Manual.pdf,200,programs AEP Texas Central; programs AEP Texas Central; programs AEP Texas North
https://assets.locable.com/pdfs/6753/attachments-original-1722334989-FY25_Fee_Schedule_-_ADOPTED.pdf,200,presence 18022 res_habit; presence 18022 res_dispatch; presence 18022 ci_habit
https://austinenergy.com/-/media/project/websites/shared/pdfs/rates/tariff.pdf,200,presence 1015 res_habit; programs Austin Energy; programs Austin Energy
https://austinenergy.com/energy-efficiency/rebates-incentives/residential/appliances-equipment/pp-battery,200,programs Austin Energy
https://austinenergy.com/energy-efficiency/rebates-incentives/residential/cooling-heating/pp-thermostat,200,presence 1015 res_dispatch; programs Austin Energy
https://austinenergy.com/green-power/solar-solutions/for-your-home,200,programs Austin Energy
https://austinenergy.com/rates/commercial-rates,200,presence 1015 ci_habit
https://avec.org/customer-service/rates-understanding-your-bill/,200,presence 221 res_habit; presence 221 res_dispatch; presence 221 ci_habit
https://aws.state.ak.us/OnlinePublicNotices/Notices/Attachment.aspx?id=158561,200,programs Golden Valley Electric Association; programs Golden Valley Electric Association
https://azcc.gov/docs/default-source/utilities-files/electric/tariffs/sulphur-springs-valley-electric-cooperative-inc.pdf?sfvrsn=e29f8144_2,200,programs Sulphur Springs Valley Electric Cooperative (SSVEC); programs Sulphur Springs Valley Electric Cooperative (SSVEC); programs Sulphur Springs Valley Electric Cooperative (SSVEC)
https://banningca.gov/DocumentCenter/View/9909/Medium-Commercial-Service-Rate-Schedule---Effective-January-1-2022,200,presence 1192 ci_habit
https://barcelectric.com/net-metering/,200,programs BARC Electric Cooperative; ic_util BARC Electric Cooperative
https://barcelectric.com/thermostat/,200,programs BARC Electric Cooperative
https://bartlettec.coop/energy-conservation,200,presence 1273 res_dispatch
https://bcg.evergy.com/-/media/documents/billing/kansas-central/other/ks-central-rates.pdf,200,presence 22500 res_habit; presence 10005 res_habit; programs Evergy Kansas Central
https://bgesmartenergy.com/business/business-programs/connected-rewards,200,programs Baltimore Gas and Electric Co (BGE)
https://bgesmartenergy.com/residential/earn-incentives/connectedrewards,200,programs Baltimore Gas and Electric Co (BGE)
https://bgesmartenergy.com/residential/earn-incentives/eventscentral/energy-savings-days,200,programs Baltimore Gas and Electric Co (BGE); ic_util Baltimore Gas and Electric Co (BGE)
https://bgesmartenergy.com/residential/earn-incentives/peak-rewards,200,programs Baltimore Gas and Electric Co (BGE)
https://blog.netzerosolar.net/solar-policy/ssvecs-proposals-mean-solar/,200,programs Sulphur Springs Valley Electric Cooperative (SSVEC)
https://booneelectric.coop/,200,presence 2001 res_habit
https://booneelectric.coop/energy-solutions/dual-fuel/,200,presence 2001 res_dispatch
https://bpmcm.caiso.com/BPM%20Document%20Library/Demand%20Response/BPM_for_Demand_Response_V10_Redline.pdf,200,programs California Independent System Operator; programs California Independent System Operator
https://bpu.com/billing-rates/rates/,200,presence 9996 res_habit; presence 9996 ci_habit; presence 9996 ci_dispatch
https://brightridge.com/business-services/billing-payment/electric-rates/,200,presence 9777 ci_habit
https://brightridge.com/residential-services/billing-payment/electric-rates/,200,presence 9777 res_habit
https://btutilities.com/for-home/powershare-program,200,presence 2442 res_dispatch
https://btutilities.com/smartbusiness,200,presence 2442 ci_dispatch; programs Bryan Texas Utilities
https://caec.coop/member-benefits-services/peak-shaving-program/,200,presence 3222 res_dispatch
https://california.libertyutilities.com/uploads/CalPeco%20Tariffs/Schedule%20No%20D-1%20TOU.pdf,200,presence 57483 res_habit
https://callawayelectric.com/traditional-billing,200,presence 4160 res_habit
https://capitalelec.com/load-control-programs,200,presence 2985 res_dispatch
https://capitalelec.com/rates,200,presence 2985 res_habit
https://cardinalnews.org/2024/02/12/a-shared-solar-program-for-appalachian-power-customers-is-one-step-closer-to-reality/,200,programs Appalachian Power Co (AEP - Virginia)
https://carrollemc.com/time-of-use-rate/,200,presence 3081 res_habit
https://casscountyelectric.com/energy-management,200,presence 24949 res_habit; presence 24949 res_dispatch
https://ccec.coop/rates,200,presence 4317 res_habit; presence 4317 ci_habit; presence 4317 ci_dispatch
https://ccec.coop/rebates-programs,404,presence 4317 res_dispatch
https://cdelightband.com/residential/energy/rates-fees/,200,presence 3704 res_habit; presence 3704 ci_habit
https://cdn-dominionenergy-prd-001.azureedge.net/-/media/content/rates-and-tariffs/pdfs/virginia/residential/schedule-1p.pdf,200,programs Virginia Electric & Power Co (Dominion Energy Virginia)
https://cdn-dominionenergy-prd-001.azureedge.net/-/media/content/rates-and-tariffs/pdfs/virginia/residential/schedule-1s.pdf,200,programs Virginia Electric & Power Co (Dominion Energy Virginia)
https://cdn-dominionenergy-prd-001.azureedge.net/-/media/content/rates-and-tariffs/pdfs/virginia/residential/schedule-1t.pdf,200,programs Virginia Electric & Power Co (Dominion Energy Virginia)
https://cdn.entergy-mississippi.com/userfiles/content/price/tariffs/eml_nem.pdf,ERR URLError,ic_util Entergy Mississippi LLC
https://cdn.entergyarkansas.com/wp-content/uploads/2025/06/eal_nln-m.pdf,ERR URLError,ic_util Entergy Arkansas LLC
https://cdn.kubra.com/a_published/lakelandelectric/assets-docs/rate%20tariff%20%20fy26%20-%20effective%2010.01.25.pdf,200,programs Lakeland Electric; ic_util Lakeland Electric
https://cdn.misoenergy.org/2024%20Order%202222%20Compliance%20Framework631391.pdf,200,programs Midcontinent ISO
https://cdn.misoenergy.org/20240510%20Demand%20Response%20101%20Workshop%20Presentation632828.pdf,200,programs Midcontinent ISO
https://cdn.misoenergy.org/Indicative%20DLOL%20Results%20PY%202025-2026667100.pdf,200,programs Midcontinent ISO
https://cdn.prod.website-files.com/5a26c42ac0c9b0000147937c/6859680858dcad4bc9c1eabf_PilotProgramDemandResponseResourceRider.pdf,200,programs Nebraska Public Power District
https://cdn.prod.website-files.com/5a26c42ac0c9b0000147937c/69542b5c95d04649d4139ae0_InterruptibleServiceRider.pdf,200,programs Nebraska Public Power District
https://cdn.prod.website-files.com/5a26c42ac0c9b0000147937c/69542b6c7b778fe505562ca2_DemandWaiver_Rider.pdf,200,programs Nebraska Public Power District
https://cdn.prod.website-files.com/5a26c42ac0c9b0000147937c/69542f2f23daa6daaa1f4ad2_NetMetering.pdf,200,programs Nebraska Public Power District
https://cdn.prod.website-files.com/5fb09132bb96e90cc49a17eb/6a459bb4aadc7c8a54062736_3Q2026%20Rate%20Sheet.pdf,200,programs Matanuska Electric Association; programs Matanuska Electric Association
https://cemc.org/wp-content/uploads/2025/01/RATES-2025-FCA192-202501-002.pdf,200,presence 4624 res_habit; presence 4624 ci_habit
https://cenhudpeakperks.com/custom-savings/,200,programs Central Hudson Gas & Electric Corp
https://cenhudpeakperks.com/smart-thermostat/,404,programs Central Hudson Gas & Electric Corp
https://cenhudpeakperks.com/targeted-demand-response/,200,programs Central Hudson Gas & Electric Corp
https://central.libertyutilities.com/all/peak-alert.html,200,presence 5860 res_dispatch
https://central.libertyutilities.com/all/residential/rates/time-based-rate-plans-residential-central-liberty.html,200,presence 5860 res_habit
https://cherrylandelectric.coop/time-of-use/,200,presence 3436 res_habit
https://choctawelectric.net/peak-alerts,200,presence 3527 res_habit; presence 3527 res_dispatch
https://choptankelectric.coop/beat-peak,200,programs Choptank Electric Cooperative
https://choptankelectric.coop/save-money-reducing-electric-use-during-peak-periods,200,programs Choptank Electric Cooperative
https://choptankelectric.coop/sites/choptankelectric/files/documents/Net%20Metering%20and%20Solar%20Printer%20Friendly%20FAQ.pdf,200,programs Choptank Electric Cooperative
https://choptankelectric.coop/solar,200,ic_util Choptank Electric Cooperative
https://cimarronelectric.com/home/member-center/rates/,200,presence 3478 res_habit; presence 3478 res_dispatch; presence 3478 ci_habit
https://cityofdenton.com/DocumentCenter/View/10308/GreenSense-Incentive-Program-Manual-2025-2026,200,presence 5063 res_dispatch
https://cityoftahlequah.com/546/Utility-Services,200,presence 18433 res_habit; presence 18433 res_dispatch; presence 18433 ci_habit
https://claremore.com/wp-content/uploads/2023/12/City-of-Claremore_Utility-rate-sheet-7-2023.pdf,200,presence 3647 res_habit; presence 3647 res_dispatch; presence 3647 ci_habit
https://claverack.com/rates,404,presence 40289 res_habit
https://cleanpeakmarketoutlook.com/doer-emergency-cps-again/,403,programs Massachusetts Department of Energy Resources (DOER) - statewide
https://clpud.org/customer-information/rate-schedules-policies-guidelines-standards/rate-schedules/,200,presence 3264 res_habit; presence 3264 ci_habit
https://cms3.revize.com/revize/lagrangeGA/Documents/Department/Utilities/Electric%20Commercial%20Rate%2007012025.pdf,200,presence 10585 ci_habit; presence 10585 ci_dispatch
https://cms3.revize.com/revize/lagrangeGA/Documents/Department/Utilities/Electric%20Residential%20Rate%2007012025.pdf,200,presence 10585 res_habit
https://cms9files.revize.com/fairport/electric/Billing/12-1-25%20Billing%20Sheet.pdf,200,presence 5930 res_habit; presence 5930 ci_habit; presence 5930 ci_dispatch
https://cnmec.org/electric-rates,200,presence 4265 res_habit; presence 4265 res_dispatch; presence 4265 ci_habit
https://co.my.xcelenergy.com/customersupport/s/article/EV-Terms-and-Conditions-Optimize-Your-Charge-Terms-and-Conditions-Both-CO,200,programs Xcel Energy Colorado (Public Service Co of Colorado)
https://co.my.xcelenergy.com/s/business/rate-plans/peak-partner-rewards,200,presence 15466 ci_habit; presence 15466 ci_dispatch; programs Xcel Energy Colorado (Public Service Co of Colorado)
https://co.my.xcelenergy.com/s/renewable/battery-connect,200,presence 15466 res_dispatch; programs Xcel Energy Colorado (Public Service Co of Colorado)
https://co.my.xcelenergy.com/s/residential/heating-cooling/ac-rewards,200,programs Xcel Energy Colorado (Public Service Co of Colorado)
https://coastalelectric.coop/download/time-of-use-plug-in-electric-vehicle-rate-tou-pev-2-pdf/,200,presence 3843 res_habit
https://coastalelectric.coop/your-service/billing-payments/rates-schedules/,200,presence 3843 ci_habit
https://coastalelectric.coop/your-service/programs-services/,200,presence 3843 res_dispatch
https://coastelectric.coop/my-business/business-time-of-use-rates/,200,presence 3841 ci_habit
https://coastelectric.coop/my-home/time-of-use-rates/,200,presence 3841 res_habit
https://coastelectric.coop/renewable-energy/,200,programs Coast Electric Power Association
https://coastepa.com/renewable-energy/,ERR URLError,ic_util Coast Electric Power Association
https://coastepa.com/renewable-energy/new-renewable-energy-rate-available/,ERR URLError,programs Coast Electric Power Association
https://code.wvlegislature.gov/24-2F-8/,200,ic_state WV
https://codelibrary.amlegal.com/codes/cleveland/latest/cleveland_oh/0-0-0-27273,403,programs Cleveland Public Power
https://codelibrary.amlegal.com/codes/cleveland/latest/cleveland_oh/0-0-0-27494,403,programs Cleveland Public Power
https://codelibrary.amlegal.com/codes/poncacityok/latest/poncacity_ok/0-0-0-13362,200,presence 15202 res_habit; presence 15202 ci_habit; presence 15202 ci_dispatch
https://codes.ohio.gov/ohio-administrative-code/rule-4901:1-22-06,200,ic_state OH
https://colquittemc.com/about-us/service-rules-regulations,200,presence 40212 ci_habit
https://colquittemc.com/energy-management,200,presence 40212 res_habit; presence 40212 res_dispatch
https://commercial-savenow.cpsenergy.com/c-i/info/,200,programs CPS Energy
https://concordnc.gov/Departments/Electric-Systems/Rate-Schedules,200,presence 4150 res_habit; presence 4150 res_dispatch; presence 4150 ci_habit
https://connecttosavenc.com/coop/fcemc,200,presence 6640 res_dispatch
https://connecttosavenc.com/coop/joemc,200,presence 9837 res_dispatch
https://connecttosavenc.com/coop/pdemc,200,presence 14717 res_dispatch
https://connecttosavenc.com/coop/sremc,200,presence 17572 res_dispatch
https://connecttosavenc.com/coop/tcemc,200,presence 18957 res_dispatch
https://consumersenergy.com/summerrate,200,programs Consumers Energy Co
https://conwaycorp.com/residential-electric-rates/,200,ic_util Conway Corp
https://conwaycorp.com/solar/,200,programs Conway Corp
https://core.coop/cool-credits/,200,presence 9336 res_dispatch; programs CORE Electric Cooperative
https://core.coop/my-cooperative/rates-and-regulations/rate-structure/,200,programs CORE Electric Cooperative; programs CORE Electric Cooperative
https://core.coop/my-cooperative/renewables/rooftop-solar/,200,programs CORE Electric Cooperative; programs CORE Electric Cooperative
https://core.coop/time-of-use-program-available/,200,presence 9336 res_habit; programs CORE Electric Cooperative
https://cornbeltenergy.com/programs-services/rate-11-load-control-program/,403,presence 4362 res_dispatch
https://cornbeltenergy.com/rates/,403,presence 4362 res_habit
https://cornhusker-power.com/billing/rate-structure/,200,presence 4373 res_habit; presence 4373 res_dispatch; presence 4373 ci_habit
https://cornhusker-power.com/irrigation/load-control/,200,presence 4373 ci_dispatch
https://corridorenergy.coop/rates-and-tariff-information/,200,presence 11053 res_habit; presence 11053 ci_habit; presence 11053 ci_dispatch
https://cpowerenergy.com/wp-content/uploads/2022/12/MISO-BPM-026-Business-Practices-for-DR.pdf,200,programs Midcontinent ISO
https://cpowerenergymanagement.com/aps/,200,presence 803 ci_dispatch
https://crawfordelec.com/RatesCharges,200,presence 4524 res_habit; presence 4524 res_dispatch
https://crispcountypower.com/energy-management,200,presence 4538 res_dispatch
https://cuivre.com/winter-peak-when-you-use-energy-just-important-how-much,404,presence 4675 res_dispatch
https://cvec.coop/services/electric/rates,200,presence 4146 res_habit
https://cvec.coop/services/faqs,200,presence 4146 res_dispatch
https://cwpower.com/load-control,200,presence 4577 res_dispatch
https://d2x43qaqyo0a2i.cloudfront.net/Capacity-Buyback-Rider-_-CP-IB.pdf,200,programs Upper Peninsula Power Company (UPPCO)
https://d2x43qaqyo0a2i.cloudfront.net/Commercial-Power-Interruptible-Rider-_-CP-I.pdf,200,programs Upper Peninsula Power Company (UPPCO)
https://d2x43qaqyo0a2i.cloudfront.net/D.-A-1-_-Residential-Service-_-Dec-20-2024.pdf,200,programs Upper Peninsula Power Company (UPPCO)
https://d2x43qaqyo0a2i.cloudfront.net/D.-Distributed-Generation-Rider_-DG-_-Apr-29-2025.pdf,200,programs Upper Peninsula Power Company (UPPCO)
https://d2x43qaqyo0a2i.cloudfront.net/D.-Parallel-Generation-Net-Metering-Program_Sep-27-2023.pdf,200,programs Upper Peninsula Power Company (UPPCO)
https://d2x43qaqyo0a2i.cloudfront.net/D.-RTMP-Real-Time-Market-Pricing-_-Jul-06-2023.pdf,200,programs Upper Peninsula Power Company (UPPCO)
https://d2x43qaqyo0a2i.cloudfront.net/Large-Light-and-Power-Response-Rewards-_-CP-RR.pdf,200,programs Upper Peninsula Power Company (UPPCO)
https://dahlberglightandpower.com/,200,presence 4715 res_habit
https://dailyenergyinsider.com/featured/30331-kentucky-power-considers-path-forward-following-net-metering-order/,200,programs Kentucky Power (AEP)
https://dairylandpower.com/load-management,200,presence 108 ci_dispatch; presence 14468 ci_dispatch; presence 15344 ci_dispatch
https://danvilleva.gov/ArchiveCenter/ViewFile/Item/4422,200,presence 4794 ci_dispatch
https://dawsonpower.com/customers/rates/,403,presence 4911 res_habit; presence 4911 ci_habit
https://dawsonpower.com/customers/rebates/,403,presence 4911 res_dispatch
https://dawsonpower.com/irrigation/overview/,403,presence 4911 ci_dispatch
https://demand-rates.mwenergy.com/,200,presence 12524 res_habit; programs Midwest Energy
https://demco.org/residential-time-use-rates,200,programs Dixie Electric Membership Corp (DEMCO)
https://demco.org/solar-energy-center,200,programs Dixie Electric Membership Corp (DEMCO); ic_util Dixie Electric Membership Corp (DEMCO)
https://depsc.delaware.gov/?p=28510,200,programs Delmarva Power & Light Co (Delmarva DE)
https://depsc.delaware.gov/delawares-renewable-portfolio-standard-green-power-products,200,ic_util Delmarva Power & Light Co (Delmarva DE)
https://dms.psc.sc.gov/Attachments/Matter/27add76f-6553-4c71-a2ae-4b05c86d8e7e,200,"programs Duke Energy Progress, LLC"
https://dms.psc.sc.gov/Attachments/Matter/c60eaa90-4800-42dc-bf87-2f844a42c5cc,200,"programs Duke Energy Carolinas, LLC; programs Duke Energy Carolinas, LLC; programs Duke Energy Progress, LLC"
https://docs.cpuc.ca.gov/PublishedDocs/Published/G000/M530/K195/530195415.PDF,200,programs California Independent System Operator
https://docs.idahopower.com/pdfs/aboutus/ratesregulatory/tariffs/314.pdf,200,programs Idaho Power
https://docs.legis.wisconsin.gov/code/admin_code/psc/119,200,ic_state WI
https://docs.nppd.com/RateWiseSchedule.pdf,200,programs Nebraska Public Power District; programs Nebraska Public Power District
https://docs.tep.com/wp-content/uploads/109-TRRDTT.pdf,200,programs Tucson Electric Power (TEP)
https://docs.tep.com/wp-content/uploads/712-Rider-12-Interruptible-Service.pdf,200,programs Tucson Electric Power (TEP)
https://docs.uesaz.com/wp-content/uploads/2017/03/104-ERRESDT_032017.pdf,200,presence 19728 res_habit
https://documents.dps.ny.gov/public/Common/ViewDoc.aspx?DocRefId=%7B5042BD94-0000-C456-AF26-AB19A39C82AA%7D&DocTitle=RGE+Auto+and+Term+DLM+RFP,200,programs Rochester Gas & Electric Corp (RG&E); programs Rochester Gas & Electric Corp (RG&E)
https://documents.dps.ny.gov/public/Common/ViewDoc.aspx?DocRefId=%7B6D5D4D48-AC64-4CF9-9C0C-54C67295B62A%7D,200,programs New York State Electric & Gas Corp (NYSEG); programs Rochester Gas & Electric Corp (RG&E)
https://documents.dps.ny.gov/public/Common/ViewDoc.aspx?DocRefId=%7B90B1368C-0000-C331-A0EC-CEBAF516BD9E%7D&DocTitle=OandR+2025+Vintage+Year+Term-+and+Auto-DLM+RFP,200,programs Orange & Rockland Utilities Inc (O&R); programs Orange & Rockland Utilities Inc (O&R)
https://documents.dps.ny.gov/public/Common/ViewDoc.aspx?DocRefId=%7BC0746D9D-0000-CE30-88AD-5786AA5DCD01%7D&DocTitle=2026-04-08+NYSEG-RGE+Demand+Response+Annual+Report+Updated+REDACTED+(14-E-0423+et.+al.),200,programs New York State Electric & Gas Corp (NYSEG); programs Rochester Gas & Electric Corp (RG&E)
https://documents.dps.ny.gov/public/Common/ViewDoc.aspx?DocRefId=%7BE0A68098-0000-C75A-A009-5F980FA12D2E%7D,200,presence 16217 res_dispatch; presence 16217 ci_dispatch
https://doee.dc.gov/service/solar-district,200,programs Potomac Electric Power Co (Pepco DC); ic_util Potomac Electric Power Co (Pepco DC)
https://douglaspud.org/for-customers/customer-service-policies/,403,presence 5326 res_habit
https://dps.ny.gov/system/files/documents/2026/05/24-e-0621-sirs-effective-february-9-2026.pdf,403,ic_state NY
https://drive.google.com/file/d/1gQTJOD0vuvoQ5tWoDmx5QTEgZ1rZYYlW/view,200,presence 3527 ci_habit; presence 3527 ci_dispatch
https://duquesnelight.com/docs/default-source/wattchoice/act-129/supplement30totariffno24.pdf?sfvrsn=4c4ba142_2,404,programs Duquesne Light Co
https://e-co-op.com/services/rates/,403,presence 9209 res_habit; presence 9209 ci_habit; presence 9209 ci_dispatch
https://eastonutilities.com/solar-and-net-metering/,200,programs Easton Utilities Commission; ic_util Easton Utilities Commission
https://eastonutilities.com/wp-content/info/electric-tariff.pdf,200,presence 5625 res_habit; presence 5625 ci_habit; presence 5625 ci_dispatch
https://ecode360.com/12587011,200,presence 19856 ci_habit
https://ecode360.com/12587233,200,presence 19856 ci_dispatch
https://ecode360.com/29119315,200,presence 3329 res_habit; presence 3329 res_dispatch; presence 3329 ci_habit
https://ecoec.com/EnergySavers,200,presence 5598 res_dispatch
https://ecoec.com/sites/default/files/documents/Rates%202026.pdf,200,presence 5598 res_habit; presence 5598 ci_habit; presence 5598 ci_dispatch
https://eec.ri.gov/wp-content/uploads/2026/02/RIE_ConnectedSolutions-2025-Summer-Recap_EEC-Meeting_02192026.pdf,200,programs Rhode Island Energy (Narragansett Electric)
https://eeca.coop/ppr/,ERR URLError,presence 5535 res_dispatch
https://eeca.coop/wp-content/uploads/2025/12/SCHEDULE-A-2-2026.pdf,ERR URLError,presence 5535 res_habit
https://efficiencyworks.org/for-your-home-flex/,200,programs Fort Collins Utilities; programs Fort Collins Utilities
https://eiec.org/rates-and-regulations,200,presence 5585 res_habit; presence 5585 ci_habit
https://electricrates.org/pennsylvania/business-electricity/ppl-electric/,200,programs PPL Electric Utilities Corp
https://elizabethcitync.gov/index.asp?SEC=3EDE79A3-56B1-4FDA-B4CA-41B79CD5F79B&Type=B_BASIC,200,presence 5760 res_habit; presence 5760 ci_habit
https://emec.com/residential-rate,200,presence 5609 res_dispatch
https://ememc.com/rates,200,presence 5656 res_habit
https://ememc.com/ways-save,200,presence 5656 res_dispatch
https://emobility.entergy.com/assets/images/homepage/eMobility%20Solutions%20Rates%20and%20Riders.pdf,200,programs Entergy Arkansas LLC; programs Entergy Louisiana LLC; programs Entergy Mississippi LLC
https://ene.org/sustainability/rebates/residential/taunton/,200,programs Taunton Municipal Lighting Plant
https://energy.maryland.gov/Pages/Energy-Storage-Grant-Program.aspx,200,programs Maryland Energy Administration (statewide)
https://energy.maryland.gov/business/Pages/EnergyStorage.aspx,200,programs Maryland Energy Administration (statewide)
https://energy.ri.gov/renewable-energy/net-metering,200,programs Rhode Island Energy (Narragansett Electric)
https://energy.ri.gov/storage/energy-storage-rebates,200,programs Rhode Island Office of Energy Resources (OER) - statewide; programs Rhode Island Commerce - Renewable Energy Fund (statewide)
https://energyright.com/business-industry/demand-response/peak-rewards/,200,programs Tennessee Valley Authority
https://energyright.com/business-industry/demand-response/powerflex/,200,presence 6641 ci_dispatch; presence 19007 ci_dispatch; presence 2849 ci_dispatch
https://energyright.com/residential/rebates/smartthermostat/,200,presence 20130 res_dispatch; presence 14724 res_dispatch; presence 20377 res_dispatch
https://energysmartsc.org/smart-thermostat/,200,presence 162 res_dispatch; presence 1613 res_dispatch; presence 1763 res_dispatch
https://energystoragect.com/program-changes-for-april-1-2026/,200,programs Connecticut Public Utilities Regulatory Authority (PURA) / CT Green Bank - statewide (Eversource CT & UI territories); programs Connecticut Public Utilities Regulatory Authority (PURA) / CT Green Bank - statewide (Eversource CT & UI territories); programs Connecticut Public Utilities Regulatory Authority (PURA) / CT Green Bank - statewide (Eversource CT & UI territories)
https://energywiserewards.pepco.com/,200,programs Potomac Electric Power Co (Pepco DC)
https://epb.com/energy/energy-rates/,200,programs EPB (Electric Power Board of Chattanooga); programs EPB (Electric Power Board of Chattanooga)
https://epb.com/energy/energy-rates/residential-energy-rate-schedules/,200,presence 3408 res_habit
https://erppd.com/customer-service/rates-schedules/,200,presence 5780 res_habit; presence 5780 res_dispatch; presence 5780 ci_habit
https://estespark.colorado.gov/electricrates,200,presence 5997 res_habit
https://eta-publications.lbl.gov/sites/default/files/aggregation_in_spp_and_miso_-_lbnl_report_09.27.23.pdf,200,programs Midcontinent ISO
https://etariff.psc.sc.gov/Uploads/revisionChangesFile/038581ca-7582-4e38-9158-543c54c3e503,200,presence 17539 ci_habit
https://etariff.psc.sc.gov/Uploads/tariffFile/36cec7b8-fe00-411a-87a1-320edcf87331,200,ic_util Dominion Energy South Carolina
https://etariff.psc.sc.gov/Uploads/tariffFile/c2c0cad5-d614-473f-8d65-4a606472a8aa,200,"ic_util Duke Energy Progress, LLC"
https://etariff.psc.sc.gov/Uploads/tariffFile/c8e8e7f7-11b2-4602-a23c-5be72f015998,200,ic_state SC
https://etariff.psc.sc.gov/Uploads/tariffFile/ec070b41-9f5f-4c6f-a11a-480e0b73b559,200,"ic_util Duke Energy Carolinas, LLC"
https://ev.pnm.com/residential-ev-charger-rebates/,200,programs Public Service Co of New Mexico (PNM)
https://eversource-solar.zendesk.com/hc/en-us/articles/23446120004627-What-are-the-2025-vs-2026-CT-residential-incentive-rates-and-how-are-they-assigned,200,programs Connecticut Light & Power Co (Eversource CT); programs Connecticut Light & Power Co (Eversource CT); programs United Illuminating Co
https://excelsioremc.com/,200,presence 5905 res_dispatch; presence 5905 ci_dispatch
https://experiencecamdensc.com/wp-content/uploads/2026/07/Copy-of-Rate-Schedule-FY-27.pdf,200,presence 2890 res_habit; presence 2890 ci_habit
https://fallriverelectric.com/demand-resources,200,presence 6169 res_habit; presence 6169 res_dispatch
https://farmerselectric.coop/energy-solutions/base-battery-backup-program/,200,programs Farmers Electric Cooperative (Texas)
https://farmerselectric.coop/energy-solutions/google-nest-rush-hour-rewards-program/,200,presence 6182 res_dispatch; programs Farmers Electric Cooperative (Texas)
https://farmerselectric.coop/my-account-bill/rates/,200,presence 6182 res_habit; presence 6182 ci_habit
https://file.sawnee.coop/web-docs/library/Small-Distributed-Generation-Resources.pdf,200,ic_util Sawnee EMC
https://file.sawnee.coop/web-docs/rates/Residential-Time-of-Use-Rate-Schedule-TU28.pdf,200,presence 16865 res_habit
https://file.sawnee.coop/web-docs/rates/TOU-LGS-9.pdf,200,presence 16865 ci_habit
https://file.sawnee.coop/web-docs/solar/PV-System-FAQ-v2.pdf,200,programs Sawnee EMC
https://files.cemcpower.com/files/1/2025/rates/Central_Rates_April_2025%20(2).pdf,200,presence 3250 res_habit
https://files.cityofredding.gov/Document%20Center/Departments/Redding%20Electric%20Utility/Rate%20Information/Residential%20&%20Commercial%20Rates/Rate%20Book.pdf,200,presence 15783 res_habit; presence 15783 ci_habit
https://findenergy.com/providers/city-utilities-springfield-mo/,200,ic_util City Utilities of Springfield
https://findenergy.com/providers/owatonna-public-utilities/,200,programs Owatonna Public Utilities
https://findenergy.com/providers/rochester-public-utilities/,200,programs Rochester Public Utilities
https://findenergy.com/providers/waverly-utilities/,200,programs Waverly Light and Power
https://fmec.coop/water-heater-program,200,presence 6782 res_dispatch
https://fountain.colorado.gov/electric,200,presence 6638 res_habit; presence 6638 res_dispatch
https://fountain.colorado.gov/sites/g/files/lrnvjt3026/files/documents/Electric%20Rates.pdf,200,presence 6638 ci_habit
https://fpb.cc/documents/2024/jun18-publichearing,200,presence 6708 res_habit
https://freedomforever.com/blog/net-metering-in-pennsylvania/,200,programs PECO Energy Co
https://freeingthegrid.org/north-dakota/,200,ic_state ND
https://freestate.coop/time-use,200,presence 10019 res_habit
https://gazette.com/2026/09/22/electric-rate-decrease-net-metering-hikes-approved-for-colorado-springs-utilities/,200,programs Colorado Springs Utilities; programs Colorado Springs Utilities
https://gc.nh.gov/bill_status/legacy/bs2016/billText.aspx?sy=2026&id=2343&txtFormat=html,200,ic_state NH
https://georgetowntexas.gov/utilities/customer_care/utility_rates/,200,presence 7129 res_habit; presence 7129 ci_habit
https://georgiapowermarketplace.com/s/GeorgiaPower/programs/content_drpe_info.html,200,programs Georgia Power Company
https://ghblp.org/billing-and-payment/business-rates/,200,presence 7483 ci_habit
https://ghblp.org/billing-and-payment/rates/,200,presence 7483 res_habit; presence 7483 res_dispatch
https://ghblp.org/policies/emergency-load-shedding-faq/,200,presence 7483 ci_dispatch
https://gosemo.com/energy-efficiency/rebates/,403,presence 16805 res_dispatch
https://gosemo.com/your-account/rates/,403,presence 16805 res_habit; presence 16805 ci_dispatch
https://gradyemc.com/,200,presence 7450 ci_dispatch
https://gradyemc.com/rebates-services/,200,presence 7450 res_dispatch
https://greatergrid.com/enroll/programs/batteries/entergytxbattery,200,programs Entergy Texas Inc; programs Entergy Texas
https://greatergrid.com/enroll/programs/thermostats/aep-texas-byod/faq,200,programs AEP Texas Central; programs AEP Texas North
https://greatergrid.com/enroll/programs/thermostats/entergytxdemandsolutions,200,programs Entergy Texas
https://greatergrid.com/enroll/programs/thermostats/tvaenergyright/faq/lpc,200,presence 13216 res_dispatch; presence 12293 res_dispatch; presence 12470 res_dispatch
https://greatriverenergy.com/cooperatives/dakota-electric-association/,200,ic_util Great River Energy
https://greatriverenergy.com/transmission-and-delivery/demand-response/member-cooperative-load-management-programs/,200,presence 5574 ci_dispatch; presence 20996 ci_dispatch; presence 10697 ci_dispatch
https://greenmountainpower.com/help/off-peak-times/,200,presence 7601 res_habit
https://greenmountainpower.com/rebates-programs/home-energy-storage/bring-your-own-device/,200,presence 7601 res_dispatch
https://greenwoodcpw.com/utilities/electric/,403,presence 7646 res_habit; presence 7646 res_dispatch; presence 7646 ci_habit
https://greystonepower.com/sites/default/files/PDF/Rates/010522/Load%20Management%20Service.pdf,200,programs GreyStone Power Corporation
https://help.misoenergy.org/knowledgebase/article/KA-01336/en-us,200,programs Midcontinent ISO
https://help.prvepa.com/article/33-rates-for-services,200,presence 14563 res_habit; presence 14563 ci_habit
https://hendrickspower.com/pricing-energy-management,403,presence 8447 res_dispatch
https://hendrickspower.com/time-use-3,404,presence 8447 res_habit
https://hilco.coop/rebate-programs/smart-thermostat-rebate,200,presence 8620 res_dispatch
https://hollandbpw.com/en/distributed-generation,200,ic_util Holland Board of Public Works
https://home.danvilleutilities.com/DocumentCenter/View/146/Danville-Utilities-Electric-Rate-Schedules-and-Riders-PDF,200,presence 4794 res_habit; presence 4794 ci_habit
https://homeenergysavings.atlanticcityelectric.com/business/energy-wise-rewards,200,presence 963 ci_dispatch
https://homeenergysavings.atlanticcityelectric.com/residential/energy-wise-rewards,200,presence 963 res_dispatch
https://homeenergysavings.delmarva.com/energywiserewards/md/residential/overview,200,programs Delmarva Power & Light Co (Delmarva MD)
https://homeenergysavings.delmarva.com/sites/default/files/public/16346_Delmarva_2018_EWR_TCs_v10_web_Release.pdf,200,programs Delmarva Power & Light Co (Delmarva MD)
https://homeenergysavings.pepco.com/commercial/,404,programs Potomac Electric Power Co (Pepco MD)
https://homeenergysavings.pepco.com/energywiserewards/md/residential/overview,200,programs Potomac Electric Power Co (Pepco MD)
https://homeenergysavings.pepco.com/sites/default/files/public/26963_Pepco_EWR_BYOD_TC_v4_RELEASE-508.pdf,200,programs Potomac Electric Power Co (Pepco MD)
https://hoodline.com/2026/03/seattle-power-play-utilities-quietly-reach-into-your-thermostat/,200,presence 16868 res_dispatch
https://horryelectric.com/members/rate-center/,200,presence 8786 res_habit
https://hourlypricing.comed.com/about/,200,programs Commonwealth Edison Company (ComEd)
https://icappublic.nyiso.com/ucap/public/auc_view_spot_detail.do?seasonId=705094&month=05/2026&display=Display,200,programs New York Independent System Operator
https://icappublic.nyiso.com/ucap/public/auc_view_spot_detail.do?seasonId=705094&month=06/2026&display=Display,200,programs New York Independent System Operator
https://icappublic.nyiso.com/ucap/public/auc_view_spot_detail.do?seasonId=705094&month=07/2026&display=Display,200,programs New York Independent System Operator
https://icappublic.nyiso.com/ucap/public/auc_view_spot_detail.do?seasonId=705094&month=08/2026&display=Display,200,programs New York Independent System Operator
https://icc.illinois.gov/downloads/public/filing/4/399541.pdf,200,programs Commonwealth Edison Company (ComEd)
https://illinoisshines.com/about/,200,programs Illinois Power Agency (statewide Adjustable Block Program administrator)
https://illumination.duke-energy.com/articles/how-duke-energy-manages-ev-charging-helps-customers-save,200,programs Duke Energy Indiana
https://insidelines.pjm.com/pjm-implements-reserve-price-formation-changes/,403,programs PJM Interconnection
https://interchange.puc.texas.gov/Documents/54634_549_1355340.PDF,200,presence 17718 ci_dispatch; programs Southwestern Public Service Co. (Xcel Energy)
https://isaksensolar.com/how-solar-works-in-tmlp/,403,programs Taunton Municipal Lighting Plant
https://isonewswire.com/2025/01/08/faq-demand-response-and-the-new-england-power-grid/,200,programs ISO New England Inc.
https://iurc.portal.in.gov/_entity/sharepointdocumentlocation/0d67dec5-accc-ed11-b596-001dd8070a7e/bb9c6bba-fd52-45ad-8e64-a444aef13c39?file=45506_Indiana+Michigan+Power_Compliance+Filing+and+Submission+of+Tariff_03272023.pdf,200,programs Indiana Michigan Power (AEP)
https://iurc.portal.in.gov/_entity/sharepointdocumentlocation/430b285e-9284-e611-8124-1458d04ea8b8/bb9c6bba-fd52-45ad-8e64-a444aef13c39?file=20120629100909442.pdf,200,presence 636 ci_dispatch; presence 12674 ci_dispatch; presence 15989 ci_dispatch
https://iurc.portal.in.gov/_entity/sharepointdocumentlocation/dc384fad-2fac-eb11-b1ac-001dd801f5ce/bb9c6bba-fd52-45ad-8e64-a444aef13c39?file=45378+Vectren+South+EDG+Compliance+Filing.pdf,200,programs CenterPoint Energy Indiana South (formerly Vectren)
https://jcecoop.com/load-control,200,presence 9750 res_dispatch
https://jcremc.com/savings/time-of-use/,200,presence 9778 res_habit
https://joemc.com/monthly-focus/an-important-update-on-electric-rates-at-jones-onslow-emc/,200,presence 9837 res_habit
https://jointutilitiesofny.org/sites/default/files/2025-06-30%20JU%20Duplicative%20Comp%20Matrix_FO%202222.xlsx,200,programs New York Independent System Operator; programs New York Independent System Operator
https://justenergy.com/blog/new-jersey-net-metering/,200,programs Rockland Electric Co (RECO)
https://kauainownews.com/2026/01/05/kauai-island-utility-cooperative-offers-new-rebates-for-medical-device-power-backup/,200,programs Kauai Island Utility Cooperative
https://kitcarson.com/wp-content/uploads/2018/04/Optional-TOU-Commercial-Service-19-12.14.16.pdf,200,presence 10378 ci_habit
https://kitcarson.com/wp-content/uploads/2018/04/Optional-TOU-Resid-17-12.12.2016.pdf,200,presence 10378 res_habit
https://kitcarson.com/wp-content/uploads/2019/07/KCEC-Rate-15-Power-Service.pdf,200,presence 10378 ci_dispatch
https://kiuc.coop/sites/default/files/2025-05/2-2025-schedule-q.pdf,200,programs Kauai Island Utility Cooperative
https://kiuc.coop/tariffs,200,presence 10071 res_habit; presence 10071 ci_dispatch
https://klickitatpud.org/energy-efficiency/,200,presence 10393 res_dispatch
https://klickitatpud.org/energy-efficiency/rebates/,200,presence 10393 ci_dispatch
https://klickitatpud.org/services-rates/electric-rates/,200,presence 10393 res_habit; presence 10393 ci_habit
https://kua.com/wp-content/uploads/2026/01/KUA-Electric-Service-Rates.pdf,200,presence 10376 ci_habit
https://lacledeelectric.com/wp-content/uploads/2024/04/Rate-Schedule-4-17-24-1.pdf,200,presence 10603 res_habit; presence 10603 ci_habit
https://lailluminator.com/2026/02/25/new-orleans-battery/,200,programs Entergy New Orleans LLC; programs Entergy New Orleans LLC
https://lakecountrypower.coop/,200,presence 10697 res_habit; presence 10697 res_dispatch
https://lakelandelectric.com/billing-and-payment/pricing-plans,200,presence 10623 res_habit; programs Lakeland Electric; programs Lakeland Electric
https://lakelandelectric.com/billing-and-payment/pricing-plans-commercial,200,presence 10623 ci_habit
https://lamarelectric.coop/member-info/calculating-your-bill,200,presence 10649 res_habit; presence 10649 ci_habit
https://law.justia.com/codes/delaware/title-26/chapter-10/section-1014/,403,ic_state DE
https://law.lis.virginia.gov/vacode/title56/chapter23/section56-594/,200,ic_state VA
https://lexingtonnc.gov/home/showpublisheddocument/2191/636927903625800000,403,presence 10966 ci_habit
https://lexingtonnc.gov/home/showpublisheddocument/4191/637916674453170000,403,presence 10966 res_habit
https://lexingtonnc.gov/home/showpublisheddocument/4599/638584441326300000,403,presence 10966 ci_dispatch
https://lge-ku.com/peak-time-rebates,200,programs Kentucky Utilities; programs Louisville Gas & Electric
https://lge-ku.com/residential/billing/time-of-day-rates,200,programs Kentucky Utilities; programs Louisville Gas & Electric; programs Louisville Gas & Electric
https://library.municode.com/ca/pasadena/codes/code_of_ordinances?nodeId=TIT13UTSE_CH13.04PORARE_13.04.177NEENME,200,presence 14534 res_habit
https://library.municode.com/il/springfield/codes/code_of_ordinances?nodeId=TITVPUWO_CH50ELUT_ARTIIRASC_S50.38NEMESE,200,ic_util City Water Light and Power (Springfield)
https://longmontcolorado.gov/longmont-power-communications/rates-and-fees/residential-rates/,200,presence 11187 res_habit; programs Longmont Power & Communications; programs Longmont Power & Communications
https://longmontcolorado.gov/news/volunteers-wanted-for-lpc-ecobee-thermostat-program/,200,presence 11187 res_dispatch; programs Longmont Power & Communications
https://loup.com/customers/rates/,200,presence 11251 res_habit; presence 11251 res_dispatch; presence 11251 ci_habit
https://loup.com/irrigation-load-control/,200,presence 11251 ci_dispatch
https://lpea.coop/seven-ways-beat-peak-and-reduce-your-lpea-bill,200,presence 10539 res_dispatch
https://lpea.coop/time-use-rate,200,presence 10539 res_habit; presence 10539 ci_habit
https://lumbeeriver.com/customer-owned-generation,200,presence 11291 ci_dispatch
https://lumbeeriver.com/electric-rate-schedules,200,presence 11291 res_habit
https://lus.org/net-metering-revised/,403,programs Lafayette Utilities System; ic_util Lafayette Utilities System
https://lus.org/rates/electric-rates/,403,presence 9096 res_habit; presence 9096 ci_habit
https://magicvalley.coop/residential/myresponse,200,presence 11501 res_dispatch
https://marshfieldutilities.org/bill-payment-information/electric-rates.php,200,presence 11740 res_habit; presence 11740 ci_habit
https://mblp.org/other-customer-information/,200,presence 11701 res_habit; presence 11701 res_dispatch; presence 11701 ci_habit
https://members.iamu.org/page/Distributed_Toolkit,403,ic_util Cedar Falls Utilities
https://mercedid.org/power/energy-rules-fees-rates/electric-rates/,403,presence 12312 ci_dispatch
https://mercedid.org/power/rebates/for-my-home/,403,presence 12312 res_dispatch
https://mercedid.org/wp-content/uploads/2026/08/EGS-2-07-01-26.pdf,403,presence 12312 ci_habit
https://mercedid.org/wp-content/uploads/2026/08/RES-2-07-01-26.pdf,403,presence 12312 res_habit
https://midsouthelectric.com/wp-content/uploads/2024/06/MidSouth-Rewards-TermsandConditions.pdf,404,presence 12452 res_dispatch
https://mienergy.coop/energy-management,200,presence 19157 res_dispatch
https://minnesotasolar.org/laws/,200,ic_util Austin Utilities; ic_util Moorhead Public Service
https://missionvalleypower.org/mission-valley-power/,200,presence 19603 ci_habit
https://missoulaelectric.com/member-services/billing-payment/peak/,200,presence 12692 res_habit; presence 12692 ci_habit
https://mitchellemc.com/customer-service,200,presence 12706 res_habit
https://mitchellemc.com/customer-service/time-of-use-rate,200,presence 12706 ci_habit
https://mn.gov/puc/activities/economic-analysis/distributed-energy/net-metering/,200,programs Austin Utilities; programs Moorhead Public Service; programs Owatonna Public Utilities
https://mn.my.xcelenergy.com/s/business/rate-plans/peak-partner-rewards,200,programs Northern States Power Co - Minnesota (Xcel Energy)
https://mn.my.xcelenergy.com/s/renewable/battery-storage-incentive-program,200,programs Northern States Power Co - Minnesota (Xcel Energy)
https://mn.my.xcelenergy.com/s/residential/ev-charging/incentives/evaah,200,programs Northern States Power Co - Minnesota (Xcel Energy)
https://modoenergy.com/research/en/miso-2026-27-capacity-prices-results,200,programs Midcontinent ISO; programs Midcontinent ISO; programs Midcontinent ISO
https://modoenergy.com/research/en/miso-ancillary-services-bess-regulation-,200,programs Midcontinent ISO; programs Midcontinent ISO; programs Midcontinent ISO
https://modoenergy.com/research/en/miso-february-2026-monthly-benchmark,200,programs Midcontinent ISO
https://modoenergy.com/research/en/pjm-fast-lane-major-players-battery-storage-bess-buildout-duration-spreads-arbitrage,200,programs PJM Interconnection
https://modoenergy.com/research/en/pjm-regulation-payments-explainer-ancillary-services-how-to-guide-battery-energy-storage-revenues,200,programs PJM Interconnection; programs PJM Interconnection
https://mpei.com/take-control-your-electric-costs-our-new-time-use-rate,200,presence 13050 res_habit
https://mpw.org/wp-content/uploads/Electric-Service-Rules.pdf,200,programs Muscatine Power and Water; ic_util Muscatine Power and Water
https://mpw.org/wp-content/uploads/MPW-Electric-Rates-07-01-2025.pdf,200,presence 13143 res_habit; presence 13143 ci_habit
https://mte.com/EVReady,200,programs Middle Tennessee Electric
https://mte.com/NiteFlex,200,presence 12470 res_habit; programs Middle Tennessee Electric
https://mte.com/service/business/key-accounts/time-use-rates,200,presence 12470 ci_habit
https://murray.utah.gov/DocumentCenter/View/14388,200,presence 13137 res_habit
https://mvea.coop/my-account/rates/,403,presence 13058 res_habit
https://mvec.coop/understanding-my-electric-bill,200,presence 12642 res_habit
https://my.xcelenergy.com/s/business/rate-plans/interruptible-service-option,200,programs Northern States Power Co - Wisconsin (Xcel Energy)
https://mypec.com/large-power-rates/,200,"presence 14626 ci_habit; presence 14626 ci_dispatch; programs Pedernales Electric Cooperative, Inc."
https://mypec.com/residential-rates/dg-interconnection-rates/,200,"programs Pedernales Electric Cooperative, Inc.; programs Pedernales Electric Cooperative, Inc."
https://mypec.com/residential-rates/time-of-use-rate/,200,"programs Pedernales Electric Cooperative, Inc."
https://myrec.coop/sites/default/files/documents/Electric%20Rates/Residential%20A-1-TOU%20Rate.pdf,200,programs Rappahannock Electric Cooperative
https://navopache.org/wp-content/uploads/2021/01/1-y-year-round-time-of-use-stamped.pdf,200,presence 13318 res_habit
https://navopache.org/wp-content/uploads/2021/01/2-pt-primary-service-time-of-use-rate-stamped.pdf,200,presence 13318 ci_habit
https://nebraskalegislature.gov/laws/statutes.php?statute=70-2003,200,programs Omaha Public Power District; programs Lincoln Electric System
https://nectarclimate.com/rates/blue-ridge-electric-cooperative-sc,200,presence 1890 res_habit
https://nectarclimate.com/utilities/city-utilities-springfield,200,presence 17833 ci_dispatch
https://nectarclimate.com/utilities/connexus-energy,200,programs Connexus Energy
https://nectarclimate.com/utilities/poudre-valley-rea,200,presence 15257 res_habit; presence 15257 res_dispatch
https://new-hampshire.libertyutilities.com/,200,presence 26510 ci_dispatch
https://new-hampshire.libertyutilities.com/acworth/residential/smart-energy-use/electric/connected-rewards-residential-new-hampshire-electric-liberty.html,200,presence 26510 res_dispatch
https://new-hampshire.libertyutilities.com/bath/residential/smart-energy-use/electric/battery-storage.html,200,programs Liberty Utilities (Granite State Electric); ic_util Liberty Utilities (Granite State Electric)
https://newnanutilities.org/electric/electric-rates/,200,presence 13547 res_habit; presence 13547 ci_habit
https://newnanutilities.org/electric/energy-efficiency/,200,presence 13547 res_dispatch; presence 13547 ci_dispatch
https://news.duke-energy.com/releases/new-duke-energy-program-helps-south-carolina-nonresidential-customers-lower-costs-while-supporting-a-growing-grid,200,"programs Duke Energy Progress, LLC"
https://news.duke-energy.com/releases/new-year-bigger-incentives-as-temperatures-fall-in-the-carolinas-duke-energy-increases-financial-incentives-for-customer-energy-efficiency-and-demand-response-programs,200,"programs Duke Energy Carolinas, LLC"
https://news.wjct.org/news/2018-04-02/jea-unveils-battery-rebates-net-metering-changes-for-solar-wind-customers,200,ic_util JEA
https://newsroom.santeecooper.com/news/Santee-Cooper-Announces-Rewards-for-Smart-Thermostat-Customers/,200,programs Santee Cooper (South Carolina Public Service Authority)
https://nextzero.org/chicopee/connected-homes/,200,presence 3477 res_dispatch; programs Chicopee Electric Light
https://nextzero.org/chicopee/electric-yard-equipment/,200,programs Chicopee Electric Light
https://nextzero.org/mansfield/connected-homes/,200,presence 11586 res_dispatch
https://nextzero.org/shrewsbury/connected-homes/,200,presence 17127 res_dispatch
https://nextzero.org/wp-content/uploads/Summer-2023-NextZero-News.pdf,200,presence 19979 res_dispatch
https://nixa.com/wp-content/uploads/2024/12/2025-RATES-1.pdf,200,presence 3634 res_habit; presence 3634 ci_habit
https://nj.gov/bpu/pdf/boardorders/2022/20220713/2F%20ORDER%20ACE%20RNEM%20Tariff.pdf,200,programs Atlantic City Electric Co (ACE)
https://nj.gov/bpu/pdf/energy/Rocklanddemandresponse.pdf,200,programs Rockland Electric Co (RECO)
https://nj.myaccount.pseg.com/myservicepublic/time-of-use,200,programs Public Service Electric and Gas Co (PSE&G)
https://nj.pseg.com/saveenergyandmoney/solarandrenewableenergy/netmetering,200,programs Public Service Electric and Gas Co (PSE&G)
https://norrisppd.com/rate-schedules-2026/,200,presence 13664 res_habit; presence 13664 res_dispatch; presence 13664 ci_habit
https://northplattene.gov/218/Electric,200,presence 13725 ci_dispatch
https://northwesternenergy.com/billing-payment/rates-tariffs/rates-tariffs-montana/electric-rates-tariffs,200,presence 12825 res_habit
https://northwesternenergy.com/docs/default-source/default-document-library/billing-and-payment/rates-and-tariffs/montana/rules/electric/rule_16_et.pdf,200,programs NorthWestern Energy
https://norwichpublicutilities.com/,200,presence 13831 res_dispatch; presence 13831 ci_dispatch
https://nremc.com/rates/,200,presence 20603 res_habit; presence 20603 ci_habit
https://nueceselectric.org/sites/nueceselectric/files/images/NEC%20TARIFF%2003082019.pdf,200,presence 13830 res_habit
https://nyisoviewer.etariff.biz/ViewerDocLibrary/Filing/Filing5436/Attachments/20260602_NYISOAnswer_DERInfoRprt_cos.pdf,200,programs New York Independent System Operator
https://oakdalerec.coop/load-management,200,presence 13936 res_habit; presence 13936 res_dispatch
https://ocalafl.prod.govaccess.org/government/city-departments-a-h/electric-utility/public-education/beat-the-peak,ERR URLError,presence 13955 res_dispatch
https://ohioec.org/about-buckeye-power,200,presence 10668 res_dispatch; presence 12990 res_dispatch; presence 2502 res_dispatch
https://okcoop.org/demand-reduction-credit-form/,403,presence 14062 ci_dispatch; programs Oklahoma Electric Cooperative
https://okcoop.org/ev-rate/,403,programs Oklahoma Electric Cooperative
https://okcoop.org/ev/,403,programs Oklahoma Electric Cooperative
https://okcoop.org/rates/,403,presence 14062 res_dispatch; presence 14062 ci_habit
https://okcoop.org/renewable-energy-faqs/,403,programs Oklahoma Electric Cooperative
https://okcoop.org/time-of-use-rate/,403,presence 14062 res_habit; programs Oklahoma Electric Cooperative
https://oklahoma.gov/occ/divisions/public-utility/energy/electric-utility/netmetering.html,200,programs Oklahoma Gas & Electric (OG&E); programs Public Service Co of Oklahoma (PSO)
https://olivineinc.com/project/commonwealth-edisons-c-i-vlr-program/,200,programs Commonwealth Edison Company (ComEd)
https://ompa.virtualpeaker.io/overview/,200,programs Oklahoma Municipal Power Authority (OMPA)
https://omu.org/electric-rates/,403,presence 14268 res_habit; presence 14268 ci_habit; presence 14268 ci_dispatch
https://omu.org/net-metering/,403,programs Owensboro Municipal Utilities
https://omu.org/programs/,403,presence 14268 res_dispatch
https://openei.org/wiki/Bowling_Green_Municipal_Utilities_-_Net_Metering_(Ohio),503,programs Bowling Green Municipal Utilities
https://openei.org/wiki/Interconnection_Standards_(District_of_Columbia),503,ic_state DC
https://oppd.com/business/business-rates/business-curtailment-program/,404,presence 14127 ci_dispatch
https://oppd.com/business/business-rates/service-regulations-all-rates/,200,presence 14127 ci_habit
https://oppd.com/media/320428/oppd-flexdemand-program-terms-conditions.pdf,200,programs Omaha Public Power District; programs Omaha Public Power District; programs Omaha Public Power District
https://oppd.com/residential/residential-rates/,200,programs Omaha Public Power District
https://ors.sc.gov/sites/scors/files/Documents/Consumers/Solar/ORS%20Dominion%20Solar%20Choice%20Overview.pdf,200,programs Dominion Energy South Carolina
https://ors.sc.gov/sites/scors/files/Documents/Consumers/Solar/ORS%20Duke%20Solar%20Choice%20Overview.pdf,200,"programs Duke Energy Carolinas, LLC"
https://our.coop/programs/electric-water-heater-programs/,200,presence 3641 res_dispatch
https://p-scapi.duke-energy.com/-/media/pdfs/for-your-home/rates/rates-fl/gsd-1-01-01-2022-rate-schedule.pdf?la=en,200,presence 6455 ci_habit
https://paducahpower.com/apply-for-service/,200,presence 14371 res_habit
https://paducahpower.com/commercial/,200,presence 14371 ci_habit
https://palmetto.coop/smart-thermostat-program,200,presence 14398 res_dispatch
https://patch.com/new-jersey/wyckoff/pseg-help-conserve-energy-during-heat-wave,200,programs Public Service Electric and Gas Co (PSE&G)
https://pcec.coop/services/energy-demand-faqs/,403,presence 15138 res_habit
https://pcec.coop/wp-content/uploads/2025/03/PCECRATES-03_2025.pdf,403,presence 15138 ci_habit
https://pemc.coop/smart_energy/load-management/,200,presence 15023 res_dispatch
https://pemc.coop/smart_energy/special-rates/,200,presence 15023 res_habit
https://peoplesenergy.coop/off-peak-program,200,presence 14468 res_habit; presence 14468 res_dispatch
https://pieg.com/electric-rates/,200,presence 15340 res_habit; presence 15340 ci_habit
https://pioneerec.com/member-programs/peak-load-management/,200,presence 15054 res_dispatch
https://pioneerelectric.coop/wp-content/uploads/2026/04/04142026_2026-PEC-Rates-and-Tariffs.pdf,200,presence 15073 res_habit; presence 15073 ci_habit; presence 15073 ci_dispatch
https://planetdetroit.org/2023/05/legislators-introduce-bills-to-lift-solar-cap-restore-net-metering-and-establish-fair-value-tariff-for-distributed-generation/,200,programs Consumers Energy Co
https://portal.ct.gov/-/media/PURA/Residential-Renewable-Energy-Solutions-Program-Manual.pdf,200,ic_state CT; ic_util Connecticut Light & Power Co (Eversource CT)
https://portlandgeneral.com/about/info/pricing-plans/time-of-day,200,programs Portland General Electric
https://portlandgeneral.com/about/info/pricing-plans/time-of-use/time-of-use-pricing-business,200,programs Portland General Electric
https://portlandgeneral.com/home-battery-system-and-peak-time-rebates,200,presence 15248 res_dispatch
https://portlandgeneral.com/pge-smart-battery-pilot-residential-offering,200,programs Portland General Electric
https://portlandgeneral.com/save-money/save-money-business/dispatchable-standby-generation,200,programs Portland General Electric
https://portlandgeneral.com/save-money/save-money-business/energy-partner-program,200,presence 15248 ci_habit; presence 15248 ci_dispatch; programs Portland General Electric
https://portlandgeneral.com/save-money/save-money-home/peak-time-rebates,200,presence 15248 res_habit; programs Portland General Electric
https://portlandgeneral.com/save-money/save-money-home/smart-thermostat-program,200,programs Portland General Electric
https://portlandgeneral.com/understanding-your-net-metering-bill,200,programs Portland General Electric
https://powerforwardwithpso.com/power-hours,200,presence 15474 res_dispatch
https://powerforwardwithpso.com/programs/charge-choice/,200,programs Public Service Co of Oklahoma (PSO)
https://powerforwardwithpso.com/programs/peak-performers/,200,programs Public Service Co of Oklahoma (PSO)
https://powerforwardwithpso.com/programs/power-hours/,200,programs Public Service Co of Oklahoma (PSO)
https://powerlines.seattle.gov/2025/12/23/2025-year-in-review-building-a-stronger-future-together/,200,programs Seattle City Light
https://powerlines.seattle.gov/2026/05/04/introducing-our-new-time-of-use-rate/,200,presence 16868 res_habit
https://precorp.coop/time-use-rate-tou,200,presence 19156 res_habit
https://programs.dsireusa.org/system/program/detail/22483/alabama-power-smart-thermostat-reimbursement,200,programs Alabama Power Company
https://programs.dsireusa.org/system/program/detail/2484/city-of-new-orleans-net-metering,200,programs Louisiana Energy & Power Authority (LEPA) member municipalities
https://programs.dsireusa.org/system/program/detail/43,200,programs Delmarva Power & Light Co (Delmarva DE)
https://psc.ky.gov/agencies/psc/press/052021/0514_r01.pdf,200,ic_util Kentucky Power (AEP)
https://psc.ky.gov/agencies/psc/press/092019/0910_r01.pdf,200,programs East Kentucky Power Cooperative
https://psc.ky.gov/agencies/psc/press/092021/0924_r01.pdf,200,programs Kentucky Utilities; programs Louisville Gas & Electric; ic_state KY
"https://psc.ky.gov/pscecf/2023-00413/debbie.gates@duke-energy.com/06262024040549/Duke_Energy_Kenytucky,_Inc.s_Brief.pdf",200,ic_util Duke Energy Kentucky
https://psc.ky.gov/pscecf/2025-00258/e.rolfes-adkins@duke-energy.com/09172025043306/DEK_R_PSCDR1_091725.pdf,200,programs Duke Energy Kentucky
https://psc.ky.gov/tariffs/electric/duke%20energy%20kentucky/cancelled%20tariff%20pages/2018/rate%20dt-time-of-day%20rate%20for%20service%20at%20distribution%20voltage/04-14.pdf,200,programs Duke Energy Kentucky
"https://psc.ky.gov/tariffs/electric/east%20kentucky%20power%20cooperative,%20inc/contracts/Jackson%20Energy%20Cooperative%20Corporation/BlockZ%20Holdings,%20LLC/Green%20Hall/2023-12-01_Industrial%20Power%20Agreement_w_Interruptable%20Service.pdf",200,programs East Kentucky Power Cooperative
https://psc.maryland.gov/wp-content/uploads/2025-Net-Metering-Report-4.pdf,200,programs Baltimore Gas and Electric Co (BGE); programs Delmarva Power & Light Co (Delmarva MD); programs Potomac Electric Power Co (Pepco MD)
https://psc.maryland.gov/wp-content/uploads/Energy-Storage-Pilot-Program-Interim-Report.pdf,200,ic_util Potomac Electric Power Co (Pepco MD); ic_util Delmarva Power & Light Co (Delmarva MD)
https://psc.maryland.gov/wp-content/uploads/Order-91917_ML-323522-9761-1.pdf,200,programs Baltimore Gas and Electric Co (BGE); programs Baltimore Gas and Electric Co (BGE); programs Delmarva Power & Light Co (Delmarva MD)
https://psc.mo.gov/CMSInternetData/Agenda%20Presentations/2024%20Presentations/01-22-2024%20Evergy's%20TOU%20Implementation%20Update.pdf,200,presence 12698 res_dispatch
https://pscdocs.utah.gov/electric/17docs/17030T01/317550MLEAEx1TrfRts20193-1-2021.pdf,200,presence 12866 res_habit; presence 12866 ci_habit
https://pscdocs.utah.gov/electric/23docs/23028T01/330840Trf11-17-2023.pdf,200,presence 6957 res_habit
https://pscdocs.utah.gov/electric/26docs/26035T03/343554Trf1-26-2026.pdf,200,programs PacifiCorp (Pacific Power OR / Rocky Mountain Power WY-ID-UT)
https://psopowerhours.com/terms-and-conditions,ERR URLError,programs Public Service Co of Oklahoma (PSO)
https://puc.colorado.gov/puc-home/energy/time-of-use-rates,200,programs Xcel Energy Colorado (Public Service Co of Colorado)
https://puc.hawaii.gov/wp-content/uploads/2023/12/DPS-Phase-3-Decision-and-Order-Summary.pdf,200,programs Hawaiian Electric Co (Oahu); programs Hawaii Electric Light Co (Hawaii Island); programs Maui Electric Co (Maui County)
https://puc.idaho.gov/Fileroom/PublicFiles/Press/20251002Idaho%20Power%201002%20Release.pdf.pdf,200,programs Idaho Power
https://puc.nv.gov/Renewable_Energy/Net_Metering/,200,programs Sierra Pacific Power Co (NV Energy - North)
https://puc.sd.gov/Publications/solarfaq.aspx,200,ic_state SD
https://puc.sd.gov/commission/dockets/admin/2022/aa22-003/NWEComments.pdf,200,presence 13809 ci_habit
https://puc.sd.gov/commission/tariffs/Electric/BHP/section3A/6.pdf,200,presence 19545 res_habit
https://puc.vermont.gov/document/2026-biennial-update-net-metering-program,200,programs Green Mountain Power
https://puc.vermont.gov/sites/psbnew/files/documents/5100-net-metering-effective-3-1-2024.pdf,200,ic_state VT
"https://puco.ohio.gov/static/empliibrary/files/docketing/tariffs/Electric/Duke%20Energy%20Ohio%20-%20Electric/PUCO%2019%20Schedules%20of%20Rates,%20Classifications,%20Rules%20andRegulations.pdf",200,programs Duke Energy Ohio; programs Duke Energy Ohio; programs Duke Energy Ohio
https://pvrea.coop/for-members/rebates/ev-rebates/,200,programs Poudre Valley REA; programs Poudre Valley REA
https://pvrea.coop/for-members/residential-services/power-peak-rewards/,200,programs Poudre Valley REA
https://pvrea.coop/wp-content/uploads/2021/04/Rates-2025_rev1_12-3-2024.pdf,200,programs Poudre Valley REA; programs Poudre Valley REA; programs Poudre Valley REA
https://pwp.cityofpasadena.net/smartthermostatrebate/,403,presence 14534 res_dispatch
https://pwp.cityofpasadena.net/water-and-electric-rates/,403,presence 14534 ci_habit
https://recok.coop/rates,200,presence 16382 res_habit; presence 16382 res_dispatch; presence 16382 ci_habit
https://rienergy.com/site/ways-to-save/save-money-with-rebates-and-incentives/savings-for-your-business/ci-connectedsolutions,200,programs Rhode Island Energy (Narragansett Electric)
https://riversideca.gov/press/riverside-public-utilities-power-customers-benefit-greater-efficiency-improved-resiliency,200,programs Riverside Public Utilities
https://riversideca.gov/utilities/residents/solar-info,200,programs Riverside Public Utilities
https://riversideca.gov/utilities/sites/riversideca.gov.utilities/files/pdf/rates-electric/2024/Electric%20Schedule%20DTOU%20-%20Effective%2001-1-24%20Final.pdf,200,programs Riverside Public Utilities
https://riversideca.gov/utilities/sites/riversideca.gov.utilities/files/pdf/rates-electric/Electric%20Schedule%20Self-Gen%20-%20Effective%2011-1-2022%20(1).pdf,200,ic_util Riverside Public Utilities
https://rrvrea.com/energy-efficiency-beat-the-peak,200,presence 15746 res_dispatch
https://rrvrea.com/services-rate-information,200,presence 15746 res_habit; presence 15746 ci_habit; presence 15746 ci_dispatch
https://salemva.gov/192/Electric,200,presence 16558 res_dispatch
https://salemva.gov/DocumentCenter/View/2525/Electric-Rates-PDF,200,presence 16558 res_habit; presence 16558 ci_habit; presence 16558 ci_dispatch
https://sanpatricioelectric.org/avoiding-energy-rush,200,presence 16627 res_dispatch
https://savings.austinenergy.com/commercial/offerings/load-management/commercial-demand-response,200,presence 1015 ci_dispatch; programs Austin Energy
https://sawnee.coop/residential-rate-schedules,200,programs Sawnee EMC
https://sawnee.coop/smartsavers,200,presence 16865 res_dispatch
https://seattle.gov/city-light/business-solutions/business-billing-and-account-information/time-of-use,200,presence 16868 ci_habit; programs Seattle City Light; programs Seattle City Light
https://secoenergy.com/tag/net-metering/,404,programs SECO Energy
https://secoenergy.com/wp-content/uploads/SECO_Energy_Rate_Tariff_Current.pdf,404,presence 18304 res_habit; presence 18304 ci_dispatch; ic_util SECO Energy
https://secpa.com/sites/default/files/2024-11/gd-effective-8-1-2024.pdf,200,presence 17592 ci_habit
https://secpa.com/sites/default/files/2024-11/hh-effective-8-1-2024.pdf,200,presence 17592 res_dispatch
https://secpa.com/sites/default/files/2024-11/td-effective-8-1-2024.pdf,200,presence 17592 res_habit
https://seiec.com/marathon-water-heaters/,403,presence 17585 res_dispatch
https://services.psc.ga.gov/api/v1/External/Public/Get/Document/DownloadFile/218132/99152,ERR URLError,presence 16674 res_habit
https://services.psc.ga.gov/api/v1/External/Public/Get/Document/DownloadFile/218262/99306,ERR URLError,programs Georgia Power Company
https://siea.com/shifttosave/,200,presence 16616 res_dispatch
https://siea.com/wp-content/uploads/2023/04/TimeOfUseOneSheetAugust25pdf-1.pdf,200,presence 16616 res_habit
https://singingriver.com/my-home/,200,presence 17252 res_habit
https://sipower.org/interconnection-requests/,200,programs Southern Illinois Power Cooperative
https://slemco.com/residential/,200,presence 17684 res_dispatch
https://smartpeak.alabamapowerprograms.com/,200,programs Alabama Power Company
https://solarium3.epelectric.com/DGInterconnection/Templates/NMNetMeteringOptions.pdf,200,programs El Paso Electric Co (New Mexico jurisdiction)
https://source.fpl.com/rates/pdf/electric-tariff-section8.pdf,200,presence 6452 ci_dispatch
https://southaec.com/energy-savings/water-heater-program/,200,presence 1149 res_dispatch; presence 40127 res_dispatch; presence 4327 res_dispatch
https://southeasternelectric.com/demand/,200,presence 19293 res_habit
https://southeasternelectric.com/load-control/,200,presence 19293 res_dispatch
https://southernpd.com/electric-water-heater-program/,200,presence 17642 res_dispatch
https://southernpd.com/lc-status/,200,presence 17642 ci_dispatch
https://southernpd.com/rates/,200,presence 17642 res_habit; presence 17642 ci_habit
https://southernpine.coop/documents/residential-community-and-general-farm-servicetime-of-userate-schedule-a-tou-billing-code-108/,200,presence 17647 res_habit
https://southwestelectric.coop/residential-rates/,200,presence 17683 res_habit
https://ssemc.com/energy-efficiency-rebates,200,presence 17832 res_dispatch
https://ssemc.com/sites/default/files/2025-10/businessratesheet.pdf,200,presence 17832 ci_habit
https://ssemc.com/sites/default/files/2025-10/residentialratesheet_0.pdf,200,presence 17832 res_habit
https://ssvec.org/downloads/services/2020-Rate-Schedule.pdf,200,presence 18280 res_habit; presence 18280 ci_habit
https://starw1.ncuc.gov/NCUC/ViewFile.aspx?Id=96a20840-2be3-4ea5-8e75-4310c40c6d96,403,"ic_state NC; ic_util Duke Energy Carolinas, LLC; ic_util Duke Energy Progress, LLC"
https://static.greenmountainpower.com/tariffs/add-ons/Bring-Your-Own-Device.pdf,200,programs Green Mountain Power; ic_util Green Mountain Power
https://static.greenmountainpower.com/tariffs/add-ons/Curtailable-Load-Rider.pdf,200,presence 7601 ci_dispatch
https://static.greenmountainpower.com/tariffs/add-ons/Energy-Storage-Access-Program-Rider.pdf,200,programs Green Mountain Power
https://static.greenmountainpower.com/tariffs/add-ons/Energy-Storage-System.pdf,200,programs Green Mountain Power
https://static.greenmountainpower.com/tariffs/rates/Rate-11-Residential-Time-of-Use.pdf,200,programs Green Mountain Power
https://static.greenmountainpower.com/tariffs/rates/Rate-14-Residential-TOU-Critical-Peak-Pricing.pdf,200,programs Green Mountain Power
https://static.greenmountainpower.com/tariffs/rates/Rate-22-Residential-Time-of-Use.pdf,200,programs Green Mountain Power
https://static.greenmountainpower.com/tariffs/rates/Rate-63-65-Commercial-Industrial.pdf,200,presence 7601 ci_habit
https://static.spacecrafted.com/b993f461c2024818b0c102c57b4d48fc/r/b9129c1aca994a4fba67d678ca0fe16a/1/HECRateSheet.pdf,200,presence 8620 res_habit; presence 8620 ci_habit
https://stillwaterok.gov/314/Utility-Rates,200,presence 18125 res_habit; presence 18125 res_dispatch; presence 18125 ci_dispatch
https://stillwaterok.gov/DocumentCenter/View/1223/Electric---Power-and-Light-Time-of-Day---Secondary-Rate-PDF,404,presence 18125 ci_habit
https://sumteremc.coop/energy-efficiency-center,200,presence 18305 res_dispatch
https://sumteremc.coop/fees-and-rates,200,presence 18305 ci_dispatch
https://swce.coop/energy-management,200,presence 18047 res_habit; presence 18047 ci_dispatch
https://swce.coop/water-heaters,200,presence 18047 res_dispatch
https://swrea.com/about-us,200,presence 17671 res_dispatch
https://taylorelectric.org/load-management-program,200,presence 27369 res_dispatch; presence 27369 ci_dispatch
https://taylorelectric.org/time-day-rates-tod,200,presence 27369 res_habit
https://thomasville.org/departments/utilities/electric,200,presence 18848 res_dispatch; presence 18848 ci_dispatch
https://tipmont.com/electric/rates/time-of-use-rates/,200,presence 18940 res_habit
https://tnmp.com/customers/interconnecting,200,programs Texas-New Mexico Power
https://tnmp.com/energy-efficiency/commercial/load-management,200,presence 40051 ci_dispatch
https://tnmp.com/residentiallm,200,presence 40051 res_dispatch; programs Texas-New Mexico Power
https://tnmp.com/sites/default/files/TNMP%20Retail%20Tariff%20(20240613).pdf,200,presence 40051 res_habit; presence 40051 ci_habit
https://tnmp.com/sites/default/files/inline-images/2026%20RESHTR%20Program%20Manual%20Updated-TNMPstorageupdate20260515.pdf,200,programs Texas-New Mexico Power
https://tnmp.com/sites/default/files/inline-images/TNMP%202026%20SLM%20Program%20Manual%20-%20Final_0.pdf,200,programs Texas-New Mexico Power
https://tnmp.com/sites/default/files/inline-images/TNMP%202026%20Winter%20LM%20Program%20Manual.pdf,200,programs Texas-New Mexico Power
https://tou.tools/utilities/public-service-co-of-nh/,200,programs Public Service Co of New Hampshire (Eversource NH)
https://trico.coop/new-rates-go-in-effect-jan-1-2026/,200,programs Trico Electric Cooperative
https://trico.coop/sustainable-programs/energy-solutions/,200,presence 19189 res_dispatch; programs Trico Electric Cooperative; programs Trico Electric Cooperative
https://trico.coop/sustainable-programs/solar/,200,programs Trico Electric Cooperative
https://trico.coop/wp-content/uploads/2025/08/RS2TOU-1.pdf,200,presence 19189 res_habit; programs Trico Electric Cooperative
https://trico.coop/wp-content/uploads/2025/08/TODP.pdf,200,presence 19189 ci_habit; programs Trico Electric Cooperative
https://tx.my.xcelenergy.com/s/residential/heating-cooling/savers-switch,200,presence 17718 res_dispatch; programs Southwestern Public Service Co. (Xcel Energy)
https://txses.org/power-when-it-matters-most-texas-backup-power-package-program/,200,programs ERCOT (statewide)
https://ucs.net/sites/default/files/Tariff%20revised%20_final%2001212022.pdf,200,presence 19490 res_habit; presence 19490 ci_habit
https://ucs.net/thermostat-program,200,presence 19490 res_dispatch
https://union-power.com/wp-content/uploads/2024/02/UPC-Electric-Rate-Schedules_Effective-040124.pdf,404,presence 19435 res_habit
https://unitil.com/rebates/connectedsolutions-wi-fi-thermostat-program-nh,200,presence 24590 res_dispatch; presence 6374 res_dispatch
https://unitil.com/sites/default/files/2021-05/Program%20Materials%20for%20Connected%20Solutions%20for%20Commercial%20Unitil%20v2-FINAL.pdf,200,presence 24590 ci_dispatch
https://unitil.com/sites/default/files/2024-01/MA-Commercial-Electric-Rates.pdf,200,presence 6374 ci_habit
https://unitil.com/sites/default/files/2024-01/NH-Commercial-Electric-Rates.pdf,200,presence 24590 ci_habit
https://unitil.com/sites/default/files/2024-01/NH-Residential-Electric-Rates.pdf,200,programs Unitil Energy Systems (NH); programs Unitil Energy Systems (NH)
https://unitil.com/time-of-use,200,presence 6374 res_habit
https://unitil.com/time-of-use/ev-tou,200,programs Fitchburg Gas & Electric Light Co (Unitil MA)
https://unitil.com/time-of-use/wh-tou,200,presence 24590 res_habit
https://urecc.coop/beat-the-peak/,200,presence 19579 res_habit
https://utilities.lakeworthbeachfl.gov/electric-rates,200,presence 10620 res_habit; presence 10620 ci_habit
https://utilities.vinelandcity.org/rate-tariffs/,200,presence 19856 res_habit; presence 19856 res_dispatch
https://utility.org/electric-rates/,200,presence 4432 res_habit; presence 4432 ci_habit
https://utility.org/smart-choice-home/,200,presence 4432 res_dispatch
https://vec.org/service-products/electric/residential-rates/,200,presence 19898 res_habit
https://verawaterandpower.com/rebates-savings/commercial-incentives/,200,presence 19784 ci_dispatch
https://verawaterandpower.com/rebates-savings/residential-incentives/,200,presence 19784 res_dispatch
https://verawaterandpower.com/services/rates/electric-rates/,200,presence 19784 res_habit; presence 19784 ci_habit
https://verendrye.com/peak-program,200,presence 19790 res_habit; presence 19790 res_dispatch; presence 19790 ci_dispatch
https://vermontelectric.coop/flexible-load,200,presence 19791 res_dispatch; programs Vermont Electric Cooperative; programs Vermont Electric Cooperative
https://vermontelectric.coop/net-metering,200,programs Vermont Electric Cooperative; ic_util Vermont Electric Cooperative
https://vermontelectric.coop/rates-and-tariffs,200,presence 19791 res_habit
https://victoryelectric.net/rules-and-regulations-bylaws-and-rates,200,presence 19820 res_habit; presence 19820 ci_habit
https://visionelements.programprocessing.com/framework/CenterPointTX/2025_Residential_Load_Management_Guidelines.pdf,200,programs CenterPoint Energy Houston Electric
https://visionelements.programprocessing.com/framework/CenterPointTX/Program_Manual.pdf,200,programs CenterPoint Energy Houston Electric; programs CenterPoint Energy Houston Electric
https://votesolar.org/advocates-celebrate-indiana-decision/,200,ic_util CenterPoint Energy Indiana South (formerly Vectren)
https://washingtonutah.gov/services/power,200,presence 20135 res_habit
https://wcc.efs.iowa.gov/cs/idcplg?IdcService=GET_FILE&allowInterrupt=1&RevisionSelectionMethod=latest&dDocName=1730773&noSaveAs=1,200,programs Linn County Rural Electric Cooperative
https://weavegrid.com/sce/charge-smart-socal,200,programs Southern California Edison Co (SCE)
https://webserver.rilegislature.gov/statutes/title39/39-26.4/39-26.4-2.htm,200,ic_state RI
https://wellesleyma.gov/1539/Shave-the-Peak,404,presence 20310 res_dispatch
https://wellesleyma.gov/DocumentCenter/View/33810/Residential-Service-No-Discount-change,200,presence 20310 res_habit
https://wellesleyma.gov/DocumentCenter/View/33816/Large-General-Service-Primary-Final-No-Discount-change,200,presence 20310 ci_habit
https://wemc.com/tou/,200,presence 19981 res_habit
https://westcentralelectric.coop/electric-rates-and-billing,200,presence 20363 res_habit
https://westerncoop.com/rate-tariffs,200,presence 20476 res_habit; presence 20476 ci_habit
https://westvirginiawatch.com/2025/09/02/public-service-commission-denies-bulk-of-aep-rate-increase-request-for-wv-customers/,200,programs Appalachian Power Co (AEP - West Virginia)
https://wieg.org/regulatory-legislative/,200,programs Wisconsin Electric Power Co (We Energies)
https://wppienergy.org/program-type/business,200,presence 11571 ci_dispatch; presence 13963 ci_dispatch
https://wrec.net/sites/default/files/documents/Net_Metering_Agreement_102219_0.pdf,404,ic_util Withlacoochee River Electric Cooperative
https://www.aeci.org/three-tiered-system-service-area,200,presence 3226 res_habit; presence 3226 res_dispatch; presence 3226 ci_habit
https://www.aelp.com/Customer-Service/Rates-Billing,200,presence 213 res_habit
https://www.aelp.com/Customer-Service/Rates-Billing/Current-Rates,200,programs Alaska Electric Light & Power (AEL&P); programs Alaska Electric Light & Power (AEL&P); programs Alaska Electric Light & Power (AEL&P)
https://www.aelp.com/Energy-Conservation/Electric-Vehicles,200,programs Alaska Electric Light & Power (AEL&P)
https://www.aelp.com/Energy-Conservation/Hot-Water-Switch,200,presence 213 res_dispatch; programs Alaska Electric Light & Power (AEL&P)
https://www.aemc.coop/peak-changes-time-use-rate,200,presence 240 res_habit
https://www.aepohio.com/account/bills/programs/time-of-use,200,programs Ohio Power Company (AEP Ohio)
https://www.aepohio.com/clean-energy/electric-cars/plug-in-electric-vehicle-rate,200,programs Ohio Power Company (AEP Ohio)
https://www.aepohio.com/lib/docs/cleanenergy/renewable/NetEnergyMeteringService2-10-2020.pdf,200,programs Ohio Power Company (AEP Ohio)
https://www.aepohio.com/lib/docs/ratesandtariffs/Ohio/April_2026_AEP_Ohio_Tariff_Book.pdf,404,programs Ohio Power Company (AEP Ohio)
https://www.aeptexas.com/lib/docs/ratesandtariffs/Texas/AEP_TEXAS_TARIFF_Eff_August_28_2026.pdf,404,presence 3278 res_habit; presence 3278 ci_habit; presence 20404 res_habit
https://www.aes-ohio.com/evse-rebate-program,403,programs AES Ohio (Dayton Power and Light Company)
https://www.aes-ohio.com/home-ev-charging-rewards,200,programs AES Ohio (Dayton Power and Light Company)
https://www.aes-ohio.com/net-metering,200,programs AES Ohio (Dayton Power and Light Company); ic_util AES Ohio (Dayton Power and Light Company)
https://www.aesindiana.com/contract-riders,200,programs AES Indiana (formerly IPL)
https://www.aesindiana.com/home-ev-charging-rewards,200,programs AES Indiana (formerly IPL)
https://www.aesindiana.com/press-release/manage-heat-wave-ways-save-energy,200,programs AES Indiana (formerly IPL)
https://www.aesindiana.com/sites/aesvault.com/files/2024-08/Rider-16-EDG-45504-Effective-07-01-24.pdf,200,programs AES Indiana (formerly IPL); ic_util AES Indiana (formerly IPL)
https://www.aesindiana.com/sites/default/files/2021-05/Rate-OES-Off-Peak-Energy-Storage-Separately-Metered-50409-Effective-04-07-21.pdf,200,programs AES Indiana (formerly IPL)
https://www.aesindiana.com/sites/default/files/2021-05/Rider-14-Interruptible-Power-50409-Effective-04-07-21.pdf,200,programs AES Indiana (formerly IPL)
https://www.alabamapower.com/content/dam/alabama-power/pdfs-docs/Clean-Energy/APC-DER-interconnection-process.pdf,200,ic_util Alabama Power Company
https://www.alabamapower.com/content/dam/alabama-power/pdfs-docs/Rates/CPE.pdf,200,programs Alabama Power Company
https://www.alabamapower.com/content/dam/alabama-power/pdfs-docs/Rates/RGB.pdf,200,programs Alabama Power Company; ic_state AL
https://www.alabamapower.com/content/dam/alabama-power/pdfs-docs/Rates/RTA.pdf,200,programs Alabama Power Company
https://www.alabamapower.com/content/dam/alabama-power/pdfs-docs/Rates/RTP.pdf,200,presence 195 ci_habit
https://www.alabamapower.com/content/dam/alabama-power/pdfs-docs/business/pricing-and-rates-/rules-and-regulations/ic.pdf,404,presence 195 ci_dispatch
https://www.alabamapower.com/residential/residential-pricing-and-rate-plans/time-advantage-rates.html,200,presence 195 res_habit
https://www.alabamapower.com/residential/save-money-and-energy/demand-side-management-programs.html,200,presence 195 res_dispatch
https://www.alamedamp.com/393/TOU-Time-of-Use-Rate-for-EV-Owners,200,presence 207 res_habit
https://www.alamedamp.com/407/Rebates-and-Incentives,200,presence 207 res_dispatch
https://www.alamedamp.com/DocumentCenter/View/1476/A2-Rate-Schedule-Effective-2025-7-1,200,presence 207 ci_habit
https://www.albanyga.gov/City-Services/Utilities/Pay-Your-Utility-Bill/Commercial-Rates-and-Fees,403,presence 230 ci_habit
https://www.albanyga.gov/City-Services/Utilities/Pay-Your-Utility-Bill/Residential-Rates-and-Fees,403,presence 230 res_habit
https://www.albemarlenc.gov/departments/public-utilities/customer-service/rates-policies-and-reports,403,presence 232 res_habit
https://www.algerdelta.com/power-partner-rewards,200,presence 305 res_dispatch
https://www.algerdelta.com/pricing-options,200,presence 305 ci_dispatch
https://www.algerdelta.com/rates-0,200,presence 305 res_habit; presence 305 ci_habit
https://www.alleghenyelectriccoop.com/clms,200,presence 40220 res_dispatch; presence 40222 res_dispatch; presence 40292 res_dispatch
https://www.alliantenergy.com/-/media/alliant/documents/accountandbilling/ratesandtariffs/iowaelectricrates/inflowoutflowtariff.pdf,403,programs Interstate Power and Light Company (Alliant Energy)
https://www.alliantenergy.com/-/media/alliant/documents/accountandbilling/ratesandtariffs/iowaelectricrates/riderintservinterruptibleserviceoption.pdf,403,programs Interstate Power and Light Company (Alliant Energy)
https://www.alliantenergy.com/ways-to-save/appliance-cycling,403,programs Interstate Power and Light Company (Alliant Energy)
https://www.alliantenergy.com/ways-to-save/interruptible-program/wisconsin-electric,200,programs Wisconsin Power & Light Co (Alliant Energy)
https://www.alliantenergy.com/ways-to-save/residential-rate-options/wisconsin,403,programs Wisconsin Power & Light Co (Alliant Energy)
https://www.alliantenergy.com/ways-to-save/smart-hours/wisconsin,200,programs Wisconsin Power & Light Co (Alliant Energy); programs Wisconsin Power & Light Co (Alliant Energy); programs Wisconsin Power & Light Co (Alliant Energy)
https://www.alliantenergysmarthours.com/assets/terms-and-conditions/alliant/Alliant_Smart_Hours_Terms_And_Conditions.pdf,200,programs Interstate Power and Light Company (Alliant Energy)
https://www.alpenapower.com/electric-vehicle-rates-programs-business/,200,presence 392 ci_habit
https://www.alpenapower.com/electric-vehicle-rates-programs-residential/,200,presence 392 res_habit; presence 392 res_dispatch
https://www.alputilities.com/Residential,200,presence 295 res_habit; presence 295 res_dispatch
https://www.altamahaemc.com/services.html,200,presence 407 res_dispatch; presence 407 ci_dispatch
https://www.ameren.com/-/media/illinois-site/files/electricchoice/illinois-distributed-energy-rebate-application.ashx,200,programs Ameren Illinois Company d/b/a Ameren Illinois; programs Ameren Illinois Company d/b/a Ameren Illinois
https://www.ameren.com/-/media/missouri-site/files/environment/solar/net-metering-tariff.pdf,200,programs Union Electric Company d/b/a Ameren Missouri
https://www.ameren.com/-/media/rates/files/illinois/aiel21rdevcp.ashx,200,programs Ameren Illinois Company d/b/a Ameren Illinois; programs Ameren Illinois Company d/b/a Ameren Illinois
https://www.ameren.com/-/media/rates/files/illinois/aiel26rdpsp.ashx,200,programs Ameren Illinois Company d/b/a Ameren Illinois
https://www.ameren.com/-/media/rates/files/missouri/uecsheet54rate1mres.ashx,200,programs Union Electric Company d/b/a Ameren Missouri; programs Union Electric Company d/b/a Ameren Missouri; programs Union Electric Company d/b/a Ameren Missouri
https://www.ameren.com/efficiency/programs/peak-time-rewards,200,programs Ameren Illinois Company d/b/a Ameren Illinois
https://www.ameren.com/efficiency/programs/peak-time-savings,200,programs Union Electric Company d/b/a Ameren Missouri
https://www.ameren.com/efficiency/programs/peak-time-savings-ev,200,programs Union Electric Company d/b/a Ameren Missouri
https://www.ameren.com/illinois/residential/supply-choice/renewables/rebates,200,programs Ameren Illinois Company d/b/a Ameren Illinois; ic_util Ameren Illinois Company d/b/a Ameren Illinois
https://www.ameren.com/missouri/company/rate-options/faqs,200,ic_util Union Electric Company d/b/a Ameren Missouri
https://www.amicalolaemc.com/members/water-heater-maintenance-program,200,presence 562 res_dispatch
https://www.amicalolaemc.com/uploads/files/a1/b7/a1b73728dc7dea91e950f826220fef83.pdf,200,presence 562 res_habit
https://www.amicalolaemc.com/uploads/files/b8/10/b8101b0d3da889b1a972aef206771f59.pdf,200,presence 562 ci_habit
https://www.amppartners.org/services/community-energy-savings-smart-thermostat-program/,200,programs American Municipal Power Inc. (AMP)
https://www.amppartners.org/sustainability/programs/community-energy-savings-smart-thermostat-program/,200,presence 7977 res_dispatch; presence 2054 res_dispatch; presence 13602 res_dispatch
https://www.anaheim.net/5587/NEM-20,200,programs City of Anaheim Public Utilities
https://www.anaheim.net/5730/Battery-Storage,200,programs City of Anaheim Public Utilities
https://www.anaheim.net/5768/NEM-20-Rates,200,ic_util City of Anaheim Public Utilities
https://www.anaheim.net/5920/myPower-Savings,200,programs City of Anaheim Public Utilities
https://www.anec.com/energy-efficiency/beat-the-peak/,200,presence 84 res_dispatch
https://www.anec.com/wp-content/uploads/Schedule-TOU-A-1-Residential-Time-of-Use.pdf,200,presence 84 res_habit
https://www.anec.com/wp-content/uploads/Schedule-TOU-B-1-Commercial-Time-of-Use.pdf,200,presence 84 ci_habit
https://www.anec.com/wp-content/uploads/cs-1.pdf,200,presence 84 ci_dispatch
https://www.anokamn.gov/Clean-Energy-Choices,404,presence 691 res_habit
https://www.apexnc.org/824/Load-Management,200,presence 719 res_dispatch
https://www.appalachianpower.com/clean-energy/electric-cars/virginia-off-peak,200,programs Appalachian Power Co (AEP - Virginia)
https://www.appalachianpower.com/clean-energy/electric-cars/wv-off-peak,200,programs Appalachian Power Co (AEP - West Virginia)
https://www.appalachianpower.com/company/about/rates/va/rate-plans,200,programs Appalachian Power Co (AEP - Virginia); programs Appalachian Power Co (AEP - Virginia)
https://www.appalachianpower.com/company/about/rates/wv,200,presence 20521 ci_dispatch
https://www.appalachianpower.com/lib/docs/business/builders/NetMeteringWithAppalachianPowerInVirginia.pdf,200,programs Appalachian Power Co (AEP - Virginia)
https://www.appalachianpower.com/lib/docs/ratesandtariffs/Tennessee/KGPT_Tariff_3-FPPAR_Sept-1-2025.pdf,404,presence 10331 ci_dispatch
https://www.aps.com/-/media/APS/APSCOM-PDFs/Utility/Regulatory-and-Legal/Regulatory-Plan-Details-Tariffs/Business/Specialized-Plans/E-32_L_Storage_Pilot-Rev01.ashx?la=en,200,programs Arizona Public Service Co
https://www.aps.com/-/media/APS/APSCOM-PDFs/Utility/Regulatory-and-Legal/Regulatory-Plan-Details-Tariffs/Business/TOU-Business-NonRes-Plans/e32_TimeOfUseSmall.pdf,200,programs Arizona Public Service Co
https://www.aps.com/-/media/APS/APSCOM-PDFs/Utility/Regulatory-and-Legal/Regulatory-Plan-Details-Tariffs/Residential/Renewable-Plans-and-Riders/cppres_CriticalPeakPricingRateRider.pdf,200,programs Arizona Public Service Co
https://www.aps.com/-/media/APS/APSCOM-PDFs/Utility/Regulatory-and-Legal/Regulatory-Plan-Details-Tariffs/Residential/Renewable-Plans-and-Riders/rcp_RateSchedule.pdf,200,programs Arizona Public Service Co
https://www.aps.com/-/media/APS/APSCOM-PDFs/Utility/Regulatory-and-Legal/Regulatory-Plan-Details-Tariffs/Residential/Service-Plans/R-EV-Overnight.pdf,200,programs Arizona Public Service Co
https://www.aps.com/-/media/APS/APSCOM-PDFs/Utility/Regulatory-and-Legal/Regulatory-Plan-Details-Tariffs/Residential/Service-Plans/Saver-Choice-Plus.pdf,200,programs Arizona Public Service Co
https://www.aps.com/-/media/APS/APSCOM-PDFs/Utility/Regulatory-and-Legal/Regulatory-Plan-Details-Tariffs/Residential/Service-Plans/Time-of-Use-4pm-7pmWeekdays_R-TOU-E.pdf,200,programs Arizona Public Service Co
https://www.aps.com/-/media/APS/APSCOM-PDFs/Utility/Regulatory-and-Legal/Regulatory-Plan-Details-Tariffs/Residential/Service-Plans/Time-of-Use4pm-7pmWithDemandChargeR-3.pdf,200,programs Arizona Public Service Co
https://www.aps.com/en/About/Our-Company/Newsroom/Articles/Receive-rewards-maintain-grid-reliability-through-APS-Peak-Solutions,200,programs Arizona Public Service Co
https://www.aps.com/en/About/Sustainability-and-Innovation/Technology-and-Innovation/Cool-Rewards,200,presence 803 res_dispatch; programs Arizona Public Service Co
https://www.aps.com/en/About/Sustainability-and-Innovation/Technology-and-Innovation/Cool-Rewards-Business,200,programs Arizona Public Service Co
https://www.aps.com/en/About/Sustainability-and-Innovation/Technology-and-Innovation/Storage-Rewards,200,programs Arizona Public Service Co
https://www.aps.com/en/Utility/Regulatory-and-Legal/Rates-Schedules-and-Adjustors,200,presence 803 res_habit; presence 803 ci_habit
https://www.arkansasadvancedenergy.com/news/aaea-granted-intervenor-status-in-swepco-rate-case,200,ic_util Southwestern Electric Power Co (SWEPCO)
https://www.arkleg.state.ar.us/Home/FTPDocument?path=/Assembly/Meeting+Attachments/040/26244/F.2.a+PSC+Net-Metering+Rules+and+Act+278+of+2023.pdf,200,ic_state AR
https://www.atlanticcityelectric.com/SmartEnergy/InnovationAndTechnology/Pages/ElectricVehicleProgram.aspx,200,presence 963 res_habit
https://www.austinutilities.com/pages/LoadControlFAQ/,200,programs Austin Utilities
https://www.banderaelectric.com/account/payment-billing-options/time-based-usage/,200,presence 1175 res_habit
https://www.banderaelectric.com/energy-services/programs/smart-thermostat/,200,presence 1175 res_dispatch
https://www.banningca.gov/DocumentCenter/View/9913/Residential-Service-Rate-Schedule---Effective-January-1-2022,200,presence 1192 res_habit
https://www.banningca.gov/DocumentCenter/View/9922/Interuptible-Well-Service-Rate-Schedule---Effective-January-1-2022,200,presence 1192 ci_dispatch
https://www.barchart.com/story/news/160444/comed-launches-new-delivery-time-of-day-rate-to-help-customers-manage-energy-costs,202,programs Commonwealth Edison Company (ComEd)
https://www.barronelectric.com/load-management,200,presence 1251 res_dispatch
https://www.baycitymi.gov/DocumentCenter/View/6126/2022-2024-BCELP-Electric-Service-Rate-Schedule-v2,200,presence 1366 res_habit; presence 1366 res_dispatch; presence 1366 ci_habit
https://www.bcec.com/account/rates-fees/commercial-rates/,200,presence 2049 ci_habit; presence 2049 ci_dispatch
https://www.bcec.com/account/rates-fees/residential-rates-fees/,200,presence 2049 res_habit
https://www.bcremc.com/member-services/rates/,200,presence 1283 res_habit
https://www.beld.com/energysavings/,200,presence 2144 res_dispatch; presence 2144 ci_dispatch
https://www.beld.com/wp-content/uploads/2022/12/DG-2-May-2017.pdf,200,ic_util Braintree Electric Light Department
https://www.beltramielectric.com/load-management,200,presence 1529 res_habit; presence 1529 res_dispatch
https://www.bemc.org/beat-peak/,200,presence 24889 res_dispatch
https://www.bemc.org/rates/,200,presence 24889 res_habit
https://www.benco.org/load-management-programs,200,presence 1884 res_dispatch
https://www.bentonpud.org/about-benton-pud/planning-performance/resource-planning,200,presence 1579 res_dispatch; presence 1579 ci_dispatch
https://www.bentonpud.org/manage-my-account/payment-billing/demand-charge/residential-demand-charge,200,presence 1579 res_habit; programs Benton PUD
https://www.bentonpud.org/solar-connections/rooftop-solar,200,programs Benton PUD
https://www.berkeleyelectric.coop/rate-structure,404,programs Berkeley Electric Cooperative
https://www.berkeleyelectric.coop/renewable-energy,200,programs Berkeley Electric Cooperative
https://www.berkeleyelectric.coop/solar-energy,200,ic_util Berkeley Electric Cooperative
https://www.bhec.coop/peak-demand-times,200,presence 1769 res_habit; presence 1769 res_dispatch
https://www.bia.gov/news/bureau-indian-affairs-adjusts-electric-power-rates-san-carlos-irrigation-project-arizona,200,presence 19604 res_habit; presence 19604 ci_habit
https://www.blackhillsenergy.com/billing-and-payments/rates-and-regulatory-information/cheyenne-regulatory-rate-review,200,presence 3461 ci_habit
https://www.blackhillsenergy.com/billing-and-payments/rates-and-regulatory-information/colorado-rates-and-regulatory-information,200,programs Black Hills Energy (Colorado Electric)
https://www.blackhillsenergy.com/efficiency-and-savings/residential-rebates/colorado-electric-residential-rebates,200,programs Black Hills Energy (Colorado Electric)
https://www.blackhillsenergy.com/efficiency-and-savings/welcome-ready-ev/welcome-colorado-ready-ev/commercial-time-day-rates,200,presence 56146 ci_habit
https://www.blackhillsenergy.com/efficiency-and-savings/welcome-ready-ev/welcome-colorado-ready-ev/residential-time-day-rates,200,presence 56146 res_habit
https://www.blackhillsenergy.com/services/demand-controller-program,200,presence 56146 res_dispatch; presence 19545 res_dispatch
https://www.blackhillsenergy.com/sites/blackhillsenergy.com/files/2025-time-of-day-rate-factsheet.pdf,200,programs Black Hills Energy (Colorado Electric); programs Black Hills Energy (Colorado Electric); programs Black Hills Energy (Colorado Electric)
https://www.bluebonnet.coop/rates,200,"presence 1892 res_habit; programs Bluebonnet Electric Cooperative, Inc."
https://www.bluebonnet.coop/sites/default/files/Tariff-Section-III-06_27_2023-PDF.pdf,200,presence 1892 ci_habit
https://www.blueridgeenergy.com/residential/help-faqs/electric/understanding-my-bill/rate-schedules,200,presence 1889 res_habit
https://www.blueridgeenergy.com/residential/your-energy-solutions/beat-the-peak,200,presence 1889 res_dispatch
https://www.bountifulutah.gov/file/970092b4-5f1a-407e-ac4c-5e63a969d9bf,200,presence 2010 res_habit
https://www.bpu.com/about/bpu_adopts.aspx,404,programs Kansas City Board of Public Utilities
https://www.bpub.com/rates/electric-rates,200,presence 2409 res_habit; presence 2409 ci_habit
https://www.bpub.com/services/electric/energy-conservation,200,presence 2409 res_dispatch; presence 2409 ci_dispatch
https://www.brec.coop/rates,200,presence 1775 res_habit; presence 1775 ci_habit
https://www.brmemc.com/electric-rate-sheet/,200,presence 1891 res_habit; presence 1891 ci_habit
https://www.brmemc.com/waterheaters/,200,presence 1891 res_dispatch
https://www.brookingsutilities.com/Services,200,presence 2285 res_habit; presence 2285 res_dispatch; presence 2285 ci_dispatch
https://www.btutilities.com/for-business/business-rates,200,presence 2442 ci_habit
https://www.btutilities.com/for-home/residential-rates,200,presence 2442 res_habit
https://www.buckeyerec.coop/index.php/service-policies/,404,programs Buckeye Power Inc. (G&T for Ohio's Electric Cooperatives)
https://www.burbankwaterandpower.com/cool-rewards,200,presence 2507 res_dispatch; presence 2507 ci_dispatch
https://www.burbankwaterandpower.com/electric/rates-and-charges,200,presence 2507 res_habit; presence 2507 ci_habit
https://www.burlingtonelectric.com/evrate,200,presence 2548 res_habit
https://www.burlingtonelectric.com/rates/,200,presence 2548 res_dispatch
https://www.burlingtonelectric.com/sites/default/files/Net-Metering-Tariff.pdf,404,ic_util Burlington Electric Department
https://www.burlingtonelectric.com/strategic-direction/,200,programs Burlington Electric Department
https://www.burlingtonelectric.com/wp-content/uploads/Tariff-Sheet-EV.pdf,200,programs Burlington Electric Department
https://www.butlerborough.com/documents/ElectricRateInfoJune2024.pdf,200,presence 2650 res_habit; presence 2650 ci_habit
https://www.bvesinc.com/customer-service/rates-regulations/general-rate-schedules,200,presence 17612 res_habit; presence 17612 ci_habit
https://www.bvua.com/business/pages/programs-services,200,presence 2248 ci_dispatch
https://www.bvua.com/residential/pages/residential-electric-rates,200,presence 2248 res_habit
https://www.caiso.com/Documents/May18-2023-OrderAcceptingComplianceFilingofFERCOrderNo2222-ER21-2455.pdf,200,programs California Independent System Operator
https://www.caiso.com/documents/2025-annual-report-on-market-issues-and-performance.pdf,200,programs California Independent System Operator
https://www.caiso.com/documents/business-requirements-specification-ferc-order-2222.pdf,200,programs California Independent System Operator
https://www.caiso.com/documents/nov-5-2024-informational-filing-of-effective-date-ferc-order-no-2222-er21-2455.pdf,200,programs California Independent System Operator
https://www.caiso.com/documents/participationcomparison-proxydemand-distributedenergy-storage-forecastadjustment.pdf,200,programs California Independent System Operator; programs California Independent System Operator; programs California Independent System Operator
https://www.caiso.com/library/proxy-demand-resource-load-shift-resource-pdrlsr,200,programs California Independent System Operator
https://www.canoocheeemc.com/,200,presence 2903 res_dispatch; presence 2903 ci_dispatch
https://www.capelightcompact.org/cveo/,200,programs Cape Light Compact
https://www.carolinacountry.com/my-co-op-59/tideland-emc/283-managing-peak-demand,200,presence 19108 res_dispatch
https://www.carrollecc.com/rates,200,presence 3093 res_habit; presence 3093 ci_habit
https://www.carrollecc.com/upload/net%20metering%20tariff.pdf,200,programs Arkansas Electric Cooperative Corp (AECC) / member co-ops
https://www.ccemc.com/account/rate-information/time-of-use-rates/,200,presence 3107 res_habit
https://www.cdec.coop/rates,404,presence 3273 res_habit
https://www.cec.coop/lets-beat-the-peak-together/,200,presence 3240 res_dispatch; presence 3240 ci_dispatch
https://www.cec.coop/your-account/rates/,200,presence 3240 res_habit; presence 3240 ci_habit
https://www.cecmo.com/rates,200,presence 3600 res_habit; presence 3600 ci_habit
https://www.celd.com/_files/ugd/82859a_b4c19a35b1784b379422fe7b16bfa5da.pdf,200,ic_util Chicopee Electric Light
https://www.cemcpower.com/member-services/water-heater-maintenance-program,200,presence 3250 res_dispatch
https://www.cenhud.com/en/account-resources/rates/standby-rates/,200,programs Central Hudson Gas & Electric Corp
https://www.cenhud.com/en/my-energy/distributed-generation/programs-and-incentives/,200,programs Central Hudson Gas & Electric Corp
https://www.cenhud.com/en/my-energy/my-energy-options/time-of-use-billing/ev-time-of-use-rate/,200,programs Central Hudson Gas & Electric Corp
https://www.cenhud.com/en/my-energy/my-energy-options/time-of-use-billing/legacy-time-of-use-billing/,200,programs Central Hudson Gas & Electric Corp
https://www.cenhud.com/globalassets/pdf/forms/tou-application.pdf,200,programs Central Hudson Gas & Electric Corp
https://www.cenhud.com/globalassets/pdf/my-energy/evs/ch_ev_chargesmart_program_manual.pdf,200,programs Central Hudson Gas & Electric Corp
https://www.cenhud.com/globalassets/pdf/save-energy/csrp-tariff-2025.pdf,200,programs Central Hudson Gas & Electric Corp
https://www.centerpointenergy.com/en-us/Documents/RatesandTariffs/HoustonElectric/CNP-Retail-Del-Tariff-Book-Hou.pdf,404,presence 8901 res_habit; presence 8901 ci_habit
https://www.centerpointenergy.com/en-us/Services/Pages/DGAP-FAQs.aspx?sa=ho&au=res,404,programs CenterPoint Energy Houston Electric
https://www.centerpointenergy.com/en-us/for-business/rebates-incentives/electric-demand-response,200,presence 8901 ci_dispatch
https://www.centerpointenergy.com/en-us/residential/save-energy-money/saving-energy/smart-cycle?sa=in,404,programs CenterPoint Energy Indiana South (formerly Vectren)
https://www.central.coop/load-management-program,200,presence 40224 res_dispatch
https://www.cfu.net/filesimages/Utilities/Rate%20Schedules/2025%20Electric%20Rate%20Schedules.pdf,200,presence 3203 res_habit; presence 3203 ci_habit; presence 3203 ci_dispatch
https://www.cgemc.com/load-management,200,presence 3248 res_dispatch
https://www.cgemc.com/rates,200,presence 3248 res_habit; presence 3248 ci_habit
https://www.chaffeecountytimes.com/legals/notice-of-time-of-use-rate-schedule-change-sangre-de-cristo-electric-association-inc/article_02ced674-e0a9-11e9-b9c5-93365420dbb2.html,200,presence 16649 res_habit
https://www.chargingrewards.com/dominionenergy-ev/,200,programs Virginia Electric & Power Co (Dominion Energy Virginia)
https://www.chargingrewards.com/lge-ku-ev/faq/,200,programs Kentucky Utilities; programs Louisville Gas & Electric
https://www.chaskamn.gov/Electric-Rates,404,presence 3400 res_habit
https://www.chelanpud.org/my-pud-services/rates-and-policies/rate-schedules,200,presence 3413 res_habit; presence 3413 res_dispatch; presence 3413 ci_dispatch
https://www.chelco.com/switch-to-save,200,presence 3502 res_dispatch
https://www.chugachelectric.com/energy-solutions/electric-vehicles,200,programs Chugach Electric Association
https://www.chugachelectric.com/energy-solutions/renewable-generation,200,programs Chugach Electric Association
https://www.chugachelectric.com/energy-solutions/time-of-use,200,presence 3522 res_habit
https://www.chugachelectric.com/system/files/energy-solutions/TOU%20FAQs.pdf,200,programs Chugach Electric Association
https://www.chugachelectric.com/your-cooperative/regulatory-affairs/north-district,200,programs Chugach Electric Association
https://www.ci.azusa.ca.us/575/Schedule-TOU,ERR URLError,presence 1050 ci_habit
https://www.cityofames.org/My-Government/Departments/Electric-Department/Electric-Rates,403,programs Ames Electric Services (City of Ames); programs Ames Electric Services (City of Ames)
https://www.cityofames.org/files/assets/city/v/1/electric/documents/solar-energy-system-zoning-permit.pdf,403,ic_util Ames Electric Services (City of Ames)
https://www.cityofcentralia.com/398/Electric-Rates,200,presence 3295 res_habit; presence 3295 res_dispatch; presence 3295 ci_habit
https://www.cityofcf.com/departments/electric/commercial-rates,200,programs City of Cuyahoga Falls (Cuyahoga Falls Electric)
https://www.cityofdenton.com/331/Denton-Municipal-Electric-DME,200,presence 5063 res_habit; presence 5063 ci_habit
https://www.cityofdenton.com/333/Business-Electric-Services,200,programs Denton Municipal Electric
https://www.cityofdover.gov/media/Rates%20%20Tariffs%20as%20of%2007-01-2025%20-%20FINAL%206.24.25%20(002).pdf,200,presence 5335 ci_dispatch
https://www.cityofhastings.org/departments/utilities/service-connection/rebates-and-incentives/incentives/,200,presence 8245 res_dispatch
https://www.cityoflompoc.com/government/departments/utilities/utility-service-information/electric-rate-information,403,presence 11148 res_habit; presence 11148 ci_habit
https://www.cityoflompoc.com/home/showpublisheddocument/1014/638641590799700000,403,presence 11148 ci_dispatch
https://www.cityofredding.gov/government/departments/redding_electric_utility/residential/residential_electrification_rebates.php,200,presence 15783 res_dispatch
https://www.cityofrockhill.com/departments/utilities/residential-services/load-management-device,403,presence 16195 res_dispatch
https://www.cityutilities.net/DocumentCenter/View/650,200,programs City Utilities of Springfield
https://www.cityutilities.net/DocumentCenter/View/652,200,programs City Utilities of Springfield
https://www.ckenergy.coop/rates,404,presence 60482 res_habit; presence 60482 res_dispatch; presence 60482 ci_habit
https://www.clallampud.net/services/electric/electric-rates/,200,presence 3644 res_habit; presence 3644 ci_habit
https://www.clallampud.net/ways-to-save/,200,presence 3644 res_dispatch
https://www.clallampud.net/ways-to-save/rebates-incentives/,200,presence 3644 ci_dispatch
https://www.clarkpublicutilities.com/about-cpu/public-documents/current-electric-water-rates/,200,presence 3660 res_habit; presence 3660 ci_habit
https://www.clarkpublicutilities.com/residential-customers/reduce-energy-waste-and-lower-your-bill/all-rebates-incentives-and-low-interest-loans/solar-energy-program/solar-net-metering/,200,programs Clark Public Utilities
https://www.clarkpublicutilities.com/residential-customers/reduce-energy-waste-and-lower-your-bill/all-rebates-incentives/electric-vehicle-managed-charging-program/,200,programs Clark Public Utilities
https://www.clarkpublicutilities.com/residential-customers/reduce-energy-waste-and-lower-your-bill/energy-calculators/programmable-thermostat/,200,presence 3660 res_dispatch
https://www.clarkpublicutilities.com/wp-content/uploads/2025/11/Clark-Public-Utilities-2025-DRPA-Final-Report.pdf,200,presence 3660 ci_dispatch; programs Clark Public Utilities
https://www.clarkremc.coop/member-services/rates/,200,presence 22822 res_habit
https://www.claycountyelectric.com/pdfs/Rate%20Summary%20-%20Mar%202025.pdf,404,presence 3712 res_habit; presence 3712 ci_habit; presence 3712 ci_dispatch
https://www.clayelectric.com/rates,200,"programs Clay Electric Cooperative, Inc."
https://www.clayelectric.com/sites/default/files/documents/solar/PhotovoltaicInterconnectionAgreement.pdf,200,"ic_util Clay Electric Cooperative, Inc."
https://www.cleanenergyauthority.com/solar-rebates-and-incentives/virginia/city-danville-net-metering,200,programs Danville Utilities (City of Danville - Division of Power & Light); ic_util Danville Utilities (City of Danville - Division of Power & Light)
https://www.clearwaterpower.com/energy-efficiency/rebate-program/,200,presence 3739 res_dispatch; presence 3739 ci_dispatch
https://www.clearwaterpower.com/services/rates-charges/,200,presence 3739 res_habit; presence 3739 ci_habit
https://www.cleco.com/docs/default-source/rates-and-fees/other-documents/2026/00-index-of-rate-schedules-and-riders-04-01-2026-clean.pdf,404,programs Cleco Power LLC
https://www.cleco.com/docs/default-source/rates-and-fees/rider-schedule/july-2025/22-optional-residential_small-commercial-distributed-generation-03-01-2025.pdf,200,programs Cleco Power LLC
https://www.cleco.com/docs/default-source/rates-and-fees/rider-schedule/july-2025/39-mvdr-rider-01-01-2025.pdf,200,programs Cleco Power LLC
https://www.cleco.com/residential-commercial/energy-efficiency-renewables/distributed-generation,200,ic_util Cleco Power LLC
https://www.cleco.com/residential-commercial/interconnections/distributed-generation,200,programs Cleco Power LLC
https://www.clelectric.com/,200,presence 2678 ci_dispatch
https://www.cloverland.com/billing-payments/rates-charges/,200,programs Cloverland Electric Cooperative
https://www.cloverland.com/energy-solutions/der/,200,programs Cloverland Electric Cooperative; ic_util Cloverland Electric Cooperative
https://www.cloverland.com/energy-solutions/electric-vehicles/,200,programs Cloverland Electric Cooperative
https://www.cmecinc.com/energy-savings,200,presence 3268 res_dispatch
https://www.cmecinc.com/rates,200,presence 3268 res_habit
https://www.cmpco.com/documents/40117/0/Chapter+324+(2023-00103).pdf/3a14e66a-9d05-7bf4-7775-519cf1fd8209,ERR TimeoutError,ic_state ME
https://www.cmpco.com/documents/40117/46387176/atou+2+12.30.22.pdf,ERR TimeoutError,programs Central Maine Power Co
https://www.cmpco.com/documents/40117/46387176/igsstou_12.30.22.pdf,ERR TimeoutError,presence 3266 ci_habit
https://www.cmpco.com/documents/40117/46387176/lgsstou_12.30.22.pdf,ERR TimeoutError,programs Central Maine Power Co
https://www.cmpco.com/documents/40117/46387196/CMP+standard+CI+NEB+Tariff+Rate+Agreement_Alt_02.07.23.pdf,ERR TimeoutError,programs Central Maine Power Co
https://www.cmpco.com/documents/40117/46387196/Single+Owner_Multiple_Accounts_CNEBA_Battery_Storage_July_2021.pdf/d534eb2b-22b7-1d7e-782a-e07de87279b7,ERR TimeoutError,ic_util Central Maine Power Co
https://www.cmpco.com/time-of-use-delivery-rate,ERR TimeoutError,presence 3266 res_habit
https://www.co-mo.coop/our-rates,200,presence 4063 res_habit
https://www.cobbemc.com/niteflex,200,programs Cobb EMC
https://www.cobbemc.com/sites/default/files/documents/rates/Commercial/2026/0126_Rate14T_Rate%20Schedule.pdf,200,presence 3916 ci_habit
https://www.cobbemc.com/sites/default/files/documents/rates/residential/2026/0126_DG_Rate_Schedule.pdf,404,ic_util Cobb EMC
https://www.cobbemc.com/smart-choice-rate,200,presence 3916 res_habit; programs Cobb EMC
https://www.cobbemc.com/smart-thermostat-incentive,200,presence 3916 res_dispatch
https://www.coltonca.gov/975/Time-of-Use-Calendar,200,presence 4003 res_habit
https://www.columbus.gov/files/sharedassets/city/v/15/services/public-utilities/dop-rates.pdf,403,presence 4065 res_habit; presence 4065 ci_habit
https://www.comed.com/SmartEnergy/MyGreenPowerConnection/Pages/SolarRebates.aspx,200,programs Commonwealth Edison Company (ComEd)
https://www.comed.com/WaysToSave/ForYourHome/Pages/PeakTimeSavings.aspx,200,programs Commonwealth Edison Company (ComEd)
https://www.comed.com/about-us/clean-energy/electric-vehicle-charger-and-installation-rebate,200,programs Commonwealth Edison Company (ComEd)
https://www.comelec.coop/your-account/rates/,200,presence 4117 res_habit; presence 4117 ci_habit; presence 4117 ci_dispatch
https://www.como.gov/utilities/columbia-power-partners/solar/net-metering/,200,programs Columbia Water and Light; ic_util Columbia Water and Light
https://www.como.gov/utilities/utility-rates/,200,presence 4045 res_habit; presence 4045 res_dispatch
https://www.como.gov/utilities/water-and-light/electric/rates/industrial-electric-service-rate/,404,presence 4045 ci_habit; presence 4045 ci_dispatch
https://www.coned.com/-/media/files/coned/documents/save-energy-money/using-private-generation/specs-and-tariffs/components-value-stack.pdf,200,programs Consolidated Edison Co of New York (Con Edison)
https://www.coned.com/-/media/files/coned/documents/save-energy-money/using-private-generation/specs-and-tariffs/energy-storage-guide.pdf,200,ic_util Consolidated Edison Co of New York (Con Edison)
https://www.coned.com/en/accounts-billing/your-bill/standby-rates,200,programs Consolidated Edison Co of New York (Con Edison)
https://www.coned.com/en/accounts-billing/your-bill/time-of-use,200,programs Consolidated Edison Co of New York (Con Edison); programs Consolidated Edison Co of New York (Con Edison); programs Consolidated Edison Co of New York (Con Edison)
https://www.coned.com/en/our-energy-future/electric-vehicles/commercial-electric-vehicle-charging-station-rewards,200,programs Consolidated Edison Co of New York (Con Edison)
https://www.coned.com/en/save-money/rebates-incentives-tax-credits/rebates-incentives-tax-credits-for-commercial-industrial-buildings-customers/smart-usage-rewards,200,programs Consolidated Edison Co of New York (Con Edison); programs Consolidated Edison Co of New York (Con Edison); programs Consolidated Edison Co of New York (Con Edison)
https://www.coned.com/en/save-money/rebates-incentives-tax-credits/rebates-incentives-tax-credits-for-residential-customers/bring-your-thermostat-and-get-85,200,programs Consolidated Edison Co of New York (Con Edison)
https://www.coned.com/en/save-money/rebates-incentives-tax-credits/rebates-incentives-tax-credits-for-residential-customers/electric-vehicle-rewards,200,programs Consolidated Edison Co of New York (Con Edison)
https://www.connexusenergy.com/download_file/view/82b43e23-b577-44a9-9e10-614c04a9e826,200,programs Connexus Energy; programs Connexus Energy; programs Connexus Energy
https://www.connexusenergy.com/residential/rules-and-conditions/solar-interconnection-process,200,ic_util Dakota Electric Association; ic_util Connexus Energy
https://www.consumersenergy.com/residential/account-and-billing/rates/electric-rates-and-programs/rate-plan-options/time-of-use-rate-plans,200,programs Consumers Energy Co
https://www.consumersenergy.com/residential/account-and-billing/rates/electric-rates-and-programs/rate-plan-options/time-of-use-rate-plans/critical-peak-pricing-program,200,programs Consumers Energy Co
https://www.consumersenergy.com/residential/account-and-billing/rates/electric-rates-and-programs/rate-plan-options/time-of-use-rate-plans/peak-time-rewards-program,200,programs Consumers Energy Co
https://www.consumersenergy.com/residential/savings-and-clean-energy/electric-vehicles/smart-charging-incentive,200,programs Consumers Energy Co
https://www.cooksonhills.com/rates,200,presence 4296 res_habit; presence 4296 res_dispatch; presence 4296 ci_habit
https://www.coserv.com/energy-solutions/peaktime-perks/,200,"presence 5078 res_dispatch; programs CoServ Electric (Denton County Electric Cooperative, Inc.); programs CoServ Electric (Denton County Electric Cooperative, Inc.)"
https://www.coserv.com/service/commercial/commercial-rates/,200,presence 5078 ci_habit; presence 5078 ci_dispatch
https://www.coserv.com/service/residential/residential-rates/,200,"presence 5078 res_habit; programs CoServ Electric (Denton County Electric Cooperative, Inc.); programs CoServ Electric (Denton County Electric Cooperative, Inc.)"
https://www.cottonelectric.com/member-resources,200,presence 4401 res_dispatch; presence 4401 ci_habit; presence 4401 ci_dispatch
https://www.cottonelectric.com/rates,200,presence 4401 res_habit
https://www.cowlitzpud.org/efficiency/residential-programs/,200,presence 4442 res_dispatch
https://www.cpsenergy.com/content/dam/corporate/en/Documents/2024_Rate_GeneralService.pdf,200,presence 16604 ci_habit; programs CPS Energy
https://www.cpsenergy.com/content/dam/corporate/en/Documents/EnergyEfficiency/DemandResponse.pdf,200,programs CPS Energy
https://www.cpsenergy.com/en/about-us/who-we-are/rates.html,200,presence 16604 res_habit
https://www.cpsenergy.com/en/my-business/savenow/comm-dr.html,200,presence 16604 ci_dispatch
https://www.cpsenergy.com/en/my-home/savenow/my-thermostat-rewards.html,200,presence 16604 res_dispatch; programs CPS Energy
https://www.cpuc.ca.gov/-/media/cpuc-website/divisions/energy-division/documents/resource-adequacy-homepage/resource-adequacy-compliance-materials/guides-and-resources/2025-ra-slice-of-day-filing-guide121724.pdf,200,programs California Independent System Operator
https://www.cpuc.ca.gov/industries-and-topics/electrical-energy/demand-side-management/customer-generation/net-energy-metering-and-net-billing,200,programs California statewide (CPUC / CEC / GO-Biz administered); programs California statewide (CPUC / CEC / GO-Biz administered); ic_util San Diego Gas & Electric Co (SDG&E)
https://www.cpuc.ca.gov/industries-and-topics/electrical-energy/demand-side-management/self-generation-incentive-program,200,programs California statewide (CPUC / CEC / GO-Biz administered); programs California statewide (CPUC / CEC / GO-Biz administered); programs California statewide (CPUC / CEC / GO-Biz administered)
https://www.cpuc.ca.gov/industries-and-topics/electrical-energy/electric-costs/demand-response-dr/emergency-load-reduction-program,200,programs California statewide (CPUC / CEC / GO-Biz administered); programs California statewide (CPUC / CEC / GO-Biz administered); programs Pacific Gas and Electric Co (PG&E)
https://www.crpud.net/customer-service/demand-charge/,200,presence 40438 res_habit; presence 40438 res_dispatch
https://www.crpud.net/my-pud/rates-policies/,200,presence 40438 ci_dispatch
https://www.cstx.gov/living-here/utilities/energy-conservation-and-rebates/,200,presence 3940 res_habit; presence 3940 res_dispatch
https://www.csu.org/hubfs/39606065/Document%20Library/ResidentialRateSheet.pdf,200,programs Colorado Springs Utilities; programs Colorado Springs Utilities; programs Colorado Springs Utilities
https://www.csu.org/hubfs/Document-Library/2026-Rate-Case-Filing.pdf?hsLang=en,200,presence 3989 res_habit
https://www.csu.org/peak-energy-rewards,200,presence 3989 res_dispatch; programs Colorado Springs Utilities
https://www.csu.org/rates/energy-wise,200,programs Colorado Springs Utilities
https://www.csu.org/solar-energy-program,200,programs Colorado Springs Utilities
https://www.ctec.coop/about-us/tariff-for-electric-service/,200,presence 3282 res_habit
https://www.ctec.coop/faqs/general-service-rate-schedule-2/,200,presence 3282 ci_habit
https://www.custerpower.com/customer-service/,200,presence 4671 res_habit; presence 4671 res_dispatch; presence 4671 ci_habit
https://www.custerpower.com/irrigators/load-control/,200,presence 4671 ci_dispatch
https://www.cvecoop.org/rates,200,presence 3287 res_habit; presence 3287 ci_habit
https://www.cwlp.com/Departments/ElectricDeptHome/ElectricInformation/ElectricRates.aspx,200,presence 17828 res_habit; presence 17828 ci_habit
https://www.cwlp.com/Renewable.aspx,200,programs City Water Light and Power (Springfield)
https://www.cwpower.com/home-heating,200,presence 4577 res_habit
https://www.dakotaelectric.com/member-services/programs-rebates/for-your-home/energy-wise-load-management/,200,programs Dakota Electric Association; programs Dakota Electric Association; programs Dakota Electric Association
https://www.dakotaelectric.com/wp-content/uploads/2021/10/Electric-Vehicle-Packet.pdf,200,programs Dakota Electric Association; programs Dakota Electric Association
https://www.danversma.gov/272/Energy-Conservation-and-Rebates,200,presence 5480 res_dispatch; presence 1523 res_dispatch; presence 8796 res_dispatch
https://www.dec.coop/rate-information,200,presence 5327 res_habit; presence 5327 ci_habit
https://www.delaware.coop/btp,200,programs Delaware Electric Cooperative
https://www.delaware.coop/energy-savings-programs/solar-interconnections,200,programs Delaware Electric Cooperative; ic_util Delaware Electric Cooperative
https://www.diversepower.com/your-meter/rates-and-fees/,200,presence 19219 res_habit; presence 19219 res_dispatch; presence 19219 ci_habit
https://www.dixieepa.com/your-account/rates-fees/,200,presence 5175 res_habit
https://www.dixiepower.com/smart-thermostat-rebate/,200,presence 40165 res_dispatch
https://www.dixiepower.com/time-of-day-rates/,200,presence 40165 res_habit
https://www.dmea.com/assistance-programs,200,presence 5086 res_dispatch
https://www.dmea.com/rates,200,presence 5086 res_habit; presence 5086 ci_habit
https://www.dominionenergy.com/-/media/content/rates-and-tariffs/pdfs/virginia/residential/schedule-1ev.pdf,200,programs Virginia Electric & Power Co (Dominion Energy Virginia)
https://www.dominionenergy.com/south-carolina/save-energy/you-shift-you-save,200,presence 17539 res_habit
https://www.dominionenergy.com/south-carolina/updates/time-of-use,200,programs Dominion Energy South Carolina
https://www.dominionenergy.com/virginia/rates-and-tariffs/off-peak-plan,200,programs Virginia Electric & Power Co (Dominion Energy Virginia)
https://www.dominionenergy.com/virginia/renewable-energy-programs/net-metering,200,programs Virginia Electric & Power Co (Dominion Energy Virginia)
https://www.dominionenergy.com/virginia/renewable-energy-programs/shared-solar-program,200,programs Virginia Electric & Power Co (Dominion Energy Virginia)
https://www.dominionenergy.com/virginia/save-energy/my-home/smart-thermostat-rewards,200,programs Virginia Electric & Power Co (Dominion Energy Virginia)
https://www.dominionenergy.com/virginia/save-energy/targeted-sector-programs,200,programs Virginia Electric & Power Co (Dominion Energy Virginia)
https://www.dominionenergyptr.com/,200,programs Virginia Electric & Power Co (Dominion Energy Virginia)
https://www.dominionpost.com/2024/03/27/psc-approves-reduced-mon-power-potomac-edison-base-rate-hike-compromise-net-metering-credit-achieved-in-settlements/,200,programs Monongahela Power Co (FirstEnergy - West Virginia); programs Potomac Edison Co (FirstEnergy - West Virginia); ic_util Monongahela Power Co (FirstEnergy - West Virginia)
https://www.dothan.org/155/Electricity-Rates,200,presence 5309 res_habit
https://www.dteenergy.com/content/dam/dteenergy/deg/website/residential/Service-Request/pev/plug-in-electric-vehicles-pev/SmartChargeBrochure.pdf,200,programs DTE Electric Co
https://www.dteenergy.com/content/dam/dteenergy/deg/website/residential/Service-Request/pricing/residential-pricing-options/CoolCurrents.pdf,200,programs DTE Electric Co
https://www.dteenergy.com/content/dam/dteenergy/deg/website/residential/Service-Request/pricing/residential-pricing-options/ResidentialElectricRateCard.pdf,200,programs DTE Electric Co; programs DTE Electric Co; programs DTE Electric Co
https://www.dteenergy.com/content/dam/dteenergy/deg/website/residential/save-money-and-energy/rebates-and-offers/water-heaters/WaterHeatingServiceRate.pdf,200,programs DTE Electric Co
https://www.dteenergy.com/us/en/business/service-request/pricing/demand-response.html,200,programs DTE Electric Co; programs DTE Electric Co; programs DTE Electric Co
https://www.dteenergy.com/us/en/residential/save-money-energy/get-started-with/demand-response.html,200,programs DTE Electric Co
https://www.duboisrec.com/rates/,200,presence 5394 res_habit
https://www.duke-energy.com/Home/Products/EnergyWise-Home/Switch,200,"programs Duke Energy Progress, LLC"
https://www.duke-energy.com/_/media/pdfs/for-your-home/bill-inserts-2020/06june/201326-fl-all-non-res-rate-update-june-2020.pdf?la=en,200,presence 6455 ci_dispatch
https://www.duke-energy.com/business/billing/rates/new-2025-tou-rates-dei,200,programs Duke Energy Indiana
https://www.duke-energy.com/business/billing/rates?jur=NC01,200,presence 5416 ci_habit
https://www.duke-energy.com/business/billing/rates?jur=NC02,200,presence 3046 ci_habit
https://www.duke-energy.com/business/products/powershare,200,presence 5416 ci_dispatch; presence 3046 ci_dispatch
https://www.duke-energy.com/business/products/renewables/generate-your-own/tier-2,200,"ic_util Duke Energy Florida, LLC"
https://www.duke-energy.com/home/billing/rates/new-rates-nc,404,"programs Duke Energy Carolinas, LLC; programs Duke Energy Carolinas, LLC; programs Duke Energy Carolinas, LLC"
https://www.duke-energy.com/home/billing/rates/time-of-use,200,presence 5416 res_habit; presence 3046 res_habit; presence 6455 res_habit
https://www.duke-energy.com/home/products/energywise-home,200,presence 6455 res_dispatch
https://www.duke-energy.com/home/products/energywise-home/battery-control,200,"programs Duke Energy Florida, LLC"
https://www.duke-energy.com/home/products/energywise-home/smart-thermostat,200,"programs Duke Energy Progress, LLC"
https://www.duke-energy.com/home/products/energywise-home/switch,200,"presence 5416 res_dispatch; presence 3046 res_dispatch; programs Duke Energy Florida, LLC"
https://www.duke-energy.com/home/products/ohio-customer-choice/electric/price-to-compare?jur=OH01,200,ic_util Duke Energy Ohio
https://www.duke-energy.com/home/products/power-manager/battery-control,200,"programs Duke Energy Carolinas, LLC"
https://www.duke-energy.com/home/products/power-manager/smart-thermostat,200,"programs Duke Energy Indiana; programs Duke Energy Carolinas, LLC"
https://www.duke-energy.com/partner-with-us/trade-allies/residential/powerpair,200,"programs Duke Energy Carolinas, LLC; programs Duke Energy Progress, LLC"
https://www.dunnenergy.com/load-management,200,presence 5417 res_habit; presence 5417 res_dispatch; presence 5417 ci_dispatch
https://www.dutil.com/electric/,200,presence 4744 res_habit; presence 4744 res_dispatch; presence 4744 ci_habit
https://www.easleyutilities.com/load-management/,404,presence 6709 res_dispatch
https://www.eastcentralenergy.com/water-heating-rebates,200,presence 5574 res_habit; presence 5574 res_dispatch
https://www.eastriver.coop/save-energy-save-money/,404,programs East River Electric Power Cooperative
https://www.ecec.com/energy-programs/electric_vehicle,404,presence 5632 res_habit
https://www.ecec.com/energy-programs/water_heater,404,presence 5632 res_dispatch
https://www.ed3online.org/accounts-programs/programs/time-of-use-2-9,403,presence 30518 res_habit
https://www.edmondok.gov/1246/Residential-Rates,200,presence 5661 res_habit; programs City of Edmond (Edmond Electric)
https://www.edmondok.gov/1294/Demand-Energy-Efficiency-Program,200,presence 5661 ci_dispatch
https://www.edmondok.gov/1302/Business-Rates,200,presence 5661 ci_habit; programs City of Edmond (Edmond Electric); programs City of Edmond (Edmond Electric)
https://www.edmondok.gov/2064/Distributed-Generation,200,programs City of Edmond (Edmond Electric)
https://www.eea.coop/rate-structure-change-information,403,presence 5862 ci_habit
https://www.eea.coop/time-use-periods,200,presence 5862 res_habit
https://www.efficiencymaine.com/demand-response/,200,presence 3266 ci_dispatch; presence 1179 ci_dispatch; programs Efficiency Maine
https://www.efficiencymaine.com/docs/Small-Battery-Program-Opportunity-Notice.pdf,200,programs Efficiency Maine
https://www.efficiencymaine.com/energy-storage-system-projects/,200,programs Efficiency Maine
https://www.ekpc.coop/energy-efficiency,200,presence 17564 res_dispatch; presence 17564 ci_dispatch; presence 14251 res_dispatch
https://www.elmhurstmutual.org/energy-efficiency-programs/,200,presence 5832 res_dispatch
https://www.elmhurstmutual.org/energy-efficiency-programs/commercial-rebate-programs/,200,presence 5832 ci_dispatch
https://www.elmhurstmutual.org/rates-fees/,200,presence 5832 res_habit; presence 5832 ci_habit
https://www.emec.com/large-commercial-rate,200,presence 5609 ci_dispatch
https://www.emepa.com/services/,200,programs East Mississippi Electric Power Association
https://www.enelnorthamerica.com/content/dam/enel-na/resources/flyers/pdf/Rocky-Mountain-Power-ILC-DR-FAQ_Flyer_RMP.pdf,200,programs PacifiCorp (Pacific Power OR / Rocky Mountain Power WY-ID-UT); programs PacifiCorp (Pacific Power OR / Rocky Mountain Power WY-ID-UT)
https://www.enelnorthamerica.com/solutions/energy-solutions/demand-response/ameren-illinois-demand-response,200,programs Ameren Illinois Company d/b/a Ameren Illinois
https://www.enelnorthamerica.com/solutions/energy-solutions/demand-response/lge-ku-demand-response,200,programs Kentucky Utilities; programs Louisville Gas & Electric
https://www.energizect.com/explore-solutions/commercial-demand-response,200,programs Connecticut Light & Power Co (Eversource CT); programs United Illuminating Co
https://www.energizect.com/explore-solutions/smart-thermostat-demand-response,200,programs Connecticut Light & Power Co (Eversource CT); programs United Illuminating Co
https://www.energy.ca.gov/programs-and-topics/programs/demand-side-grid-support-program,200,programs California statewide (CPUC / CEC / GO-Biz administered)
https://www.energy.nh.gov/sites/g/files/ehbemt551/files/inline-documents/sonh/group-net-metering-overview-on-line-bill-crediting-lmi-adder.pdf,403,programs Public Service Co of New Hampshire (Eversource NH); programs Unitil Energy Systems (NH)
https://www.energybot.com/incentives/florida/city-of-tallahassee-utilities-net-metering-2634.html,200,programs City of Tallahassee Utilities
https://www.energychoicematters.com/stories/20250220c.html,200,programs Duquesne Light Co; programs Metropolitan Edison Co (Met-Ed); programs PECO Energy Co
https://www.energychoicematters.com/stories/20260429aa.html,200,ic_util Ohio Edison Company; ic_util The Cleveland Electric Illuminating Company; ic_util Toledo Edison Company
https://www.energysage.com/local-data/net-metering/duke-energy/,200,"programs Duke Energy Florida, LLC"
https://www.energyunited.com/rates/,200,presence 21632 res_habit
https://www.energyunited.com/wp-content/uploads/2021/05/EU-Rate-Schedules_02012021_Net-Metering-Commercial.pdf,200,programs EnergyUnited
https://www.energyunited.com/wp-content/uploads/2023/11/Res-TOU-CS-EU-Rate-Schedules-1.1.pdf,200,presence 21632 ci_dispatch
https://www.energyunited.com/wp-content/uploads/2024/01/EU-Rate-Schedules-2.1.2024_RNM-1.pdf,200,ic_util EnergyUnited
https://www.entergyarkansas.com/net-metering,200,programs Entergy Arkansas LLC
https://www.entergyarkansas.com/wp-content/uploads/2025/06/eal_nln-m.pdf,200,programs Entergy Arkansas LLC
https://www.entergylouisiana.com/business/interruptible,200,programs Entergy Louisiana LLC
https://www.entergylouisiana.com/net-metering,200,ic_util Entergy Louisiana LLC
https://www.entergylouisiana.com/wp-content/uploads/ell_elec_dg.pdf,200,programs Entergy Louisiana LLC
https://www.entergylouisiana.com/wp-content/uploads/ell_elec_eio.pdf,200,programs Entergy Louisiana LLC; programs Entergy Louisiana LLC
https://www.entergylouisiana.com/wp-content/uploads/ell_elec_nm.pdf,200,programs Entergy Louisiana LLC
https://www.entergymississippi.com/wp-content/uploads/eml_nem.pdf,200,programs Entergy Mississippi LLC; programs Entergy Mississippi LLC; programs Entergy Mississippi LLC
https://www.entergyneworleans.com/net-metering,200,programs Entergy New Orleans LLC; ic_util Entergy New Orleans LLC
https://www.entergytexas.com/net-metering,200,programs Entergy Texas Inc; ic_util Entergy Texas Inc
https://www.entergytexas.com/wp-content/uploads/eti_gs-tod.pdf,200,programs Entergy Texas Inc
https://www.epelectric.com/new-mexico-ev/residential/charging-programs,200,programs El Paso Electric Co (New Mexico jurisdiction); programs El Paso Electric Co (New Mexico jurisdiction); programs El Paso Electric Co (New Mexico jurisdiction)
https://www.epelectric.com/residential/customer-programs/time-of-day-rates/new-mexico,200,presence 5701 res_habit; programs El Paso Electric Co (New Mexico jurisdiction); programs El Paso Electric Co (New Mexico jurisdiction)
https://www.epelectric.com/residential/customer-programs/time-of-day-rates/texas,200,programs El Paso Electric
https://www.epelectric.com/residential/rooftop-solar/texas-interconnection-of-facilities-up-to-10-mw,200,programs El Paso Electric
https://www.epelectric.com/txsolar,200,programs El Paso Electric
https://www.epud.org/faqs_category/rates/,200,presence 40437 ci_habit
https://www.epud.org/news-releases/interested-in-time-of-use-rates/,200,presence 40437 res_habit
https://www.ercot.com/mktrules/issues/NPRR1296,200,programs ERCOT (statewide)
https://www.ercot.com/services/comm/mkt_notices/M-A030226-01,200,programs ERCOT (statewide)
https://www.erec.com/energy-efficiency/rebates/efficiency-programs/beat-the-peak-savings-progam/,ERR URLError,presence 5964 res_dispatch
https://www.ermumn.com/programs-rebates/residential-rebates/electric-vehicle-charger,200,presence 5773 res_habit
https://www.ermumn.com/services/electric,200,presence 5773 res_dispatch; presence 5773 ci_dispatch
https://www.ermumn.com/services/electric/rates-fee-schedule,200,presence 5773 ci_habit
https://www.ev.energy/en-us/blog/el-paso-electric-and-ev-energy-lead-new-mexicos-latest-managed-ev-charging-program,404,presence 5701 res_dispatch
https://www.evergy.com/-/media/documents/billing/missouri/detailed_tariffs_mo/mo-west/residential-time-of-use-three-period-010923.pdf,200,presence 10000 res_dispatch; presence 12698 res_habit
https://www.evergy.com/-/media/media/evergy-web/landing/missouri-tou-rate-landing/mo-tou-rate-costs.pdf,200,presence 10000 res_habit
https://www.evergy.com/ways-to-save/discounts-link/thermostats,200,programs Evergy Kansas Central; programs Evergy Kansas South
https://www.evergy.com/ways-to-save/discounts/thermostats,200,presence 22500 res_dispatch; presence 10005 res_dispatch
https://www.evergy.com/ways-to-save/incentives-link/demand-response,200,programs Evergy Kansas Central; programs Evergy Kansas South
https://www.evergy.com/ways-to-save/incentives/demand-response,200,presence 22500 ci_dispatch; presence 10005 ci_dispatch
https://www.eversource.com/business/account-billing/manage-bill/about-your-bill/rates-tariffs/connecticut-variable-peak-pricing,200,presence 4176 ci_habit
https://www.eversource.com/business/account-billing/manage-bill/about-your-bill/rates-tariffs/electric-supply-rates/nh,200,presence 15472 ci_habit
https://www.eversource.com/business/account-billing/manage-bill/about-your-bill/rates-tariffs/summary-of-electric-rates,200,presence 54913 ci_habit
https://www.eversource.com/business/save-money-energy/energy-efficiency-programs/demand-response/connectedsolutionsplus,200,presence 54913 ci_dispatch
https://www.eversource.com/business/save-money-energy/energy-efficiency-programs/demand-response/large-business-demand-response,200,presence 15472 ci_dispatch
https://www.eversource.com/business/save-money-energy/energy-efficiency-programs/demand-response/small-business-battery-storage,200,programs Public Service Co of New Hampshire (Eversource NH)
https://www.eversource.com/residential/about/doing-business-with-us/interconnections/new-hampshire/new-hampshire-application-to-connect,200,ic_util Public Service Co of New Hampshire (Eversource NH)
https://www.eversource.com/residential/account-billing/manage-bill/about-your-bill/rates-tariffs/connecticut-time-of-day-rate-7,200,presence 4176 res_habit; programs Connecticut Light & Power Co (Eversource CT)
https://www.eversource.com/residential/account-billing/manage-bill/about-your-bill/rates-tariffs/electric-delivery-rates/egma,200,presence 54913 res_habit
https://www.eversource.com/residential/account-billing/manage-bill/about-your-bill/rates-tariffs/electric-delivery-rates/nh,200,presence 15472 res_habit
https://www.eversource.com/residential/save-money-energy/clean-energy-options/electric-vehicles/ev-charger-managed-charging,200,programs NSTAR Electric Co (Eversource MA)
https://www.eversource.com/residential/save-money-energy/energy-efficiency-programs/demand-response/battery-storage-demand-response,200,presence 54913 res_dispatch
https://www.eversource.com/residential/save-money-energy/energy-efficiency-programs/demand-response/battery-storage-demand-response/ct,200,presence 4176 res_dispatch
https://www.eversource.com/residential/save-money-energy/energy-efficiency-programs/demand-response/battery-storage-demand-response/nh,200,presence 15472 res_dispatch; programs Public Service Co of New Hampshire (Eversource NH)
https://www.eversource.com/residential/save-money-energy/energy-efficiency-programs/demand-response/nhcef-home-battery,200,programs Public Service Co of New Hampshire (Eversource NH)
https://www.eweb.org/business-customers/commercial-pricing,200,presence 6022 ci_dispatch
https://www.eweb.org/environment-and-climate/solar-electric/solar-generation-rates,200,programs Eugene Water & Electric Board (EWEB)
https://www.eweb.org/my-account/rates-and-billing-information/residential-pricing,200,presence 6022 res_habit
https://www.eweb.org/your-public-utility/news/eweb-now-offering-a-smart-thermostat-rebate-program,200,presence 6022 res_dispatch
https://www.faypwc.com/aquanta-electric-water-heater-control-device-program/,200,presence 6235 res_dispatch
https://www.faypwc.com/time-of-use-rates-for-non-residential-customers/,200,presence 6235 ci_habit
https://www.faypwc.com/time-of-use-rates/,200,presence 6235 res_habit
https://www.fcgov.com/utilities/residential/conserve/energy-efficiency/peak-partners/program-faqs,403,presence 6604 res_dispatch; presence 6604 ci_dispatch; programs Fort Collins Utilities
https://www.fcgov.com/utilities/residential/rates/electric/time-of-day-rates,404,presence 6604 res_habit
https://www.fec-co.com/rates-1,200,presence 6181 res_habit
https://www.fecnm.org/rates,200,presence 6198 res_habit; presence 6198 ci_habit; presence 6198 ci_dispatch
https://www.firstelectric.coop/pdfs/Condensed%20Rate%20Schedule%20-%20June%202023.pdf,404,presence 6342 res_habit; presence 6342 ci_habit; presence 6342 ci_dispatch
https://www.firstenergycorp.com/feconnect/ohio-interconnection/OH-retail-interconnection/frequentlyaskedquestions.html,200,programs Ohio Edison Company; programs The Cleveland Electric Illuminating Company; programs Toledo Edison Company
https://www.firstenergycorp.com/help/md-time-of-use-pricing.html,200,programs Potomac Edison Co (FirstEnergy - Maryland)
https://www.firstenergycorp.com/help/pa-time-of-use-pricing.html,200,presence 12796 res_habit
https://www.firstenergycorp.com/help/smart-meters/nj-smartmeter/nj-net-metering.html,200,programs Jersey Central Power & Light Co (JCP&L)
https://www.firstenergycorp.com/help/smart-meters/oh-smartmeter/time-varying-rate-option.html,200,programs Ohio Edison Company; programs The Cleveland Electric Illuminating Company; programs Toledo Edison Company
https://www.firstenergycorp.com/newsroom/news_articles/potomac-edison-incentivizes-electric-vehicle-charging-during-off.html,200,programs Potomac Edison Co (FirstEnergy - Maryland)
https://www.firstenergycorp.com/save_energy/save_energy_pennsylvania.html,200,presence 12796 res_dispatch
https://www.firstenergycorp.com/save_energy/save_energy_pennsylvania/for_your_business_pa/firstenergy-s-pennsylvania-utilities-offer-demand-response-progr.html,500,programs Metropolitan Edison Co (Met-Ed); programs Pennsylvania Electric Co (Penelec); programs West Penn Power Co
https://www.firstenergycorp.com/save_energy/save_energy_pennsylvania/pennpower/for_your_business/commercial-industrial-demand-response.html,200,programs Pennsylvania Power Co
https://www.fkec.com/energy-efficiency/residential-rebate-program/,200,presence 6443 res_dispatch
https://www.fkec.com/your-account/billing-information-fees/,200,presence 6443 res_habit; presence 6443 ci_habit
https://www.flatheadelectric.com/energy-solutions/demand-reduction-programs/ac-smart-thermostat-program/,200,presence 6395 res_dispatch; programs Flathead Electric Cooperative
https://www.flatheadelectric.com/energy-solutions/your-electricity-choices/solar-wind-batteries/systems-for-your-home-or-business/,200,programs Flathead Electric Cooperative
https://www.flatheadelectric.com/faqs/residential-service-rates-2/,200,programs Flathead Electric Cooperative
https://www.flatheadelectric.com/my-account-bill/my-bill/demand-charge/,200,presence 6395 res_habit; programs Flathead Electric Cooperative
https://www.flintenergies.com/ag-load-management,200,presence 6411 ci_dispatch
https://www.flintenergies.com/co-op-comfort,200,presence 6411 res_dispatch
https://www.flintenergies.com/residential-rates,200,presence 6411 res_habit
https://www.forestgrove-or.gov/598/Electric-Service-Rates,200,presence 6582 ci_habit
https://www.fortcollins.gov/Services/Utilities/Pay-My-Bill/Rates,403,programs Fort Collins Utilities; programs Fort Collins Utilities; programs Fort Collins Utilities
https://www.fortcollins.gov/Services/Utilities/Programs-and-Rebates/Energy-Programs/Residential-Solar-and-Battery-Storage,403,programs Fort Collins Utilities
https://www.fourcty.org/faqs/rate-schedules/,200,presence 6640 res_habit
https://www.fpl.com/business/save/programs/oncall.html,200,programs Florida Power & Light Company
https://www.fpl.com/clean-energy/net-metering/guidelines.html,200,ic_util Florida Power & Light Company
https://www.fpl.com/content/dam/fplgp/us/en/rates/pdf/bus-eff-jan-2026.pdf,200,presence 6452 ci_habit; programs Florida Power & Light Company
https://www.fpl.com/content/dam/fplgp/us/en/rates/pdf/electric-tariff-section10.pdf,200,programs Florida Power & Light Company
https://www.fpl.com/electric-vehicles/for-drivers/evolution-home.html,200,programs Florida Power & Light Company
https://www.fpl.com/rates/time-of-use.html,200,presence 6452 res_habit; programs Florida Power & Light Company
https://www.fpl.com/save/pdf/oncall.pdf,200,presence 6452 res_dispatch
https://www.fpl.com/save/programs/on-call-program.html,200,programs Florida Power & Light Company
https://www.franklinpud.com/programs-services/energy-efficiency/,200,presence 6716 res_dispatch
https://www.franklinpud.com/programs-services/energy-efficiency/agriculture-commercial-and-industrial-programs/,200,presence 6716 ci_dispatch
https://www.franklinpud.com/rates-power-resources/rate-schedules/,200,presence 6716 res_habit; presence 6716 ci_habit
https://www.freeportelectric.com/2148/Green-Initiative,200,presence 6775 res_dispatch
https://www.freeportelectric.com/2180/Electric-Rates,200,presence 6775 res_habit; presence 6775 ci_habit; presence 6775 ci_dispatch
https://www.frenchbroademc.com/index.php/billing/rates-and-fees/,403,presence 6784 res_habit
https://www.garkaneenergy.com/rates,200,presence 6957 ci_habit
https://www.gastonianc.gov/component/content/article/86-357-29-commercial-industrial-rates.html,200,presence 7027 ci_habit
https://www.gcea.coop/gceas-rate-structure-change/,404,presence 7787 ci_habit
https://www.gcea.coop/news-releases/gcea-to-implement-rate-design-change-starting-january-1-2026/,200,presence 7787 res_habit
https://www.gcec.net/rates,200,presence 7559 res_habit; presence 7559 ci_habit
https://www.georgiapower.com/content/dam/georgia-power/pdfs/business-pdfs/DRC-1_Tariff.pdf,200,programs Georgia Power Company
https://www.georgiapower.com/content/dam/georgia-power/pdfs/business-pdfs/rates-schedules/ci-redi-tariff.pdf,200,presence 7140 ci_dispatch
https://www.georgiapower.com/content/dam/georgia-power/pdfs/business-pdfs/tariffs/2025/rtp-da-12.pdf,200,presence 7140 ci_habit
https://www.georgiapower.com/content/dam/georgia-power/pdfs/company-pdfs/solar-pdfs/btm-distribution-interconnection-summary-residential.pdf,200,ic_util Georgia Power Company
https://www.georgiapower.com/content/dam/georgia-power/pdfs/residential-pdfs/residential-rate-plans/RNR-11.pdf,200,programs Georgia Power Company; programs Georgia Power Company; ic_state GA
https://www.georgiapower.com/residential/rate-plans/nights-weekends.html,200,presence 7140 res_habit; programs Georgia Power Company
https://www.georgiapower.com/residential/rate-plans/smart-usage.html,200,programs Georgia Power Company
https://www.georgiapower.com/residential/solutions/home-solutions.html,200,presence 7140 res_dispatch
https://www.geus.org/182/Primary-Voltage-Time-of-Use-Options,200,presence 7634 res_habit; presence 7634 ci_habit
https://www.ghpud.org/customer-service/customer-rates-fees/,200,presence 7548 res_habit; presence 7548 ci_habit
https://www.ghpud.org/energy-efficiency/industrial-programs/,200,presence 7548 ci_dispatch
https://www.ghpud.org/energy-efficiency/residential-programs/,200,presence 7548 res_dispatch
https://www.gillettewy.gov/files/assets/public/v/3/city-attorney/documents/17gccr_09-2025.pdf,403,presence 7222 res_habit
https://www.giud.com/,200,presence 40606 res_dispatch; presence 40606 ci_dispatch
https://www.giud.com/o/giud/page/commercial-three-phase-electric-rate-calculator,200,presence 40606 ci_habit
https://www.giud.com/o/giud/page/residential-electric-rate-calculator,200,presence 40606 res_habit
https://www.glendaleca.gov/Home/Components/News/News/7902,403,programs Glendale Water & Power
https://www.glendaleca.gov/government/departments/glendale-water-and-power/rates/residential-electric-rates,403,programs Glendale Water & Power; programs Glendale Water & Power
https://www.glendaleca.gov/government/departments/glendale-water-and-power/solar-education/guide-for-applying-for-interconnection,403,ic_util Glendale Water & Power
https://www.gpltexas.org/business/commercial-rates,403,presence 6958 ci_habit; programs Garland Power & Light
https://www.gpltexas.org/residential/residential-rates,403,presence 6958 res_habit; programs Garland Power & Light
https://www.gpltexas.org/save-energy-money/energysaver-program,403,presence 6958 res_dispatch
https://www.grantpud.org/media/attachments/2025/12/22/lighthouse-grant-pud-2025-drpa-final-report.pdf,200,presence 14624 res_dispatch; presence 14624 ci_dispatch; programs Grant County PUD
https://www.grantpud.org/net-metering,200,programs Grant County PUD
https://www.greercpw.com/utilities/electricity/,200,presence 7654 ci_habit
https://www.greercpw.com/ways-to-save-on-electricity/,200,presence 7654 res_dispatch
https://www.greercpw.com/wp-content/uploads/2026/02/electric_110.pdf,200,presence 7654 res_habit
https://www.greystonepower.com/rate-schedule,200,presence 7090 ci_habit
https://www.greystonepower.com/sites/default/files/PDF/Rates/010522/Distributed%20Generation%20Service.pdf,200,ic_util GreyStone Power Corporation
https://www.greystonepower.com/sites/default/files/PDF/Rates/010522/General%20Service%20Seasonal%20Off%20Peak.pdf,200,programs GreyStone Power Corporation
https://www.greystonepower.com/sites/default/files/PDF/Rates/010522_from%20David/Rate%20300-Residential%20EV%20Effective%206.1.2021.pdf,200,presence 7090 res_habit
https://www.greystonepower.com/sites/default/files/documents/GSP-0218-1.pdf,200,presence 7090 res_dispatch
https://www.grotonelectric.org/wp-content/uploads/2024/04/APPA-Time-of-Use-rate-study-2024-Final.pdf,200,presence 7716 res_dispatch; presence 7716 ci_dispatch
https://www.gru.com/My-Home/Content/Rebates/Net-Energy-Metering-for-Solar-PV-Systems,200,ic_util Gainesville Regional Utilities
https://www.gru.com/Portals/0/FY2025%20850%20Electric%20rates.pdf,200,programs Gainesville Regional Utilities
https://www.gru.com/Portals/0/FY2026%20Adopted%20Utility%20Fees%20Rates%20Charges.pdf,200,presence 6909 ci_habit; presence 6909 ci_dispatch
https://www.gru.com/Portals/0/GS-Time%20of%20Demand.pdf,200,programs Gainesville Regional Utilities
https://www.gtlakes.com/faq/,200,presence 38084 res_habit
https://www.gtlakes.com/wp-content/uploads/2026/03/BASA-Tariff-begins-12-1-25.pdf,200,programs Great Lakes Energy Cooperative
https://www.gtlakes.com/wp-content/uploads/2026/03/DRE-Tariff-begins-12-1-25.pdf,200,programs Great Lakes Energy Cooperative
https://www.gtlakes.com/wp-content/uploads/2026/05/Large-Renewable-Energy-Program-Tariff-LRE.pdf,200,programs Great Lakes Energy Cooperative
https://www.guc.com/electric/smart-thermostat-pilot-program,200,presence 7639 res_dispatch
https://www.guc.com/rates-regulations/electric-rates,200,presence 7639 ci_habit
https://www.guc.com/sites/default/files/uploads/03-31-26-elec-rates/electric-rate-schedule-er-2-july-1-2025.pdf,200,presence 7639 res_habit
https://www.gvea.com/rates-2/current/,200,presence 7353 res_habit; presence 7353 ci_habit; programs Golden Valley Electric Association
https://www.gvea.com/safety/clsp/,200,presence 7353 ci_dispatch
https://www.gvea.com/services/programs-services/,200,presence 7353 res_dispatch
https://www.gvea.com/services/programs-services/snap-net-metering/,200,programs Golden Valley Electric Association
https://www.gvec.org/electric/commercial/power-reliability-rate-options/,200,presence 7752 ci_habit
https://www.gvec.org/electric/time-of-use-billing/,200,presence 7752 res_habit; programs Guadalupe Valley Electric Cooperative (GVEC)
https://www.gvec.org/gvec-x-base-power/,200,programs Guadalupe Valley Electric Cooperative (GVEC)
https://www.gvec.org/peak-time-payback/,200,presence 7752 res_dispatch; programs Guadalupe Valley Electric Cooperative (GVEC); programs Guadalupe Valley Electric Cooperative (GVEC)
https://www.gvp.org/TOU,200,presence 7563 res_habit; presence 7563 ci_habit
https://www.habershamemc.com/energy-efficiency/energy-management/,200,presence 7887 res_dispatch
https://www.habershamemc.com/member-services/rates/,200,presence 7887 res_habit; presence 7887 ci_habit
https://www.hagerstownmd.org/153/Tariffs,200,presence 7908 res_habit; presence 7908 res_dispatch; presence 7908 ci_habit
https://www.halifaxemc.com/member-info/rate-information/,200,presence 7978 res_habit
https://www.harrisonburgelectric.com/all-ways-to-go-green/net-metering/,200,programs Harrisonburg Electric Commission; ic_util Harrisonburg Electric Commission
https://www.harrisonburgelectric.com/our-programs/,200,presence 8198 res_dispatch
https://www.harrisonburgelectric.com/resources/rate-schedules/,200,presence 8198 res_habit
https://www.harrisonremc.com/electric-rates/,200,presence 8179 res_habit
https://www.hartemc.com/safety-education/energy-conservation/,200,presence 8210 res_dispatch
https://www.hawaiianelectric.com/documents/billing_and_payment/rates/effective_rate_summary/2026/efs_2026_09.pdf,200,programs Hawaiian Electric Co (Oahu); programs Hawaii Electric Light Co (Hawaii Island); programs Maui Electric Co (Maui County)
https://www.hawaiianelectric.com/hawaiian-electric-to-close-shift-and-save-time-of-use-rates-program-to-new-enrollments-as-of-feb-1,200,presence 19547 res_habit; presence 19547 ci_habit; presence 8287 res_habit
https://www.hawaiianelectric.com/products-and-services/customer-incentive-programs,200,presence 19547 res_dispatch; presence 19547 ci_dispatch; presence 8287 res_dispatch
https://www.hawaiianelectric.com/products-and-services/customer-incentive-programs/battery-bonus,200,programs Hawaiian Electric Co (Oahu); programs Maui Electric Co (Maui County)
https://www.hawaiianelectric.com/products-and-services/customer-incentive-programs/bring-your-own-device-plus,200,programs Hawaiian Electric Co (Oahu); programs Hawaii Electric Light Co (Hawaii Island); programs Maui Electric Co (Maui County)
https://www.hawaiianelectric.com/products-and-services/customer-incentive-programs/energy-scout,200,programs Hawaiian Electric Co (Oahu)
https://www.hawaiianelectric.com/products-and-services/customer-incentive-programs/fast-demand-response,200,programs Hawaiian Electric Co (Oahu); programs Maui Electric Co (Maui County)
https://www.hawaiianelectric.com/products-and-services/electric-vehicles/electric-vehicle-rates-and-enrollment/commercial-facility,200,programs Hawaiian Electric Co (Oahu); programs Hawaii Electric Light Co (Hawaii Island); programs Maui Electric Co (Maui County)
https://www.hawaiianelectric.com/products-and-services/electric-vehicles/electric-vehicle-rates-and-enrollment/residential-single-family-dwelling,200,programs Hawaiian Electric Co (Oahu); programs Hawaii Electric Light Co (Hawaii Island); programs Maui Electric Co (Maui County)
https://www.hawaiianelectric.com/products-and-services/save-energy-and-money/shift-and-save/tou-ri-rate-history,200,programs Hawaiian Electric Co (Oahu); programs Hawaii Electric Light Co (Hawaii Island); programs Maui Electric Co (Maui County)
https://www.hawaiianelectric.com/products-and-services/smart-renewable-energy-programs/previous-renewable-programs/customer-grid-supply-plus,200,programs Hawaiian Electric Co (Oahu); programs Hawaii Electric Light Co (Hawaii Island); programs Maui Electric Co (Maui County)
https://www.hawaiianelectric.com/products-and-services/smart-renewable-energy-programs/previous-renewable-programs/smart-export,200,programs Hawaiian Electric Co (Oahu); programs Hawaii Electric Light Co (Hawaii Island); programs Maui Electric Co (Maui County)
https://www.haywoodemc.com/member-services/rate-schedules/,200,presence 8333 res_habit
https://www.hea.coop/load-control,200,presence 8570 res_dispatch
https://www.hea.coop/sites/default/files/2026-08/2026rates.pdf,200,presence 8570 res_habit
https://www.hea.coop/understanding-demand-billing,200,presence 8570 ci_habit
https://www.heartland-rec.com/about-us/frequently-asked-questions/rates-billing-payment/,200,presence 16854 res_habit
https://www.heberpower.gov/faqs_category/time-of-use-2026/,200,presence 8366 res_habit
https://www.hged.com/commercial/ee-business/com-demand-response.aspx,200,presence 8774 ci_dispatch
https://www.hged.com/residential/ee-home/beat-the-peak.aspx,200,programs Holyoke Gas & Electric
https://www.hged.com/residential/ee-home/tesla-powerwall-demand-response-program.aspx,200,presence 8774 res_dispatch; programs Holyoke Gas & Electric
https://www.hged.com/residential/solar-energy-for-residential-customers.aspx,200,programs Holyoke Gas & Electric; ic_util Holyoke Gas & Electric
https://www.highpointnc.gov/351/Helpful-Programs,200,presence 8571 res_dispatch
https://www.highpointnc.gov/447/Electric-Rate-Schedule,200,presence 8571 res_habit; presence 8571 ci_habit
https://www.highwest.coop/sites/default/files/large-power-service-time-of-day-8-hours-on-peak-optional.pdf,200,presence 27058 ci_habit
https://www.hmpl.com/programs.html,200,presence 8449 res_dispatch; presence 8449 ci_dispatch
https://www.hmpl.com/rates-and-fees.html,200,presence 8449 res_habit; presence 8449 ci_habit
https://www.hoecoop.org/billinginfo,200,presence 8934 res_habit
https://www.hoecoop.org/dualfuelheat,200,presence 8934 res_dispatch
https://www.hollandbpw.com/en/customer-service/rates/residential,200,programs Holland Board of Public Works; programs Holland Board of Public Works
https://www.holycross.com/current-rates,200,programs Holy Cross Energy; programs Holy Cross Energy
https://www.holycross.com/member-programs/charge-at-home,200,programs Holy Cross Energy
https://www.holycross.com/member-programs/peak-time-payback,200,programs Holy Cross Energy
https://www.holycross.com/member-programs/powerplus,200,presence 8773 res_dispatch; programs Holy Cross Energy; programs Holy Cross Energy
https://www.holycross.com/member-programs/time-of-use-rate,200,presence 8773 res_habit; programs Holy Cross Energy
https://www.homerelectric.com/energy-efficiency/commercial/,200,presence 19558 ci_dispatch
https://www.homerelectric.com/energy-efficiency/net-metering/,200,programs Homer Electric Association
https://www.homerelectric.com/energy-efficiency/residential-energy-saving/,200,presence 19558 res_dispatch
https://www.homerelectric.com/member-services/my-bill/rates/,200,presence 19558 res_habit; presence 19558 ci_habit; programs Homer Electric Association
https://www.homesteadfl.gov/DocumentCenter/View/3919/2---Customer-Service---Schedule-of-rates,200,presence 8795 res_habit; presence 8795 ci_habit
https://www.homeworks.org/210-2/electric-home/388-2/rates-regulations/,200,presence 19396 res_habit; presence 19396 ci_habit; presence 19396 ci_dispatch
https://www.homeworks.org/210-2/electric-home/member-services/,200,presence 19396 res_dispatch
https://www.hoosierenergy.com/news-resources/jackson-county-remc-hoosier-energy-smart-thermostat-pilot-demonstrates-significant-opportunity-for-energy-cost-savings/,200,programs Hoosier Energy; programs Jackson County REMC
https://www.hoosierenergy.com/news-resources/lmr-participants-called-into-action-for-the-first-time/,200,presence 12929 ci_dispatch; presence 17599 ci_dispatch; presence 22822 ci_dispatch
https://www.hotec.coop/energy-solutions,200,presence 55982 res_dispatch
https://www.hotec.coop/rates,200,presence 55982 res_habit; presence 55982 ci_habit; presence 55982 ci_dispatch
https://www.houstoncountyelec.com/nest-thermostats,404,presence 8898 res_dispatch
https://www.hsvutil.org/community_resources/programs/solar_connect_.php,200,ic_util Huntsville Utilities
https://www.hudsonlight.com/commercial,200,presence 8973 ci_habit
https://www.hudsonlight.com/residential,200,presence 8973 res_habit
https://www.idahopower.com/accounts-service/understand-your-bill/pricing/idaho-pricing/business/schedule-9/,200,presence 9191 ci_habit; programs Idaho Power
https://www.idahopower.com/accounts-service/understand-your-bill/pricing/idaho-pricing/time-use-plan/,200,presence 9191 res_habit; programs Idaho Power
https://www.idahopower.com/energy-environment/ways-to-save/savings-for-your-business/flex-peak/,200,presence 9191 ci_dispatch; programs Idaho Power
https://www.idahopower.com/energy-environment/ways-to-save/savings-for-your-business/irrigation-programs/irrigation-peak-rewards/,200,programs Idaho Power
https://www.idahopower.com/energy-environment/ways-to-save/savings-for-your-home/rebates-and-offers/ac-cool-credit/,200,presence 9191 res_dispatch; programs Idaho Power
https://www.ieca.coop/rates,200,presence 9331 res_habit
https://www.iecok.com/rate-schedule,200,presence 9246 res_habit
https://www.iecok.com/sites/default/files/documents/2026%20Rate%20Book%202.19.26.pdf,200,presence 9246 ci_habit; presence 9246 ci_dispatch
https://www.iecok.com/thermostats,200,presence 9246 res_dispatch
https://www.ifpower.org/accounts-and-services/energy-efficiency,200,presence 9187 res_dispatch; presence 9187 ci_dispatch
https://www.ifpower.org/accounts-and-services/rates-and-policies,200,presence 9187 res_habit; presence 9187 ci_habit
https://www.iid.com/power/rates-regulations/time-of-use,403,programs Imperial Irrigation District (IID)
https://www.iid.com/power/rooftop-solar/interconnection,403,ic_util Imperial Irrigation District (IID)
https://www.iid.com/power/rooftop-solar/interconnection/net-billing,403,programs Imperial Irrigation District (IID)
https://www.ilga.gov/documents/reports/ReportsSubmitted/5853RSGAEmail12781RSGAAttachEnergy%20Storage%20Procurement%20Report%205.1.2025.pdf,ERR URLError,programs Illinois Power Agency (statewide; covers Ameren Illinois territory)
https://www.illinoissfa.com/announcements/2024/12/updates-on-upcoming-low-income-discount-rates-changes-to-net-metering-and-smart-inverter-rebate-changes/,200,ic_util Commonwealth Edison Company (ComEd)
https://www.illinoissfa.com/wp-content/uploads/2024/11/Net-Metering-Changes-in-Illinois-%E2%80%93-Frequently-Asked-Questions-for-Approved-Vendors-and-Designees_Updated.pdf,200,programs Commonwealth Edison Company (ComEd)
https://www.imea.org/Demand%20Response%20Program.html,200,programs Illinois Municipal Electric Agency
https://www.in.gov/iurc/files/Indiana-Michigan-Power-Tariffs.pdf,200,programs Indiana Michigan Power (AEP)
https://www.in.gov/iurc/files/ord_46263_121025.pdf,200,programs CenterPoint Energy Indiana South (formerly Vectren)
https://www.in.gov/iurc/files/ord_46268_031826.pdf,200,programs Duke Energy Indiana
https://www.in.gov/oucc/electric/key-cases-by-utility/duke-energy-rates/duke-energy-distributed-generation-tariff/,200,programs Duke Energy Indiana; ic_util Duke Energy Indiana
https://www.in.gov/oucc/featured-topics/indiana-michigan-power-i-and-m-rates/i-and-m-distributed-generation-tariff/,200,ic_util Indiana Michigan Power (AEP)
https://www.independencemo.gov/customers/commercial-programs,200,presence 9231 ci_habit
https://www.independencemo.gov/government/city-departments/power-and-light/customers/residential-programs,200,presence 9231 res_dispatch
https://www.independencemo.gov/government/city-departments/power-and-light/rate-changes-faq,403,presence 9231 res_habit
https://www.independencemo.gov/media/809,200,programs Independence Power and Light Department
https://www.independencemo.gov/sites/default/files/2023-08/IPL%20Rates%20-%20T%20(6-1-18)%20NM-1.cleaned%20(2).pdf,200,ic_util Independence Power and Light Department
https://www.independencemo.gov/sites/default/files/2023-08/IPL%20Rates%20-%20T%20(7-1-12)%20-%20SCIS-1.pdf,200,presence 9231 ci_dispatch
https://www.indianamichiganpower.com/clean-energy/electric-cars/charge-at-home-michigan,200,programs Indiana Michigan Power - Michigan; programs Indiana Michigan Power - Michigan
https://www.inlandpower.com/commercial-incentives,200,presence 8699 ci_habit; presence 8699 ci_dispatch
https://www.inlandpower.com/save-energy,200,presence 8699 res_habit; presence 8699 res_dispatch
https://www.irwinemc.com/load-management,200,presence 9431 res_dispatch; presence 9431 ci_dispatch
https://www.irwinemc.com/sites/default/files/documents/Irwin%20EMC%20Rates%202026%20for%20website_0.pdf,200,presence 9431 res_habit; presence 9431 ci_habit
https://www.iso-ne.com/committees/key-projects/capacity-auction-reforms-key-project,200,programs ISO New England Inc.
https://www.iso-ne.com/markets-operations/markets/demand-resources/about,200,programs ISO New England Inc.; programs ISO New England Inc.; programs ISO New England Inc.
https://www.iso-ne.com/participate/support/participant-readiness-outlook/ferc-order-no-2222,200,programs ISO New England Inc.
https://www.iso-ne.com/static-assets/documents/100008/20240209_pr_fca18_initial_results.pdf,200,programs ISO New England Inc.
https://www.iso-ne.com/static-assets/documents/100015/20240913-mrwg-a07-order-2222-overview-and-update.pdf,200,programs ISO New England Inc.
https://www.iso-ne.com/static-assets/documents/100025/order-no-2222-refresher.pdf,200,programs ISO New England Inc.; programs ISO New England Inc.
https://www.iso-ne.com/static-assets/documents/100032/2025-fall-quarterly-markets-report.pdf,200,programs ISO New England Inc.; programs ISO New England Inc.
https://www.iso-ne.com/static-assets/documents/100033/a04_mc_2026_03_10-12_pfp_revisions_balancing_ratio_ferc_order_nepga_complaint_el25-106.pdf,200,programs ISO New England Inc.
https://www.iso-ne.com/static-assets/documents/100035/2025-annual-markets-report.pdf,200,programs ISO New England Inc.
https://www.iso-ne.com/static-assets/documents/100035/er26-1956-000_5-29-26_order_accept_der_participation_rev.pdf,200,programs ISO New England Inc.
https://www.iso-ne.com/static-assets/documents/100036/imm_assessment_of_da_ancillary_services_market.pdf,200,programs ISO New England Inc.; programs ISO New England Inc.
https://www.iso-ne.com/static-assets/documents/100037/carsa_proposal_information_summary.pdf,200,programs ISO New England Inc.
https://www.iso-ne.com/static-assets/documents/2023/03/20230310_pr_fca17_initial_results_final.pdf,200,programs ISO New England Inc.
https://www.iso-ne.com/static-assets/documents/regulatory/tariff/sect_1/sect_i.pdf,200,programs ISO New England Inc.
https://www.itasca-mantrap.com/load-management-programs,200,presence 9475 res_habit; presence 9475 res_dispatch
https://www.jacksonemc.com/member-services/home-services/products-services/sync-to-save,200,presence 9601 res_dispatch
https://www.jacksonemc.com/my-cooperative/rates/commercial-rates/general-service-terms-of-use,200,presence 9601 ci_habit
https://www.jacksonemc.com/my-cooperative/rates/commercial-rates/load-management-service,200,presence 9601 ci_dispatch
https://www.jacksonemc.com/my-cooperative/rates/commercial-rates/net-metering-rider,200,ic_util Jackson EMC
https://www.jacksonemc.com/my-cooperative/rates/residential-rates/residential-time-of-use-service,200,presence 9601 res_habit; programs Jackson EMC
https://www.jamestownnybpu.gov/156/Electric,200,presence 9645 res_habit; presence 9645 ci_habit
https://www.jamestownnybpu.gov/351/Reliable-Power,200,presence 9645 res_dispatch
https://www.jea.com/Environment/Distributed_Generation_Policy/,200,programs JEA
https://www.jea.com/My_Account/Rates/Electric_Rates_Definitions/,200,presence 9617 res_habit
https://www.jea.com/My_Account/Rates/Electric_Tariff.aspx,200,presence 9617 ci_dispatch
https://www.jea.com/business_resources/commercial_electric_rates/,200,presence 9617 ci_habit
https://www.jea.com/my_account/rates/smartsavings/,200,programs JEA
https://www.jec.coop/member-services/rates/,200,presence 9689 res_habit
https://www.jemezcoop.org/time-use,200,presence 9699 res_habit; presence 9699 res_dispatch
https://www.karnesec.org/service/commercialrates/,200,presence 10009 ci_habit
https://www.karnesec.org/service/residential-rates/,200,presence 10009 res_habit
https://www.kaukaunautilities.com/business/pricing-options/,200,presence 10056 ci_dispatch
https://www.kaukaunautilities.com/services/start-stop-or-upgrade-service/,200,presence 10056 res_habit
https://www.kcc.ks.gov/electric/net-metering-in-kansas,200,programs Evergy Kansas Central; programs Evergy Kansas South
https://www.kec.com/account-services/billing-payment-options/peak-use-charge/,200,presence 10454 res_habit
https://www.kec.com/electric-demand/,200,presence 10454 res_dispatch
https://www.kenergycorp.com/alternative-energy/,403,programs Big Rivers Electric
https://www.kenergycorp.com/rates/,403,presence 9964 res_habit; presence 9964 res_dispatch; presence 9964 ci_habit
https://www.keysenergy.com/time-of-use-pilot-program,200,presence 10226 res_habit; presence 10226 ci_habit
https://www.kiamichielectric.org/member-services/rate-schedule/,200,presence 10170 res_habit; presence 10170 res_dispatch; presence 10170 ci_habit
https://www.kiamichielectric.org/wp-content/uploads/Large-Poweer-5-Curtailable-Rate-305.pdf,200,presence 10170 ci_dispatch
https://www.kinstonnc.gov/283/Current-Fees-Rates,200,presence 10345 res_habit; presence 10345 ci_habit
https://www.kinstonnc.gov/573/Residential-Load-Management,200,presence 10345 res_dispatch
https://www.kirkwoodelectric.org/customer-service-center/rates-fees,403,presence 10370 res_habit; presence 10370 ci_habit
https://www.kpub.com/rates/,200,presence 28604 res_habit; presence 28604 ci_habit
https://www.kpub.com/save-energy-money/,200,presence 28604 res_dispatch
https://www.kub.org/uploads/GSA-TOU.pdf,200,presence 10421 ci_habit
https://www.kub.org/uploads/GSA-TOU_44.pdf,200,programs Knoxville Utilities Board
https://www.kub.org/uploads/KUB_Interconnection_Agreement_.pdf,200,ic_util Knoxville Utilities Board
https://www.kub.org/uploads/RS-TOU_4.pdf,200,programs Knoxville Utilities Board
https://www.kub.org/uploads/RS-TOU_63.pdf,200,presence 10421 res_habit
https://www.kub.org/uploads/eScore_Smart_Thermostat_Pilot_-_Customer_Participation_Agreement._Final_.pdf,200,programs Knoxville Utilities Board
https://www.kvremc.com/my-account/time-of-use/,200,presence 9999 res_habit
https://www.kw.solar/centerpoint-2026-solar-rebate-houston/,200,programs CenterPoint Energy Houston Electric
https://www.ky3.com/2025/05/15/your-side-springfields-city-utilities-launches-cu-peak-rewards/,200,presence 17833 res_dispatch
https://www.kyrc.org/news/solar/fighting-for-fair-solar-compensation,404,programs Duke Energy Kentucky
https://www.ladwp.com/account/understanding-your-rates/residential-electric-rates,200,programs Los Angeles Department of Water and Power (LADWP)
https://www.ladwp.com/residential-services/programs-and-rebates-residential/demand-response-%E2%80%93-power-savers,200,programs Los Angeles Department of Water and Power (LADWP)
https://www.ladwp.com/residential-services/solar-programs/self-generation-incentive-program,200,programs Los Angeles Department of Water and Power (LADWP)
https://www.ladwp.com/sites/default/files/2023-09/NEM%20Guidelines%20(with%20April%202021%20technical%20modification)%20(1).pdf,200,programs Los Angeles Department of Water and Power (LADWP)
https://www.ladwp.com/sites/default/files/documents/LADWP_Amended_Net_Energy_Metering_Guidelines_Document_January_2021_.pdf,200,ic_util Los Angeles Department of Water and Power (LADWP)
https://www.lakeviewlight.com/save-energy-money/free-google-nest-thermostat/,200,presence 10627 res_dispatch
https://www.lakeviewlight.com/services/rates-fees/rates/,200,presence 10627 res_habit; presence 10627 ci_habit; presence 10627 ci_dispatch
https://www.law.cornell.edu/regulations/florida/Fla-Admin-Code-Ann-R-25-6-065,200,ic_state FL
https://www.law.cornell.edu/regulations/illinois/title-83/part-466,200,ic_state IL
https://www.law.cornell.edu/regulations/indiana/170-IAC-4-4.3-6,200,ic_state IN
https://www.law.cornell.edu/regulations/michigan/Mich-Admin-Code-R-460-920,200,ic_state MI
https://www.law.cornell.edu/regulations/missouri/20-CSR-4240-20-065,200,ic_state MO
https://www.law.cornell.edu/regulations/new-jersey/N-J-A-C-14-8-5-2,200,ic_state NJ
https://www.law.cornell.edu/regulations/texas/16-Tex-Admin-Code-SS-25-186,200,programs ERCOT (statewide)
https://www.law.cornell.edu/regulations/texas/16-Tex-Admin-Code-SS-25-211,200,ic_state TX
https://www.law.cornell.edu/regulations/texas/16-Tex-Admin-Code-SS-25-507,200,programs ERCOT (statewide)
https://www.lbwl.com/customers/pay-bill/understanding-time-use-rates,200,programs Lansing Board of Water & Light
https://www.lbwl.com/customers/save-money-energy/install-my-own-solar,200,programs Lansing Board of Water & Light
https://www.lbwl.com/customers/save-money-energy/peak-power-partner-demand-response-program,200,programs Lansing Board of Water & Light
https://www.lbwl.com/documents/2025-business-electric,200,programs Lansing Board of Water & Light; programs Lansing Board of Water & Light; programs Lansing Board of Water & Light
https://www.lbwl.com/documents/2025-residential-electric,200,programs Lansing Board of Water & Light; programs Lansing Board of Water & Light
https://www.lbwl.com/installsolar,200,ic_util Lansing Board of Water & Light
https://www.lcec.net/my-account/rates/,200,presence 10857 res_dispatch; presence 10857 ci_dispatch; programs Lee County Electric Cooperative (LCEC)
https://www.lcec.net/wp-content/uploads/Rate-Tariff-Sheet-2026.pdf,200,programs Lee County Electric Cooperative (LCEC); ic_util Lee County Electric Cooperative (LCEC)
https://www.lcecnet.com/rates,200,presence 10817 res_habit; presence 10817 ci_habit
https://www.legis.iowa.gov/docs/aco/arc/8859B.pdf,200,ic_state IA
https://www.lehi-ut.gov/living-in-lehi/utilities/power/electric-rates/,200,presence 10879 res_habit; presence 10879 res_dispatch
https://www.les.com/rates/business-rates,200,presence 11018 ci_habit; presence 11018 ci_dispatch; programs Lincoln Electric System
https://www.les.com/rates/residential-rates,200,presence 11018 res_habit
https://www.les.com/sustainability/les-peak-rewards,200,presence 11018 res_dispatch; programs Lincoln Electric System
https://www.lewesbpwde.gov/wp-content/uploads/2022/12/15-NEM-Policy-Update-BOARD-Only-1.pdf,200,programs Delaware Municipal Electric Corp (DEMEC) - member municipal utilities; ic_util Delaware Municipal Electric Corp (DEMEC) - member municipal utilities
https://www.lipower.org/wp-content/uploads/2024/12/LIPA-Tariff-January-2025.pdf,200,programs Long Island Power Authority / PSEG Long Island
https://www.lipower.org/wp-content/uploads/2025/12/6.-Consideration-of-Approval-of-Tariff-Changes.pdf,200,programs Long Island Power Authority / PSEG Long Island; programs Long Island Power Authority / PSEG Long Island
https://www.lipower.org/wp-content/uploads/2026/07/July-2026-SGIP-1.pdf,200,ic_state NY
https://www.lmud.org/customer-services/rebates/business-rebates/,200,presence 10724 ci_dispatch
https://www.lmud.org/customer-services/rebates/residential-rebates/smart-thermostat/,200,presence 10724 res_dispatch
https://www.lmud.org/my-account/rates/,200,presence 10724 res_habit; presence 10724 ci_habit
https://www.lodiutilities.org/time-day-pricing-nights-weekends-smart-plan,200,presence 11124 res_habit
https://www.loemc.com/,200,presence 26218 res_dispatch
https://www.loganutah.gov/government/departments/light_and_power/rates.php,200,presence 11135 res_habit; presence 11135 ci_habit
https://www.lovelandwaterandpower.org/business/coincident-peak,403,presence 11256 ci_habit
https://www.lovelandwaterandpower.org/resident/rates-charges-and-fees,403,presence 11256 res_habit
https://www.lpsc.louisiana.gov/Utilities_NetMetering,200,ic_state LA
https://www.lrec.coop/energy-services/off-peak-water-heating/,200,presence 10618 res_habit; presence 10618 res_dispatch
https://www.lrecok.coop/electric-rates,200,presence 10599 res_habit; presence 10599 res_dispatch; presence 10599 ci_habit
https://www.lumbertonnc.gov/DocumentCenter/View/856,200,presence 11318 res_habit; presence 11318 res_dispatch; presence 11318 ci_habit
https://www.lvenergy.com/2026/07/15/lower-valley-energy-approves-modernized-electric-rate-structure-to-support-long-term-reliability/,200,presence 11273 res_habit; presence 11273 ci_habit
https://www.maconelectric.com/rates,200,presence 11463 res_habit; presence 11463 res_dispatch
https://www.magicvalley.coop/commercial/rates-pricing/,200,presence 11501 ci_habit
https://www.magicvalley.coop/myresponse-program/,200,"programs Magic Valley Electric Cooperative, Inc."
https://www.magicvalley.coop/residential/,200,presence 11501 res_habit
https://www.manassasva.gov/electric_water___sewer/net_metering_(renewable_energy).php,200,programs Manassas City Electric (City of Manassas Utilities); ic_util Manassas City Electric (City of Manassas Utilities)
https://www.manassasva.gov/electric_water___sewer/utility_programs/load_management_program.php,200,presence 11560 res_dispatch
https://www.mass.gov/doc/clean-peak-energy-standard-final-regulation/download,403,programs Massachusetts Department of Energy Resources (DOER) - statewide
https://www.mass.gov/info-details/net-metering-guide,403,programs NSTAR Electric Co (Eversource MA); programs Massachusetts Electric Co (National Grid MA); programs Fitchburg Gas & Electric Light Co (Unitil MA)
https://www.mass.gov/info-details/residential-electric-seasonal-heat-pump-rates,403,programs NSTAR Electric Co (Eversource MA); programs Massachusetts Electric Co (National Grid MA); programs Fitchburg Gas & Electric Light Co (Unitil MA)
https://www.mass.gov/info-details/smart-10-20-program-details,403,programs Massachusetts Department of Energy Resources (DOER) - statewide
https://www.mass.gov/info-details/smart-30-program-details,403,programs Massachusetts Department of Energy Resources (DOER) - statewide; programs Massachusetts Department of Energy Resources (DOER) - statewide
https://www.masssave.com/-/media/Files/PDFs/Business/CI-ConnectedSolutions-Offering-Materials_June-2023.pdf,200,presence 6374 ci_dispatch; programs NSTAR Electric Co (Eversource MA); programs NSTAR Electric Co (Eversource MA)
https://www.masssave.com/residential/rebates-offers-services/battery-storage-and-evs/batteries,200,programs NSTAR Electric Co (Eversource MA)
https://www.masssave.com/residential/rebates-offers-services/connectedsolutions/connectedsolutions-thermostat,200,programs NSTAR Electric Co (Eversource MA); programs Massachusetts Electric Co (National Grid MA); programs Fitchburg Gas & Electric Light Co (Unitil MA)
https://www.mc-power.com/energy-efficiency/,200,presence 12187 res_dispatch; presence 12187 ci_dispatch
https://www.mc-power.com/my-account/rates/electric-rates/,200,presence 12187 res_habit; presence 12187 ci_habit
https://www.mcecoop.com/member-benefits/rate-structure/,200,presence 12462 res_habit
https://www.mea.coop/co-op-benefits/net-metering,200,programs Matanuska Electric Association
https://www.mea.coop/innovation/evoffpeakchargingprogram,200,presence 11824 res_habit; programs Matanuska Electric Association
https://www.mea.coop/innovation/member-programs,200,presence 11824 res_dispatch; presence 11824 ci_dispatch
https://www.meckelec.org/wp-content/uploads/Schedule-INT-U-2020.pdf,200,presence 12260 ci_dispatch
https://www.meckelec.org/wp-content/uploads/Schedule-R-TOD-U-2020.pdf,200,presence 12260 res_habit
https://www.meckelec.org/wp-content/uploads/Schedule-SGS-TOD-U-2020.pdf,200,presence 12260 ci_habit
https://www.medinaec.org/LM,200,presence 12268 ci_dispatch
https://www.medinaec.org/rates,200,presence 12268 res_habit
https://www.menard.com/rates,200,presence 12395 res_habit; presence 12395 ci_habit
https://www.menard.com/sites/default/files/documents/Rates/2026%20Rate%20Sheets/rc505152_Irrigation_2026.pdf,200,presence 12395 ci_dispatch
https://www.mesaaz.gov/Utilities/Energy/Electric/Electric-Vehicle-Time-of-Use-Rate,403,presence 12351 res_habit
https://www.mesaaz.gov/residents/energy/electric/electric-smart-peaks-program,403,presence 12351 res_dispatch
https://www.mge.com/MGE/media/MGE-Library/documents/rates-electric/e10-1-0-is3-20240326.pdf,200,programs Madison Gas and Electric Co (MGE)
https://www.mge.com/my-account/rates/electric-rates/business-electric-rates,200,programs Madison Gas and Electric Co (MGE)
https://www.mge.com/my-account/rates/electric-rates/time-of-use,200,programs Madison Gas and Electric Co (MGE)
https://www.mge.com/smart-energy/clean-energy/solar-energy/net-metering,200,programs Madison Gas and Electric Co (MGE); ic_util Madison Gas and Electric Co (MGE)
https://www.mge.com/smart-energy/electric-vehicles/ev-programs/charge-ahead,200,programs Madison Gas and Electric Co (MGE)
https://www.mged.com/256/Home-Energy-Saving-Rebates,200,presence 12473 res_dispatch; presence 12473 ci_dispatch
https://www.michigan.gov/-/media/Project/Websites/mpsc/workgroups/dgpi/DTE_Proposed_Rider_18_DG_Tariff.pdf,200,ic_util DTE Electric Co
https://www.michigan.gov/mpsc/-/media/Project/Websites/mpsc/regulatory/reports/RE-DG/2024-RE-DG-Report.pdf,200,ic_util Consumers Energy Co; ic_util Great Lakes Energy Cooperative; ic_util Indiana Michigan Power - Michigan
https://www.michigannewssource.com/2024/07/editorial-consumers-energys-ac-peak-cycling-program-offers-sweating-for-savings/,200,programs Consumers Energy Co
https://www.mid.org/saving-energy-money/solar/,200,ic_util Modesto Irrigation District (MID)
https://www.mid.org/wp-content/uploads/2024_net_metering_2_0.pdf,200,programs Modesto Irrigation District (MID)
https://www.mid.org/wp-content/uploads/2026-EV-D-RESIDENTIAL-TIME-OF-USE-PILOT.pdf,200,programs Modesto Irrigation District (MID)
https://www.midamericanenergy.com/curtailment,200,programs MidAmerican Energy Company
https://www.midamericanenergy.com/customer-interconnection,200,programs MidAmerican Energy Company; programs MidAmerican Energy Company; ic_util MidAmerican Energy Company
https://www.midamericanenergy.com/summersaver,200,programs MidAmerican Energy Company
https://www.midamericanenergy.com/time-of-use-rates,200,programs MidAmerican Energy Company; programs MidAmerican Energy Company
https://www.midlandpower.coop/,200,presence 12450 res_habit
https://www.midlandpower.coop/member-services/,200,presence 12450 res_dispatch
https://www.midstateelectric.coop/wp-content/uploads/03-Optional-Residential-Time-of-Use-Rate-Schedule.pdf,200,presence 12439 res_habit
https://www.midstateelectric.coop/wp-content/uploads/05-General-Service-Three-Phase-Rate-Schedule-1.pdf,200,presence 12439 ci_habit
https://www.midstateelectric.coop/wp-content/uploads/15-Small-Industrial-Interruptible-Rate-Schedule.pdf,200,presence 12439 ci_dispatch
https://www.minnkota.com/our-programs/demand-response,200,presence 24949 ci_dispatch; presence 1529 ci_dispatch; presence 12301 ci_dispatch
https://www.misoenergy.org/stakeholder-engagement/issue-tracking/update-to-demand-response-deployment-tools/,200,programs Midcontinent ISO
https://www.mississippipower.com/content/dam/mississippi-power/business/pricing-and-rates/2025/special-application-rates/RENM-3.pdf,200,programs Mississippi Power Co (Southern Co); ic_util Mississippi Power Co (Southern Co)
https://www.mississippipower.com/content/dam/mississippi-power/pdfs/business/pricing-and-rates/index/2023/Index.pdf,200,programs Mississippi Power Co (Southern Co)
https://www.mississippipower.com/content/dam/mississippi-power/pdfs/business/pricing-and-rates/standard-application-rates/2021/LPO-TOU-15I.pdf,404,programs Mississippi Power Co (Southern Co)
https://www.mississippipower.com/residential/products-and-services/electric-vehicles.html,200,programs Mississippi Power Co (Southern Co)
https://www.mlecmn.net/energy-efficiency/heating-cooling/,200,presence 12546 res_habit; presence 12546 res_dispatch
https://www.mlgw.com/about/ElectricVehicles,200,"programs Memphis Light, Gas and Water Division"
https://www.mlgw.com/about/mlgwgreenpowerswitch,200,"ic_util Memphis Light, Gas and Water Division"
https://www.mlgw.com/home/tou,200,"programs Memphis Light, Gas and Water Division"
https://www.mlgw.com/images/content/files/pdf_rates/RS%20TOU%20Jan26.pdf,200,presence 12293 res_habit
https://www.mnpower.com/ProgramsRebates/DualFuel,200,programs Minnesota Power (ALLETE); programs Minnesota Power (ALLETE)
https://www.mnpower.com/timeofday,200,programs Minnesota Power (ALLETE)
https://www.modernelectricwater.com/customer-information/rates/rate-schedule/,200,presence 12744 res_habit; presence 12744 ci_habit
https://www.modernelectricwater.com/electric/energy-efficiency/,200,presence 12744 res_dispatch; presence 12744 ci_dispatch
https://www.mohaveelectric.com/member-service/rates/,403,presence 21538 res_habit
https://www.monroenc.org/DocumentCenter/View/2619/City-of-Monroe---Fee-Schedule---Chapter-VI---Electric-PDF,200,presence 12801 res_habit; presence 12801 ci_habit; presence 12801 ci_dispatch
https://www.montana-dakota.com/energy-efficiency/renewable-solar-energy/,200,ic_util Montana-Dakota Utilities Co.; ic_util Montana-Dakota Utilities Co.
https://www.montana-dakota.com/rates-services/,200,programs Montana-Dakota Utilities Co.; programs Montana-Dakota Utilities Co.
https://www.morgransou.com/electric-heat,200,presence 12899 res_habit; presence 12899 res_dispatch
https://www.mpsutility.com/index.php/en/?option=com_content&view=category&id=40,200,programs Moorhead Public Service
https://www.mrenergy.com/services/coordinated-demand-response,200,programs Missouri River Energy Services
https://www.mvec.net/load-control/,200,presence 12651 res_habit; presence 12651 res_dispatch
https://www.mwec.com/ac-heat,200,presence 20413 res_habit
https://www.mwec.com/water-heater-program,200,presence 20413 res_dispatch
https://www.mwenergy.com/assets/documents/Index_54_-_General_Service_Large_Time_of_Day_-_M_System.pdf,200,presence 12524 ci_habit
https://www.mwenergy.com/assets/documents/Index_90_-_Load_Control_Program_Company_Wide.pdf,200,presence 12524 ci_dispatch
https://www.mwenergy.com/environmental/renewable-energy/renewable-interconnection,200,programs Midwest Energy
https://www.myavista.com/-/media/myavista/content-documents/our-rates-and-tariffs/id/id_063.pdf,200,programs Avista
https://www.myavista.com/-/media/myavista/content-documents/our-rates-and-tariffs/wa/wa_084.pdf,200,programs Avista
https://www.myavista.com/energy-savings/green-options/go-solar/learn-about-net-metering,200,programs Avista
https://www.myavista.com/energy-savings/green-options/time-of-use,200,presence 20169 res_habit; presence 20169 ci_habit; programs Avista
https://www.mycvec.com/account/rate-schedules/,200,presence 3291 res_habit; presence 3291 ci_habit; presence 3291 ci_dispatch
https://www.mycvec.com/news-releases/cvec-members-encouraged-to-conserve-energy-during-extreme-cold-spell/,200,presence 3291 res_dispatch
https://www.mycvec.com/save-energy-money/net-metering/,200,programs Central Virginia Electric Cooperative; ic_util Central Virginia Electric Cooperative
https://www.mycvec.com/wp-content/uploads/CVEC_Community_Solar_Order-c_Final.pdf,200,programs Central Virginia Electric Cooperative
https://www.mycvec.coop/account-services/rate-information/,200,presence 2911 res_habit; presence 2911 ci_habit; presence 2911 ci_dispatch
https://www.mycvec.coop/energy-solutions/beat-the-peak/,200,presence 2911 res_dispatch
https://www.myelectric.coop/boardinfo/bylaws-rates-policies/,200,presence 16649 ci_habit
https://www.myrec.coop/net-metering,200,programs Rappahannock Electric Cooperative; ic_util Rappahannock Electric Cooperative
https://www.myrec.coop/sites/myrec/files/documents/Electric%20Rates/SSR%20Community%20Solar%20Rider.PDF,200,programs Rappahannock Electric Cooperative
https://www.mytpu.org/payment-billing/rate-information/power-rates/power-rates-schedule/,200,programs Tacoma Power
https://www.mytpu.org/ways-to-save/for-my-business/,200,presence 18429 ci_habit
https://www.mytpu.org/ways-to-save/for-my-home/,200,presence 18429 res_habit
https://www.mytpu.org/ways-to-save/for-my-home/heating-cooling/,200,presence 18429 res_dispatch
https://www.nacleanenergy.com/alternative-energies/centerpoint-energy-enel-launch-program-to-help-southwestern-indiana-businesses-earn-incentives-for-flexible-energy-use,200,programs CenterPoint Energy Indiana South (formerly Vectren)
https://www.naeci.com/load-management,200,presence 13676 res_dispatch
https://www.naelectric.com/196/Residential-Energy-Efficiency-Program,200,presence 13679 res_dispatch; presence 13679 ci_dispatch
https://www.naperville.il.us/services/electric-utility/your-electric-service/electric-rates/,403,presence 13208 res_habit; presence 13208 ci_habit
https://www.nationalgridus.com/MA-Business/Energy-Saving-Programs/ConnectedSolutions,200,presence 11804 ci_dispatch; presence 13206 ci_dispatch
https://www.nationalgridus.com/MA-Home/Connected-Solutions/BatteryProgram,200,presence 11804 res_dispatch; programs Massachusetts Electric Co (National Grid MA)
https://www.nationalgridus.com/Upstate-NY-Business/Demand-Response/Electric-Demand-Response,200,programs Niagara Mohawk Power Corp (National Grid NY); programs Niagara Mohawk Power Corp (National Grid NY)
https://www.nationalgridus.com/Upstate-NY-Business/RFP/Term-DLM-and-Auto-DLM-Program-Request-for-Proposals,200,programs Niagara Mohawk Power Corp (National Grid NY); programs Niagara Mohawk Power Corp (National Grid NY)
https://www.nationalgridus.com/Upstate-NY-Business/Supply-Costs/VDER-Value-Stack-Energy-Component-Prices,200,programs Niagara Mohawk Power Corp (National Grid NY)
https://www.nationalgridus.com/Upstate-NY-Home/ConnectedSolutions/BatteryProgram,200,programs Niagara Mohawk Power Corp (National Grid NY)
https://www.nationalgridus.com/Upstate-NY-Home/Voluntary-Time-of-Use-Rate/Voluntary-Time-of-Use-Rate,200,programs Niagara Mohawk Power Corp (National Grid NY); programs Niagara Mohawk Power Corp (National Grid NY)
https://www.nationalgridus.com/electric-vehicle-hub/Programs/Massachusetts/Off-Peak-Charging-Program,200,programs Massachusetts Electric Co (National Grid MA)
https://www.nationalgridus.com/media/pdfs/billing-payments/tariffs/mae/meco_g3.pdf,200,presence 11804 ci_habit; presence 13206 ci_habit
https://www.nationalgridus.com/media/pdfs/resi-ways-to-save/ma_resi_battery_program_materials.pdf,200,programs Massachusetts Electric Co (National Grid MA); programs Cape Light Compact
https://www.nbutexas.com/wp-content/uploads/2023/04/FY-2024-Electric-Rates.pdf,404,presence 13418 res_habit; presence 13418 ci_habit
https://www.ncelectriccooperatives.com/who-we-are/spotlight/nc-electric-co-ops-debut-connect-to-save-program,200,presence 11291 res_dispatch; presence 3107 res_dispatch
https://www.necpuc.org/wp-content/uploads/2024/10/2024_10_04_necpuc_iso_presentation_final.pdf,200,programs ISO New England Inc.
https://www.nespower.com/-/media/project/nes/common/pdfs/nesolar-savings/nesolar-guidelines---102024.pdf,200,ic_util Nashville Electric Service
https://www.nespower.com/rates/,200,presence 13216 res_habit; programs Nashville Electric Service; programs Nashville Electric Service
https://www.nespower.com/rates/-/media/9ca52f351bf7467dbec902fe40014370.ashx,200,presence 13216 ci_habit
https://www.newbernnc.gov/departments/utilities/electric/electric_rates.php,200,presence 13416 res_habit
https://www.newbernnc.gov/departments/utilities/electric/load_management.php,200,presence 13416 res_dispatch
https://www.newsandsentinel.com/news/business/2025/08/psc-approves-appalachian-power-wheeling-power-rate-increase-that-doesnt-burden-customers/,200,programs Wheeling Power Co (AEP - West Virginia); ic_util Wheeling Power Co (AEP - West Virginia)
https://www.ngemc.com/account/business/,200,presence 13716 ci_habit
https://www.ngemc.com/smartthermostat/,200,presence 13716 res_dispatch
https://www.ngemc.com/time/,200,presence 13716 res_habit
https://www.nhec.com/electric-vehicle-charging/,200,programs New Hampshire Electric Cooperative
https://www.nhec.com/energy-management/transactive-energy-rate-program/,404,programs New Hampshire Electric Cooperative
https://www.nhec.com/mobo-battery-storage/,200,programs New Hampshire Electric Cooperative
https://www.nhec.com/peak-days/,200,programs New Hampshire Electric Cooperative
https://www.nhec.com/terms-and-conditions/,200,ic_util New Hampshire Electric Cooperative
https://www.nhec.com/time-of-day-rates/,200,presence 13441 res_habit; programs New Hampshire Electric Cooperative
https://www.ninestarconnect.com/real-time-pricing/,200,presence 8000 res_habit
https://www.nipsco.com/docs/librariesprovider11/rates-and-tariffs/electric-rates/2020-current-rates/table-of-contents/832.pdf,200,programs Northern Indiana Public Service Co (NIPSCO)
https://www.nipsco.com/docs/librariesprovider11/rates-and-tariffs/electric-rates/2023-to-current/rider-589.pdf,200,programs Northern Indiana Public Service Co (NIPSCO)
https://www.nipsco.com/docs/librariesprovider11/rates-and-tariffs/electric-rates/current-rates/table-of-contents/rider-775.pdf,200,programs Northern Indiana Public Service Co (NIPSCO)
https://www.nipsco.com/services/renewable-energy-programs/feed-in-tariff,200,ic_util Northern Indiana Public Service Co (NIPSCO)
https://www.nipsco.com/services/renewable-energy-programs/net-metering,200,programs Northern Indiana Public Service Co (NIPSCO)
https://www.nixa.com/departments/electric/,200,presence 3634 res_dispatch
https://www.nixa.com/services-programs/,200,presence 3634 ci_dispatch
https://www.nj.gov/bpu/pdf/boardorders/2023/20230524/2E%20ORDER%20JCP%26L%20BGS%20EV%20TOU%20Tariff.pdf,200,programs Jersey Central Power & Light Co (JCP&L)
https://www.nj.gov/bpu/pdf/boardorders/2025/20250618/8E%20ORDER%20Garden%20State%20Energy%20Storage%20Program.pdf,200,programs New Jersey Board of Public Utilities (statewide - applies in PSE&G/JCP&L/ACE/RECO territories)
https://www.nli.coop/account-services/rates/,200,presence 13758 res_habit; presence 13758 ci_habit
https://www.nli.coop/save/,200,presence 13758 res_dispatch; presence 13758 ci_dispatch
https://www.nnec.coop/energy-solutions/beat-the-peak/,200,presence 13762 res_dispatch
https://www.nnec.coop/wp-content/uploads/T-9.pdf,200,presence 13762 res_habit
https://www.nodakelectric.com/what-peak,200,presence 12301 res_habit; presence 12301 res_dispatch
https://www.noec.coop/energy-solutions/,200,presence 13734 res_dispatch
https://www.noec.coop/member-services/rates-fees/,200,presence 13734 res_habit; presence 13734 ci_habit; presence 13734 ci_dispatch
https://www.norriselectric.com/rates,200,presence 13292 res_habit
https://www.northwesternenergy.com/docs/default-source/default-document-library/billing-and-payment/rates-and-tariffs/montana/rates/rsgtoud-1.pdf,200,programs NorthWestern Energy
https://www.northwesternenergy.com/docs/default-source/default-document-library/billing-and-payment/rates-and-tariffs/south-dakota/southdakotaelectricrateschedule.pdf,200,presence 13809 res_dispatch; presence 13809 ci_dispatch
https://www.norwoodma.gov/departments/norwood_light_rebates___pace_program/index.php,200,presence 13839 res_dispatch; presence 13839 ci_dispatch
https://www.novec.com/About_NOVEC/EV-1-NOVEC-s-Electric-Vehicle-Rate.cfm,200,programs Northern Virginia Electric Cooperative (NOVEC)
https://www.novec.com/Environment/Renewable-Generation.cfm,200,programs Northern Virginia Electric Cooperative (NOVEC); ic_util Northern Virginia Electric Cooperative (NOVEC)
https://www.novec.com/Save/LoadManagementProgram.cfm,200,programs Northern Virginia Electric Cooperative (NOVEC)
https://www.nppd.com/rates/for-your-home,200,presence 13337 res_habit; presence 13337 res_dispatch
https://www.nppd.com/rates/interruptible,200,presence 13337 ci_habit; presence 13337 ci_dispatch; programs Nebraska Public Power District
https://www.nsbufl.com/sites/default/files/2026-01/electric-tariff-fy26-final.pdf,200,presence 13485 res_habit; presence 13485 res_dispatch; presence 13485 ci_habit
https://www.nueceselectric.org/understanding-demand,200,presence 13830 ci_habit
https://www.nvenergy.com/about-nvenergy/rates-regulatory/electric-schedules-north,200,presence 17166 res_habit; presence 17166 ci_habit
https://www.nvenergy.com/about-nvenergy/rates-regulatory/electric-schedules-south,200,presence 13407 ci_habit
https://www.nvenergy.com/account-services/energy-pricing-plans/net-metering/nmr-405-opt-in,200,programs Nevada Power Co (NV Energy - South)
https://www.nvenergy.com/account-services/energy-pricing-plans/time-of-use,200,presence 13407 res_habit
https://www.nvenergy.com/publish/content/dam/nvenergy/bill_inserts/2026/01_jan/np_res_opt_rate-1_3_31.pdf,200,programs Nevada Power Co (NV Energy - South); programs Nevada Power Co (NV Energy - South); programs Nevada Power Co (NV Energy - South)
https://www.nvenergy.com/publish/content/dam/nvenergy/bill_inserts/2026/01_jan/spp_nv_resrates-1_3_31.pdf,200,programs Sierra Pacific Power Co (NV Energy - North)
https://www.nvenergy.com/publish/content/dam/nvenergy/brochures_arch/cleanenergy/energy-storage/Energy-Storage-Incentives-Flyer-Residential.pdf,200,programs Nevada Power Co (NV Energy - South); programs Sierra Pacific Power Co (NV Energy - North)
https://www.nvenergy.com/publish/content/dam/nvenergy/brochures_arch/save-with-powershift/commercial-energy-services/program-summaries/Commercial-Energy-Services-Summary.pdf,200,presence 13407 ci_dispatch; presence 17166 ci_dispatch; programs Nevada Power Co (NV Energy - South)
https://www.nvenergy.com/save-with-powershift/smart-thermostat,200,presence 13407 res_dispatch; presence 17166 res_dispatch; programs Nevada Power Co (NV Energy - South)
https://www.nwcouncil.org/energy/energy-topics/demand-response/papers/mason-county-pud-no-3-renewable-demand-response-pilot-0/,200,presence 15419 res_dispatch
https://www.nweco.com/commercial.html,200,presence 13815 ci_habit
https://www.nweco.com/residential.html,200,presence 13815 res_habit
https://www.nwecok.coop/electric-vehicles,200,presence 13807 res_habit
https://www.nwecok.coop/rates,404,presence 13807 res_dispatch; presence 13807 ci_habit; presence 13807 ci_dispatch
https://www.nwrec.coop/electric-rates,200,presence 17260 res_habit; presence 17260 ci_habit
https://www.nwrec.coop/switch-makes-cents,200,presence 17260 res_dispatch; presence 17260 ci_dispatch
https://www.nyiso.com/-/energy-storage-frequently-asked-questions,200,programs New York Independent System Operator
https://www.nyiso.com/demand-response,200,programs New York Independent System Operator
https://www.nyiso.com/documents/20142/2923301/M-38-Aggregation-Final-v1-0.pdf/488117aa-43ec-85c3-423d-4aba592e5895,200,programs New York Independent System Operator
https://www.nyiso.com/documents/20142/3036383/ICAP-Auctions.pdf/7dda1755-279a-f463-cd85-c39599ee066f,200,programs New York Independent System Operator
https://www.nyiso.com/documents/20142/3037451/9-Demand-Response.pdf,404,programs New York Independent System Operator; programs New York Independent System Operator; programs New York Independent System Operator
https://www.nyiso.com/documents/20142/32977661/NYISO%20FERC%20Order%202222%20Compliance%20-%20Phase%201.pdf/0471b350-0d44-2fbf-895c-48aa58cc182d,200,programs New York Independent System Operator; programs New York Independent System Operator
https://www.nyiso.com/documents/20142/49572424/2025-2026%20Final%20CAF%20and%20PLW_%202.4.2025_Final.pdf/a22de6b1-1be3-b732-0976-ee8503146514,200,programs New York Independent System Operator
https://www.nyiso.com/documents/20142/49802416/DER-and-Aggregation-Participation-Model-FAQ.pdf/967117fb-8bbb-1916-651a-0f9dbe904780,200,programs New York Independent System Operator; programs New York Independent System Operator; programs New York Independent System Operator
https://www.nyseg.com/account/understandyourbill/electricpricing/time-of-use-service-rate,ERR TimeoutError,programs New York State Electric & Gas Corp (NYSEG)
https://www.nyseg.com/documents/40132/5899086/NYSEG_RGE+S-SFA+Procedural+Requirements+Final.pdf/b7dd6ce9-5a31-5ecc-7424-efa20d035489?t=1736360363008,ERR TimeoutError,programs New York State Electric & Gas Corp (NYSEG)
https://www.nyseg.com/documents/40132/72042565/Final+NEVC005+NYSEG+OptimizEV+Residential+EV+MC+Program+FAQs.7.11.23.pdf/faae8ac1-639a-0182-ee20-d243d750ee9c?t=1689097614001,ERR TimeoutError,programs New York State Electric & Gas Corp (NYSEG)
https://www.nyseg.com/documents/d/nyseg/nyseg-term-and-auto-dlm-rfp,ERR TimeoutError,programs New York State Electric & Gas Corp (NYSEG); programs New York State Electric & Gas Corp (NYSEG)
https://www.nyseg.com/smartenergy/businesssolutions/cidemandresponse/commercial-system-relief-program,ERR TimeoutError,programs New York State Electric & Gas Corp (NYSEG)
https://www.nyseg.com/smartenergy/rebatesandprograms/smartsavingsrewards,ERR TimeoutError,programs New York State Electric & Gas Corp (NYSEG)
https://www.nyseg.com/smartenergy/understandyourusage/hourlypricingcommercial,ERR TimeoutError,programs New York State Electric & Gas Corp (NYSEG)
https://www.nyserda.ny.gov/-/media/Project/Nyserda/Files/Programs/Energy-Storage/2026-01-22-Utility-DLM-Program-Overview.pdf,200,programs New York State Electric & Gas Corp (NYSEG); programs Rochester Gas & Electric Corp (RG&E); programs Orange & Rockland Utilities Inc (O&R)
https://www.nyserda.ny.gov/-/media/Project/Nyserda/Files/Programs/Energy-Storage/FINAL_20251204-ISI-Webinar.pdf,200,programs New York State Energy Research and Development Authority (NYSERDA) - statewide; programs New York State Energy Research and Development Authority (NYSERDA) - statewide
https://www.nyserda.ny.gov/-/media/Project/Nyserda/Files/Programs/NY-Sun/2026-Utility-Published-Customer-Benefit-Contribution-Rates.pdf,200,programs Consolidated Edison Co of New York (Con Edison); programs Orange & Rockland Utilities Inc (O&R); programs Niagara Mohawk Power Corp (National Grid NY)
https://www.nyserda.ny.gov/All-Programs/Energy-Storage-Program/Developers-and-Contractors/Residential-and-Retail-Storage-Incentives,200,programs New York State Energy Research and Development Authority (NYSERDA) - statewide
https://www.nyserda.ny.gov/All-Programs/Energy-Storage-Program/Developers-and-Contractors/Residential-and-Retail-Storage-Incentives/Residential-Dashboard,200,programs New York State Energy Research and Development Authority (NYSERDA) - statewide
https://www.nyserda.ny.gov/All-Programs/Energy-Storage-Program/Developers-and-Contractors/Residential-and-Retail-Storage-Incentives/Retail-Incentive-Dashboard,200,programs New York State Energy Research and Development Authority (NYSERDA) - statewide
https://www.nyserda.ny.gov/All-Programs/NY-Sun/Contractors/Dashboards,200,programs New York State Energy Research and Development Authority (NYSERDA) - statewide
https://www.occ.ohio.gov/content/aep-ohios-power-rewards-smart-thermostat-program,200,programs Ohio Power Company (AEP Ohio)
https://www.ocec-inc.com/rates,200,presence 14224 res_habit; presence 14224 ci_habit
https://www.oconeeemc.com/,200,presence 13962 res_dispatch; presence 13962 ci_dispatch
https://www.oconomowoc-wi.gov/,200,presence 13963 res_habit
https://www.ocontoelectric.com/oecs-dual-fuel-program,200,presence 13964 res_habit
https://www.ocontoelectric.com/understanding-load-management,200,presence 13964 res_dispatch
https://www.odec.com/community-electric-energy-programs/thermostat-program/,200,presence 4117 res_dispatch
https://www.odec.com/faqs/prince-george/,200,presence 15410 res_dispatch
https://www.odec.com/mecklenburg-electric-energy-programs/mecklenburg-thermostat-program/,200,presence 12260 res_dispatch
https://www.oge.com/web/portal/hidden/article/business-demand,200,presence 14063 ci_dispatch; programs Oklahoma Gas & Electric (OG&E)
https://www.oge.com/web/portal/hidden/option-to-connect,200,programs Oklahoma Gas & Electric (OG&E)
https://www.oge.com/web/portal/label_ord/business/pricing-options/smart-hours,200,presence 14063 ci_habit; programs Oklahoma Gas & Electric (OG&E)
https://www.oge.com/web/portal/label_ord/energy-solutions/renewables/faqs,200,programs Oklahoma Gas & Electric (OG&E)
https://www.oge.com/web/portal/label_ord/residential/pricing-options/smart-hours,200,presence 14063 res_habit; presence 14063 res_dispatch; programs Oklahoma Gas & Electric (OG&E)
https://www.ohmsnap.com/net-metering/ohio,200,ic_util Ohio Power Company (AEP Ohio)
https://www.okanoganpud.org/account/electric-policies-rates/electric-rates/,200,presence 14055 res_habit; presence 14055 ci_habit
https://www.okanoganpud.org/energy-services-incentives/energy-incentive-programs/,200,presence 14055 res_dispatch; presence 14055 ci_dispatch
https://www.ompa.com/turn-down-the-watts/,200,presence 5661 res_dispatch; presence 15202 res_dispatch
https://www.ompa.com/wp-content/uploads/securepdfs/2023/11/Smart-Thermostat-Rebate-Summary.pdf,200,programs Oklahoma Municipal Power Authority (OMPA)
https://www.oncor.com/content/dam/oncorwww/documents/about-us/regulatory/tariff-and-rate-schedules/Tariff%20for%20Retail%20Delivery%20Service.pdf.coredownload.pdf,200,presence 44372 res_habit; presence 44372 ci_habit
https://www.oncor.com/content/dam/oncorwww/eepm/documents/commercial-resources/2025/2025-26%20Winter%20Commercial%20LM%20Program%20Manual.pdf.coredownload.pdf,200,programs Oncor Electric Delivery
https://www.oncor.com/content/dam/oncorwww/eepm/documents/commercial-resources/2026/2026%20Solar%20Manual%202_0.pdf.coredownload.pdf,200,programs Oncor Electric Delivery; programs Oncor Electric Delivery
https://www.oncor.com/content/dam/oncorwww/eepm/documents/commercial-resources/2026/2026_Commercial_LM_Program_Manual.pdf.coredownload.pdf,200,programs Oncor Electric Delivery
https://www.oncor.com/content/dam/oncorwww/eepm/documents/residential-resources/2025/2025-26%20Winter%20Residential%20LM%20Program%20Manual.pdf.coredownload.pdf,200,programs Oncor Electric Delivery
https://www.oncor.com/content/dam/oncorwww/eepm/documents/residential-resources/2026/2026_Residential_LM_Program_Manual.pdf.coredownload.pdf,200,programs Oncor Electric Delivery
https://www.oncor.com/content/oncorwww/talot/en/home/get-started/business/load-management.html,200,presence 44372 ci_dispatch
https://www.oncor.com/content/oncorwww/talot/en/home/get-started/residential/residential-demand-response-get-started.html,200,presence 44372 res_dispatch
https://www.oncor.com/content/oncorwww/us/en/home/smart-energy/renewables-solar-and-more/residential-small-commercial-thinking-about-solar.html,200,programs Oncor Electric Delivery
https://www.opalco.com/energy-savings-hub/,200,presence 14170 res_dispatch; presence 14170 ci_dispatch
https://www.opalco.com/rates-adjustments-explained/,200,presence 14170 res_habit; presence 14170 ci_habit
https://www.opd5.com/safety/opd5-smart-meters/,403,presence 14245 res_dispatch
https://www.oppd.com/business/business-rates/service-regulations-all-rates/,200,programs Omaha Public Power District
https://www.oppd.com/media/318989/solar-rebate-program-terms-and-conditions.pdf,200,programs Omaha Public Power District
https://www.oppd.com/residential/products-services/cool-smart/,200,presence 14127 res_dispatch
https://www.oppd.com/residential/products-services/save-money-save-energy/cool-smart/,200,programs Omaha Public Power District
https://www.oppd.com/residential/products-services/smart-thermostat-program/,200,programs Omaha Public Power District
https://www.oppd.com/residential/residential-rates/,200,presence 14127 res_habit
https://www.orbgdpu.com/customer-service/utility-rates,403,presence 14164 ci_habit
https://www.oremc.com/,200,presence 31833 res_dispatch; presence 31833 ci_dispatch
https://www.oremc.com/rates,200,presence 31833 res_habit; presence 31833 ci_habit
https://www.oru.com/en/accounts-billing/your-bill/hourly-energy-pricing-for-businesses,200,programs Orange & Rockland Utilities Inc (O&R)
https://www.oru.com/en/accounts-billing/your-bill/time-of-use,200,programs Orange & Rockland Utilities Inc (O&R)
https://www.oru.com/en/our-energy-future/electric-vehicles/new-york/electric-vehicle-charging-rewards,200,programs Orange & Rockland Utilities Inc (O&R)
https://www.oru.com/en/save-money/rebates-incentives-credits/new-york-customers/incentives-for-business-customers-ny/demand-response-incentives/demand-response-incentives-payment-options,404,programs Orange & Rockland Utilities Inc (O&R); programs Orange & Rockland Utilities Inc (O&R)
https://www.oru.com/en/save-money/rebates-incentives-credits/new-york-customers/incentives-for-residential-customers-ny/thermostat-rebate,200,programs Orange & Rockland Utilities Inc (O&R)
https://www.oru.com/en/save-money/using-private-generation-energy-sources/private-generation-tariffs,200,programs Orange & Rockland Utilities Inc (O&R); programs Orange & Rockland Utilities Inc (O&R)
https://www.osagevalley.com/billing-center,200,presence 14192 res_habit; presence 14192 res_dispatch
https://www.otec.coop/irrigation-rates,200,presence 14109 ci_habit
https://www.otec.coop/rates,200,presence 14109 res_habit; presence 14109 ci_dispatch
https://www.otpco.com/rebates-and-efficiency-programs/programs/,200,programs Otter Tail Power Company
https://www.otpco.com/rebates-and-efficiency-programs/programs/dual-fuel/,200,programs Otter Tail Power Company; programs Otter Tail Power Company
https://www.ouc.com/about/news/ouc-approve-peakshift-plan/,200,programs Orlando Utilities Commission
https://www.ouc.com/solutions-programs/savings/rebates/battery-storage/,200,programs Orlando Utilities Commission
https://www.ouc.com/solutions-programs/solar-programs/rooftop-solar/,200,programs Orlando Utilities Commission; ic_util Orlando Utilities Commission
https://www.ouc.com/wp-content/uploads/2025/09/2025_10-OUC-and-St.-Cloud-Tariff-Book.pdf,200,presence 14610 res_habit; presence 14610 ci_habit; presence 14610 ci_dispatch
https://www.owatonnautilities.com/residential-customers/solar-interconnection/,200,ic_util Owatonna Public Utilities
https://www.owatonnautilities.com/residential-customers/time-of-use-program/,200,programs Owatonna Public Utilities
https://www.ozarkborder.org/rates.php,200,presence 14285 res_habit; presence 14285 ci_habit
https://www.ozarkelectric.com/rates,200,presence 14288 res_habit; presence 14288 ci_habit
https://www.ozarksecc.com/net-metering,200,programs Ozarks Electric Cooperative; ic_util Ozarks Electric Cooperative
https://www.ozarksecc.com/service/rates,200,presence 14289 res_habit
https://www.pacificpower.net/content/dam/pcorp/documents/en/pacificpower/rates-regulation/oregon/tariffs/rates/029_General_Service_Time-of-Use_Large_Nonresidential_Delivery_Service.pdf,200,presence 14354 ci_habit
https://www.pacificpower.net/savings-energy-choices/business/CIDR.html,200,presence 14354 ci_dispatch; programs PacifiCorp (Pacific Power OR / Rocky Mountain Power WY-ID-UT)
https://www.pacificpower.net/savings-energy-choices/customer-generation.html,200,programs PacifiCorp (Pacific Power OR / Rocky Mountain Power WY-ID-UT)
https://www.pacificpower.net/savings-energy-choices/time-of-use.html,200,programs PacifiCorp (Pacific Power OR / Rocky Mountain Power WY-ID-UT); programs PacifiCorp (Pacific Power OR / Rocky Mountain Power WY-ID-UT); programs PacifiCorp (Pacific Power OR / Rocky Mountain Power WY-ID-UT)
https://www.pacificpower.net/savings-energy-choices/time-of-use/or-schedule29-pricing.html,200,presence 14354 res_habit
https://www.pacificpower.net/savings-energy-choices/wattsmart-battery-program.html,200,programs PacifiCorp (Pacific Power OR / Rocky Mountain Power WY-ID-UT)
https://www.pacificpud.org/energy-efficiency/rebate-incentives/,200,presence 14324 ci_dispatch
https://www.pacificpud.org/energy-efficiency/reduce-your-energy-bills/,404,presence 14324 res_dispatch
https://www.pacificpud.org/your-account/rates-fees/electric/,200,presence 14324 res_habit; presence 14324 ci_habit
https://www.pacodeandbulletin.gov/Display/pacode?file=%2Fsecure%2Fpacode%2Fdata%2F052%2Fchapter75%2FsubchapBtoc.html,200,ic_state PA
https://www.paloalto.gov/files/assets/public/v/2/utilities/rates-schedules-for-utilities/residential-utility-rates/e-1-tou_effective_2026-07-01.pdf,403,presence 14401 res_habit
https://www.paloalto.gov/files/assets/public/v/5/utilities/rates-schedules-for-utilities/commercial-utility-rates/e-4-tou-effective-2025-07-01.pdf,403,presence 14401 ci_habit
https://www.pdemc.com/my-account/rates-fees/,200,presence 14717 res_habit
https://www.pec.coop/your-service/critical-load-program/,ERR URLError,presence 14626 res_dispatch
https://www.pec.coop/your-service/rates-pricing/time-of-use/,ERR URLError,presence 14626 res_habit
https://www.penlight.org/energy-efficiency/incentives/,200,presence 14668 res_dispatch; presence 14668 ci_dispatch
https://www.penlight.org/member-services/rate-schedule/,200,presence 14668 res_habit; presence 14668 ci_habit
https://www.peopleselectric.coop/,200,presence 14775 res_habit; presence 14775 res_dispatch; presence 14775 ci_habit
https://www.peopleselectric.coop/faqs_category/load-management/,200,presence 14775 ci_dispatch
https://www.pge.com/en/account/rate-plans/peak-day-pricing.html,200,programs Pacific Gas and Electric Co (PG&E)
https://www.pge.com/en/account/rate-plans/smartrate.html,200,programs Pacific Gas and Electric Co (PG&E)
https://www.pge.com/en/clean-energy/solar/getting-started-with-solar/solar-billing-plan.html,200,programs California statewide (CPUC / CEC / GO-Biz administered)
https://www.pge.com/en/save-energy-and-money/energy-saving-programs/demand-response-programs.html,200,programs Pacific Gas and Electric Co (PG&E)
https://www.pge.com/en/save-energy-and-money/energy-saving-programs/demand-response-programs/automated-response-technology.html,200,programs Pacific Gas and Electric Co (PG&E)
https://www.pge.com/en/save-energy-and-money/energy-saving-programs/demand-response-programs/business-programs.html,200,programs Pacific Gas and Electric Co (PG&E)
https://www.pge.com/en/save-energy-and-money/energy-saving-programs/demand-response-programs/smartac.html,200,programs Pacific Gas and Electric Co (PG&E)
https://www.pge.com/tariffs/assets/pdf/tariffbook/ELEC_SCHEDS_B-19.pdf,200,programs Pacific Gas and Electric Co (PG&E); programs Pacific Gas and Electric Co (PG&E); programs Pacific Gas and Electric Co (PG&E)
https://www.pge.com/tariffs/assets/pdf/tariffbook/ELEC_SCHEDS_E-BIP.pdf,200,programs Pacific Gas and Electric Co (PG&E); programs Pacific Gas and Electric Co (PG&E)
https://www.pge.com/tariffs/assets/pdf/tariffbook/ELEC_SCHEDS_E-CBP.pdf,200,programs Pacific Gas and Electric Co (PG&E)
https://www.pge.com/tariffs/assets/pdf/tariffbook/ELEC_SCHEDS_E-ELEC.pdf,200,programs Pacific Gas and Electric Co (PG&E)
https://www.pge.com/tariffs/assets/pdf/tariffbook/ELEC_SCHEDS_E-OBMC.pdf,200,programs Pacific Gas and Electric Co (PG&E)
https://www.pge.com/tariffs/assets/pdf/tariffbook/ELEC_SCHEDS_E-TOU-C.pdf,200,programs Pacific Gas and Electric Co (PG&E)
https://www.pge.com/tariffs/assets/pdf/tariffbook/ELEC_SCHEDS_EV2%20(Sch).pdf,200,programs Pacific Gas and Electric Co (PG&E)
https://www.pge.com/tariffs/assets/pdf/tariffbook/ELEC_SCHEDS_NBT.pdf,200,programs Pacific Gas and Electric Co (PG&E)
https://www.pge.com/tariffs/assets/pdf/tariffbook/ELEC_SCHEDS_NEM2.pdf,200,ic_util Pacific Gas and Electric Co (PG&E)
https://www.pgec.coop/_files/ugd/6ce8e9_ebbc171d034f4d4fb426edfbe5907ff8.pdf,200,presence 15410 res_habit
https://www.pgec.coop/rates,200,presence 15410 ci_habit; presence 15410 ci_dispatch
https://www.phec.us/about-us/rates/,200,presence 14424 res_habit
https://www.piclo.com/organisations/kentucky-power,200,programs Kentucky Power (AEP)
https://www.pioneerelectric.com/time-of-use,200,presence 30517 res_habit
https://www.pjecc.com/,200,presence 14864 res_dispatch
https://www.pjm.com/-/media/DotCom/about-pjm/newsroom/2025-releases/20250722-pjm-auction-procures-134311-mw-of-generation-resources-supply-responds-to-price-signal.pdf,200,programs PJM Interconnection
https://www.pjm.com/-/media/DotCom/about-pjm/newsroom/2025-releases/20251217-pjm-auction-procures-134479-mw-of-generation-resources.pdf,200,programs PJM Interconnection
https://www.pjm.com/-/media/DotCom/documents/manuals/m11.pdf,200,programs PJM Interconnection; programs PJM Interconnection
https://www.pjm.com/-/media/DotCom/documents/manuals/m13.pdf,200,programs PJM Interconnection
https://www.pjm.com/-/media/DotCom/documents/manuals/m18.ashx,200,programs PJM Interconnection; programs PJM Interconnection
https://www.pjm.com/-/media/DotCom/etools/markets-gateway/synchronized-reserve-deployment-and-reserve-price-formation-faq.pdf,200,programs PJM Interconnection; programs PJM Interconnection
https://www.pjm.com/-/media/DotCom/markets-ops/rpm/performance-assessment-settlement-summary.ashx,200,programs PJM Interconnection
https://www.pjm.com/-/media/DotCom/markets-ops/rpm/rpm-auction-info/2025-2026/2025-2026-base-residual-auction-report.pdf,200,programs PJM Interconnection
https://www.pjm.com/pjmfiles/directory/etariff/FercDockets/6522/20220201-er22-962-000.pdf,200,programs PJM Interconnection
https://www.plantersemc.com/,200,presence 14649 res_dispatch; presence 14649 ci_dispatch
https://www.pmlp.com/246/RESIDENTIAL-PROGRAMS,200,presence 14605 res_dispatch
https://www.pmlp.com/DocumentCenter/View/148/Net-Metering-Policy-PDF,200,programs Peabody Municipal Light Plant; ic_util Peabody Municipal Light Plant
https://www.pmlp.com/DocumentCenter/View/154,200,programs Peabody Municipal Light Plant
https://www.pmlp.com/DocumentCenter/View/334/Rate-EV-C-,200,programs Peabody Municipal Light Plant
https://www.pnm.com/documents/28767612/28775078/1B+Residentail+Service+Time+of+Use+Rate.pdf/c0a2ac21-d395-6d40-e421-7c49383e6dc6?t=1706050347082,200,programs Public Service Co of New Mexico (PNM)
https://www.pnm.com/documents/d/pnm.com/26th-revised-rate-no-2b,200,programs Public Service Co of New Mexico (PNM)
https://www.pnm.com/documents/d/pnm.com/27th-revised-rate-no-1a-1,200,programs Public Service Co of New Mexico (PNM); programs Public Service Co of New Mexico (PNM)
https://www.pnm.com/peaksaver,200,presence 15473 ci_dispatch; programs Public Service Co of New Mexico (PNM)
https://www.pnm.com/rates2,200,presence 15473 res_habit; presence 15473 ci_habit; programs Public Service Co of New Mexico (PNM)
https://www.pnm.com/residential-ev,200,programs Public Service Co of New Mexico (PNM)
https://www.pnmpowersaver.com/,200,presence 15473 res_dispatch
https://www.pnmpowersaver.com/overview/program-rules/,200,programs Public Service Co of New Mexico (PNM)
https://www.polkburnett.com/load-management,200,presence 15344 res_dispatch
https://www.polkburnett.com/peak,200,presence 15344 res_habit
https://www.potomaceconomics.com/wp-content/uploads/2025/12/IMM-Quarterly-Report_Fall-2025_MSC.pdf,200,programs Midcontinent ISO
https://www.potomaceconomics.com/wp-content/uploads/2026/05/NYISO-2025-SOM-Report__5-19-2026-final.pdf,200,programs New York Independent System Operator
https://www.power-eng.com/energy-storage/potomac-edison-gets-ok-for-two-energy-storage-pilots-in-maryland/,403,ic_util Potomac Edison Co (FirstEnergy - Maryland)
https://www.poweradvisoryllc.com/reports/pennsylvania-net-metering-update---utilities-angle-for-hommrich-workaround,200,programs UGI Utilities Inc - Electric Division
https://www.ppi.coop/renewables/,202,programs Prairie Power Inc.
https://www.prairielandelectric.com/rate-schedule-tariffs,200,presence 13799 res_habit; presence 13799 ci_habit
https://www.prairielandelectric.com/sites/default/files/pictures/About%20PLEC/Rate%20Tarriff/2022-new/Index%2012%20INT-22%20INTERRUPTIBLE%20INDUSTRIAL%20SERVICE.pdf,200,presence 13799 ci_dispatch
https://www.preco.coop/energy/cooperative-rewards/,200,presence 14606 res_dispatch
https://www.preco.coop/wp-content/uploads/PRECO-Rate-Book-Final-Eff-2025.pdf,200,presence 14606 res_habit; presence 14606 ci_dispatch
https://www.provo.org/departments/power/customers/rates-and-fees,403,presence 15444 res_habit; presence 15444 ci_habit
https://www.psc.ms.gov/sites/default/files/Documents/Net%20Meeting%20and%20Interconnection%20Rules.pdf,200,ic_state MS
https://www.psc.state.md.us/wp-content/uploads/Energy-Storage-Pilot-Program-Interim-Report.pdf,200,programs Maryland Public Service Commission (statewide pilot - BGE/Pepco/Delmarva)
https://www.pse.com/-/media/Project/PSE/Portal/Rate-documents/Electric/elec_sch_150.pdf,200,programs Puget Sound Energy
https://www.pse.com/-/media/Project/PSE/Portal/Rate-documents/Electric/elec_sch_327.pdf?sc_lang=en,200,programs Puget Sound Energy
https://www.pse.com/en/account-and-billing/time-of-use,200,presence 15500 res_habit
https://www.pse.com/en/account-and-billing/time-of-use/tou-faq,200,programs Puget Sound Energy
https://www.pse.com/en/business-incentives/energy-management-programs/flex-c-i,200,programs Puget Sound Energy
https://www.pse.com/en/business-incentives/energy-management-programs/flex-for-business,200,presence 15500 ci_dispatch; programs Puget Sound Energy
https://www.pse.com/en/pages/rates,200,presence 15500 ci_habit
https://www.pse.com/en/rebates/PSE-flex,200,presence 15500 res_dispatch; programs Puget Sound Energy; programs Puget Sound Energy
https://www.pse.com/en/rebates/PSE-flex/flex-batteries,200,programs Puget Sound Energy
https://www.pse.com/en/rebates/peak-time-savings,200,programs Puget Sound Energy
https://www.psegliny.com/aboutpseglongisland/ratesandtariffs/sgip,200,ic_util Long Island Power Authority / PSEG Long Island
https://www.psegliny.com/en/Newsroom/2025/070226-SmartSavers,200,programs Long Island Power Authority / PSEG Long Island
https://www.psegliny.com/saveenergyandmoney/GreenEnergy/SolarEnergy/EnergyStorageRewards,200,programs Long Island Power Authority / PSEG Long Island
https://www.psegliny.com/saveenergyandmoney/greenenergy/ev/residentialcustomers/chargerrebate,200,programs Long Island Power Authority / PSEG Long Island
https://www.psegliny.com/saveenergyandmoney/greenenergy/peakload/csrp/faq,200,programs Long Island Power Authority / PSEG Long Island
https://www.psegliny.com/saveenergyandmoney/greenenergy/solarenergy/todnetmeter,200,programs Long Island Power Authority / PSEG Long Island
https://www.psegliny.com/timeofday,200,programs Long Island Power Authority / PSEG Long Island; programs Long Island Power Authority / PSEG Long Island
https://www.psoklahoma.com/account/bills/programs/time-of-day,200,presence 15474 res_habit
https://www.psoklahoma.com/lib/docs/ratesandtariffs/Oklahoma/PSOElectricVehicleRateSchedulesFeb2025.pdf,200,programs Public Service Co of Oklahoma (PSO); programs Public Service Co of Oklahoma (PSO); programs Public Service Co of Oklahoma (PSO)
https://www.psoklahoma.com/lib/docs/ratesandtariffs/Oklahoma/PSOOtherApplicableSchedulesJan2026.pdf,200,presence 15474 ci_habit; presence 15474 ci_dispatch; programs Public Service Co of Oklahoma (PSO)
https://www.psoklahoma.com/lib/docs/ratesandtariffs/Oklahoma/PSOResidentialServiceFeb2025.pdf,200,programs Public Service Co of Oklahoma (PSO); programs Public Service Co of Oklahoma (PSO)
https://www.publicpower.org/periodical/article/introducing-time-varying-rates-pacific-northwest,200,presence 59013 res_habit; presence 59013 res_dispatch; presence 17470 ci_habit
https://www.publicpower.org/periodical/article/new-general-manager-jamestown-board-public-utilities-details-open-access-fiber-network-project-flex,200,presence 9645 ci_dispatch
https://www.puc.nh.gov/,403,presence 26510 res_habit
https://www.puc.pa.gov/electric/pdf/dsr/DSRWG_Existing_DSR_Programs_PECO.pdf,200,programs PECO Energy Co
https://www.puc.pa.gov/media/3263/net-metering-interconnection-report-2022-2024-final.pdf,200,ic_util PECO Energy Co; ic_util PPL Electric Utilities Corp; ic_util Metropolitan Edison Co (Met-Ed)
https://www.pud3.org/account-billing/rates-fees/,200,presence 15419 res_habit; presence 15419 ci_habit
https://www.randolphemc.com/TOU,404,presence 15671 res_habit
https://www.ravallielectric.com/member-center/billing-payments/rates/,200,presence 26916 res_habit
https://www.ravallielectric.com/programs/,200,presence 26916 res_dispatch; presence 26916 ci_dispatch
https://www.rayleemc.com/,200,presence 15700 ci_dispatch
https://www.rayleemc.com/customer-service,200,presence 15700 res_dispatch
https://www.rcelectric.org/,200,presence 16461 res_habit
https://www.remc.com/residential/residential-rate-schedule,200,presence 16496 res_habit
https://www.renewwisconsin.org/category/net-metering/,200,ic_util Wisconsin Power & Light Co (Alliant Energy)
https://www.renewwisconsin.org/psc-approves-wppis-bring-your-own-device-demand-response-program/,200,programs WPPI Energy
https://www.renewwisconsin.org/psc-approves-xcel-energys-electric-vehicle-programs/,200,programs Northern States Power Co - Wisconsin (Xcel Energy)
https://www.renewwisconsin.org/the-power-of-partnership/,200,programs Wisconsin Power & Light Co (Alliant Energy)
https://www.revisor.mn.gov/statutes/cite/216B.164,200,ic_state MN
https://www.rge.com/account/understandyourbill/pricing/time-of-use-rates,ERR TimeoutError,programs Rochester Gas & Electric Corp (RG&E)
https://www.rge.com/documents/40137/2123533/CDG+Value+Stack+Procedural+Requiremens+with+Manual+Billing.pdf/cd70208b-63a5-c210-cbbd-dd1914157c52?t=1720637584270,ERR TimeoutError,programs Rochester Gas & Electric Corp (RG&E)
https://www.rge.com/documents/40137/72049582/Final+REVC005+RGE+OptimizEv+Residential+EV+MC+Program+FAQs.7.11.23.pdf/e45fc4b3-fb1f-d4c8-fe1a-e70873891ce0?t=1689098326178,ERR TimeoutError,programs Rochester Gas & Electric Corp (RG&E)
https://www.rge.com/smartenergy/businesssolutions/cidr/commercial-system-relief-program,ERR TimeoutError,programs Rochester Gas & Electric Corp (RG&E)
https://www.rge.com/smartenergy/rebatesandprograms/smartsavingsrewards,ERR TimeoutError,programs Rochester Gas & Electric Corp (RG&E)
https://www.rge.com/smartenergy/understandyourusage/hourly-pricing,ERR TimeoutError,programs Rochester Gas & Electric Corp (RG&E)
https://www.richlandwa.gov/departments/energy-services/electric-rates,403,presence 15979 res_habit
https://www.rienergy.com/site/-/media/rie-jss-app/home/ways-to-save/rebates-and-savings-programs/connectedsolutions/battery-program/RIE_Program-Guide_Battery-Energy-Storage-2025.ashx,200,programs Rhode Island Energy (Narragansett Electric)
https://www.rienergy.com/site/-/media/rie-jss-app/home/ways-to-save/rebates-and-savings-programs/connectedsolutions/thermostat-program/rie_program_guide_byo_thermostat.ashx,200,presence 13206 res_dispatch; presence 13214 res_dispatch; programs Rhode Island Energy (Narragansett Electric)
https://www.rienergy.com/site/ways-to-save/save-money-with-rebates-and-incentives/connectedsolutions/electric-vehicle-demand-response-program,200,programs Rhode Island Energy (Narragansett Electric)
https://www.rienergy.com/site/ways-to-save/save-money-with-rebates-and-incentives/savings-for-your-business/ci-connectedsolutions,200,presence 13214 ci_dispatch
https://www.riogrande.coop/news-releases/time-of-use-rates-begins-may-1-ends-september-30/,200,presence 16057 res_habit; presence 16057 res_dispatch
https://www.riverlandenergy.com/load-management,200,presence 16060 res_dispatch
https://www.rivierautilities.com/electric,200,presence 6491 res_dispatch
https://www.rivierautilities.com/services/rates,200,presence 6491 res_habit; presence 6491 ci_habit; presence 6491 ci_dispatch
https://www.rmld.com/189/Residential-Small-Commercial-Solar-Rebat,200,programs Reading Municipal Light Department; ic_util Reading Municipal Light Department
https://www.rmld.com/198/Shred-the-Peak-Save,200,presence 15748 res_habit; presence 15748 res_dispatch; programs Reading Municipal Light Department
https://www.rmld.com/cpdr,200,programs Reading Municipal Light Department
https://www.rmld.com/home/pages/solar-choice-frequently-asked-questions,404,programs Reading Municipal Light Department
https://www.roanokecooperative.com/clean-energy-solutions/smart-energy-savings/,200,presence 16101 res_dispatch
https://www.roanokecooperative.com/faqs/schedule-d-residential-service-time-of-day/,200,presence 16101 res_habit
https://www.rock.coop/energy-information-services,403,presence 16196 ci_dispatch
https://www.rock.coop/rate-information,200,presence 16196 res_habit
https://www.rockymountainpower.net/content/dam/pcorp/documents/en/rockymountainpower/rates-regulation/wyoming/rates/135_Net_Metering_Service.pdf,200,programs PacifiCorp (Pacific Power OR / Rocky Mountain Power WY-ID-UT)
https://www.rockymountainpower.net/savings-energy-choices/customer-generation/idaho-export-credit.html,200,programs PacifiCorp (Pacific Power OR / Rocky Mountain Power WY-ID-UT)
https://www.rockymountainpower.net/savings-energy-choices/home/cool-keeper.html,200,programs PacifiCorp (Pacific Power OR / Rocky Mountain Power WY-ID-UT)
https://www.rockymountainpower.net/savings-energy-choices/time-of-day.html,200,programs PacifiCorp (Pacific Power OR / Rocky Mountain Power WY-ID-UT); programs PacifiCorp (Pacific Power OR / Rocky Mountain Power WY-ID-UT); programs PacifiCorp (Pacific Power OR / Rocky Mountain Power WY-ID-UT)
https://www.rockymountainpower.net/savings-energy-choices/wattsmart-battery-program.html,200,presence 14354 res_dispatch; programs PacifiCorp (Pacific Power OR / Rocky Mountain Power WY-ID-UT); programs PacifiCorp (Pacific Power OR / Rocky Mountain Power WY-ID-UT)
https://www.rockymountnc.gov/254/Load-Management,200,presence 16226 res_dispatch; presence 16226 ci_dispatch
https://www.rollinghills.coop/2025-rate-study,200,presence 16267 res_habit
https://www.roseville.ca.gov/electric_utility/power_flex/index.php,200,presence 16295 res_dispatch; presence 16295 ci_dispatch
https://www.roseville.ca.gov/electric_utility/rates/index.php,200,presence 16295 res_habit; presence 16295 ci_habit
https://www.roughriderelectric.com/water-heaters,404,presence 55959 res_habit; presence 55959 res_dispatch
https://www.rp-l.com/safety-education/net-metering/,200,programs Richmond Power & Light
https://www.rpu.org/education-environment/distributed-energy-resources-solar.php,404,ic_util Rochester Public Utilities
https://www.rpu.org/my-account/residential-time-of-use-rate-program.php,404,programs Rochester Public Utilities
https://www.rtoinsider.com/104023-miso-summer-capacity-prices-2025-26-auction/,200,programs Midcontinent ISO
https://www.rtoinsider.com/20058-ferc-approves-nyiso-co-located-storage-model/,200,programs New York Independent System Operator
https://www.runestoneelectric.com/energy-wise-programs/heating-cooling/,200,presence 16368 res_habit; presence 16368 res_dispatch
https://www.runestoneelectric.com/my-account/rates,200,presence 16368 ci_dispatch
https://www.rvcny.gov/electric-department/pages/electric-rates,403,presence 16217 res_habit; presence 16217 ci_habit
https://www.sacosage.com/rates,200,presence 16511 res_habit; presence 16511 res_dispatch; presence 16511 ci_habit
https://www.samhouston.net/member-services/energy-charges-service-rates/,ERR URLError,presence 16613 ci_habit
https://www.samhouston.net/purpa/,ERR URLError,presence 16613 res_habit; presence 16613 res_dispatch; presence 16613 ci_dispatch
https://www.sanmarcostx.gov/1434/Electric-Rates,200,presence 28978 res_habit
https://www.santeecooper.com/Rates/_pdfs/Adjustments/DG-25.pdf,200,ic_util Santee Cooper (South Carolina Public Service Authority)
https://www.santeecooper.com/global-news/2026/031026-Santee-Cooper-Announces-Rewards-for-Smart-Thermostat-Customers.aspx,200,presence 17543 res_dispatch
https://www.santeecooper.com/programs-incentives/empowersolar/,200,programs Santee Cooper (South Carolina Public Service Authority)
https://www.santeecooper.com/rates/,200,presence 17543 res_habit
https://www.sbec.org/rate-schedules,200,presence 16638 res_habit; presence 16638 ci_habit
https://www.sce.com/business/rates-financing/rate-plans/critical-peak-pricing,200,programs Southern California Edison Co (SCE)
https://www.sce.com/factsheet/emergency-load-reduction-program,200,programs Southern California Edison Co (SCE)
https://www.sce.com/regulatory/tariff-books/rates-pricing-choices,200,programs Southern California Edison Co (SCE)
https://www.sce.com/residential/demand-response/smart-energy-program,200,programs Southern California Edison Co (SCE)
https://www.sce.com/residential/generating-your-own-power/solar-billing-plan,200,programs Southern California Edison Co (SCE)
https://www.sce.com/save-money/rates-financing/residential-rate-plans/time-of-use-plans,200,programs Southern California Edison Co (SCE); programs Southern California Edison Co (SCE); programs Southern California Edison Co (SCE)
https://www.sce.com/save-money/savings-programs/enroll-in-savings-programs/capacity-bidding-program-elect,200,programs Southern California Edison Co (SCE)
https://www.sce.com/save-money/savings-programs/enroll-in-savings-programs/summer-discount-plan,200,programs Southern California Edison Co (SCE)
https://www.sce.com/save-money/savings-programs/ways-to-save-at-home/what-is-demand-response,200,programs Southern California Edison Co (SCE); programs Southern California Edison Co (SCE)
https://www.sce.com/sites/default/files/custom-files/PDF_Files/ELECTRIC_SCHEDULES_NBT.pdf,200,ic_state CA
https://www.sce.com/sites/default/files/custom-files/PDF_Files/ELECTRIC_SCHEDULES_NEM-ST.pdf,200,ic_util Southern California Edison Co (SCE)
https://www.scec.coop/load-management,200,presence 17868 res_habit; presence 17868 res_dispatch
https://www.sciremc.com/member-services/rates/,200,presence 12929 res_habit
https://www.sdge.com/residential/savings-center/energy-saving-programs/reduce-your-use/demand-response-residential-programs/ELRP,200,programs San Diego Gas & Electric Co (SDG&E)
https://www.sdge.com/residential/savings-center/energy-saving-programs/reduce-your-use/power-saver-program,200,programs San Diego Gas & Electric Co (SDG&E)
https://www.sdge.com/sites/default/files/elec_elec-scheds_al-tou.pdf,200,programs San Diego Gas & Electric Co (SDG&E)
https://www.sdge.com/sites/default/files/regulatory/1-1-26%20Schedule%20TOU-DR1%20Total%20Rates%20Table.pdf,200,programs San Diego Gas & Electric Co (SDG&E)
https://www.sdge.com/sites/default/files/regulatory/8-1-26%20Schedule%20EV-TOU-5%20Total%20Rates%20Table.pdf,200,programs San Diego Gas & Electric Co (SDG&E)
https://www.sdge.com/solar/solar-billing-plan,200,programs San Diego Gas & Electric Co (SDG&E)
https://www.seattle.gov/city-light/business-solutions/business-billing-and-account-information/business-rates,200,presence 16868 ci_dispatch
https://www.seattle.gov/city-light/business-solutions/renewable-energy-services/solar-programs-for-businesses,200,programs Seattle City Light
https://www.seattle.gov/city-light/residential-services/billing-information/rates,200,programs Seattle City Light
https://www.seattle.gov/documents/departments/citylight/residential/tempwisetermsconditions.pdf,404,programs Seattle City Light
https://www.sec.coop/account-services/rates-fees/,200,presence 21244 ci_habit
https://www.sec.coop/energy-services-and-programs/energy-services-programs-savings-programs/,200,presence 21244 res_dispatch; presence 21244 ci_dispatch
https://www.sec.coop/wp-content/uploads/SEC-Schedule-A_-TOU-Stamped.pdf,200,presence 21244 res_habit
https://www.seiremc.com/,200,presence 17599 res_habit
https://www.seminole-electric.com/cooperative-rewards/,200,presence 20885 res_dispatch; presence 3757 res_dispatch; presence 18304 res_dispatch
https://www.sgcityutah.gov/departments/utility_rates.php,200,presence 17874 res_habit; presence 17874 res_dispatch; presence 17874 ci_habit
https://www.siliconvalleypower.com/home/showpublisheddocument/58854/638718507400200000,403,ic_util Silicon Valley Power (City of Santa Clara)
https://www.siliconvalleypower.com/home/showpublisheddocument/58854/639080506621200000,403,programs Silicon Valley Power (City of Santa Clara)
https://www.siliconvalleypower.com/home/showpublisheddocument/6253/639032058815300000,403,programs Silicon Valley Power (City of Santa Clara)
https://www.siliconvalleypower.com/residents/rebates/solar-rebates/battery-storage-rebate-rules,403,programs Silicon Valley Power (City of Santa Clara)
https://www.siouxvalleyenergy.com/load-management,200,presence 17267 res_habit; presence 17267 res_dispatch; presence 17267 ci_dispatch
https://www.sleca.com/member-services/additional-programs/,200,presence 17565 res_dispatch
https://www.sleca.com/member-services/net-metering/,200,programs South Louisiana Electric Cooperative Assn (SLECA)
https://www.slvrec.com/electric-rates-rate-classes,200,presence 16603 res_habit
https://www.smeco.coop/energy-efficiency/residential-programs/smarttemp/,200,programs Southern Maryland Electric Cooperative (SMECO)
https://www.smeco.coop/my-account/general-information/rates-fees/time-of-use-rates/,200,programs Southern Maryland Electric Cooperative (SMECO)
https://www.smeco.coop/services/solar-net-metering/,200,programs Southern Maryland Electric Cooperative (SMECO); ic_util Southern Maryland Electric Cooperative (SMECO)
https://www.smpa.com/time-use-tou-rates,200,presence 16622 res_habit
https://www.smud.org/-/media/Documents/Rate-Information/Rates/01_SSR.ashx,200,ic_util Sacramento Municipal Utility District (SMUD)
https://www.smud.org/Going-Green/Battery-storage/Homeowner,200,programs Sacramento Municipal Utility District (SMUD)
https://www.smud.org/Going-Green/Peak-Corps,200,programs Sacramento Municipal Utility District (SMUD)
https://www.smud.org/Rate-Information/Residential-rates/Time-of-Day-5-8pm-Rate,200,programs Sacramento Municipal Utility District (SMUD)
https://www.smud.org/Rate-Information/Solar-and-Storage-Rate,200,programs Sacramento Municipal Utility District (SMUD)
https://www.snopud.com/account/services/solar-net-metering/,200,programs Snohomish County PUD
https://www.snopud.com/save-energy/residential/flexenergy/,200,programs Snohomish County PUD
https://www.snopud.com/save-energy/residential/flexenergy/flexresponse/,200,presence 17470 res_dispatch; programs Snohomish County PUD
https://www.snopud.com/save-energy/residential/flexenergy/flextime/,200,presence 17470 res_habit; programs Snohomish County PUD
https://www.snopud.com/wp-content/uploads/2023/03/Supplemental_TOD-Sch_final_2025.pdf,200,programs Snohomish County PUD
https://www.socorroelectric.com/sites/default/files/downloads/Rates/AN%2072%20%20-%20Rate%2019%20-%20Load%20Management%20Service%20%206.3.2022.pdf,200,presence 17492 ci_dispatch
https://www.solarholler.com/2025/12/19/final-sprint-absolute-last-call-for-grandfathering-into-full-1-to-1-net-metering-in-aep-wv/,200,ic_util Appalachian Power Co (AEP - West Virginia)
https://www.solarqcgroup.com/solar-incentives/FL/20702/withlacoochee-river-electric-coop-inc-net-metering,200,programs Withlacoochee River Electric Cooperative
https://www.southcentralpower.com/faqs/does-south-central-power-company-use-net-billing-or-net-metering/,200,programs South Central Power Company
https://www.southcentralpower.com/your-account/member-rates/,200,presence 18085 res_habit; presence 18085 ci_habit
https://www.southernpioneer.net/my-account/service/rates/,200,presence 60839 res_habit; presence 60839 ci_habit; presence 60839 ci_dispatch
https://www.southernriversenergy.com/ee,200,presence 10624 res_dispatch
https://www.southernriversenergy.com/load-management,200,presence 10624 ci_dispatch
https://www.southernriversenergy.com/rates-and-fees-commercial,200,presence 10624 ci_habit
https://www.southernriversenergy.com/sites/default/files/pdfs/Residential%20Rate%20Schedule_Revised%202023.pdf,200,presence 10624 res_habit
https://www.spanishfork.gov/living-in-our-community/utility-billing/utility-rates/,200,presence 17732 res_habit; presence 17732 ci_habit
https://www.spec.coop/together-we-save,200,presence 17561 res_dispatch
https://www.spokesman.com/stories/2026/mar/23/why-more-washington-state-utilities-want-to-remote/,200,programs Tacoma Power
https://www.springvilleutah.gov/power/distribution-transmission/,200,presence 17845 res_habit; presence 17845 res_dispatch; presence 17845 ci_habit
https://www.sre.coop/load-management,200,presence 16740 res_habit; presence 16740 res_dispatch
https://www.sremc.com/TOU,200,presence 17572 res_habit
https://www.sremc.com/demand-response,200,presence 17572 ci_dispatch
https://www.srpnet.com/energy-savings-rebates/business/rebates/demand-response,403,presence 16572 ci_dispatch; programs Salt River Project
https://www.srpnet.com/energy-savings-rebates/home/rebates/battery-storage,404,presence 16572 res_dispatch
https://www.srpnet.com/energy-savings-rebates/home/residential-solar/battery-partner,200,programs Salt River Project
https://www.srpnet.com/price-plans/business-electric/time-of-use,200,presence 16572 ci_habit
https://www.srpnet.com/price-plans/residential-electric/solar/compare-solar-plans,200,programs Salt River Project; programs Salt River Project; programs Salt River Project
https://www.srpnet.com/price-plans/residential-electric/solar/renewable-export-program,200,programs Salt River Project
https://www.srpnet.com/price-plans/residential-electric/time-of-use,200,presence 16572 res_habit
https://www.srpnet.com/v3/assets/bltefc1fc708dcc94e7/blt1f5b0eb44368dc55/2025_Ratebook_E-32_with_TCA.pdf,200,programs Salt River Project
https://www.srpnet.com/v3/assets/bltefc1fc708dcc94e7/blte387c22be2e0a2f6/2025-Ratebook-with-Temporary-FPPAM.pdf,200,programs Salt River Project; programs Salt River Project; programs Salt River Project
https://www.startribune.com/xcel-utility-mn-time-of-use/601862144,200,programs Northern States Power Co - Minnesota (Xcel Energy)
https://www.stearnselectric.org/dual-fuel-offers-benefits-to-members-co-op-and-the-grid/,200,presence 18019 res_habit
https://www.stearnselectric.org/we-work-for-you-energy-services/,200,presence 18019 res_dispatch
https://www.subutil.com/conservation/for-your-business/,200,presence 17839 ci_habit; presence 17839 ci_dispatch
https://www.subutil.com/conservation/for-your-home/,200,presence 17839 res_dispatch
https://www.subutil.com/customer-service/rates-policies/electric-rates/,200,presence 17839 res_habit
https://www.sunprairieutilities.com/electric-rates,200,presence 18312 res_habit; presence 18312 ci_habit
https://www.sunprairieutilities.com/interruptible-load-credits,404,presence 18312 ci_dispatch
https://www.sunprairieutilities.com/smart-thermostat-rebate,200,presence 18312 res_dispatch
https://www.sussexrec.com/beat-the-peak,200,presence 40299 res_dispatch
https://www.svec-coop.com/faqs/time-of-use/,200,presence 18360 ci_habit
https://www.svec.coop/energy-solutions/beat-the-peak/,200,programs Shenandoah Valley Electric Cooperative
https://www.svec.coop/energy-solutions/solar-net-metering/residential-net-metering/,200,programs Shenandoah Valley Electric Cooperative; ic_util Shenandoah Valley Electric Cooperative
https://www.swec.org/rate-structure-fees,200,presence 27238 res_habit; presence 27238 ci_habit; presence 27238 ci_dispatch
https://www.swec.org/rebates-audits,200,presence 27238 res_dispatch
https://www.sweci.com/electric-rates,200,presence 17697 res_habit; presence 17697 res_dispatch; presence 17697 ci_habit
https://www.swepco.com/company/about/rates/,200,programs Southwestern Electric Power Co (SWEPCO)
https://www.swepco.com/lib/docs/ratesandtariffs/Louisiana/LA_Tariff_Book_as_of_06-01-26.pdf,404,programs Southwestern Electric Power Co (SWEPCO)
https://www.swlp.com/CustomerService/ElectricRatesExtensionRules,200,programs Superior Water Light & Power Co (ALLETE); programs Superior Water Light & Power Co (ALLETE); programs Superior Water Light & Power Co (ALLETE)
https://www.syemc.com/shift-save,200,presence 18339 res_habit
https://www.talgov.com/Uploads/Public/Documents/you/pv_net_metering_cotu.pdf,200,ic_util City of Tallahassee Utilities
https://www.talgov.com/you/you-account-plans-index,200,presence 18445 res_habit; presence 18445 ci_dispatch
https://www.talgov.com/you/you-customer-helpful-rates,404,programs City of Tallahassee Utilities
https://www.tampaelectric.com/48fbcc/siteassets/files/tariff/tariffSection3.pdf,200,presence 18454 ci_dispatch
https://www.tampaelectric.com/49c914/siteassets/files/tariff/tariffsection8/stndinterconnagmttier2_if.pdf,200,ic_util Tampa Electric Company
https://www.tampaelectric.com/business/billing-options/time-of-day-service/,200,presence 18454 ci_habit; programs Tampa Electric Company
https://www.tampaelectric.com/residential/saveenergy/energyplanner/,200,presence 18454 res_habit; presence 18454 res_dispatch; programs Tampa Electric Company
https://www.tampaelectric.com/solarsolutions/solareducation/incentives/,200,programs Tampa Electric Company
https://www.tcec.coop/,200,presence 19160 res_habit; presence 19160 res_dispatch; presence 19160 ci_habit
https://www.tcectexas.com/sites/default/files/2025-05/rate-schedules-effective-january-2024.pdf,200,presence 19159 res_habit; presence 19159 ci_habit
https://www.tclp.org/demand-response-program/,200,programs Traverse City Light & Power
https://www.tclp.org/der-2/,200,programs Traverse City Light & Power
https://www.tclp.org/distribution-policies/,200,ic_util Traverse City Light & Power
https://www.tclp.org/time-of-use-rates/residential/eco-champion/,200,programs Traverse City Light & Power
https://www.tclp.org/time-of-use-rates/residential/eco-steady/,200,programs Traverse City Light & Power
https://www.tdpud.org/electric-rates,200,presence 19229 res_habit; presence 19229 ci_habit
https://www.teammidwest.com/load-management,200,presence 12377 res_dispatch; presence 12377 ci_dispatch
https://www.teammidwest.com/time-of-use-program,200,presence 12377 res_habit
https://www.tecmi.coop/rates-tariffs,200,presence 18895 res_habit; presence 18895 res_dispatch; presence 18895 ci_habit
https://www.tep.com/demand-tou/,200,programs Tucson Electric Power (TEP)
https://www.tep.com/interruptible-service/,200,presence 24211 ci_dispatch
https://www.tep.com/lgs-tou/,200,presence 24211 ci_habit
https://www.tep.com/rcp/,200,programs Tucson Electric Power (TEP)
https://www.tep.com/smart-rewards/,200,presence 24211 res_dispatch; programs Tucson Electric Power (TEP)
https://www.tep.com/time-of-use/,200,presence 24211 res_habit; programs Tucson Electric Power (TEP)
https://www.thermostatrewards.com/aep-texas-byod/faq/,200,presence 3278 res_dispatch; presence 20404 res_dispatch
https://www.thermostatrewards.com/ameren-il,200,programs Ameren Illinois Company d/b/a Ameren Illinois
https://www.thermostatrewards.com/centerpoint-in/,200,presence 8901 res_dispatch
https://www.thermostatrewards.com/desc/faq/,200,presence 17539 res_dispatch
https://www.thermostatrewards.com/tvalpc/faq/,200,presence 6641 res_dispatch; presence 19007 res_dispatch; presence 2849 res_dispatch
https://www.threenotchemc.com/,200,presence 18499 ci_dispatch
https://www.threenotchemc.com/energy-safety,200,presence 18499 res_dispatch
https://www.threeriverselectric.com/rates,200,presence 16751 res_habit; presence 16751 res_dispatch
https://www.tid.org/customer-service/go-solar/,200,ic_util Turlock Irrigation District (TID)
https://www.tid.org/energysync/,200,programs Turlock Irrigation District (TID)
https://www.tid.org/wp-content/uploads/2024/10/DG-Rate-Tariff-Effective-2025.pdf,200,programs Turlock Irrigation District (TID)
https://www.tidelandemc.com/time-of-use-rates,200,presence 19108 res_habit
https://www.tmlp.com/,200,presence 18488 res_habit; presence 18488 res_dispatch
https://www.tmlp.com/DocumentCenter/View/1166,200,ic_util Taunton Municipal Lighting Plant
https://www.tpud.org/customer-service/rate-schedules/,200,presence 18917 ci_habit
https://www.tpud.org/customer-service/rate-schedules/residential-service/,200,presence 18917 res_habit
https://www.tri-countyemc.com/home-rates,200,presence 18957 res_habit
https://www.troutmanenergyreport.com/2026/09/ferc-approves-changes-to-iso-nes-day-ahead-ancillary-services-market/,200,programs ISO New England Inc.
https://www.tsemc.net/,200,presence 19154 res_habit; presence 19154 res_dispatch; presence 19154 ci_habit
https://www.tva.com/about-tva/tva-rates,403,programs Tennessee Valley Authority
https://www.tva.com/docs/default-source/1-float/dpp_customer_process_flow_finala99b8478-07f0-4731-89ce-f65bb2799261.pdf,403,programs Tennessee Valley Authority
https://www.tva.com/docs/default-source/1-float/dpp_terms_and_conditions2d444866-fc37-4652-b6c9-e4c9be094af4.pdf,403,ic_state TN
https://www.tva.com/energy/valley-renewable-energy/green-connect,403,programs Tennessee Valley Authority
https://www.tvec.net/wp-content/uploads/2026/02/TVEC_Tariff_FINALeff-1.27.26.pdf,200,presence 18976 res_habit; presence 18976 ci_habit
https://www.twincoepa.com/member-services/basic-rates-fees/,200,presence 18961 res_habit; presence 18961 ci_habit
https://www.txreincentives.com/netmetering.php,200,programs AEP Texas Central; programs AEP Texas North; programs ERCOT (statewide)
https://www.udwiremc.com/wp-content/uploads/2022/07/Schedules-R-TOU-R.pdf,200,presence 19667 res_habit
https://www.uesaz.com/demand-tou/,200,presence 19728 ci_habit; programs UniSource Energy Services / UNS Electric
https://www.uesaz.com/efficiency/,200,presence 19728 res_dispatch
https://www.uesaz.com/electric-vehicles/,200,programs UniSource Energy Services / UNS Electric
https://www.uesaz.com/interruptible-service/,200,presence 19728 ci_dispatch; programs UniSource Energy Services / UNS Electric
https://www.uesaz.com/rcp/,200,programs UniSource Energy Services / UNS Electric
https://www.uesaz.com/sgs-demand-tou/,200,programs UniSource Energy Services / UNS Electric
https://www.uinet.com/demand-response-programs,ERR TimeoutError,presence 19497 ci_dispatch
https://www.uinet.com/w/energy-storage-solutions,ERR TimeoutError,presence 19497 res_dispatch
https://www.uinet.com/w/time-of-day-rate-rt,ERR TimeoutError,presence 19497 res_habit; presence 19497 ci_habit; programs United Illuminating Co
https://www.umatillaelectric.com/member-services/rates/,200,presence 19325 ci_habit
https://www.umatillaelectric.com/wp-content/uploads/Rate-Schedule-2025-Schedule-1-FINAL.pdf,200,presence 19325 res_habit
https://www.unitedpower.com/battery,403,programs United Power
https://www.unitedpower.com/residential-rates,200,presence 19499 res_habit; programs United Power; programs United Power
https://www.unitedpower.com/sites/default/files/Documents/Energy%20Programs/UnitedEV/UnitedEV_ProgramGuide_2026.pdf,200,programs United Power
https://www.unitedpower.com/smart-rewards,200,presence 19499 res_dispatch; programs United Power
https://www.unitedpower.com/solar-bill,200,programs United Power
https://www.uppco.com/wp-content/uploads/2025/05/D.-Distributed-Generation-Rider_-DG-_-Apr-29-2025.pdf,404,ic_util Upper Peninsula Power Company (UPPCO)
https://www.uppermichiganenergy.com/rates/umerc-electric-rates.pdf,200,programs Upper Michigan Energy Resources (UMERC); programs Upper Michigan Energy Resources (UMERC)
https://www.utilitydive.com/news/demand-response-california-dram-der-distributed-energy-resources/715987/,200,programs California statewide (CPUC / CEC / GO-Biz administered)
https://www.utilitydive.com/news/how-indiana-michigan-power-helps-ci-customers-bring-their-flexibility-to-m/442891/,200,programs Indiana Michigan Power (AEP); programs Indiana Michigan Power (AEP)
https://www.utilitydive.com/news/tacoma-powers-demand-response-could-support-green-fuels-hydrogen-constraints/597427/,200,presence 18429 ci_dispatch; programs Tacoma Power
https://www.vea.coop/member-services/service-description-rates/commercial/,200,presence 19840 ci_habit
https://www.vea.coop/member-services/service-description-rates/residential/,200,presence 19840 res_habit
https://www.vec.coop/member-services/rates/,200,presence 23586 res_habit; presence 23586 res_dispatch; presence 23586 ci_habit
https://www.vernonelectric.org/dual-fuel,200,presence 19813 res_dispatch
https://www.vernonelectric.org/peak-heatingev-charging,200,presence 19813 res_habit
https://www.versantpower.com/docs/default-source/net-energy-billing/customer-net-energy-billing-agreement-application.pdf,200,ic_util Versant Power
https://www.versantpower.com/energy-solutions/clean-energy/net-energy-billing,200,programs Versant Power
https://www.versantpower.com/energy-solutions/eco-rates,200,programs Versant Power; programs Versant Power; programs Versant Power
https://www.versantpower.com/programs,200,presence 1179 res_dispatch
https://www.versantpower.com/rates/business-rate-schedules,200,presence 1179 ci_habit
https://www.versantpower.com/rates/rates-explained,200,presence 1179 res_habit
https://www.victoriaelectric.coop/content/beat-peak,200,presence 19806 res_dispatch
https://www.victoriaelectric.coop/content/commercial-rates,200,presence 19806 ci_habit
https://www.victoriaelectric.coop/content/residential-rates,200,presence 19806 res_habit
https://www.village.fairport.ny.us/departments/electric_department/energy_conservation.php,200,presence 5930 res_dispatch
https://www.virtuesolar.com/2024/07/05/what-are-dominions-standby-fees/,200,programs Virginia Electric & Power Co (Dominion Energy Virginia)
https://www.virtuesolar.com/2025/09/10/victory-for-virginia-solar-apco-net-metering-preserved/,200,ic_util Appalachian Power Co (AEP - Virginia)
https://www.virtuesolar.com/2026/05/05/net-metering-protected-in-virginia-sccs-final-ruling-on-dominions-nem-2-0/,200,ic_util Virginia Electric & Power Co (Dominion Energy Virginia)
https://www.vvec.com/rates,200,presence 19785 res_habit; presence 19785 ci_habit; presence 19785 ci_dispatch
https://www.vvec.com/rebates,200,presence 19785 res_dispatch
https://www.wadsworthcity.com/990/Thermostat-Rebate,200,programs City of Wadsworth (Wadsworth Electric)
https://www.wallingfordct.gov/government/departments/electric-division/,200,presence 20038 res_dispatch; presence 20038 ci_dispatch
https://www.waltonemc.com/business/electric-service-rate/,200,presence 20065 ci_habit; presence 20065 ci_dispatch
https://www.waltonemc.com/residential/rates/,200,presence 20065 res_habit
https://www.waltonemc.com/residential/rebates/,200,presence 20065 res_dispatch
https://www.waltonemc.com/solar-power-center/rooftop-solar/selling-your-solar-power/,404,programs Walton EMC; ic_util Walton EMC
https://www.washingtonelectric.coop/flexible-load/,200,presence 20151 res_dispatch
https://www.washingtonemc.com/,200,presence 20146 res_dispatch
https://www.washingtonemc.com/member-resources/rate-schedules,200,presence 20146 res_habit; presence 20146 ci_habit
https://www.washingtonnc.gov/departments/customer_care/working_hard_to_keep_your_electric_rates_down.php,200,presence 20142 res_dispatch
https://www.watertownmu.com/wp-content/uploads/WMU_RateSheet_2026.pdf,200,presence 20187 res_habit; presence 20187 ci_habit
https://www.waynewhitecoop.com/energy-solutions/smart-thermostat-program/,200,presence 20222 res_dispatch
https://www.waynewhitecoop.com/your-account/residential-rates/,200,presence 20222 res_habit
https://www.wcec.org/faqs/i-rates-service-information/,200,presence 20927 res_habit; presence 20927 ci_habit
https://www.we-energies.com/olb/25/2025-01-we-customer-generation-rates.pdf,200,programs Wisconsin Electric Power Co (We Energies); ic_util Wisconsin Electric Power Co (We Energies)
https://www.we-energies.com/olb/25/2025-01-we-electric-rates.pdf,200,programs Wisconsin Electric Power Co (We Energies); programs Wisconsin Electric Power Co (We Energies); programs Wisconsin Electric Power Co (We Energies)
https://www.we-energies.com/services/electric-vehicles/ev-business-charger-pilot,200,programs Wisconsin Electric Power Co (We Energies)
https://www.we-energies.com/services/electric-vehicles/ev-charger-pilot,200,programs Wisconsin Electric Power Co (We Energies)
https://www.we-energies.com/services/pdf/customer_owned_generation_dg1.pdf,200,programs Upper Michigan Energy Resources (UMERC)
https://www.we-energies.com/services/smart-thermostat-rewards-program,200,programs Wisconsin Electric Power Co (We Energies)
https://www.we-energies.com/services/time-of-use-wi,200,programs Wisconsin Electric Power Co (We Energies); programs Wisconsin Electric Power Co (We Energies)
https://www.weavegrid.com/dominion-energy/electric-vehicle-telematics-program,200,programs Virginia Electric & Power Co (Dominion Energy Virginia)
https://www.websterec.com/your-co-op/rates/,200,presence 20318 res_habit; presence 20318 ci_habit
https://www.weci.net/sites/default/files/2025-11/general_service_time_of_day.pdf,200,presence 20510 ci_habit
https://www.weci.net/tariffs,200,presence 20510 res_habit
https://www.westerville.org/services/electric/programs/commercial-solar-rebate-program,403,programs City of Westerville (Westerville Electric Division)
https://www.westerville.org/services/electric/programs/community-energy-savings-program,403,programs City of Westerville (Westerville Electric Division)
https://www.westerville.org/services/electric/programs/powerup-residential-ev-off-peak-charging-program,403,programs City of Westerville (Westerville Electric Division)
https://www.westriver.coop/demand-response-program,200,presence 20401 res_dispatch
https://www.wgeld.org/form-pages/battery-storage-rebate/,200,presence 20481 res_dispatch
https://www.wgeld.org/pages/commercial/rates/commercial-rates/,200,presence 20481 ci_habit
https://www.wgeld.org/pages/commercial/ways-to-save/,200,presence 20481 ci_dispatch
https://www.wgeld.org/pages/residential/rates/residential-rates/,200,presence 20481 res_habit
https://www.whe.org/demand-management,200,presence 20996 res_habit; presence 20996 res_dispatch
https://www.wildriceelectric.com/money-saving-programs/load-management,200,presence 20639 res_dispatch
https://www.wildriceelectric.com/money-saving-programs/off-peak-heating-program,200,presence 20639 res_habit
https://www.wilsonnc.org/residents/all-departments/wilson-energy/electric/electric-rates,403,presence 20785 ci_dispatch
https://www.wisconsinpublicservice.com/company/wi_tariffs/CPI2.pdf,200,programs Wisconsin Public Service Corp (WPS)
https://www.wisconsinpublicservice.com/company/wi_tariffs/PG-2C.pdf,200,programs Wisconsin Public Service Corp (WPS)
https://www.wisconsinpublicservice.com/company/wi_tariffs/rg5otou.pdf,200,programs Wisconsin Public Service Corp (WPS)
https://www.wisconsinpublicservice.com/services/electric-vehicles/ev-charger-pilot,200,programs Wisconsin Public Service Corp (WPS); programs Wisconsin Public Service Corp (WPS)
https://www.wiseec.com/energy-services/rebates-savings/,200,presence 20948 res_dispatch
https://www.woodruffelectric.coop/member-services/payment-billing/,200,presence 20963 res_dispatch
https://www.wrwwlc.com/pdf/Rate_Brochure_9-1-24.pdf,200,presence 20862 res_habit; presence 20862 ci_habit
https://www.wvpa.com/power-supply-diversity/distributed-generation/,200,programs Wabash Valley Power Alliance
https://www.wvpa.com/summer-enrollment/,200,presence 9999 res_dispatch; presence 10448 res_dispatch; presence 59505 res_dispatch
https://www.wwvremc.com/rates/,200,presence 20216 res_habit
https://www.wyan.org/DocumentCenter/View/563/Electric-Rates-Effective-October-1-2025-PDF,404,presence 21048 res_habit; presence 21048 res_dispatch; presence 21048 ci_habit
https://www.xcelenergy.com/company/rates_and_regulations/rates/colorado_residential_time_of_use_rate,200,presence 15466 res_habit
https://www.xcelenergy.com/company/rates_and_regulations/tou_rate_study,200,presence 17718 res_habit; presence 17718 ci_habit; programs Southwestern Public Service Co. (Xcel Energy)
https://www.xcelenergy.com/staticfiles/xe-responsive/Admin/Managed%20Documents%20&%20PDFs/CO-Business-ISOC-Information-Sheet.pdf,200,programs Xcel Energy Colorado (Public Service Co of Colorado)
https://www.xcelenergy.com/staticfiles/xe-responsive/Business%20Programs%20&%20Rebates/EV%20CO%20CPP%20Info%20Sheet_P3.pdf,200,programs Xcel Energy Colorado (Public Service Co of Colorado)
https://www.xcelenergy.com/staticfiles/xe-responsive/Company/Rates%20&%20Regulations/CO-Business-Rates-Brochure.pdf,200,programs Xcel Energy Colorado (Public Service Co of Colorado); programs Xcel Energy Colorado (Public Service Co of Colorado); programs Xcel Energy Colorado (Public Service Co of Colorado)
https://www.xcelenergy.com/staticfiles/xe-responsive/Company/Rates%20&%20Regulations/Regulatory%20Filings/CO-DSM/Residential%20Demand%20Response.pdf,200,programs Northern States Power Co - Minnesota (Xcel Energy)
https://www.xcelenergy.com/staticfiles/xe-responsive/Programs%20and%20Rebates/Residential/CO-Solar-Rewards-FAQ.pdf,200,programs Xcel Energy Colorado (Public Service Co of Colorado)
https://www.xcelenergy.com/staticfiles/xe-responsive/Working%20With%20Us/MN-Electric-Energy-Storage-Interconnection-Guidelines.pdf,200,ic_util Northern States Power Co - Minnesota (Xcel Energy)
https://www.xcelenergy.com/staticfiles/xe-responsive/Working%20With%20Us/Renewable%20Developers/WI%20Parallel%20Generation%20Tariff%20Info%20Sheet%202024_FINAL.pdf,200,programs Northern States Power Co - Wisconsin (Xcel Energy); programs Northern States Power Co - Wisconsin (Xcel Energy); programs Northern States Power Co - Wisconsin (Xcel Energy)
https://www.xcelenergy.com/staticfiles/xe/Marketing/Files/MN-Business-Program-Summary.pdf,200,programs Northern States Power Co - Minnesota (Xcel Energy); programs Northern States Power Co - Minnesota (Xcel Energy); programs Northern States Power Co - Minnesota (Xcel Energy)
https://www.xcelenergy.com/staticfiles/xe/Marketing/Files/MN-Res-SR-Meter-Billing-Guide.pdf,200,programs Northern States Power Co - Minnesota (Xcel Energy)
https://www.xcelenergy.com/staticfiles/xe/PDF/Marketing/MN-ND-SD-Bus-Savers-Switch-Info-Sheet.pdf,200,programs Northern States Power Co - Minnesota (Xcel Energy); programs Northern States Power Co - North Dakota (Xcel Energy); programs Northern States Power Co - South Dakota (Xcel Energy)
https://www.yazoovalley.com/index.php/your-bill/,200,presence 21114 res_habit
https://www.yvea.com/2026-rate-structure-change/,200,presence 21081 res_habit; presence 21081 ci_habit
https://www.yvea.com/yvea-smart-plug-program/,200,presence 21081 res_dispatch
https://www.yvec.com/your-account/electrical-rates/,200,presence 20997 res_habit; presence 20997 ci_habit
