state,jurisdiction_body,rule_citation,applies_to,nem_status,nem_successor,nem_cap_res_kw,nem_cap_nonres_kw,nem_aggregate_cap,nem_sizing_rule,export_credit_basis,export_credit_value,credit_rollover,annual_true_up,ic_standard,ic_fast_track_kw,ic_simplified_kw,ic_application_fee,ic_study_trigger_kw,external_disconnect,insurance_required,ic_timeline_days,storage_allowed,grid_charging_allowed,non_export_option,storage_counts_toward_cap,standby_charge,standby_threshold_kw,source_url,last_verified,confidence
MN,Minnesota Public Utilities Commission,"Minn. Stat. 216B.164; Minn. Rules ch. 7835 (7835.4013-4015); MN Distributed Interconnection Process (MN DIP) and Technical Interconnection and Interoperability Requirements (TIIR), Docket E999/CI-16-521",All utilities (IOU + co-op + muni; compensation mechanics differ by ownership type),Full retail NEM,No mandatory statewide successor for rooftop NEM; Xcel Value of Solar (VOS) tariff is optional alternative for Xcel residential/small customers and became mandatory for new Xcel community solar garden (CSG) subscribers under a phased ARR-to-VOS transition effective April 1 2025 (Docket E002/M-21-694),40,1000,No statewide aggregate cap,<=120% of prior 12-month (or projected) on-site consumption combined with any community solar garden subscription (Minn. Stat. 216B.164 Subd.4c; 216B.1641),"1:1 retail (Average Retail Utility Energy Rate, systems <40 kW AC); avoided-cost/simultaneous purchase-and-sale rate or time-of-day rate for 40kW-1MW; value-of-DER stack (VOS) optional for Xcel, mandatory for new Xcel CSG subscribers","Average Retail Utility Energy Rate set annually per utility, varies by utility (statewide average roughly $0.12-0.14/kWh); Xcel VOS approx. $0.1909/kWh for CSG subscribers as filed 2025, stepping down for C&I subscribers (~$0.13/kWh 2025, ~$0.12/kWh 2026)",Monthly netting under 40kW; annual banking option for 40kW-1MW systems,Excess annual banked credits for public-utility customers cashed out at avoided cost; co-op/muni excess credits canceled with no payment (Minn. Stat. 216B.164 Subd.3a and Subd.3(f)),"IEEE 1547-2018 + UL 1741-SA/SB (Minnesota was first state to adopt IEEE 1547-2018 statewide via TIIR, Commission order Jan 22 2020; docket E999/CI-16-521 remains open for Phase II refinements)",20,500,Simplified process: $100 + $1/kWac; Study process: $1000 + $2/kWac; statewide $30 surcharge added to all applications,500,Utility discretion (typically required for larger/study-track systems; often waived for UL1741-SB inverter-based systems under simplified process — confirm per utility),Not specified in statewide rule; utility-specific in interconnection agreement,ic_timeline_days not specified as single statewide statutory number in sources reviewed; MN DIP sets tiered review deadlines by track (see MN DIP document),Yes-with-conditions,Unclear,Yes — defined non-export operating mode exists (MN DIP Exhibit B for Energy Storage; Xcel Energy MN Electric Energy Storage Interconnection Guidelines) using control-system settings and bi-directional metering to enforce zero export,Yes (storage nameplate/inverter capacity at point of interconnection generally counts toward system size for NEM/DIP purposes; confirm per utility tariff),Not specified in statewide statute; co-op/muni may impose DG fixed-cost recovery fee (Minn. Stat. 216B.164 Subd.3(a)); public utilities barred from DG-specific fixed fees beyond standard retail fixed charges,Not specified,https://www.revisor.mn.gov/statutes/cite/216B.164,2026-08-09,Medium
WI,Public Service Commission of Wisconsin (PSCW),Wis. Admin. Code PSC 119 (interconnection); no statewide net metering statute — parallel generation buyback rates set utility-by-utility via individual tariff dockets,IOU + co-op + muni (PSC 119 interconnection technical rules apply to all DG facilities <=15 MW seeking interconnection to a utility distribution system; buyback/compensation tariffs are NOT statewide and are set per-utility),No statewide rule,No formal statewide NEM successor; each utility runs its own parallel-generation buyback tariff. PSC reopened a statewide Net Energy Metering investigation (2023-2025) and commissioned a Value of Solar Study (VOSS) literature review with Berkeley Lab/national labs; as of the Sept 2024 open meeting the Commission had taken no policy action and was awaiting the VOSS literature review — docket remains open and outcome could reset buyback rates statewide within the next 1-2 years,20,20,No statewide aggregate cap (varies by utility tariff),Not standardized statewide; individual utility tariffs may impose sizing limits tied to historical usage,"Buy-all-sell-all / avoided-cost buyback rate for excess above NEM threshold, set per-utility tariff (not 1:1 retail beyond the NEM threshold in most IOU territories)",Varies sharply by utility — e.g. We Energies buyback ~$0.0317/kWh (2026); WPS/WPL retail-rate net metering up to 20 kW; see FILE 2 utility rows for utility-specific figures,Varies by utility tariff,Varies by utility tariff,IEEE 1547-2018 + IEEE 1547.1-2020 incorporated by reference into PSC 119 (effective per PSC 119 rule revision),20,20,Not standardized statewide; varies by utility,Not standardized statewide; varies by utility (larger/complex projects trigger supplemental review under PSC 119),Utility discretion,Not specified in statewide rule,Not specified as single statewide statutory number; PSC 119 sets tiered review timelines by DG category,Yes-with-conditions,Unclear (varies by utility; grid-charging treatment is not addressed uniformly in PSC 119 and is a live issue in the NEM/VOSS docket),"Yes — PSC 119 defines a non-exporting Category 1 pathway for co-located storage no larger than 20 kW paired with a non-exporting DG resource no larger than 20 kW, which qualifies for simplified/expedited review",Yes for exporting configurations (storage nameplate counts toward DG facility capacity category under PSC 119); non-exporting storage handled separately under Category 1,Not specified in statewide rule; some utilities (e.g. We Energies) assess a Generation Customer Charge (~$0.059/day) on DG customers — utility-specific,Not specified statewide,https://docs.legis.wisconsin.gov/code/admin_code/psc/119,2026-08-09,Medium
IA,Iowa Utilities Commission (formerly Iowa Utilities Board),"Iowa Code 476.49 (SF 583, enacted 2020); 199 IAC Chapter 45 (interconnection technical standards)",IOU only for the codified SF 583 inflow-outflow regime (applies to rate-regulated utilities i.e. MidAmerican and Alliant/Interstate Power and Light); municipal utilities and rural electric cooperatives are exempt from IUC rate/NEM jurisdiction and set their own net metering/DG policies,Net billing,"SF 583 (2020) replaced true net metering with an inflow/outflow billing structure for new DG customers starting July 1 2020; MidAmerican tariff effective Nov 24 2020, Alliant/IPL tariff effective Dec 30 2020. Outflow rate initially set equal to the retail (inflow) rate but is scheduled to transition toward a value-of-solar-informed rate once the 5% statewide penetration trigger is reached or by 2027, whichever first — a Value of Solar study/proceeding is the anticipated successor mechanism and is not yet finalized as of last verification",1000,1000,5% of each utility's statewide peak electric demand (statutory trigger for VOS proceeding; current subscription level not confirmed in sources reviewed),<=110% of customer's annual electricity usage,"1:1 retail equivalent under inflow-outflow (outflow credited at same rate as inflow/retail rate, i.e. functionally 1:1 at present)",Outflow rate = retail rate as of 2020 tariffs (MidAmerican eff. 11/24/2020; Alliant/IPL eff. 12/30/2020); scheduled to move toward value-of-solar basis post-trigger — confirm current cents/kWh in utility tariff,Monthly billing under inflow-outflow (kWh-for-kWh at time of use within billing period; no long-term banking under strict inflow-outflow design — confirm),Monthly per SF 583 inflow-outflow structure; no annual true-up mechanism identified in sources reviewed,"IEEE 1547-2018 (incorporated into 199 IAC 45.3, effective per rule dated April 6 2018 edition; rule revision effective 7/16/2025 per Iowa Admin Code updates)",NEM/interconnection uses tiered Levels 1-4 application process (Level 1 = smallest/fastest per 199 IAC 45); exact kW threshold for Level 1 not confirmed in sources reviewed,Not confirmed in sources reviewed for Level 2/3 thresholds,Not confirmed in sources reviewed,Not confirmed in sources reviewed (Level 3/4 studies triggered for larger/more complex systems per 199 IAC 45),Utility discretion,Not specified in statewide rule,Not confirmed in sources reviewed (tiered by Level under 199 IAC 45),Yes-with-conditions,Unclear,Unclear — non-export pathway not confirmed in sources reviewed for 199 IAC Chapter 45; recommend direct rule review,Unclear — not confirmed whether storage nameplate counts toward the 1 MW AC / 110%-of-usage sizing cap,Not specified in statewide rule,Not specified,https://www.legis.iowa.gov/docs/aco/arc/8859B.pdf,2026-08-09,Medium
ND,North Dakota Public Service Commission,N.D. Admin. Code (net metering rule adopted 1991); no statewide interconnection procedures rule (confirmed by Freeing the Grid / IREC-Vote Solar 2026 scorecard: ND has not adopted statewide interconnection procedures),IOU only (net metering rule applies only to investor-owned utility customers; municipal utilities and rural electric cooperatives are NOT covered and set their own policies at their discretion),No statewide rule,"No formal statewide interconnection procedure exists; net-excess-generation purchase rule dates to 1991 and is thin — avoided-cost buyback only, not retail net metering. No successor tariff or active docket identified in sources reviewed",100,100,No statewide aggregate cap identified,Not specified in sources reviewed,avoided cost,Not specified statewide; avoided cost is utility-specific and not published centrally,Monthly (net excess generation settled monthly at avoided cost per source reviewed),Not specified in sources reviewed,Not specified — no statewide interconnection technical standard identified; utilities individually reference IEEE 1547 in their own tariffs,Not specified in sources reviewed,Not specified in sources reviewed,Not specified in sources reviewed,Not specified in sources reviewed,Utility discretion,Not specified in sources reviewed,Not specified in sources reviewed,Unclear,Unclear,No statewide rule — utility discretion; no defined statewide non-export pathway identified,Unclear,Not specified in sources reviewed,Not specified in sources reviewed,https://freeingthegrid.org/north-dakota/,2026-08-09,Medium
SD,South Dakota Public Utilities Commission,"S.D. Codified Laws 49-34A (utility service territory law); no statewide net metering statute or rule — PUC regulates small generator interconnection practice and mandates utilities purchase excess generation at avoided cost, but has explicitly declined to adopt net metering",IOU only for PUC-regulated interconnection/purchase obligation (municipal utilities and rural electric cooperatives largely outside PUC rate jurisdiction and set their own terms),No statewide rule,"No statewide rule — no successor because there was never a net metering program to succeed. PUC has published an explicit rationale (Compensation FAQ page) for why net metering has not been adopted; avoided-cost purchase obligation is the sole statewide mechanism, confirmed current as of Oct 10 2024 PUC Solar Energy FAQ",Not applicable — no NEM program,Not applicable — no NEM program,Not applicable,Not applicable,avoided cost,Avoided-cost rates are utility-specific and filed with/approved by the PUC for IOUs (publicly viewable at puc.sd.gov/energy/rrrates.aspx); no single statewide cents/kWh figure,Not specified — no banking/rollover mechanism under avoided-cost purchase,Not specified in sources reviewed,Not specified — no statewide interconnection technical standard identified in sources reviewed; utilities individually reference IEEE 1547 in their own interconnection agreements,Not specified in sources reviewed,Not specified in sources reviewed,Not specified in sources reviewed,Not specified in sources reviewed,Utility discretion,Not specified in sources reviewed,Not specified in sources reviewed,Unclear,Unclear,No statewide rule — utility discretion; no defined statewide non-export pathway identified,Unclear,Not specified in sources reviewed,Not specified in sources reviewed,https://puc.sd.gov/Publications/solarfaq.aspx,2026-08-09,Medium
MI,Michigan Public Service Commission,"MCL 460.1173; PA 341/342 of 2016; PA 235 of 2023; Mich. Admin. Code R 460.901a-1026 (MIXDG rules, eff. 4/25/2023)",IOU + AES (member co-ops exempt but many voluntarily participate),Net billing,"Distributed Generation (DG) program under PA 341/342 replaced net metering for all new customers starting 2016-2019 (utility-specific transition dates); billed via separate inflow/outflow metering rather than net kWh. Legacy NEM customers grandfathered for 10 years from enrollment date, with storage additions permitted without loss of grandfathering per R 460.920(5)(m) if not a 'material modification'.",550,550,"10% of utility's average in-state peak load over preceding 5 years (raised from 1% by PA 235 of 2023, eff. 2023); allocated not less than 5% for <=20kW projects and not more than 5% for >20-550kW projects",<=110% of customer's average annual electricity consumption (raised from 100% by PA 235),unbundled generation rate (LMP-based for DTE; utility-specific avoided-cost/power-supply component for others),"DTE Electric: outflow credited at monthly average real-time LMP at DTE load nodes, power-supply/PSCR component only, not delivery; Consumers Energy and other utility rates vary by tariff rider - see utility file",monthly netting of inflow/outflow (not indefinite rollover),Excess outflow credited monthly at outflow rate; no annual banking of kWh as under retail NEM since inflow and outflow are billed as separate line items each month,IEEE 1547-2018 + UL 1741-SB (MIXDG rules eff. 4/25/2023; supersedes prior IEEE 1547-2003/UL1741-SA under rescinded net metering rules),20,150,$300 pre-application report cap; fast track initial review $100+$1/kWac (certified) or $100+$2/kWac (non-certified); fast track supplemental review cap $1000; non-export track $100+$1-2/kWac; legacy NEM/DG program app fee combined with fast-track fees capped at $50 total (R 460.926),150,Utility discretion (not explicitly mandated statewide in MIXDG rules; determined by utility interconnection procedures per R 460.920),Not specified in state rule; utility-specific,"Level 1/2/3 use statewide standard agreement; commission order deadlines are 360 days for utility to file procedures, per-application timelines set in utility-approved procedures (R 460.920)",Yes-with-conditions,Yes,"Yes - explicit rule-based non-export/limited-export path via R 460.980: reverse power relay (0.1% export default), under-power relay, small-DER-vs-load exemption (<=50% of min host load), reduced output setting, or NRTL-certified power control system with 2-second trip on inadvertent export >30s",Unclear - not explicitly addressed in DG program rules reviewed; battery kW is not separately capped from PV kW under the 550kW system cap,Not identified in rules reviewed for residential/small C&I; utilities may petition for utility-specific standby/facility charges via general rate case,Not specified,https://www.law.cornell.edu/regulations/michigan/Mich-Admin-Code-R-460-920,2026-08-09,Medium
IN,Indiana Utility Regulatory Commission,"IC 8-1-40 (SEA 309, 2017); 170 IAC 4-4.3 (Customer-Generator Interconnection Standards)",IOU only (municipal and REMC/cooperative utilities largely exempt and set own rules),Closed to new,"SEA 309 (2017, IC 8-1-40) closed 1:1 retail-rate net metering to new customers effective for IOU customers who did not enroll by a utility-specific 2017-2022 cutoff (approx. mid-2022 for most IOUs, per 30-month transition after 2018 enactment cutoff). Successor is the Excess Distributed Generation (EDG) tariff: excess (outflow) energy credited at 125% of the utility's prior-calendar-year average marginal/wholesale price of energy (IC 8-1-40-17), typically ~3-5 cents/kWh vs 14-17 cents/kWh retail. Grandfathering: systems installed/enrolled before 2018 retain full 1:1 net metering until July 1, 2047; systems enrolled between 2018 and the utility's net-metering closure date (the '2022 cohort') retain full net metering until July 1, 2032. After the respective sunset date, grandfathered customers move to the EDG rate.",1000,1000,Not specified as a statewide numeric aggregate cap under SEA 309 (unlike MI's 10% cap structure) - EDG is open-ended/uncapped by kW as a matter of state law; utility-specific queue/study limits may apply,Generator nameplate capacity limited to the lesser of 1 MW or customer's average annual electricity consumption at the premises,avoided cost,"125% of the utility's average marginal/wholesale energy price for the prior calendar year (IC 8-1-40-17); e.g. AES Indiana 3.9350 cents/kWh effective 7/1/2024, updated annually via March 1 compliance filing - see utility file for other IOUs",indefinite (EDG credit balance carries forward indefinitely while customer remains on the rider; forfeited to FAC upon account closure),No fixed annual true-up date under EDG; credit accumulates indefinitely as a running balance offsetting future bills down to the minimum charge,IEEE 1547 (referenced generally; UL 1741 as certification basis - 2018 edition transition referenced in pending 170 IAC 4-4.3 rule revisions not yet confirmed finalized),10,10,Not specified as a statewide fixed fee schedule in rule text reviewed - utility-specific,Above Level 1 threshold (>10kW triggers Level 2/3 review),Utility discretion (not a blanket statewide requirement identified in 170 IAC 4-4.3 sections reviewed),"Liability insurance required per 170 IAC 4-4.3-10 for customer-owned generator equipment, maintained continuously while interconnected",Level 1: 10 business days to confirm completeness + 15 business days to approve/deny (statutory deadlines in 170 IAC 4-4.3-6); Level 2/3 timelines longer and utility-procedure-specific,Yes-with-conditions,Unclear,Not addressed as a defined statewide non-export path in 170 IAC 4-4.3 sections reviewed; utility-specific treatment likely required for storage-paired systems - see gaps file,Unclear - EDG eligibility is based on generator nameplate capacity vs. average annual consumption; whether battery kW is included in 'generator nameplate capacity' not confirmed in statute text reviewed,Not identified in rule/statute text reviewed,Not specified,https://www.law.cornell.edu/regulations/indiana/170-IAC-4-4.3-6,2026-08-09,Medium
OH,Public Utilities Commission of Ohio (PUCO),"OAC 4901:1-10-28 (net metering); OAC 4901:1-22 (interconnection services); ORC 4928.01(A)(30)-(31), 4928.67",IOU only (municipal and cooperative/REMC utilities exempt from PUCO net metering and interconnection rules; set own policies),Net billing,"Ohio never adopted a EDG/DG-successor program like MI or IN - net metering remains the statewide framework, but excess generation is credited only at the energy-only ('unbundled generation') component of the utility's Standard Service Offer (SSO) rather than the full bundled retail rate, which includes T&D, capacity, and riders. This produces retail-NEM-like mechanics (single bidirectional meter, monthly netting) but avoided-cost-like economics, since the SSO energy component excludes delivery charges.",,,Not specified as a numeric statewide aggregate cap in OAC 4901:1-10-28 (no MI/IN-style program-wide kW or % cap identified),<=120% of customer-generator's average annual electricity requirement (based on prior 3 years of utility-supplied electricity where available),unbundled generation rate,Energy-only component of the electric utility's Standard Service Offer (SSO); exact cents/kWh varies by utility and SSO auction cycle - see utility file for current per-utility SSO generation rates,indefinite (continuously carries forward as a monetary credit on future bills; utility is not required to cash out - credit may be lost if customer stops taking service or doesn't use it),No mandatory annual cash-out/true-up identified in rule text - credit carries forward indefinitely rather than being zeroed out annually,"IEEE 1547 (per OAC 4901:1-22-03 Technical Interconnection and Interoperability Requirements, TIIR) + UL 1741",25,25,"$300 non-refundable pre-application report fee (optional, 14-day turnaround); Level 1 application fee capped at $50 and may be waived","25 (above Level 1 export capacity threshold of 25kW; Level 2 covers roughly 10kW-2MW per secondary sources, Level 3 detailed study for larger/complex projects)",Utility discretion (not identified as a blanket statewide mandate in rule text reviewed for Level 1),Not identified as a statewide net-metering/interconnection requirement in rule text reviewed,"Level 1: EDU must confirm completeness within 14 calendar days, then complete review and notify applicant within 21 calendar days (30 days for hybrid facilities) of complete application; interconnection agreement issued within 10 days of approval. Level 2/3: EDU has 21 calendar days to confirm application completeness; longer study timelines apply.",Yes-with-conditions,Unclear,"Hybrid/DER facilities (which include storage) are explicitly recognized in Level 1 review with a longer 30-day (vs 21-day) review timeframe, indicating storage-paired systems are accommodated but not fast-tracked identically to PV-only; a defined relay/control-based non-export interconnection path was not confirmed in the sections of OAC 4901:1-22 reviewed - see gaps file","Unclear - the 120% sizing rule is based on customer electricity requirements, not generator/storage nameplate; whether battery kW counts toward the 120% figure not confirmed in rule text reviewed",Not identified in rule text reviewed,Not specified,https://codes.ohio.gov/ohio-administrative-code/rule-4901:1-22-06,2026-08-09,High
KY,Kentucky Public Service Commission,"SB 100 (2019), eff. 1/1/2020; KRS 278.465-278.467; PSC Administrative Case No. 2019-00256 (methodology); Interconnection and Net Metering Guidelines (PSC Order, Admin. Case 2008-00169, as updated)","IOU only (municipal utilities and rural electric cooperatives largely self-regulated/exempt from PSC net metering rate-setting, though many voluntarily follow similar interconnection practices)",Net billing,"SB 100 (2019) ended 1:1 retail-rate net metering for new customers effective 1/1/2020, replacing it with utility-specific PSC-approved compensation rates (each utility files its own 'NMS-2' or 'NM II' tariff based on an avoided-cost methodology - avoided energy, ancillary services, generation capacity, transmission capacity, distribution capacity, carbon/environmental compliance costs, and a jobs-benefit adder). SB 100 also raised the eligible system size cap from 30kW to 45kW. Customers already net metering (or grandfathered legacy tariff, 'NMS-1'/'NM I') as of the utility's transition date retain full 1:1 retail-rate net metering for 25 years from their enrollment date.",45,45,Not specified as a statewide numeric aggregate cap - SB 100 did not impose a program-wide MW/% cap; compensation rate (not enrollment volume) is the primary constraint,Not specified as a uniform statewide % in statute reviewed - sizing generally tied to customer's own load (utility-specific),avoided cost,"Utility-specific PSC-approved 'NMS-2'/'NM II' rate, e.g. LG&E 6.924 cents/kWh and KU 7.366 cents/kWh (eff. for systems in service on/after 9/25/2021); Duke Energy Kentucky NM II 6.2924 cents/kWh residential / 6.3255 cents/kWh non-residential (eff. 1/1/2025) - see utility file for full detail",Not specified as indefinite/monthly/annual expiry in a single uniform statewide rule - varies by utility-specific NMS-2 tariff,Not specified uniformly - utility-specific tariff term,"IEEE 1547 (latest revision) + IEEE 1547.1 + UL 1741, per PSC Interconnection and Net Metering Guidelines",30,30,Not specified as a statewide fixed fee schedule in guidelines reviewed - utility-specific,Above Level 1 threshold (>30kW),Not identified as a blanket statewide requirement in guidelines reviewed - utility discretion,Not identified as a blanket statewide requirement in guidelines reviewed,Not specified as fixed statutory days in sources reviewed - governed by PSC Interconnection and Net Metering Guidelines and utility-specific procedures,Yes-with-conditions,Unclear,Not identified as a defined statewide non-export/limited-export interconnection path in guidelines reviewed - see gaps file,Unclear - not confirmed whether battery kW counts toward the 45kW SB 100 system-size cap,Not identified in guidelines reviewed,Not specified,https://psc.ky.gov/agencies/psc/press/092021/0924_r01.pdf,2026-08-09,Medium
IL,Illinois Commerce Commission (ICC),83 Ill. Adm. Code 466 (interconnection); 83 Ill. Adm. Code 465 (net metering); 220 ILCS 5/16-107.5 as amended by CEJA (PA 102-0662),IOU only (municipal utilities and electric cooperatives are exempt from ICC net metering/interconnection rules and set their own -- see CWLP delta row),Net billing,"Supply-only net metering (""Rider NM""): excess generation credited at the electricity supply/generation rate only, delivery/transmission charges excluded, effective for systems completing interconnection documentation on/after 1/1/2025 per CEJA. Systems fully installed, inspected, and interconnected with all paperwork received by the utility by 5:00pm CPT 12/31/2024 are grandfathered onto full-retail NEM for the life of the system (forfeited permanently if customer later accepts the DG/Smart Inverter Rebate).",2000,2000,"5% of the utility's prior-calendar-year peak demand (raised from 1% by CEJA); ComEd territory reported near/at cap in some feeder areas as of 2024-2025 dockets -- check current Illinois Shines/ICC capacity dashboards for live subscription level, not independently confirmed here","Not independently verified in a hard sizing cap beyond the 2,000 kW (2 MW AC) eligibility ceiling in 220 ILCS 5/16-107.5","1:1 retail (legacy, grandfathered only); supply-rate-only net billing (new, post-1/1/2025)","Legacy 1:1 retail rate varies by utility rate class; new net billing credited at ComEd/Ameren electricity supply charge (cents/kWh), which floats with PJM/MISO wholesale costs -- no single statewide value published",Monthly netting with indefinite rollover of kWh credits under Rider NM; cash-out treatment for retail supplier switches not fully verified,Annual true-up practice varies by utility tariff (Rider NM); not fully verified from primary source for this pass,IEEE 1547 (rule text cites IEEE 1547; ICC dockets and IREC's adoption tracker indicate a transition toward IEEE 1547-2018 / UL 1741-SB requirements -- exact effective date of mandatory 2018/SA-to-SB cutover not independently confirmed in this pass; flag as mid-transition),25,,"$50 (Level 1, lab-certified inverter-based facility <=25kW per EDC Level 1 application form); Level 2-4 fees not independently confirmed",Screens/study thresholds begin above Level 1 (25kW); Level 3/4 full study triggers not independently confirmed with a specific kW number in this pass,Waived for Level 1 lab-certified inverter-based facilities per standard application form; requirement for larger Levels not independently confirmed,"General liability (e.g., homeowner's) insurance required; EDC named as additional insured where possible, per Level 1 standard agreement terms",Not independently confirmed (statutory timeline exists in 83 Ill. Adm. Code 466 but exact day-counts by level not verified this pass),Yes-with-conditions,Yes-but-not-credited,"Yes -- Level 1-4 application forms include explicit Limited Export and Non-Export control fields (reverse power protection, minimum power protection, directional power protection, or export-capacity-value relay control)","Not independently confirmed whether battery kW/kWh counts toward the 2,000 kW system cap or the 5% aggregate cap",Not independently confirmed,,https://www.law.cornell.edu/regulations/illinois/title-83/part-466,2026-08-09,Medium
MO,Missouri Public Service Commission (MoPSC),RSMo 386.890 (Net Metering and Easy Connection Act); 20 CSR 4240-20.065 (Net Metering); 20 CSR 4240-20.060 (avoided-cost/cogeneration purchase rate),IOU only (rural electric cooperatives and municipal utilities are exempt from MoPSC jurisdiction and net metering mandates; some voluntarily offer similar programs -- see City Utilities of Springfield/Columbia Water and Light/Independence P&L delta rows),Full retail NEM,No statutory phase-out identified; program continues under RSMo 386.890 subject to the statewide 5% aggregate cap. Monitor MoPSC dockets -- no active transition docket independently confirmed in this pass.,100,100,5% of the electric utility's prior-year single-hour peak load (statewide cap per RSMo 386.890); current subscription level not independently confirmed for Ameren Missouri or Evergy Missouri West in this pass,No explicit sizing-vs-consumption limit found in rule text beyond the 100 kW capacity ceiling; system intended primarily to offset the customer-generator's own load per definition in 20 CSR 4240-20.065(1)(C)5,1:1 retail during the billing period; monthly excess rolls forward at the utility's Commission-approved net metering rate (set equal to the utility's cogeneration/avoided-cost rate per 20 CSR 4240-20.065(6)),"Net metering rate = utility's cogeneration (avoided-cost) rate, refiled biennially (odd years, by Jan 15) with the MoPSC; reported ~$0.03-0.04/kWh range for Ameren Missouri avoided cost vs ~$0.115-0.13/kWh retail -- not independently verified against a current tariff sheet in this pass",Monthly rollover within a 12-month window,"Any unused credit expires without compensation 12 months after issuance, or upon disconnection/termination of the net metering relationship, per 20 CSR 4240-20.065(5)(D)(6)(d)",IEEE 1547a-2014 + UL 1703-2002 + UL 1741-2010 (as named explicitly in rule text; no confirmed transition to IEEE 1547-2018/UL 1741-SB identified in this pass -- flag as potentially outdated relative to national practice),10,100,No statewide application fee schedule found; utilities may charge for required metering/distribution upgrades reimbursed by the customer-generator,Not explicitly tiered by kW in the rule; utility inspection/approval required for all systems with distinct timelines by size (see ic_timeline_days),"Utility may require a manual disconnect switch/breaker/fuse ""in immediate proximity to metering equipment"" at utility discretion -- not a blanket requirement for all systems","Not required <=10 kW; required >10 kW at $100,000 minimum liability coverage per 20 CSR 4240-20.065(4)",30 days for systems <=10 kW; 90 days for systems >10 kW (approval/denial notice timelines per rule's standard interconnection application),Unclear,Unclear,Not addressed in 20 CSR 4240-20.065 -- rule predates widespread storage deployment and contains no non-export/limited-export provisions; treat as a gap requiring case-by-case utility tariff review,Not addressed in rule text,Not addressed in rule text,,https://www.law.cornell.edu/regulations/missouri/20-CSR-4240-20-065,2026-08-09,High
AR,Arkansas Public Service Commission (APSC),"Ark. Code Ann. 23-18-601 et seq. (Arkansas Renewable Energy Development Act, as amended by Act 464 of 2019 and Act 278 of 2023); APSC Net-Metering Rules, Docket 23-021-R",IOU + co-op (statutory net metering applies broadly; electric cooperatives calculate avoided cost off Arkansas Electric Cooperative Corporation wholesale power costs rather than LMP -- see Ozarks Electric Cooperative delta row),Net billing,"Two-tier structure created by Act 278 of 2023: customers who submitted a Standard Interconnection Agreement before 12/31/2022 (and systems commissioned/interconnected before the 9/30/2024 cutoff referenced in program guidance) are ""Legacy""/""Legacy-Transitional"" customers grandfathered onto the pre-2023 1:1 rate structure for 20 years, through June 1, 2040 (Rule 2.06.A.1; Ark. Code Ann. 23-18-604(c)(11)(A)). Customers interconnecting after the cutoff take service under the utility's ""Non-Legacy Net-Metering"" tariff, compensated at Avoided Cost tied to the 12-month trailing average Locational Marginal Price (LMP) in the utility's MISO or SPP load zone (Rule 2.08); cooperatives base Avoided Cost on wholesale power purchased from Arkansas Electric Cooperative Corporation instead of LMP.",1000,1000,"No statewide/aggregate percentage-of-peak-load cap in the rules; the binding constraint is the per-facility 1,000 kW administrative threshold (facilities above 1,000 kW up to 20 MW require Commission approval under Rule 2.06.B / Ark. Code Ann. 23-18-604(b)(9))","Facility size limited to the lesser of (a) statutory nameplate generating capacity limit or (b) an estimate of output needed to meet the customer's ""highest monthly usage"" in the corresponding month (Rule 1.04(D))",avoided cost (LMP-based for IOUs; cooperative wholesale-cost-based for co-ops) for Non-Legacy customers; 1:1 retail for grandfathered Legacy customers,"Non-Legacy: avoided cost = 12-month trailing average hourly real-time LMP for the utility's MISO/SPP load zone, updated annually (Rule 2.08); no single statewide cents/kWh value published since it is utility- and zone-specific. Legacy: full retail rate (varies by rate class).",Not fully specified for Non-Legacy in the rules excerpted; Legacy 1:1 credits function as indefinite rollover through the 2040 grandfathering window,Not independently confirmed in this pass,"IEEE 1547 / UL 1741 referenced only generically (""...standards established by...IEEE...UL...""); no specific 1547-2018/UL1741-SB version cited in the rule text reviewed",Not independently confirmed with a specific fast-track kW threshold,Not independently confirmed with a specific simplified-review kW threshold,"Not fixed in the rules -- utilities may charge a Commission-approved ""standard one-time fee"" to recover administrative/interconnection review costs; exact dollar amount is utility-specific tariff language, not stated generically in the rules",1000,"Waived for inverter-based systems if: (1) inverter is designed to shut down/disconnect and cannot be manually overridden, (2) manufacturer-warranted to shut down on loss of utility service, and (3) properly installed/inspected/tested by utility personnel (Rule 3.01.B); otherwise a visible, lockable, accessible manual disconnect switch is required.",No specific liability insurance dollar minimum found in the rules; only general mutual indemnification language (Appendix A Sec. 8),"Standard Interconnection Agreement review: 30 calendar days (Rule 3.01.E). Preliminary Site Review: 30 days (up to 90 days if multiple concurrent reviews). Facilities Study: utility to use ""reasonable efforts"" to complete within 120 days (Rule 3.04.G).",Yes-with-conditions,Unclear,"No defined non-export/limited-export interconnection pathway found in the rules reviewed -- this is a documented gap, not a confirmed absence at the utility-tariff level",Not explicitly addressed in the rules reviewed,"Grid charge authorized only for Legacy customers whose facility exceeds 1,000 kW (up to 20 MW) with Commission approval to exceed the statutory limit; initial rate set to $0.00 effective 6/1/2020 (Rule 2.04.A.3.b-c), utility may later petition to revise upward with a cost-of-service showing",1000,https://www.arkleg.state.ar.us/Home/FTPDocument?path=/Assembly/Meeting+Attachments/040/26244/F.2.a+PSC+Net-Metering+Rules+and+Act+278+of+2023.pdf,2026-08-09,High
LA,Louisiana Public Service Commission (LPSC),"LPSC General Order dated 09-19-2019 (Docket R-33929, Distributed Generation/Net Metering Rules); La. R.S. 45:1177 et seq.","IOU + muni + co-op (statute requires investor-owned utilities, municipal utilities, and electric cooperatives to offer net metering; NOTE -- Louisiana has NOT adopted statewide interconnection procedures/technical standards per IREC/Vote Solar's Freeing the Grid project, so interconnection process, timelines, fees, and storage/export provisions are set utility-by-utility, not by a single LPSC rule)",Net billing,"Customers submitting a completed interconnection request and completing installation after 12/31/2019 pay full retail rate for all energy purchased, a zero rate for self-generated/self-consumed energy, and are credited at Avoided Cost for energy exported to the grid (LPSC General Order 9-19-2019). Customers who completed interconnection by 12/31/2019 are grandfathered onto full-retail 1:1 net metering for 15 years (through approximately 2034).",25,300,0.5% aggregate cap on solar net-metering participation was removed by the September 2019 rulemaking (Docket R-33929); no aggregate cap currently in force,Not independently confirmed in this pass (LPSC order text not fully reviewed -- see gaps file),"1:1 retail (legacy, pre-2020 grandfathered only); avoided cost (new, post-2019)","Avoided Cost is published annually and varies by utility -- LPSC posts a ""Avoided Cost Rate by Electric Utility"" document each year (2023-2026 editions found at lpsc.louisiana.gov/Utilities_NetMetering); exact cents/kWh figures per utility not extracted in this pass, see source_url",Not independently confirmed in this pass,Not independently confirmed in this pass,"Not independently confirmed -- no statewide interconnection standard document found; utilities reference their own ""Safety and Interconnection Standard"" (e.g., Entergy Louisiana)",Not independently confirmed (no statewide fast-track tier found),Not independently confirmed,Not independently confirmed -- likely utility-specific tariff fee,Not independently confirmed,Not independently confirmed -- utility discretion likely given absence of statewide interconnection rule,Not independently confirmed in this pass,Not independently confirmed in this pass,Unclear,Unclear,"Not independently confirmed -- absence of a statewide interconnection standard means non-export/limited-export pathways, if any, are utility-specific (see utility delta rows for Entergy Louisiana, Cleco, etc. where available)",Not independently confirmed,Not independently confirmed,,https://www.lpsc.louisiana.gov/Utilities_NetMetering,2026-08-09,Medium
MS,Mississippi Public Service Commission (MPSC),"Mississippi Distributed Generator Interconnection and Net Metering Rules (MPSC Docket, as revised); Miss. Code Ann. 77-3-49","IOU only (mandate applies to investor-owned utilities incl. Entergy Mississippi and Mississippi Power; TVA-served areas and munis/co-ops largely outside MPSC net metering jurisdiction -- see Coast Electric Power Association delta row noting ~57% of MS ratepayers, co-op/muni customers, are not bound by this rule)",Net billing,"Not a NEM-to-net-billing transition in the ComEd/AR sense -- MS never had 1:1 retail NEM; export has always been credited at avoided cost plus a Commission-approved ""Total Benefits of Distributed Generation"" (Value of DG) adder. The adder itself was revised by MPSC order effective ~January 2025 / carried into the 2026 Entergy Mississippi Rate Schedule NEM-2: base adder raised to 5.5 cents/kWh (previously 2.5 cents/kWh in the base rule), with a 7.5 cents/kWh rate for low-to-moderate-income-eligible customers (an increase from the original 2 cents/kWh Low-Income Benefits Adder for the first 1,000 qualifying customers, 15-year guarantee).",20,2000,"3% of the utility's total system peak demand (kW) recorded during the prior calendar year, on a first-come-first-served basis (Ch. 03 Sec. 102-103); current subscription level vs. cap not independently confirmed for Entergy Mississippi or Mississippi Power in this pass","No sizing-vs-consumption rule; caps are pure nameplate DC capacity limits (20 kW residential / 2 MW non-residential) plus circuit-level screens (e.g., 15% of Line Section peak load)",avoided cost + Commission-approved Value-of-DG adder,"Entergy Mississippi NEM-2 (2026): 5.5 cents/kWh excess-credit rate for standard customers; 7.5 cents/kWh for low-to-moderate-income-adder-eligible customers, per Jan. 2025 MPSC order updating the base rule's 2.5 cents/kWh adder","Indefinite monthly rollover (""each new Billing Period shall begin with zero kWh credits... customer may carry over any value of energy credit arising from the prior Billing Period(s)""); no annual expiry","No annual true-up month specified in the base rule; credit balance is cashed out only at account closure/termination, net of amounts owed to the utility (Ch. 03 Sec. 105/108)","IEEE 1547 (no specific edition/year cited in rule text -- ""as amended and supplemented"" language used; IEEE 1547.1 test procedures and IEEE 1547.2 application guide also referenced non-bindingly); UL 1741 similarly referenced without a fixed edition",20,2000,"Level 1 (<=20kW, certified inverter-based): no fee unless resubmitted at another level. Level 2 (<=2MW): up to $50 + $1.00/kW, plus engineering costs capped at $100/hr. Level 3 (full study): up to $100 + $2.00/kW, plus actual study/impact costs, engineering capped at $100/hr.","Level 3 full-study review triggers above the Level 2 screens (up to 2 MW, aggregate circuit capacity <2MW) -- exact fail-screen kW threshold not independently isolated from the Level structure in this pass","Required for Level 2/3 (lockable, visible-break isolation device accessible to the utility); explicitly waived for Level 1 (""Level 1 interconnections do not require an external isolation device"")",Not required as a precondition for interconnection approval per the rule and standard application form; utilities barred from requiring insurance not specifically authorized by the rule,"Level 1: ~35 business days pre-commissioning (10-day completeness + 15-day approval + witness test within 10 business days of commissioning). Level 2: ~35 business days (10+20+5) plus 30 days for customer signature. Level 3: open-ended, study-duration-dependent (10-day completeness + 10-day scoping + sequential Feasibility/System Impact/Facilities studies with 5-business-day agreement issuance after each), plus 30 business days for customer signature.",Unclear,Unclear,"Not addressed -- the rule contains no mention of ""storage"" or ""battery"" anywhere in the text; energy storage interconnection, grid-charging, and non-export/limited-export pathways are undefined gaps in Mississippi's DG rule",Not addressed (rule silent on storage generally),"Prohibited -- Ch. 03 Sec. 111: EU shall not charge any back-up, standby, or Exit Fees to a net-metering customer unless otherwise approved by the Commission",Not applicable given the standby-charge prohibition,https://www.psc.ms.gov/sites/default/files/Documents/Net%20Meeting%20and%20Interconnection%20Rules.pdf,2026-08-09,High
TX,"Public Utility Commission of Texas (PUCT) -- applies only to the small non-ERCOT, MISO-served portion of the state (Entergy Texas territory); ERCOT-area distribution utilities/co-ops/munis are NOT subject to these PUCT DG/net-metering rules",16 TAC 25.211 (Interconnection of On-Site Distributed Generation); 16 TAC 25.212 (Technical Requirements); 16 TAC 25.242 (limited net metering for non-unbundled/integrated IOUs),"IOU only -- and critically, only the small slice of Texas still served by a vertically-integrated, non-unbundled IOU (Entergy Texas Inc., which is in MISO, not ERCOT). CRITICAL DISTINCTION: over 75% of Texas load is in ERCOT under retail choice, where PUCT has NOT adopted net-metering rules -- solar/storage export compensation there is entirely a matter of private contract with a competitive Retail Electric Provider (""solar buyback plan""), not a regulatory mandate. Munis and co-ops statewide (in both ERCOT and MISO footprints) are exempt from PUCT jurisdiction entirely.",No statewide rule,"No statewide net-metering successor -- Texas has never had a statewide 1:1 NEM mandate. In the Entergy Texas/MISO territory, PUCT's limited net-metering rule (16 TAC 25.242) requires integrated IOUs to offer net metering to qualifying facilities, but export is credited at avoided cost, not retail. In ERCOT territory, there is no rule at all -- export compensation exists only via voluntary competitive-market ""solar buyback"" retail plans.",50,100,Not a percentage-of-peak-load aggregate cap under 16 TAC 25.242; program availability is bounded only by the per-customer size ceilings (50 kW renewable / 100 kW non-renewable) and standard first-come interconnection processing,Not independently confirmed in this pass,avoided cost (Entergy Texas/MISO territory only via Schedule SQF); not applicable statewide / contract-based in ERCOT,Entergy Texas Schedule SQF: avoided cost calculated as an average of peak and off-peak rates per the utility's latest annual PUCT filing; no single statewide cents/kWh figure exists given the ERCOT/MISO split and competitive-market pricing in ERCOT,Not independently confirmed for Entergy Texas Schedule SQF in this pass,Not independently confirmed in this pass,IEEE 1547-2018 baseline cited in PUCT interconnection application guidance (UL 1741 certification also required for inverters); exact rule-text edition citation and any transition timeline not independently confirmed in this pass,Not independently confirmed with a specific fast-track kW threshold in 16 TAC 25.211,Not independently confirmed,Not independently confirmed (utility/tariff-specific),10000 (16 TAC 25.211 covers IOU interconnections of generators up to 10 MW; screens for review tiers within that ceiling not independently confirmed in this pass),Not independently confirmed in this pass,Not independently confirmed in this pass,Not independently confirmed in this pass,Unclear,Unclear,"Not independently confirmed for Entergy Texas/PUCT rules in this pass; in ERCOT territory any non-export configuration would be a competitive-market/REP contract matter, not a PUCT rule",Not independently confirmed,Not independently confirmed,Not independently confirmed,https://www.law.cornell.edu/regulations/texas/16-Tex-Admin-Code-SS-25-211,2026-08-09,Medium
PA,Pennsylvania Public Utility Commission,"52 Pa. Code Ch. 75 (Subchapter B Net Metering, Subchapter C Interconnection); AEPS Act 213 of 2004 as amended by Act 129 of 2008, 73 P.S. Section 1648.2 (customer-generator definition)",IOU only (Chapter 75 binds PUC-jurisdictional EDCs; municipal and rural electric cooperatives are exempt and set own rules),Full retail NEM,,50,3000,No statewide aggregate cap identified in Chapter 75 or AEPS Act (unlike NJ/MD/DE),"<=200% of customer-generator's expected/historical annual electricity consumption (AEPS Act 213 statutory definition of 'customer-generator', 73 P.S. Section 1648.2; raised from 110% to 200% by amendment). Note: PUC's 2016 rulemaking had proposed re-codifying a 200% sizing cap directly into 52 Pa. Code Section 75.13, but IRRC found the Commission lacked authority to add it in regulation and it was struck from the final-form rule -- the 200% limit therefore rests on the statutory customer-generator definition, not the regulation text.",1:1 retail,,indefinite monthly rollover,"Annual true-up at EDC's Price-to-Compare (PTC) rate -- default-service generation+transmission supply rate, excludes distribution charges; timing varies by EDC (e.g., West Penn May 31)",IEEE 1547 + UL 1741 (utilities such as PPL now require UL 1741 Supplement B / IEEE 1547-2018 compliance; no single statewide mandatory transition date found in Chapter 75 text itself),10,10,Level 1 (<=10kW): $100 flat. Level 2 (>10kW-2MW): $250 + $1/kW + cost of minor modifications. Level 3 (>2MW or non-conforming): $350 + $2/kW + cost of feasibility/system impact/facilities studies.,2000,Required (accessible external disconnect switch or utility access to one),Unclear -- not confirmed in sources reviewed,Unclear -- statutory review timelines exist in Ch. 75 Subchapter C but exact day-counts not independently verified this pass,Yes,Unclear -- Chapter 75 does not explicitly address grid-charging of storage independent of net metering; EDC interpretations reportedly differ and have produced PUC disputes,Unclear -- no explicit non-export/limited-export interconnection pathway identified in Chapter 75 text reviewed; likely handled case-by-case under Level 3/facilities study process,Unclear -- not confirmed whether battery nameplate kW counts toward the 50kW/3MW system cap or only the inverter's AC export rating,Unclear,,https://www.pacodeandbulletin.gov/Display/pacode?file=%2Fsecure%2Fpacode%2Fdata%2F052%2Fchapter75%2FsubchapBtoc.html,2026-08-09,Medium
NJ,New Jersey Board of Public Utilities,N.J.S.A. 48:3-87; N.J.A.C. 14:8-4 (Net Metering) and 14:8-5 (Interconnection); Clean Energy Act of 2018 (P.L.2018 c.17),IOU only (municipal electric utilities and rural electric cooperatives -- there are very few in NJ -- generally exempt from BPU jurisdiction),Full retail NEM,,"10 (Level 1 residential; Level 1 nonresidential threshold differs, see nonres cap cell)",2000,"5.8% of total annual kWh sold statewide by each electric power supplier in the prior year (N.J.S.A. 48:3-87). This is a discretionary trigger, not an automatic cutoff -- BPU may authorize suppliers to stop offering NEM to new customers once reached, but may also continue past it. BPU held stakeholder workshops in late 2024 ('Jurisdictional Survey of NEM Reforms') on potential reform; docket ongoing as of 2026 -- watch for a live rulemaking that could change this cell.",No statewide sizing-to-load limit identified beyond the Level 1/2/3 capacity tiers themselves (10kW Level 1 residential / 25kW Level 1 nonresidential / 2000kW Level 2 / Level 3 above that),1:1 retail,,indefinite monthly rollover,Annual true-up: excess NEG at year-end trued up at supplier avoided-cost/wholesale rate (not retail),IEEE 1547 + UL 1741 (Level 1 requires UL 1741-listed inverter),10,10 (residential) / 25 (nonresidential),Level 1: no fee. Level 2: $50 + $1/kW. Level 3: $100 + $2/kW (per pre-2024 rule; a Chapter 8 'Grid Modernization' rulemaking proposed updates to these fees and thresholds in 2024 -- confirm current fee schedule before quoting).,2000,Required per N.J.A.C. 14:8-5 general interconnection provisions,Unclear -- not independently confirmed this pass,Unclear -- Level 3 review timelines were subject to 2024 proposed amendments (N.J.A.C. 14:8-5.6); exact day-counts not verified,Yes,"Yes-with-conditions -- BPU is actively expanding storage participation (Garden State Energy Storage Program, 1,000 MW transmission-scale target across Tranches 1-2 as of March 2026; SREC-II/CSI Tranche 5 storage adders for net-metered solar >5MW). No blanket prohibition on grid-charging identified, but incentive program eligibility and crediting treatment vary by program track (SuSI/SREC-II vs. GSESP) -- verify per-project before assuming arbitrage revenue stacks with incentives.","Yes -- N.J.A.C. defines 'non-exporting' customer-generator facilities and permits electric devices designed to limit/prevent injection to the grid, used to bypass full net-metering/interconnection study requirements.",Unclear -- not confirmed whether battery-only nameplate capacity counts toward Level 1/2/3 thresholds or only combined system export rating,Unclear,,https://www.law.cornell.edu/regulations/new-jersey/N-J-A-C-14-8-5-2,2026-08-09,Medium
DE,Delaware Public Service Commission,26 Del. C. Section 1014 (Net Energy Metering); Delmarva/DEC/DEMEC file own implementing rules per statute,"IOU + co-op + muni (statute directs PSC, municipal electric companies, AND electric cooperatives to EACH promulgate their own net-metering rules -- Delaware Electric Cooperative and the DEMEC municipal members are NOT bound by PSC-adopted rules and can and do set their own terms; see utility file for DEC/DEMEC deltas)",Full retail NEM,,25,2000 (Delmarva) / 500 (DEC or a DEMEC municipal electric company),"8% of the capacity necessary to meet the electric utility's average Delaware transmission peak demand over the preceding 3 years, calculated in MW-AC (26 Del. C. Section 1014, as amended by SB 298 in 2022, which raised the cap from 5% to 8%); utility may elect to stop offering NEM to new customer-generators once exceeded -- current statewide subscription level not found this pass, but cap was raised specifically to buy '2-3 years for net-metering 2.0 discussions' per DEMEC's 2022 board presentation, implying it was approaching the prior 5% cap -- treat as a live/moderate risk area to re-check.","No statutory sizing-to-load percentage limit found (cap is a flat kW limit per customer/meter class); however customers are only credited up to 100% of their own annual usage -- oversized systems do not earn a payout for the excess (SB 298, 2022), effectively discouraging intentional oversizing even though there's no hard kW-vs-load design cap.",1:1 retail,,"Annual expiry, CONFIRMED -- SB 298 (2022) amended 26 Del. C. Section 1014 so that at the end of the annualized billing period, excess (net) kWh credits REVERT TO THE UTILITY with no monetary payout and no rollover into the next annual period (this ended the prior practice of annual cash-out at avoided cost). Applies to DEC/DEMEC per DEMEC's 2022 policy briefing; Delmarva DE's practice not independently confirmed but the statutory change should apply utility-wide since it amended the underlying Title 26 statute -- verify Delmarva's specific tariff language.","Customer selects annualized billing/true-up period (recommended practice per DEMEC is a period ending in March/April, since credits build in summer and are best used through winter; DE Electric Coop initially set Dec year-end amid customer backlash, then moved to a period ending in March). Non-residential customers pay full cost of any new/replacement net meter; residential customers pay up to $200 (SB 298).",National Electrical Code + IEEE + UL standards for systems <=25kW (statutory reference to NEC/IEEE/UL compliance rather than a named interconnection standard doc); IEEE 1547 version/UL 1741 supplement not specified in sources reviewed,,25,Not independently confirmed this pass -- Delmarva publishes its own interconnection guidelines,,Not independently confirmed this pass,Not independently confirmed this pass,Not independently confirmed this pass,Yes,Unclear -- no DE-specific grid-charging provision identified in the statute; likely governed by each utility's own interconnection tariff (see Delmarva DE / DEC / DEMEC utility rows),Unclear -- not confirmed whether DE has a defined non-export interconnection pathway distinct from the standard NEM/interconnection process,Unclear,,,https://law.justia.com/codes/delaware/title-26/chapter-10/section-1014/,2026-08-09,Medium
MD,Maryland Public Service Commission,COMAR 20.50.10 (Net Metering); COMAR 20.50.09 (Small Generator Interconnection Standards); Md. PUA Section 7-306,"IOU + co-op (net metering/interconnection duties run to 'electric companies' which under PUA include cooperatives; municipal utilities such as Easton, Berlin, Hagerstown, Thurmont, Williamsport participate voluntarily and are shown reporting net-metering data in PSC reports, so treat as All utilities for MD net metering specifically)",Full retail NEM,,No separate residential-only cap identified -- 2 MW applies per customer-generator regardless of class (see nem_cap_nonres_kw),2000,"3,000 MW statewide aggregate cap (PUA Section 7-306(g), doubled from 1,500 MW effective 10/1/2021; ~18.45% of MD peak demand). As of PSC's Nov 2025 report: installed capacity ~1,537 MW = 51.23% of cap, BUT the pending Community Solar pipeline (~2,911 MW: 700 MW awaiting authorization + 1,728 MW in interconnection queues + 483 MW accepted-not-operating) will nearly exhaust the cap on its own -- PSC's central 2025 recommendation is that the General Assembly act in the 2026 session to raise or restructure the cap. THIS IS A LIVE, HIGH-RISK DOCKET for MD deal screening.",<=200% of the customer-generator's annual baseline kWh use (COMAR 20.50.10),1:1 retail,,"Customer may elect (since SB143, eff. 10/1/2023) to accrue net excess generation (NEG) indefinitely rather than annual cash-out; if annual payout is elected, paid within 30 days after the billing cycle closest to end of April at the generation/commodity portion of the rate averaged over the prior 12 months",,IEEE 1547 (all levels per COMAR 20.50.09),20,20,Level 1 (<=20kW): no fee. Level 2 (<=2MW): $50 + $1/kW. Level 3/4 (network circuits / non-exporting / studies required): $100 + $2/kW.,2000,Not independently confirmed this pass (COMAR 20.50.09 text not fully retrieved),Not independently confirmed this pass,Not independently confirmed this pass,Yes,"Yes-with-conditions -- MD PSC has approved DRIVE Act EDSSS (Electric Distribution System Support Services) pilots at BGE, Pepco, and Potomac Edison (~185.7 MW combined target) compensating customer-sited batteries and bidirectional EVs for grid services, e.g. up to $300/kW-yr for a 10kW bidirectional resource. NOTE: brief's characterization as a 'BYOD storage tariff' program was not confirmed verbatim in sources reviewed -- the mechanism found is the DRIVE Act EDSSS pilot (Order following 7/1/2025 Commission directive), not a program literally named 'Bring Your Own Device.' Underlying substance (customer-owned storage dispatched for utility/grid value, separate from net metering) matches the brief's intent; SMECO was not identified among the filing utilities (BGE, Pepco, Delmarva, Potomac Edison only) -- flagged for verification.","Level 3 (COMAR 20.50.09) explicitly covers interconnection requests to area networks/radial circuits 'when electric power is not exported to the electric distribution system' -- i.e., MD has an explicit non-export interconnection review track.","Yes -- MD's 2 MW cap and 200%-of-baseline sizing rule apply to 'electric generating system' capacity, which for solar+storage projects is generally read to include the paired storage nameplate for purposes of the net-metering system size cap (not independently confirmed against COMAR text for storage-specific treatment -- verify)",Not independently confirmed this pass,,https://psc.maryland.gov/wp-content/uploads/2025-Net-Metering-Report-4.pdf,2026-08-09,Medium
DC,Public Service Commission of the District of Columbia (net metering/interconnection); DC Department of Energy & Environment / DOEE (SREC/RPS program),15 DCMR Chapter 9 (Net Energy Metering Rules) and Chapter 40 (Small Generator Interconnection Rules -- SGIR),"IOU only (Pepco is the sole electric distribution company serving the District, so this is effectively a single-utility jurisdiction)",Full retail NEM,,100,100,No aggregate capacity limit identified for DC net metering (unlike PA/NJ/MD/DE),"Sizing limit was phased in: capped at 140% of customer's historical 12-month usage effective 1/1/2021, increasing 20 percentage points/year until reaching <=200% of historical 12-month usage by 2024 and thereafter",1:1 retail,~$0.13-0.15/kWh effective retail-rate equivalent (varies by rate class; not a separately published per-kWh export rate since compensation is via retail bill credit),indefinite,December: any remaining NEG (net excess generation) at that point is compensated in cash at the generation rate only (not full retail) -- confirmed via Pepco DC net metering tariff summary; systems <=100kW,IEEE 1547 (+ UL 1741 / IEEE 1547.1 for lab-certified equipment),,,Not independently confirmed this pass,,Waived for systems <10kW; required for all other systems (>=10kW),Not independently confirmed this pass,Not independently confirmed this pass,Yes,Unclear -- no DC-specific grid-charging provision for storage identified in 15 DCMR Ch. 9/40 text reviewed,Unclear -- not confirmed whether DC's SGIR (Ch. 40) defines a distinct non-export/limited-export interconnection pathway,Unclear,Unclear,,https://openei.org/wiki/Interconnection_Standards_(District_of_Columbia),2026-08-09,Medium
VA,Virginia State Corporation Commission (SCC),Va. Code § 56-594 (IOU net metering); § 56-594.01 (electric cooperative net metering); 20VAC5-315 (Net Energy Metering regs); 20VAC5-314 (Interconnection of Small Electrical Generators),"IOU + co-op + muni, but co-ops operate under separate § 56-594.01 program with their own caps, and municipal utilities (e.g. Danville, Harrisonburg, Manassas) are not subject to SCC jurisdiction and set their own net metering policy by local ordinance/utility commission action",Full retail NEM,"Not closed; Dominion Energy Virginia customers interconnecting after the SCC's April 30, 2026 final order in Case No. PUR-2025-00079 move to a new 'NEM 2.0' tariff that keeps 1:1 kWh crediting and 12-month (annual) netting, but changes the year-end net-excess-generation cash-out rate to $0.05829/kWh (previously avoided cost, ~3.5c/kWh) and adds a $1/month admin fee; all pre-order Dominion NEM customers are grandfathered indefinitely on legacy terms. APCo's parallel NEM case was decided in the utility's favor (no material changes) in Sept. 2025. Dominion required to file revised tariffs within 90 days of the 4/30/2026 order (~by 7/29/2026).","25 kW AC (IOU default under § 56-594; co-op default is 20 kW AC per § 56-594.01 program, varies slightly by co-op rider)","3 MW (statutory cap under § 56-594 for nonresidential eligible customer-generators; individual IOU tariffs may set lower nonresidential program sub-caps, e.g. Dominion caps at 1 MW)","6% of each utility's prior-year peak load (raised from 1% by the 2020 Virginia Clean Economy Act), with 1 percentage point of the 6% reserved for low-income program participants; as of 2026 SCC filings, Dominion and APCo both report participation well under the 6% cap statewide, though specific co-op sub-caps are much closer to full in some territories (see utility file for local subscription levels)",System generating capacity may not exceed expected annual energy consumption based on the customer's own usage history (no fixed % sizing rule; utility discretion to verify via 12-month billing history),1:1 retail volumetric credit,"1:1 retail credit throughout the year for both IOUs and co-ops; Dominion year-end net-excess-generation cash-out is $0.05829/kWh effective for NEM 2.0 customers per the April 30, 2026 SCC order (legacy Dominion customers retain avoided-cost cash-out, historically ~3.5c/kWh); APCo year-end excess purchased at avoided cost (~3.5c/kWh, 2019 figure, last published)",indefinite monthly rollover within the annual period,"Annual true-up date varies by utility (typically customer's April/anniversary billing cycle); excess above what's used in the true-up period is cashed out at avoided cost (APCo, legacy Dominion) or $0.05829/kWh (Dominion NEM 2.0, new interconnections)",IEEE 1547-2018 + UL 1741-SB (per 20VAC5-314 vendor certification requirement),Not explicitly tiered as 'fast track' in 20VAC5-314; Level 1 process covers inverter-based systems meeting UL 1741-SB certification requirements,Level 1 threshold effectively covers most residential/small C&I systems (see ic_application_fee tiers); Level 2/3 required for larger or non-certified systems,"$100 (Level 1 processing fee); $1,000 (Levels 2 and 3 processing fee); $500 nonrefundable fee for a pre-application report; up to $50 inverter-settings inspection fee",Level 2/3 review triggers for systems not qualifying for Level 1 (generally above small inverter-certified systems; SGF regulation covers systems up to 500 kW),"Utility discretion (readily accessible, lockable, visible disconnect commonly required by utility interconnection agreements; not uniformly mandated in statute for all inverter-based systems)","Yes — liability insurance required, historically $100,000 for systems <=10 kW and $300,000 for systems >10-20 kW (co-op figures; IOU requirements similar order of magnitude, confirm per utility)",Not codified as a fixed statewide day-count in the reviewed sources; utilities target order-of-weeks for Level 1 inverter-certified systems,Yes,Yes-but-not-credited,"Yes — non-export/limited-export interconnection paths exist for larger systems seeking to avoid full interconnection studies, per utility TIIR/interconnection procedures (utility-specific; not detailed in state-level source reviewed)",Unclear (not explicitly addressed in state-level sources reviewed; utility practice may vary — see utility file and storage_specific_notes),Yes — SCC-authorized standby charge for net-metered residential customers of Dominion Energy Virginia above the AC capacity threshold,"20 kW AC effective July 1, 2026 under HB 1255 (raised from 15 kW AC, which itself succeeded the original 10 kW AC threshold set in 2011 under HB 1983); threshold applies to aggregate nameplate AC capacity of the customer's generating facility as stated on interconnection paperwork, not actual production",https://law.lis.virginia.gov/vacode/title56/chapter23/section56-594/,2026-08-09,High
WV,West Virginia Public Service Commission (PSC),W. Va. Code § 24-2F-8 (net metering and interconnection standards); 150 CSR 33 (Rules Governing Electric Utility Net Metering Arrangements and Interconnections),"All utilities offering net metering (IOU, municipal utilities serving >=30,000 customers, and rural electric cooperatives are all contemplated by statute; the PSC 'shall consider adopting' a rule extending net metering to smaller munis/co-ops, so smaller munis/co-ops may not be obligated to offer it — confirm per utility)",Net billing,"Net billing (fixed volumetric export rate) has replaced 1:1 retail crediting for NEW net metering customers of Appalachian Power Co. and Wheeling Power Co. following the PSC's August 2025 rate case order; new AEP-WV enrollees after an extended grandfathering window (application submitted after 2/28/2026) receive a fixed export credit of approximately 12.4 cents/kWh (67-75% of full retail rate) instead of 1:1. Separately, Monongahela Power and Potomac Edison (FirstEnergy) customers who interconnect on/after 1/1/2025 receive fixed rates of 9.34c/kWh (residential/schools/churches/general service), 9.15c/kWh (large general service), or 8.91c/kWh (large power/alternative generation) per the 2024 PSC-approved settlement (effective 3/27/2024); existing (legacy/grandfathered) customers of all four IOUs remain on 1:1 full retail net metering, with Mon Power/Potomac Edison legacy customers explicitly grandfathered for 25 years from the settlement date.","25 kW AC (statewide statutory/PSC-rule cap for residential, per W. Va. Code § 24-2F-8 and Level 1 interconnection definition in 150 CSR 33 / AEP TIIR)","500 kW (commercial cap per current AEP/FirstEnergy tariffs, consistent with § 24-2F-8(f) directive that PSC consider raising commercial cap to 500 kW); 2 MW (industrial cap per current AEP/FirstEnergy tariffs, consistent with § 24-2F-8(f) directive re: industrial cap up to 2 MW)","3% of each electric utility's aggregate customer peak demand in West Virginia during the previous year, with no less than 0.5% of that reserved specifically for residential customer-generators (W. Va. Code § 24-2F-8(g)); current subscription level as a % of the cap not published in sources reviewed",No fixed statewide sizing percentage found in statute or PSC rule reviewed; utility interconnection agreements govern via nameplate AC capacity caps rather than a load-based sizing formula,"Mixed — 1:1 retail (legacy/grandfathered customers, all four IOUs) or fixed volumetric export rate (new customers post-reform)","Legacy/grandfathered: 1:1 retail. New AEP-WV (Appalachian Power, Wheeling Power) customers after grandfathering window closes: ~12.4 cents/kWh (PSC order, Aug. 2025). New Mon Power/Potomac Edison customers on/after 1/1/2025: 9.34c/kWh (residential/schools/churches/general service), 9.15c/kWh (large general service), 8.91c/kWh (large power/alternative generation) — rates fixed for 2025-2026 per 2024 settlement, subject to renegotiation in the companies' 2026 ENEC case.",Indefinite for legacy 1:1 customers (grandfathered 25 years from interconnection/settlement date for Mon Power/Potomac Edison); monthly/annual treatment for new fixed-rate customers not fully detailed in sources reviewed,Excess credited against the energy portion of the bill only (not fixed/demand charges) for Mon Power/Potomac Edison per 2024 settlement; AEP-WV true-up treatment for new fixed-rate customers not fully detailed in sources reviewed,"IEEE 1547 (with IEEE 1547.1 testing protocols) + UL 1741-SB (per AEP WV Net Metering Customer Information Guide v2.0, eff. 2/1/2026)","Level 1: nameplate capacity <=25 kW, inverter-based, non-islanding, UL-listed/certified per Appendix C of 150 CSR 33, interconnecting at <=69kV",Level 1 threshold effectively serves as the simplified/fast-track tier (<=25 kW),"$30 (Level 1); $50 + $1/kW of capacity (Level 2, i.e. any system not qualifying for Level 1)",Level 2 interconnection required for any system not meeting Level 1 criteria (effectively >25 kW or non-conforming equipment),"Required — labeled, lockable, visible load-break disconnect required outside near the utility meter (per AEP WV TIIR)","Yes — minimum $100,000 general liability insurance required while interconnected","Not codified as a fixed statutory day-count in sources reviewed; AEP process includes 10-business-day review windows at multiple steps (test results, submittal review, meter installation)",Yes,Unclear,Unclear — not detailed in state-level statute or PSC rule sources reviewed; utility TIIR documents may define non-export paths for larger systems (see utility file),Unclear (not addressed in state-level sources reviewed),No statewide standby charge identified in W. Va. Code § 24-2F-8 or 150 CSR 33 as reviewed; utilities have not been found to assess a distinct 'standby charge' analogous to Virginia's — the 2025 AEP-WV net-metering reform instead restructured the ongoing export credit rate itself rather than adding a separate demand-based standby fee,Not applicable (no standby charge identified),https://code.wvlegislature.gov/24-2F-8/,2026-08-09,Medium
NY,New York State Public Service Commission / Department of Public Service,"NYS Standardized Interconnection Requirements (SIR), effective 2026-02-09, filed in compliance with the order in Case 24-E-0621 issued 2026-01-23; PSL 66-j (solar/farm waste/fuel cell/micro-CHP/micro-hydro net metering) and PSL 66-l (wind); VDER Value Stack orders in Case 15-E-0751","IOU only - the six PSC-regulated electric corporations (Con Edison, Orange & Rockland, Niagara Mohawk/National Grid, NYSEG, RG&E, Central Hudson). A single statewide SIR governs all six; they do not have separate interconnection procedures, only utility-specific technical requirements documents referenced by the SIR. LIPA/PSEG Long Island (state authority), municipal electric utilities and rural co-ops are NOT PSC-jurisdictional and set their own rules - see the second NY row.","Full retail NEM (Phase One NEM) reported still open to mass market, running alongside the VDER Value Stack (net billing / value-of-DER)","VDER Value Stack (Phase One VDER Order, Case 15-E-0751, issued 2017-03-09) is the successor for non-mass-market projects; mass-market residential and small commercial may elect Phase One NEM (volumetric 1:1 netting) with a 20-year term and no annual cash-out per the Order Establishing Net Metering Successor (Case 15-E-0751, issued 2020-07-16). A monthly Customer Benefit Contribution (CBC), $/kW-DC, applies to mass-market and small-commercial BTM generation interconnected on or after 2022-01-01. 2026 utility-published CBC rates, res/small-comm: net-metered PV $0.97-$1.83 per kW-month; Value Stack PV $0.49-$1.28 per kW-month.","25 (PSL 66-j(1)(d) residential solar, kW AC; 100 kW for a farm operation on a residential meter; 25 kW residential wind under PSL 66-l; 25 kW residential micro-hydro; 10 kW micro-CHP and residential fuel cell)","2000 (PSL 66-j(1)(d) non-residential solar, kW AC; also 2000 kW non-residential fuel cell, micro-hydro and farm waste; 2000 kW non-residential wind under PSL 66-l). The SIR itself covers DG and/or ESS up to 5000 kW AC.","PSL 66-j(3)(a) sets a first-come-first-served statutory cap of 1% of the utility's 2005 electric demand; PSL 66-j(3)(b) authorises the PSC to raise it, and the PSC raised it to 3% (2012) and 6% (2014). Reported (secondary) that in 2015 the PSC let the aggregate cap float pending the NEM successor, so it is not a live constraint - not verified against the order text.",,"1:1 retail volumetric netting under Phase One NEM (mass market); value-of-DER stack under VDER Value Stack - monetary crediting of net hourly injections built from LBMP energy value, capacity/ICAP value, environmental E-Value, Demand Reduction Value and Locational System Relief Value","No single statewide rate. Value Stack credit is $/kWh, varies by utility, NYISO load zone, hour and vintage; Phase One NEM credits at the customer's full retail volumetric rate.",Monthly rollover of excess credits (PSL 66-j(3)(e)-(h) for remote-crediting configurations); Value Stack credits carry over as monetary bill credits,Phase One NEM reported to have no annual cash-out (2020 Net Metering Successor Order); PSL 66-j(4)(c) annual payment at utility avoided cost applies to legacy/grandfathered net metering. Annual-cash-out removal is secondary-sourced.,"IEEE 1547-2018 / UL 1741 Supplement B. SIR Sec II.H requires NRTL certification to the most recent revision of UL 1741 including Supplement B (UL 1741 SB), with settings specified in each utility's technical requirements document.",300 (SIR Sec I.B Exception 1: inverter-based systems above 50 kW up to 300 kW certified to UL 1741 SB may use the 6-step expedited process at utility approval; utilities are encouraged but not required to use it),50 (SIR Sec I.B: 6-step expedited process for systems 50 kW or less; utility has 10 business days to determine completeness/eligibility/approval),"No application fee for systems 50 kW or less (SIR Sec I.B Step 3). Above 50 kW an application fee applies but its dollar amount is set in SIR Appendix F, which was not retrievable - NOT VERIFIED. Other fixed SIR fees: $750 non-refundable Pre-Application Report fee (credited to the application fee if the application is filed within 15 business days); $2,500 Supplemental Screening Analysis fee with actual costs billable up to $5,000; Energy Storage System Protection and Control Review fee = $500 + $4/kW capped at $3,000.","No fixed kW study trigger. Systems above 50 kW up to 5 MW enter the 11-step process: the utility runs a Preliminary Screening Analysis (screens A-F, 15 business days). Passing all screens with no Interconnection Facilities or Distribution Upgrades means no study. Failing a screen lets the applicant choose a results meeting, a Supplemental Screening Analysis (screens G-I) or a full Coordinated Electric System Interconnection Review (CESIR). CESIR is therefore triggered by screen failure or applicant election, not by size alone. Systems 50 kW or less in underground secondary network areas may also require a CESIR (SIR Sec I.C Exception 1).","Required for systems larger than 25 kW and for non-inverter-based systems 25 kW or less - external, manual, visible, gang-operated, load-break, lockable in the open position, customer-owned (SIR Sec II.D). Waived for inverter-based systems 25 kW or less.",No statewide requirement. PSL 66-j(5)(b)(i) and 66-j(5-a)(c) bar an electric corporation from requiring additional liability insurance from a net-metered customer-generator whose equipment meets the established safety standards. The SIR imposes no insurance requirement.,"Per-step business-day deadlines, not one statutory clock: 10 BD application completeness/eligibility/approval determination; 15 BD Preliminary Screening Analysis; 20 BD Supplemental Screening Analysis; 20 BD ESS Protection and Control Review; 10 BD verification testing after notice; 5 BD final acceptance letter. CESIR duration is project-specific and not fixed by the SIR.",Yes,"Yes - the SIR expressly studies an ESS's Maximum Import as well as Maximum Export (Sec I.E Step 2 and Glossary), so grid charging is a declared, permitted operating characteristic. On the compensation side, the Joint Utilities' Value Stack Hybrid Facilities tariff Options C and D allow the storage to be charged from both the paired generator and the utility system and allow both to inject for compensation, while Options A and B restrict charging to the paired generator so that injections keep E-Value, ICAP and Market Transition Credit eligibility. The precise crediting of grid-charged kWh under Options C/D was not verified against tariff text, and the Joint Utilities have petitioned to apply standby and buyback service to Option C/D hybrids whose NEM-eligible generator is smaller than the paired ESS (Case 15-E-0751) - disposition of that petition not verified.",Yes - Appendix K requires the applicant to declare the ESS's Maximum Export (which may be set to zero or a limited value) and the utility studies the facility at those declared operating characteristics; for ESS requiring a CESIR the utility supplies testing procedures that use the applicant's load management control systems to limit reverse power (SIR Sec I.E Step 2). Systems neither designed to operate nor operating in parallel with the utility system are outside the SIR entirely (SIR Sec I.A). A change of operating characteristics later requires a new Appendix K and a contract amendment.,"Yes for SIR tier routing - which process applies (Sec I.B vs I.C) is set by the sum of the AC nameplate ratings of all DG and ESS behind the point of common coupling, and maximum export is capped at 5 MW AC (SIR Sec I.A and I.E Step 1). Whether ESS kW counts against the PSL 66-j net metering system-size caps is not addressed in the SIR - Unclear.","Authorized, with a net-metering carve-out. PSL 66-j(4)(d) bars an electric corporation from imposing back-up, standby or demand charges on a net-metered customer-generator, except that ordinary demand charges may be applied on the same terms as to non-generating customers in the same class. Utility standby-service and buyback tariffs apply outside net metering (e.g. Con Edison General Rule 20 standby service, Rider Q standby pilot rate, SC-11 buyback).","Set by each utility's tariff, not statewide.",https://dps.ny.gov/system/files/documents/2026/05/24-e-0621-sirs-effective-february-9-2026.pdf,2026-09-10,Primary
NY,Long Island Power Authority (Board of Trustees); PSEG Long Island administers as LIPA's agent,"LIPA Tariff for Electric Service, Small Generator Interconnection Procedures (SGIP) addendum; separate LIPA Smart Grid Small Generator Interconnection Procedures (SGSGIP) track","LIPA / PSEG Long Island only. LIPA is a state authority and is NOT subject to the PSC's Standardized Interconnection Requirements, PSL 66-j or PSL 66-l; it runs its own SGIP.","Full retail NEM (Phase One Net Billing, 1:1 monthly volumetric crediting) for Mass Market residential/small-commercial customers and pre-2018/2020 Large Onsite projects, running alongside a Value Stack (VDER-analogue) tariff for Large Onsite/Offsite projects and Community Distributed Generation (CDG). Verified against LIPA Tariff for Electric Service Leaf Nos. 34A-34K (Sec I.C.15, Net Metering Generators) and LIPA Statement No. 102 (Value Stack Credits/VSC), effective 2026-09-01.","Value Stack (VSC) tariff, a VDER-style compensation construct - confirmed in LIPA Tariff Leaf 34C Sec I.C.15.c)(5)-(6) and priced in LIPA Statement No. 102 (VSC), effective 2026-09-01. Applies to Large Onsite/Offsite projects and CDG; Mass Market/Phase One NEM customers are not forced onto it and may keep 1:1 net billing (and may pair on-site storage without losing NEM eligibility).","25 kW AC for Residential Solar, Wind, Micro-Hydroelectric, or hybrid combinations; Residential Farm 100 kW (Solar) or 500 kW (Wind) or 500 kW (hybrid); Farm Waste 5,000 kW; Micro-CHP 1-10 kW; Fuel Cell <=10 kW. [LIPA Tariff Leaf 34A/34A-1, Sec I.C.15.a)] - LIPA voluntarily mirrors the PSL 66-j/66-l residential thresholds even though it states it is not subject to PSL 66-j.","5,000 kW AC for Nonresidential Solar, Wind, Farm Waste, Fuel Cell or Micro-Hydroelectric. [LIPA Tariff Leaf 34B, Sec I.C.15.b)(1)] - notably larger than the PSC utilities' 2,000 kW PSL 66-j cap; existing 2,000-5,000 kW generators not yet on Value Stack may opt in to VDER (Leaf 34B, (2)).","No statewide-style aggregate/program MW or % cap found in the LIPA Tariff's General Terms and Conditions, unlike the PSC utilities' former 1%->6%-of-2005-peak-load cap under PSL 66-j. Consistent with LIPA's own confirmation that it is 'not subject to PSL Section 66-j' (LIPA Dec-2025 Tariff Changes filing, Exhibit B-3 background section, citing Case 19-E-0079). Current subscription level, if tracked, was not found in this pass.","Residential (Solar/Wind/Micro-Hydro/hybrid): system capacity <=110% of the customer's prior 12-month consumption or a customer-provided load letter, and within the kW caps above. [LIPA Tariff Leaf 34A, Sec I.C.15.a)(1)] Nonresidential: no consumption-matching sizing rule found beyond the 5,000 kW capacity cap [Leaf 34B].","1:1 retail volumetric netting for Mass Market/Net Billing customers (net excess kWh credited at the same per-kWh rate as non-generating customers in the same rate class, Leaf 34F Sec I.C.15.h)(1)-(2)); value-of-DER stack (Value Stack/VSC) for Large Onsite/Offsite and CDG projects, structurally parallel to the PSC's VDER Value Stack.","Net Billing: full volumetric retail rate of the customer's own rate class (no separate statewide cents/kWh figure). Value Stack (VSC) components per LIPA Statement No. 102, effective 2026-09-01: Energy Component = NYISO day-ahead zonal LBMP average; Capacity Component Alt.1 (Sept 2026) $0.0339/kWh at 34.3% proxy capacity factor, Alt.2 $0.1797/kWh, Alt.3 $11.0578/kW-month; Environmental Component $0.03103/kWh; Demand Reduction Value $0.4451/kWh (contracted hours); Locational System Relief Value $7.3450/kWh per event; Community Credit $0.0500/kWh (Fuel Cell technology adjustment factor 16%).","Monthly rollover of banked credits within the service year (banked separately by rating period - peak/off-peak/intermediate - for TOU rate codes; re-mapped when a customer switches rate structure), but not indefinite - see annual_true_up for the yearly cash-out. [LIPA Tariff Leaf 34E-34F, Sec I.C.15.h)]","At the end of the first year of service and on every anniversary thereafter, LIPA pays the Customer-generator for any remaining banked net-excess-generation credit, valued at the avoided energy price per LIPA's Statement of Market Energy Prices. [LIPA Tariff Leaf 34F, Sec I.C.15.h)(h)] This is an annual cash-out - a real deviation from the PSC row's Phase One NEM, which is reported (secondary-sourced there) to have no annual cash-out.","IEEE 1547 / UL 1741 Supplement B (UL 1741 SB) - the SGIP requires NRTL certification to 'the most recent revision of UL 1741 including Supplement B' with settings per PSEG Long Island's Technical Requirements and Screening Criteria document. [LIPA/PSEG Long Island SGIP, July 2026 ed., Secs I.B and II.B]","300 - SGIP Sec I.B Exception 1: inverter-based systems above 50 kW up to 300 kW, UL 1741 SB certified, may use the expedited process at PSEG Long Island's determination. Mirrors the PSC SIR's 300 kW tier.",50 - SGIP Sec I.B: Expedited/Fast Track Process applies to systems 50 kW or less. Mirrors the PSC SIR's 50 kW tier.,"SGIP application fee $750 for systems 50 kW to 5 MW and $750 for systems 5 MW to 10 MW, payable to PSEG Long Island (PSEG Long Island SGIP Application Instructions). Fee for systems under 50 kW not verified.","No fixed kW study trigger. Systems that fail the Preliminary Screening Analysis (Appendix G technical screens) or whose applicant elects further review proceed to a Supplemental Screening Analysis or a full Coordinated Electric System Interconnection Review (CESIR) - structurally parallel to the PSC SIR's process. [SGIP, July 2026 ed., Secs I.B-I.C]","Unclear beyond an automatic device. SGIP Sec II.B requires an automatic disconnect device (protective-relay based, sized to code, with over/under voltage and frequency trip functions) that isolates the generator on islanding or LIPA-system-fault detection. The SGIP text located does not separately spell out an external, manual, visible, lockable, gang-operated disconnect switch requirement the way the PSC SIR does for systems above 25 kW; LIPA's Red Book electrical specifications (not reviewed in this pass) may impose one - not verified either way.","No blanket insurance mandate found in the SGIP itself. However, LIPA Tariff Leaf 34C, Sec I.C.15.c)(4) reserves the Authority's right to require a Customer-generator to purchase additional liability insurance (along with added safety/performance standards or tests) when total generating capacity on the same local feeder exceeds 20% of that feeder's rated capacity - a real, feeder-loading-triggered insurance exposure that the PSC row does not have (PSL 66-j(5)(b)(i)/(5-a)(c) bars the PSC utilities from requiring it).","Per-step business-day deadlines, not one statutory clock (mirrors the PSC SIR's structure): 10 BD application completeness/eligibility determination; 15 BD Preliminary Screening Analysis; 10 BD applicant election after screening results; 20 BD Supplemental Screening Analysis; 15 BD contract issuance after passing screens; 10 BD verification testing after installation notice; 5 BD final acceptance letter. CESIR duration is project-specific and not fixed by the SGIP. [SGIP, July 2026 ed.]","Yes - SGIP Sec I.E and Appendix J define a dedicated Energy Storage System (ESS)/Battery Energy Storage System (BESS) application track covering Hybrid Projects (DG + ESS) and stand-alone storage, within the SGIP's 10 MW aggregate nameplate ceiling.",Unclear - LIPA SGIP and tariff not verified on grid charging,"Yes, structurally: ESS applicants must declare 'Maximum Export' and 'Maximum Import' as operating characteristics in Appendix J, and PSEG Long Island studies the facility at those declared values (which may be set to zero or a limited value), so a limited/non-export configuration is supported. The SGIP text reviewed does not label this a distinct, separately-branded fast-track 'non-export' pathway the way the PSC SIR's Appendix K is described - Unclear if it confers the same study-skipping benefit.","Unclear. LIPA's net-metering size limits (Tariff Leaf 34A/34B) are written against the 'rated capacity' of the Solar/Wind/Farm Waste/Fuel Cell/Micro-Hydroelectric generating equipment, i.e., the generator - neither the Tariff nor the SGIP text reviewed states whether a paired ESS's AC kW is added to that figure for cap purposes. The Tariff does confirm (Leaf 34C, Sec I.C.15.c)(5)) that Mass Market NEM customers may pair storage with an eligible generator and remain on Phase One NEM, so storage does not disqualify a system from net metering - but whether it counts toward the kW ceiling itself was not found.","Service Classification No. 12 - Standby Service (renamed from 'Back-Up and Supplemental Service,' new Rate Code 682 commercial / 179 residential-optional), effective 2026-01-01, replacing the old SC-12 Back-Up and Supplemental Service tariff. Mandatory for on-site self-generating customers who maintain a grid connection, subject to technology (solar/wind) and size-based exemptions; optional for other self-generating customers ('Optional Rate Customers,' requires an AMI meter). Rate = Service Charge + Contract Demand Charge, set on an Allocated-Cost-of-Service, revenue-neutral basis; ~72 existing mandatory commercial customers are phased in from 2026-2030 (full rates from 2031) unless they elect full rates immediately. Service Classification No. 11 - Buyback Service (for customers exporting to the grid) was updated in the same filing to add a Customer Charge and Buyback Contract Demand Charge set equal to the corresponding Standby rates; stand-alone ESS that reach Step 3 of the SGIP process before 2030-12-31 are exempt from the Buyback Contract Demand Charge for 15 years from their in-service date. [LIPA Board materials, 'December 2025 Tariff Changes,' Item 3 - New Rates for Standby Service and Updates to Buyback Service, approved effective 2026-01-01]","No single kW threshold. SC-12 Standby Service is mandatory for on-site generating customers maintaining a grid connection, with exemptions including generation under 5 kVA and generation under 15% of the customer's maximum potential demand; SC-11 Buyback Service is required for customers who inject power to the grid, subject to similar technology/size exemptions. [LIPA Board materials, 'December 2025 Tariff Changes,' background section]",https://www.lipower.org/wp-content/uploads/2026/07/July-2026-SGIP-1.pdf,2026-09-11,Primary
CA,California Public Utilities Commission (CPUC),"PU Code 2827 and 2827.1; Electric Rule 21 (each IOU keeps its own version; R.17-07-007, successor rulemaking R.25-08-004 opened 2025-08-20); NBT: D.22-12-056 (R.20-08-020) as implemented by Res. E-5301, modified by D.23-11-068 and D.24-09-051; NEM 2.0: D.16-01-044; 20-yr NEM legacy: D.14-03-041; NEM-paired storage: D.14-05-033, D.16-04-020, D.18-02-008, D.19-01-030, D.20-06-017; SGIP-to-NBT transition: D.24-03-071","IOU only - PG&E, SCE, SDG&E (large IOUs). The small CPUC-jurisdictional IOUs (Bear Valley, Liberty, PacifiCorp) have separately approved NEM/NBT tariffs and their own Rule 21 versions; PacifiCorp uses its OATT process instead of Rule 21 (D.07-07-027). Publicly-owned utilities (LADWP, SMUD, IID, MID, TID and the municipal utilities) are NOT bound by Rule 21 or the NBT and set their own interconnection and export rules - see the utility file. CCA customers inside IOU territory interconnect under the IOU's Rule 21 and NBT; the CCA sets the generation portion of the export credit. Rule 21 does not cover facilities selling into FERC wholesale markets (those use the IOU WDT or the CAISO tariff).",Net billing,"Net Billing Tariff (NBT), marketed by the IOUs as the 'Solar Billing Plan', adopted by D.22-12-056 (2022-12-15). Applies to interconnection applications submitted on or after 2023-04-15. Exports are credited at hourly Energy Export Credit (EEC) prices derived from the CPUC Avoided Cost Calculator (ACC). Customers must take a specific electrification TOU rate: PG&E E-ELEC, SCE TOU-D-PRIME, SDG&E EV-TOU-5 (non-residential customers may use any TOU rate). The NBT legacy period is 9 years from original PTO, for the original customer only; customers who migrate from NEM get no NBT legacy period. Legacy NEM 1.0/2.0 customers keep NEM for 20 years from original PTO (D.14-03-041 / D.16-01-044); the right transfers with the system at the same location. Switching to NBT voluntarily permanently forfeits the remaining NEM term. NEM 2.0 applications submitted by 2023-04-14 had until 2026-04-14 to finish (Secondary - installer guidance).","No kW cap - sized-to-load only (SCE Sched. NBT SC 1.b.iii.B: 'there is no limit on the capacity' other than the sized-to-load rule). 1 MW (AC) is the cost-responsibility boundary: above 1 MW, NBT/NEM facilities pay non-NEM fees, study costs and upgrade costs (Rule 21 D.13.a). Capacity uses the lesser of inverter nameplate and CEC-AC rating (AC).",No kW cap - sized-to-load only; same 1 MW AC cost-responsibility boundary (Rule 21 D.13.a). NEM facilities interconnecting at transmission level are limited to 1 MW or less (D.22-07-001).,"None for NEM 2.0 or NBT. NEM 1.0 closed when it reached its statutory program cap (calculation clarified in D.12-05-036), which triggered NEM 2.0.","NBT: estimated output <=100% of prior 12-month usage (kWh), or up to 150% if the customer attests to expected load growth within 12 months. Net surplus is paid at NSC. NEM 2.0: <= the customer's annual onsite load. Expanding a system by more than the greater of 10% or 1 kW of original generating nameplate triggers the NEM/NBT modification rules.",avoided cost,"Hourly ACC-derived EEC prices: 24 hours x weekday/weekend x month (576 values per vintage year), with separate Generation and Delivery components. Prices are locked for 9 years for PTO dates 2023-04-15 through 2027-12-31; later PTO dates float annually. Residential ACC Plus adder (SCE Sched. NBT Rates 3.b, $/kWh by PTO vintage, non-equity/equity): 2023 0.040/0.093; 2024 0.032/0.074; 2025 0.024/0.056; 2026 0.016/0.037; 2027 0.008/0.019; 2028+ 0. Non-residential gets no adder. SDG&E residential customers get no adder. Customers adding solar required by building code (new construction) get no adder. NEM customers who move to NBT get no adder. Values in cents: 2026-vintage SCE adder = 1.6 c/kWh (3.7 c/kWh equity). PG&E adder table not independently read. Net Surplus Compensation at true-up = DLAP 7am-5pm 12-month rolling average (CPUC: roughly 2-3 c/kWh).","Monthly EEC credits offset energy charges only (not NBCs, minimum charge, demand or fixed charges) and roll forward within the 12-month Relevant Period. At true-up, unused EEC is forfeited and remaining net surplus kWh is paid at NSC. The ACC Plus adder can offset any charge and carries forward until used.","At the end of the customer's 12-month Relevant Period (anniversary of PTO, or one-time election to move it). NBT bills are paid monthly; NEM 1.0/2.0 settles charges annually. Net surplus is paid at the NSC rate (D.11-06-016).","IEEE 1547-2018 + UL 1741-SB (Rule 21 Sec. D.5 and Secs. Hh/P, smart-inverter requirements under Res. E-5000/E-5036). Inverters must be on the CEC grid-support inverter list. Earlier installs are UL 1741-SA (Phase 1-3 smart inverter).","No size limit for NBT/NEM or Non-Export facilities: Rule 21 E.2.b.i says NBT, NEM-1, NEM-2 and all Non-Exporting Generating Facilities are evaluated under Fast Track (Initial Review Screens A-M, Supplemental Review Screens N-P). Other exporting facilities have a voltage-based size table in E.2.b.i that was NOT read (truncated fetch). Secondary source: about 3 MW on 12 kV or higher in PG&E.",11 kVA - Screen J ('Is the Gross Rating of the Generating Facility 11 kVA or less?'). Screen K: NEM facility <=500 kW. Secondary source: ICA Screen M is not applied at <=30 kVA.,"NBT/NEM <=1 MW: one-time fee set per IOU from historical costs - PG&E $145, SCE $94, SDG&E $132 (CPUC NEM/NBT page). These facilities are also exempt from Supplemental Review fees, study costs and distribution/network upgrade costs, and paired storage keeps the exemption if total nameplate is <=1 MW. Non-NEM, non-export and >1 MW requests: $800 Interconnection Request fee (Rule 21 Table E.1) plus study costs. Optional pre-application report: $300; enhanced reports $225, $800 or $1,025.","1000 - above 1 MW the Rule 21 D.13 NBT/NEM exemptions end, and the customer pays study and upgrade costs and follows non-NEM timelines. At any size, failing Initial Review screens (e.g. Screen M ICA/15% of peak load) moves the project to Supplemental Review, then Independent Study or Distribution Group Study.",Utility discretion - Rule 21 Sec. H.1.d / Hh.1.d 'Visible Disconnect Required'. Secondary source: PG&E does not require a separate AC disconnect where the service has a single-phase self-contained revenue meter. The local AHJ may still require one.,Unclear - no Rule 21 insurance requirement for NBT/NEM facilities was found in the portion of Rule 21 read (the tariff fetch was truncated before the insurance provisions).,"NBT/NEM <=1 MW: PTO normally within 30 business days after receipt of a complete request, a signed agreement and final electrical inspection (Rule 21 D.13.b). Pre-application report: 10 business days. Secondary source: NGOM install 40 business days; distribution upgrades 120 business days (D.20-09-035). Non-Export Energy Storage may elect the expedited process in Rule 21 Sec. N (D.14).",Yes-with-conditions,Yes-but-not-credited,Yes - well defined. Rule 21 Screen I (G.1.i) non-export and limited-export options: reverse-power or minimum-power relays; certified Power Control Systems (PCS) with open-loop response time of 2 s or less can use Fast Track (Secondary: Energy Toolbase summary of the Res. E-5000-era changes). Other paths: Sec. M / Mm inadvertent export using UL 1741 SA-listed inverters; Sec. N expedited interconnection for Non-Export Energy Storage; Sec. O certified non-export AC/DC converters; Rule 21 Non-Export agreement. NEM/NBT expansions above the 10%/1 kW limit can go on a Non-Export agreement without losing legacy status. Limited Generation Profiles (Res. E-5230 workshops) are an emerging path.,"No for the sized-to-load test, which uses renewable generator output only. Yes for the 1 MW threshold: Integrated or Directly Connected storage nameplate is added to aggregate facility nameplate (SCE Sched. NBT SC 1.b.iii.B). Large paired storage (>10 kW AC) is capped at 150% of the renewable generator's maximum output (D.19-01-030). D.20-06-017 suspended that cap from 2020-08-16; an Executive Director extension ran it to 2025-08-15. Whether the 150% cap is now enforced again is Unclear. Small paired storage (<=10 kW) has no relative size limit. SCE Sched. NBT SC 5.a.ii (Sheet 27, Advice 5228-E) says the waiver was extended by the Executive Director on 2023-09-05 and the 150% limit 'shall not apply until on and after August 16, 2025' - read literally the cap applies again from 2025-08-16; no later extension found, but not confirmed either. No limit on storage kWh.","None for NEM/NBT generation: NEM customers are exempt from standby charges (CPUC NEM page), and SCE Sched. NBT Rates 5 says no Standby or Customer Generation Departing Load charges apply to the NBT generating facility's capacity. Non-eligible generators on the same premises are not exempt.",,https://www.sce.com/sites/default/files/custom-files/PDF_Files/ELECTRIC_SCHEDULES_NBT.pdf,2026-09-23,Primary
NC,North Carolina Utilities Commission (NCUC),"N.C.G.S. 62-126.4 (H589, S.L. 2017-192); NCUC Docket E-100 Sub 180 Order Approving Revised Net Metering Tariffs (Mar 23 2023) + Order Granting Extension (May 17 2023) and Duke compliance tariffs filed Apr 3 2023 (DEC Leaf 72 Rider NM, Leaf 143 Rider NMB, Leaf 141 Rider RSC; DEP Riders NM-5, NMB-1, RSC-2); NC Interconnection Procedures (NCIP) eff. June 14 2019, Docket E-100 Sub 101 (text: https://www.duke-energy.com/_/media/pdfs/rates/ncinterconnections-dep.pdf?la=en)","IOU only (Duke Energy Carolinas, Duke Energy Progress, Dominion Energy NC). EMCs and municipals are not rate-regulated by NCUC and are not required to offer net metering; they set their own rules (see utility file)",Net billing,"Legacy Rider NM closed to new residential applicants (tariff text July 1 2023; extended to 9/30/2023 by May 17 2023 order); legacy residential participants must transfer to Rider NMB or another rider by Jan 1 2027. Successors: Rider RSC (Residential Solar Choice; requires Schedule R-TOU-CPP; netting within each TOU period incl. separate CPP period; NEEC for net excess; NBC; grid access fee above 15 kW; minimum bill) and Rider NMB (Net Metering Bridge; same credit/NBC/minimum bill but on any rate; annual kW enrollment caps; closed to new participants Jan 1 2027; Bridge Rate Period up to 15 calendar years from submission date of the applicable interconnection application, then transfer to RSC). Non-residential Rider NM not closed by these tariffs. BATTERY RETROFIT: riders require written notice of any Nameplate Capacity change within 60 days; neither NMB nor RSC text says a battery addition restarts the 15-yr Bridge term or forces a move to RSC - Unclear (a new interconnection application for the battery could arguably be 'the applicable interconnection application'; not addressed). MID-TRANSITION: legacy-to-NMB migration Jan 2027",20 kW AC and not more than estimated maximum monthly demand of the residence (Riders NMB/RSC),"1000 kW (legacy Rider NM, lesser of estimated max annual kW demand or 1,000 kW)","No statewide aggregate cap. Rider NMB annual enrollment capacity (kW AC, first-come first-served, reserved at interconnection application): DEC 2023 14,500 / 2024 31,900 / 2025 35,100 / 2026 38,700; DEP 2023 16,350 / 2024 35,900 / 2025 39,500 / 2026 43,500. Applicants after the annual cap must reapply next year or take RSC. Current subscription level not verified","Residential (NMB/RSC): nameplate <= lesser of estimated max monthly demand of residence or 20 kW AC. Non-residential legacy NM: <= lesser of estimated max annual kW demand or 1,000 kW",avoided cost,"Net Excess Energy Credit (NEEC): DEC 3.35 c/kWh, DEP 3.40 c/kWh (compliance tariffs eff. July 2023; later biennial updates not checked). Legacy Rider NM: 1:1 retail kWh (TOU customers netted by period)","Successor riders: monthly net excess credited in dollars at NEEC; credits roll forward (no forfeiture per installer summary). Legacy Rider NM: kWh credits roll monthly, forfeited annually",Legacy Rider NM only: unused credits forfeited June 1 (DEC) / May 31 (DEP) with no payment. Successor riders: no annual forfeiture (monthly NEEC crediting),"NCIP (June 14 2019) Attachment 4: IEEE 1547 + IEEE 1547.1 testing, UL 1741 certified equipment (edition not specified). IEEE 1547-2018 / UL 1741-SB implementation tracked by annual utility reports in Docket E-100 Sub 101B (Duke report Apr 1 2020; DENC Mar 15 2021); a dated mandatory 1547-2018 cutover was not found",Certified UL inverter-based only. Line <5 kV: 100 kW (500 kW if on mainline and <=2.5 circuit miles from substation); 5-15 kV: 1 MW (2 MW); 15-35 kV: 2 MW; >=35 kV ineligible,20 kW (Section 2 20 kW Inverter Process for certified inverter-based facilities),"$200 non-refundable (20 kW Inverter Process form, 2019 NCIP; 2015 NCIP was $100); Fast Track $750 (>20-100 kW), $1,000 (>100 kW-2 MW); Supplemental Review deposit $750 (>20-100 kW) and higher above; $500 pre-application report; $500 change of ownership; Study Process deposit + $1/kW AC capped at $100,000 aggregate","Above Fast Track limits (100 kW-2 MW depending on line voltage/location), non-inverter or uncertified equipment, lines >=35 kV, or failure of Fast Track/Supplemental Review screens -> Section 4 Study Process (System Impact + Facilities studies)","Utility discretion (NCIP 6.16: utility may require lockable, visible, accessible manual load-break disconnect; for certified inverter-based <=10 kW where not otherwise code-required, utility reimburses reasonable cost)","Residential <=250 kW: homeowner's policy with >= $100,000/occurrence liability; non-residential <=250 kW: CGL >= $300,000; non-residential >250 kW: CGL >= $1,000,000 (NCIP 6.15; self-insurance allowed if creditworthy)",20 kW process: utility has 15 business days to verify screens; Fast Track initial review within 15 business days of complete request; witness test within 10 business days of Certificate of Completion,"Yes-with-conditions (NCIP defines Generating Facility to include storage and asks kWh; adding storage/DC equipment not a Material Modification if output profile unchanged, NCIP 1.5.2. NEM riders admit only storage charged solely from onsite renewables)","No - Riders NM, NMB and RSC (DEC and DEP) only admit 'an energy storage device configured to receive electrical charge solely from onsite renewable energy generation'. A grid-charged battery would have to sit outside net metering (non-NEM arrangement not verified)","Partial: NCIP Interconnection Request asks for an hourly max import/export profile (flows above it = Adverse Operating Effect), and a Standby Generating Facility with zero export gets expedited Section 4 study (NCIP 1.8.3.4). No dedicated non-export Fast Track screen found",Unclear - 20 kW AC cap applies to 'Nameplate Capacity of Customer's installed generation system and equipment'; NBC/GAF billed per kW DC for solar or kW AC for non-solar; battery kW treatment not stated,"Not a standby charge per se: NBC $0.28/kW-mo (DEC) / $0.62/kW-mo (DEP) on nameplate; RSC Grid Access Fee $2.05 (DEC) / $1.50 (DEP) per kW above 15 kW; monthly minimum bill (customer+distribution portion) $22 (DEC NMB, DEC RSC, DEP NMB) / $28 (DEP RSC). DEP Rider NM-5: standby not required for residential or general service <=100 kW",15 kW (RSC grid access fee); 100 kW general service (DEP legacy NM standby waiver),https://starw1.ncuc.gov/NCUC/ViewFile.aspx?Id=96a20840-2be3-4ea5-8e75-4310c40c6d96,2026-09-26,Primary
SC,Public Service Commission of South Carolina (PSCSC); Office of Regulatory Staff,"S.C. Code 58-40-20 as amended by Act 62 of 2019 (SC Energy Freedom Act) - Solar Choice Metering; PSCSC Order 2021-390 (Duke, Docket 2020-264-E) and Order 2021-391 (DESC, Docket 2020-229-E); Order 2025-453 (DEC Rider NMT); SC Generator Interconnection Procedures eff. June 18 2021, Docket 2019-326-E, Order 2021-439 (https://etariff.psc.sc.gov/Uploads/tariffFile/0d678dc4-2ccb-4938-8f9c-cf3982a3b781); DESC Solar Choice rider https://etariff.psc.sc.gov/Uploads/tariffFile/36cec7b8-fe00-411a-87a1-320edcf87331; DEC Rider NMT https://etariff.psc.sc.gov/Uploads/tariffFile/ec070b41-9f5f-4c6f-a11a-480e0b73b559","IOU only (Duke Energy Carolinas, Duke Energy Progress, Dominion Energy South Carolina). Santee Cooper (state authority), electric cooperatives and munis are not bound by these tariffs and set their own net metering/interconnection rules (see utility file)",Net billing,"Act 62 Solar Choice Metering tariffs for applications on/after June 1 2021: Duke Rider RSC (requires Schedule R-STOU; netting within each TOU period, CPP exports netted against On-Peak; net excess per TOU period credited at avoided-cost-based rate; NBC per kW; minimum bill); DESC Solar Choice rider to Rate 5 (TOU kWh netting by period, kWh bank to November; minimum term 10 yrs). Legacy Duke Rider RNM (1:1): applications before 5/16/2019 through 12/31/2025; 5/16/2019-5/31/2021 through 5/31/2029. MID-TRANSITION: DEC Rider NMT (Order 2025-453, eff. 1/1/2026) takes legacy RNM/IRSC customers for up to 10 yrs (to 12/31/2035 for pre-5/16/2019 apps; 6/1/2029-5/31/2039 for later apps) with monthly netting and NEEC for excess, then Rider RSC. BATTERY RETROFIT: NMT/RSC dates are keyed to the 'original interconnection application date for the generation system' and customers must report Nameplate Capacity changes within 60 days; neither rider says a battery addition resets dates - Unclear, but the storage-charging restriction below would apply",20 kW AC (Act 62 customer-generator definition; Duke RSC/NMT and DESC Solar Choice riders),,None stated in the Solar Choice riders read (legacy DESC 2015 rider had a 0.2% of SC retail peak cap; that rider is closed),Customer-generator must be 'intended primarily to offset part or all of the customer-generator's own electrical energy requirements'; <=20 kW AC residential,avoided cost,DEC Rider RSC: $0.0397/kWh net excess per TOU period (Leaf 136 eff. 1/1/2024); DEC Rider NMT: 4.19 c/kWh (eff. 1/1/2026). DESC Solar Choice: excess kWh offsets same-TOU-period usage in later months; unused bank paid at avoided cost (Rate PR-1 off-peak winter energy credit) each November,"Duke: monthly dollar credit at NEEC (no kWh bank). DESC: kWh bank rolls monthly within TOU period, cash-out at avoided cost in November","DESC: November billing cycle, unused excess kWh paid at avoided cost and bank zeroed. Duke RSC/NMT: none (monthly crediting)","SC Generator Interconnection Procedures (June 18 2021) Attachment: IEEE 1547 + IEEE 1547.1 testing, UL certified inverters (edition not specified in text). No dated IEEE 1547-2018/UL 1741-SB mandate found",Certified UL inverter-based only. Line <5 kV: 100 kW (500 kW on mainline <=2.5 circuit miles from substation); 5-25 kV: 1 MW (2 MW); >=25 kV not eligible,20 kW (Section 2 20 kW Inverter Process; utility reserves circuit capacity per phase for <=20 kW projects),"Fast Track/20 kW: $100 (<=20 kW), $250 (>20-100 kW), $500 (>100 kW-2 MW); $50 transfer of ownership; Study Process deposits separate (Duke cluster appendix $10,000 study deposit)","Above Fast Track limits (100 kW-2 MW by voltage/location) or failure of Fast Track screens -> Section 4 serial Study Process, or Commission-authorized Cluster Study (utility appendix)",Required for 20 kW Inverter Process per its Terms and Conditions (manual load-break disconnect immediately adjacent to utility meter unless utility agrees otherwise); utility discretion above; utility reimburses cost for certified inverter-based <=10 kW when not code-required,"Residential <=250 kW: homeowner's policy >= $100,000/occurrence; non-residential <=250 kW: CGL >= $300,000; non-residential >250 kW higher (amount not read)",20 kW process: utility has 15 business days to complete screening; witness test within 10 business days or deemed waived,Yes-with-conditions (customer-generator definition includes energy storage charged solely from onsite renewables; SC GIP application collects storage data),"No - Act 62 customer-generator definition, repeated in Duke RSC/NMT and DESC Solar Choice riders, covers only 'an energy storage device configured to receive electrical charge solely from an onsite renewable energy resource'",Unclear - no defined non-export/limited-export screen found in SC GIP text searched,Unclear - 20 kW AC cap applies to 'Nameplate Capacity of Customer's installed generation system and equipment'; NBC billed on kW DC for solar or kW AC for non-solar,No standby charge for Solar Choice residential. Duke: non-bypassable charge per nameplate kW (NMT: $0.45/kW for apps on/after 6/1/2021; RSC amount not read); NMT minimum customer & distribution charge $10; RSC minimum bill = Basic Facilities Charge plus rate-schedule minimum. DESC Solar Choice minimum bill $13.50/month,,https://etariff.psc.sc.gov/Uploads/tariffFile/c8e8e7f7-11b2-4602-a23c-5be72f015998,2026-09-26,Primary
GA,Georgia Public Service Commission (Georgia Power); EMC and municipal governing bodies for their own systems,"Georgia Cogeneration and Distributed Generation Act of 2001, O.C.G.A. 46-3-50 to 46-3-56; Georgia Power Schedule RNR-11 (eff. Jan 2023 bills; GPSC Dockets 4822 and 16573); Georgia Power Rules and Regulations Section G (Customer Generation) https://www.georgiapower.com/content/dam/georgia-power/pdfs/business-pdfs/tariffs/2023/Rules-Regs.pdf; GPC BTM Interconnection Summary (Residential) rev. 08.15.2025 https://www.georgiapower.com/content/dam/georgia-power/pdfs/company-pdfs/solar-pdfs/btm-distribution-interconnection-summary-residential.pdf","All utilities for the statutory purchase obligation ('electric service provider' includes electric utilities, EMCs and municipal utilities); PSC sets rates/interconnection terms only for Georgia Power; EMCs and munis set price and interconnection rules through their own governing bodies (46-3-56(b),(d))",Instantaneous netting,"Georgia Power RNR-Monthly Netting (5,000-customer pilot) closed to new participants; non-transferable, 15-year term expiring no later than 12/31/2038, then automatic move to RNR-Instantaneous Netting. New customers: RNR-Instantaneous Netting (every kWh exported at any instant credited at Solar Avoided Energy Cost + 4 c/kWh adder)",10 kW AC (statute and RNR; capacity = aggregate inverter nameplate at service point),100 kW (statute); Georgia Power RNR allows commercial up to 250 kW AC (100-250 kW limited to 125% of prior-year metered peak demand),"0.2% of the utility's previous-year annual peak demand (O.C.G.A. 46-3-56(a); GPC RNR-Instantaneous first-come first-served to 0.2%); once subscribed, provider may purchase at a price set by PSC/governing body. Subscription level not verified",GPC: 100-250 kW commercial <=125% of preceding year's metered peak demand; no residential consumption-based rule in RNR-11,avoided cost,"GPC RNR-Instantaneous: Solar Avoided Energy Cost (updated annually under Renewable Cost Benefit framework, Docket 16573; value not read) + 4 c/kWh Renewable Generation Adder. RNR-Monthly (legacy): excess kWh offsets monthly consumption, remainder at Solar Avoided Energy Cost",Monthly: credits summed monthly and applied to that month's bill (carryover of credits exceeding the bill not stated in tariff),None stated,Georgia Power: Southern Company DER Parallel Operation policy; inverters and AC-coupled battery gateways must be listed UL 1741 SB and IEEE 1547-2018 (BTM Summary 2025); >=250 kW needs local communications interface per IEEE 1547-2018 (Rules and Regs G.3). Statute requires NEC/NESC/IEEE/UL compliance only,No statewide tiered fast-track; Georgia Power uses a single PowerClerk BTM process below 250 kW,,"Georgia Power: one-time $100 residential, $200 commercial/industrial; for <250 kW covers review, metering/programming and witness testing (Rules and Regs G.4)",250 kW (Georgia Power: system impact study + witness testing mandatory at >=250 kW; smaller units only if deemed a risk),"Required by Georgia Power (one-line must show generation AC disconnect(s) isolating the facility, visible load-break details per Construction Guidelines); no statewide rule",Statute bars providers from requiring additional liability insurance from a compliant customer generator (O.C.G.A. 46-3-56(e)),,"Yes-with-conditions (GPC: UL 1741 SB/IEEE 1547-2018 inverters; backup-capable systems need open-transition, mechanically interlocked transfer switch and DB 18-23 non-export form)",Unclear - RNR-11 credits any metered 'Excess Energy' delivered to the grid and says nothing about battery charging source; GPC summary describes batteries for 'self-consumption only' use; no rule found that bars or permits crediting of grid-charged exports,"Yes - Georgia Power Energy Offset Only (EOO) agreement (no export, no compensation, utility may require export-prevention equipment; default if customer does not pick a program); DB 18-23 non-exporting generator form",Yes (Georgia Power): AC capacity is aggregate inverter nameplate at the service point; a battery system with maximum inverter capability >10 kW (even if derated) makes a residential customer ineligible for RNR,None found. RNR single-directional metering charge $5.97/mo (single-phase) or $12.66/mo (poly-phase) where used; bi-directional metering free,,https://www.georgiapower.com/content/dam/georgia-power/pdfs/residential-pdfs/residential-rate-plans/RNR-11.pdf,2026-09-26,Primary
FL,Florida Public Service Commission (FPSC),Rule 25-6.065 F.A.C. (eff. 4/7/2008); s. 366.91(5)-(6) F.S.,"IOU only (FPL, Duke Energy Florida, Tampa Electric, FPUC). Municipals and co-ops are exempt from 25-6.065 but s. 366.91(6) F.S. requires each muni and retail co-op to adopt its own standardized interconnection agreement and net metering program (governing body sets terms; annual report to FPSC) -- see utility file deltas",Full retail NEM,None. Full retail NEM survives; 2022 HB 741 (which would have phased NEM down) was vetoed. No open FPSC rulemaking to change 25-6.065 found as of 2026-09-24,2000,2000,None in rule,"Gross power rating (AC = DC x 0.85) must not exceed 90% of customer's distribution service rating; rule sets no consumption-based cap, but utility guidelines add one (e.g. FPL <115% of annual kWh)",1:1 retail (monthly kWh carry-forward); annual cash-out at avoided cost,"Monthly excess credited as kWh against next bill at retail; year-end unused credits paid at average annual rate of utility's COG-1 as-available energy tariff (utility-specific, not a single statewide value)",kWh credits roll monthly for up to 12 months; cash-out at avoided cost (COG-1) at end of calendar year and on account closure,End of each calendar year (December bill): unused kWh credits paid at average annual COG-1 as-available energy rate,IEEE 1547 (2003) + IEEE 1547.1 (2005) + UL 1741 (2005) per rule text -- rule not updated for IEEE 1547-2018/UL 1741-SB; utility agreements cite IEEE 1547/UL 1741 current editions generically,"10 (Tier 1: no design review, no fees, no insurance); 100 (Tier 2: no further design review or extra equipment beyond disconnect)",100,"Tier 1: none allowed; Tier 2 and Tier 3: utility-proposed, FPSC-approved cost-based fee (e.g. FPL $400 Tier 2, $1,000 Tier 3); Tier 3 may add an Interconnection Study Charge",100 (Tier 3 >100 kW to 2 MW may require interconnection study),Waived for inverter-based Tier 1 (unless installed at utility expense); utility may require visible-break lockable manual disconnect for Tier 2/3,Tier 1: none (may be recommended); Tier 2: general liability up to $1M; Tier 3: up to $2M,10 business days completeness notice; agreement executed within 30 calendar days of complete application (90 days if Tier 3 study); inspection within 30 days of executed agreement,Yes-with-conditions,Unclear,Not in rule. Stand-alone/grid-charged storage goes through the utility's Small Generator Interconnection Procedures (non-export -> no agreement needed at FPL if no utility equipment required),Unclear (rule and tiers are defined on renewable gross power rating; battery not addressed in rule),Rule 25-6.065(8)(h): NEM customer continues to pay customer and demand charges; may at its discretion elect utility's standby/supplemental service rate. No mandatory standby charge on NEM customers,N/A (no mandatory standby charge on NEM customers; standby rate optional per 25-6.065(8)(h)),https://www.law.cornell.edu/regulations/florida/Fla-Admin-Code-Ann-R-25-6-065,2026-09-24,Primary
AL,Alabama Public Service Commission (APSC),"No statewide net metering or DG interconnection statute/rule. APSC-approved Alabama Power tariffs govern: Rate Rider RGB (Informal Docket U-4226, order 11/5/2021, eff. April 2022 billings); Rate PAE + Special Rules PAE (Docket 18005); APC DER Interconnection Process (July 2025) and DER Technical Interconnection Requirements Guidebook V3.2 (Feb 2026)",No statewide rule. APSC regulates Alabama Power only among retail utilities with DG tariffs; TVA-served munis/co-ops in north AL follow TVA (see TN row / Huntsville Utilities delta); non-TVA co-ops (PowerSouth members) and munis set their own terms,No statewide rule,No net metering at Alabama Power: exported energy bought at avoided cost under Rate PAE (<=100 kW; >100 kW Rate CPE contract); customer-generators must take Rate Rider RGB back-up service (capacity reservation charge),N/A (no NEM). Rate PAE sellback available to facilities <=100 kW nameplate,N/A (no NEM). Rate PAE <=100 kW; larger via Rate CPE,None (no NEM program),None (no NEM),avoided cost,"Alabama Power Rate PAE (44th rev., eff. April 2023 billings, as posted): TOD option Jun-Sep 7.44c/kWh weekdays 10am-9pm CT, 5.23c other; Oct-May 4.86c weekdays 7am-9pm, 4.41c other. Time Advantage option 4.40-7.69c/kWh; FD-D option 4.41-6.73c/kWh. Monthly base charge $0.97 (1-ph) / $1.91 (3-ph)",PAE credits exceeding charges carried forward on account; check issued on customer request or termination,None (no NEM),"IEEE 1547-2018; UL 1741-SA or -SB listed inverters for Tier I/II, UL 1741-SB for Tier III (APC DER TIR Guidebook V3.2, Feb 2026)","25 (Tier I, no study fee, 1-2 week review)","100 (Tier II >25-100 kW, 2-4 week review)","Tier I <=25 kW: $0; Tier II >25-100 kW: $500; Tier III >100 kW: $1,000 screening fee (+ $300 optional pre-application; further studies ~$10k-$50k)",100 (Tier III screening; detailed distribution/transmission study if screen fails),"Required: manually operable, visible-break, lockable, 24/7-accessible AC disconnect isolating entire DER (Guidebook sec. 6.1)",<=25 kW: recommended only; >25 kW: general liability >= $1M per incident naming APC as insured (Special Rules PAE rule 13),"No rule timeline; APC published targets: Tier I 1-2 wks, Tier II 2-4 wks, Tier III 4-12 wks (studies up to 26 wks). Design approval valid 365 days",Yes-with-conditions,Unclear,Yes: Guidebook defines Non-Export Generation (NEG) / Limited-Export Generation; Power Control Systems (UL 1741 CRD PCS or UL 3141) accepted for software export limits; >100 kW export limit set by impact study with backup export-limit relay. NEG still requires interconnection application and RGB applies,Tiers set by total aggregate nameplate of DER energy conversion devices (batteries/inverters listed); whether battery inverter kW is added to PV kW for tiering and RGB nameplate billing: Unclear,Rate Rider RGB (required for any customer with parallel non-emergency on-site generation): Capacity Reservation Charge $5.41/kW-month (secondary) or $4.87/kW-month (primary) on generator nameplate (customer may request calculated actual capacity need); alternative for qualifying residential customers: Rate RTA with 71c/kWh energy charge Jun-Sep weekdays 3-5pm in lieu of CRC. PURPA challenge: FERC declined enforcement 2021; M.D. Ala. granted summary judgment for APSC/Alabama Power 2026-03-25; appeal status not verified,"No size exemption: RGB applies to any parallel non-emergency generation (for customers on rates outside the listed schedules, generation must be <= lesser of 6% of max demand or 25 kW)",https://www.alabamapower.com/content/dam/alabama-power/pdfs-docs/Rates/RGB.pdf,2026-09-26,Primary
TN,Tennessee Valley Authority (federal; sets terms for its local power companies via wholesale power contracts). Tennessee Public Utility Commission has no jurisdiction over TVA LPCs,No Tennessee net metering or DG interconnection statute/rule. TVA Dispersed Power Production (DPP) Guidelines + Dispersed Power Price Schedule CSPP (PURPA avoided cost); TVA Green Connect program; each LPC interconnection agreement/policy,"TVA-served LPCs (munis and co-ops = essentially all of TN). Each LPC sets its own interconnection agreement, fees, insurance and disconnect rules; TVA sets the export purchase terms (DPP). Kingsport Power (AEP, TPUC-regulated) not covered here",No statewide rule,Net metering not available in TVA service area (TVA Green Connect FAQ). Excess or all generation may be sold to TVA under DPP at avoided cost (5-year PPA with TVA; requires executed LPC interconnection agreement). TVA Green Power Providers (retail-plus premium) closed to new participants,N/A (no NEM). DPP accepts renewable QFs up to 80 MW,N/A (no NEM),None for DPP,None (no NEM),avoided cost,"TVA DPP Schedule CSPP eff. 2025-12-01: Part A (meters <500 kW or not time-differentiated) 3.766c/kWh flat; Part B (>500 kW interval-metered): Super Peak 4.261, On Peak 4.212, Off Peak 3.736, Super Off Peak 3.538 c/kWh. Revised monthly-to-annually by TVA",None: DPP pays monthly via ACH for metered energy delivered to TVA (separately metered from LPC retail service),None,Set by each LPC (TVA requires anti-islanding trip <10 cycles in DPP PPA),"None at TVA level (tiers, if any, set by each LPC)","None at TVA level (tiers, if any, set by each LPC)",Set by each LPC (varies),250 (TVA transmission screening for DPP facilities >250 kW; TVA transmission study if screen fails or >5 MVA),Set by each LPC,TVA requires none; many LPCs do (per TVA Green Connect FAQ),No TVA-level timeline; set by each LPC (e.g. MLGW technical review ~4-5 weeks; NES application due >=60 days before operation),Yes-with-conditions,Unclear,Yes in practice: behind-the-meter self-consumption without DPP enrollment still needs LPC interconnection agreement; non-export path rules set per LPC,N/A (no NEM cap),None at TVA level; LPC-specific (TVA wholesale rate structure lets LPCs add grid-access/fixed charges),"N/A at TVA level (LPC-specific, e.g. MLGW availability charge on all self-generators)",https://www.tva.com/docs/default-source/1-float/dpp_terms_and_conditions2d444866-fc37-4652-b6c9-e4c9be094af4.pdf,2026-09-26,Primary
MA,Massachusetts Department of Public Utilities (DPU),"Net metering: G.L. c. 164 secs. 138-140; 220 CMR 18.00 (as amended D.P.U. 21-100-A, D.P.U. 23-140-A/-C; D.P.U. 23-20-A); storage pairing D.P.U. 17-146-A (2019-02-01). Interconnection: uniform DPU-approved 'Standards for Interconnection of Distributed Generation' tariff filed by each EDC - NSTAR/Eversource M.D.P.U. No. 55D (filed 2026-04-09, effective 2026-05-01); Massachusetts Electric/Nantucket M.D.P.U. No. 1599 (issued 2025-05-06, effective 2025-06-01; cancels No. 1579 eff. 2025-04-15). MID-TRANSITION: IIRG proposed revisions to Simplified/Expedited process, system-modification costs and storage definitions docketed as D.P.U. 25-48 (investigation opened 2025-05-27); EDCs filed a joint Common System Modification (CSM) Fee proposal 2026-03-27 - outcome not verified.","IOU only - NSTAR Electric (Eversource), Massachusetts Electric and Nantucket Electric (National Grid), Fitchburg Gas & Electric (Unitil). The 40+ municipal light plants (MLPs) are not DPU-jurisdictional for net metering or DG interconnection and set their own policies (see utility file).",Full retail NEM,No successor - net metering remains open subject to caps. DOER SMART 3.0 (225 CMR 28.00) production incentive is paid on top of net metering credits (SMART facilities cannot also generate SMART alternative on-bill credits and net metering credits for the same output).,"60 (Class I, any generating technology incl. non-renewable, kW; AC basis not verified); no separate residential class","2000 private / 10000 public for solar, wind, anaerobic digestion (Class II >60 kW-1 MW; Class III >1-2 MW private, >1-10 MW public)","General program caps: private 7% / public 8% of each EDC's highest historical peak load. Dec 2024: Eversource 408.24 MW private / 466.56 MW public; National Grid MECo 359.191 / 410.504 MW; Nantucket 4.069 / 4.650 MW; Unitil 7.167 / 8.191 MW. Cap-exempt: Class I renewable <=25 kW (nameplate cap exempt), and renewable Class I >25 kW / Class II / Class III serving on-site load with an ISA dated on/after 2021-01-01 (non-governmental). Cap allocations via MassACA. Current subscription level not checked.",,"1:1 retail (standard credits: basic service + distribution + transmission + transition per-kWh; excludes customer charge, SBC/EE, demand charges); 'market net metering credits' for New Solar Class I >25-60 kW, Class II, Class III and cap-exempt on-site-load facilities = 60% of net excess generation (100% for municipal/governmental hosts) per Appendix A of each EDC net metering tariff","Example: Eversource East R-1 Class I cap-exempt credit Aug 2024 ~27.607 c/kWh (basic service 15.772 + distribution 7.820 + transmission 4.052 + transition -0.037). Varies by EDC, rate class and month.","indefinite (credits in $ never expire), except cap-exempt facilities serving on-site load, whose credits are cashed out or carried over each March at the EDC avoided cost rate (ISO-NE LMP-based); Class III / small hydro may be cashed out at EDC election",None for standard net metering. Cap-exempt facilities serving on-site load: end of March annual cash-out/carry-over at avoided cost rate (220 CMR 18.05(5); D.P.U. 21-100-A p.48).,IEEE 1547 / IEEE 1547.1-listed equipment ('Listed' = passed IEEE 1547.1 tests); tariff definitions still cite IEEE 1547-2003 text; Eversource applies new inverter requirements to applications from 2023-10-01. Explicit IEEE 1547-2018 / UL 1741 SB requirement not verified in the tariff text read.,No kW ceiling - Expedited Process covers Listed facilities that do not qualify for Simplified and pass Screens 1-10; failure moves to Standard Process,"25 (Listed inverter-based, single-phase on single-phase service or three-phase on three-phase service, radial circuit; area network: <=25 kW and <1/15 of customer minimum load)","Simplified radial: $0. Simplified network: $100 (<3 kW) / $300 (>3 kW). Expedited/Standard: $4.50 per kW AC, min $300, max $7,500 (Eversource MA application page; same figure reported for National Grid MECo M.D.P.U. 1579 - secondary; Unitil not verified). Pre-Application Report: $100 <250 kW, $250 250-500 kW, $750 >500 kW (pre-app prompted in PowerClerk at >=250 kW AC). Supplemental Review hourly charges not verified.",No fixed kW trigger - Supplemental Review / Impact Study when a screen fails or Supplemental Review exceeds 30 engineering hours; Group Study when multiple applications share a Common Study Area; ISO-NE Affected System Operator (ASO) study when an Affected System impact is identified (tariff timeframes pause during ASO Study),,"Tariff Section 11 sets insurance requirements (self-insurance allowed, Sec. 11.4); dollar amounts by size not verified","Simplified radial: 3 BD acknowledge, 10 BD review (20 BD if Screen 5 fails), 10 BD witness test after Certificate of Completion. Simplified network: 30 BD review once minimum load known. Standard ISA delivery tables: 100/125/160 days depending on complexity and whether system modifications < or >= $1.5M. Group Study ISA 15/25/35 days after notice period by group size.","Yes-with-conditions - ESS interconnects under the same DG tariff. Adding ESS to an existing solar facility is expressly NOT a 'Facility expansion' under NSTAR M.D.P.U. 55D Sec. 3.5 (handled by ISA amendment, not an Expansion Amendment), but Simplified-process facilities that expand need a new Conditional Approval for the full capacity. Net metering eligibility of paired storage limited to configurations in D.P.U. 17-146-A. Adding ESS to an existing net-metered facility is allowed if configuration conforms to D.P.U. 17-146-A (report to EDC + System of Assurance); non-conforming = loss of NM eligibility and cap allocation (mass.gov Energy storage and net metering page). Host customer holds energy/capacity rights of the ESS (D.P.U. 17-146-B at 22).",Requires non-export - per DPU summary of D.P.U. 17-146-A (mass.gov 'Energy storage and net metering'): ESS that can export and charges from both the NM facility and the grid is NOT eligible to net meter; ESS that cannot export may charge from facility and grid and remain eligible; exporting ESS must charge only from the NM facility. Non-export configurations may inadvertently export max 30 seconds and such export is not compensated. Ineligible paired systems may still interconnect as a Qualifying Facility. Existing or new NM facilities adding ESS must report it to the EDC and the System of Assurance Administrator; a non-conforming paired system loses NM eligibility and forfeits its cap allocation. Source: https://www.mass.gov/info-details/energy-storage-and-net-metering,"Yes-with-conditions - tariff recognizes an EDC-approved export limiting scheme for inverter-based generation plus integrated ESS ('Maximum Export Capacity'), used at least for Group Study common-system-modification cost allocation (Sec. 3.4.1(h)); 'changes to export/import control requirements' are not a Facility expansion. ConnectedSolutions non-export path not verified.",Unclear,,,https://www.mass.gov/info-details/net-metering-guide,2026-09-26,Primary
RI,Rhode Island Public Utilities Commission (RIPUC),"Net metering: R.I. Gen. Laws ch. 39-26.4 (secs. 39-26.4-2, -3; amended P.L. 2023 ch. 300/301 and P.L. 2025 ch. 256/269); RI Energy Net Metering Provision R.I.P.U.C. No. 2075 (as amended). Storage pairing: RIPUC Order No. 22991 (Docket 4743, 2017-12-22) and Docket 4982 declaratory ruling (Open Meeting 2019-12-17). Interconnection: Narragansett Electric d/b/a Rhode Island Energy 'Standards for Connecting Distributed Generation' R.I.P.U.C. No. 2258 (eff. 2022-09-01; still cited as current in Docket 25-24-EL, 2025-2026). MID-TRANSITION: RIPUC Docket 24-34-EL (Development of Tariffs Applicable to Energy Storage Systems Connected to the Distribution System, opened 2024) and Docket 5000 (storage as a distribution resource) - outcomes not verified.",IOU (Rhode Island Energy / Narragansett Electric). Block Island Utility District and Pascoag Utility District are excluded from the statutory EDC definition and must offer net metering under their own RIPUC-approved tariffs (R.I. Gen. Laws 39-26.4-2(3)).,Full retail NEM,"No successor - net metering open. For projects after 2023-04-15 subject to the 275 MWac cap under 39-26.4-3(a)(1)(vi) (ground-mounted remote systems), the renewable net-metering credit is reduced by 20% (39-26.4-2(22)); OER summarizes this as a 20% cut for projects initiated after 2023-04-15. Whether the 20% reduction reaches behind-the-meter rooftop systems (which are exempt from the 275 MW cap) not verified.",10000 (10 MW nameplate max for any eligible net-metering system); no separate residential cap,"10000 (10 MW nameplate; virtual/remote NM for public entities, C&I, community remote also up to 10 MW)",No aggregate cap on behind-the-meter NM. 275 MWac cap on ground-mounted remote NM systems (must be operating/under construction by 2030-07-01; excludes systems behind the customer's meter or serving same-owner contiguous accounts). Community remote NM 30 MW (legacy) plus redesigned OER community program 20 MW/yr up to 40 MW. Subscription level not checked.,<=25 kW nameplate: no sizing restriction based on prior consumption. >25 kW: reasonably designed to produce <= 3-year average annual on-site consumption (projected use allowed until history exists) (39-26.4-2(6)).,"1:1 retail up to 100% of billing-period consumption (renewable net-metering credit = last resort service + distribution + transmission + transition per-kWh charges; 80% of that for post-2023-04-15 capped projects). Excess >100%: 'excess renewable net-metering credit' at the ISO-NE energy clearing price per the current statute (OER page still describes it as the last resort service rate - statute text controls); for systems >25 kW, excess credit limited to 100-125% of usage; <=25 kW all excess eligible.",,"Carry forward; EDC may elect to issue checks in lieu of credits, and may administer <=25 kW residential credits month to month with carry-forward. Customer may cash out any remaining balance after annual reconciliation at the lower of reconciled balance or current balance (39-26.4-3(a)(2),(4)).",Optional: EDC may use a 12-month estimated billing plan reconciled annually; customer cash-out option after annual reconciliation. Month not specified in statute.,IEEE 1547 / IEEE 1547.1 'Listed' (tariff definitions still cite IEEE 1547-2003 terms); all Facilities must meet IEEE 1547 ride-through/VAr attachments and RI Energy ESB-756. Explicit IEEE 1547-2018 / UL 1741 SB date not verified in the tariff text read.,No kW ceiling - Expedited Process for Listed Facilities on radial EDS that pass screens (spot/area-network Simplified candidates also go to Expedited),"25 (Listed inverter-based, export capability <=25 kW, secondary service matching phase, radial EDS)","Simplified: $0. Expedited/Standard: $3/kW, min $300, max $2,500. Pre-Application Report: $100 <250 kW / $250 250-500 kW / $750 >500 kW (credited against application fee if applied within 15 BD). Expedited Supplemental Review up to 10 engineering hours at $125/hr ($1,250 max). Renewable Feasibility Study (in lieu of application fee): residential $0 <=25 kW / $50 >25 kW; non-residential $100-$2,500 by size. Impact Study/ISRDG: actual cost (deposits residential >25 kW $100; non-res $500-$10,000). R.I.P.U.C. No. 2258 Table 2.",No fixed kW trigger - Standard Process Impact/Detailed Study when screens fail; Pre-Application Report mandatory at larger sizes (>=250 kW threshold referenced); ISO-NE Affected System review can extend timelines,"Utility discretion - for Listed inverters the Company 'may require' an external gang-operated, visible-break, lockable disconnect (or comparable device by mutual agreement) at the PCC (R.I.P.U.C. No. 2258 Sec. 4.2.4(b))","Tariff Section 10 (General Liability, Insurer Requirements, Evidence of Insurance) - dollar amounts not read (text truncated)","Simplified: 3 BD acknowledge, 10 BD completeness, 10 BD screen review (+30 BD supplemental), total 20/50 days to ISA; 10 BD witness test after Certificate of Completion. Expedited: 25 BD screens, 45/65 days total. Standard: 135/155 days (175/200 calendar if Detailed Study). System Modifications for renewables: 270/360 calendar days (substation). R.I.P.U.C. No. 2258 Table 1.","Yes-with-conditions - ESS may be part of a Facility under R.I.P.U.C. No. 2258 (Nameplate Rating includes ESS; Simplified/Expedited eligibility requires all generating and ESS equipment be non-rotating inverter-based with UL-listed export-limiting components). Net metering eligibility of paired storage: RIPUC Order 22991 (<=25 kW AC solar+battery) and Docket 4982 ruling (all sizes) - battery charged only from the renewable system, host not on TOU rates, no claim to capacity/ancillary-service values, whole system behind the retail meter. Adding a battery does not change the NM system size (Order 22991 at 5-6: capacity = PV inverter rating). Standalone-storage tariffs pending in Docket 24-34-EL.","No - for net-metered paired systems, the battery must charge only from the solar/renewable generator; RIPUC Docket 4982 (2019-12-17) gave RI Energy the right to inspect to ensure 'no charging of the storage unit from the electric grid'. Export of battery discharge is allowed (Order 22991 struck the no-discharge condition). Grid-charged storage would fall outside net metering (treatment as standalone storage pending Docket 24-34-EL).","Yes - R.I.P.U.C. No. 2258 Sec. 4.3 'Limited-Export and Non-Exporting Facilities' (power limiting via protective functions, reduced rating, mutually agreed means; Power Control Systems allowed, may not assume a minimum site load); Export Capacity (not Nameplate) used for screening when limited by acceptable means",No - RIPUC Order 22991: solar+storage capacity equals the PV inverter nameplate; adding a battery does not alter system size for NM sizing. (Interconnection Nameplate Rating does include ESS.),Statute requires RIPUC to exempt accounts with an eligible net-metering system from back-up or standby rates commensurate with the NM system size (39-26.4-3(b)); NM accounts otherwise keep their normal class rates incl. customer and demand charges.,,https://webserver.rilegislature.gov/statutes/title39/39-26.4/39-26.4-2.htm,2026-09-26,Primary
CT,Connecticut Public Utilities Regulatory Authority (PURA),"Export comp: Residential Renewable Energy Solutions (RRES) created by P.A. 19-35 (C.G.S. 16-244z); RRES Program Manual v2024.1 (Docket 23-08-02 Order 18, eff. 2024-01-01); annual rate setting dockets (21-08-02, 22-08-02, 23-08-02 and successors). Legacy net metering closed to new applications after 2021-12-31. Interconnection: Eversource/UI joint 'Guidelines for the Interconnection of Residential Single Phase Certified Inverter-Based Generating Facilities of 25 kW(ac) or Less' (Docket 03-01-15RE04, rev. 2022-12-06) and 'Guidelines for Generator Interconnection Fast Track and Study Process' (Docket 17-12-03RE06). Storage incentive: Energy Storage Solutions (Docket 17-12-03RE03, 2021-07-28; redesigned for applications on/after 2026-04-01). MID-TRANSITION: PURA flexible interconnection proceeding (Docket 25-01-27, technical meeting 2026-03); RRES/NRES statutory program window (reported to end with 2027 applications) not verified.","IOU only (Connecticut Light & Power d/b/a Eversource, United Illuminating). Municipal utilities (e.g., Wallingford, Norwich, Bozrah, Groton, Norwalk, Lebanon territories) are outside these EDC guidelines/programs and set their own rules.",Net billing,"RRES (applications from 2022-01-01), 20-year term, customer chooses once (cannot switch): (1) Netting Tariff - monthly netting, net excess credited at the full retail rate (standard service supply + delivery) plus a production-meter REC $/kWh (2026 base $0.000 plus adders) and, for 2026 enrollees, a non-bypassable Solar Energy Adjustment charge on production ($0.0402/kWh per Eversource 2026 rate table); (2) Buy-All Tariff - utility buys 100% of production at a fixed 20-yr rate (2026: $0.3289/kWh; 2025: $0.3195; 2024: $0.3189) with income-eligible and distressed-municipality adders. Legacy net-metering customers stay on NM until the PV system is removed (RRES FAQ Q72). Non-residential >25 kW: NRES competitive procurement (details not verified).","25 (kW AC inverter nameplate, total for all qualified systems on a 1-4 unit premise; co-located/paired storage capacity does NOT count toward the 25 kW cap)",Not covered by RRES; >25 kW goes to NRES procurement (limits not verified),Annual rate setting targets roughly 50-60 MW/yr of residential deployment (RRES manual); no hard aggregate cap verified,"Expected annual production <= highest consecutive-12-month consumption in last 5 years (+5% variance) plus allowances for up to two EVs (3,285 kWh each) and a whole-home heat pump (ASHP 3,608 / GSHP 2,458 kWh); <12 months history or new construction: up to 9 kW AC without usage showing",Netting: 1:1 retail (monthly net excess at retail rate incl. standard-service supply) less Solar Energy Adjustment on total production for 2026 enrollees. Buy-All: fixed $/kWh for all production (includes RECs).,"Buy-All 2026 $0.3289/kWh (+$0.055 income-eligible, +$0.0275 distressed municipality). Netting 2026: retail rate for net excess; REC $0.000 base (+$0.035 income-eligible, +$0.0175 distressed); Solar Energy Adjustment $0.0402/kWh of production (Eversource CT 2026 rate article, secondary).","Netting: monetary on-bill credits carry forward month to month indefinitely and offset customer, supply and delivery charges; cash-out only when the account is closed. Buy-All: accumulated bill credits cash-out available annually on request (from 1-year anniversary of approval to operate).","None for Netting (indefinite rollover, cash-out at account close). Buy-All annual cash-out option.",Latest IEEE 1547 series; UL 1741 SB required for applications on/after 2023-01-01 (EDCs may delay for supply-chain reasons); ISO-NE source requirement document for trip/ride-through settings,2000 (Fast Track: residential inverters >25 kW (Eversource page says >50 kW) and C&I <=2 MW passing screens),"25 (residential single-phase certified inverter-based, aggregate nameplate kW AC; storage AC capacity counts toward this interconnection level)","<=25 kW certified inverter: $200. Fast Track (0-2 MW): $500. Study Process (>2 MW): $1,000 plus actual study cost. RRES application fee $129 (2022 example) separate from interconnection fee. Production meter fees (Eversource $230-$282; UI $181-$274).",2000 (Study Process >2 MW or screen failure in Fast Track),"Required - manual, lockable, gang-operated visible-break AC Isolation Device outdoors within 10 ft of the utility meter for generating facilities >1 kW unless waived in writing by the EDC; all Netting and Buy-All systems must have an AC disconnect grouped with the production meter","<=25 kW residential: EDC does not require insurance (customer holds EDC harmless). Fast Track/Study: minimum liability $300,000 (0-100 kW), $1M (100 kW-1 MW), $2M (1-5 MW), $5M (>5 MW) (Eversource CT)","<=25 kW: 3 BD acknowledge, 10 BD completeness, contingent approval within 15 BD after tariff-compliance approval; 10 BD for inspection/witness after inspector approval. Fast Track: 15 BD initial review. Study: 105-120 BD.","Yes - energy storage is a 'Generating Facility' under the CT guidelines; paired storage allowed under RRES (does not count toward 25 kW RRES cap but does count toward interconnection level). Retrofit: a battery added to an existing net-metered or RRES system must go through interconnection as storage only (no new RRES application if no solar added), must be located behind the existing inverter and/or not increase the effective system AC size (RRES FAQ Q68); legacy NM customers keep NM until PV is removed (Q72) - adding storage does not by itself end legacy NM on that basis. RRES does not preclude battery discharge to the grid (Q70). ESS program requires residential batteries be export-capable unless exempted.","Unclear - no CT rule located that prohibits or permits grid charging of a battery paired with a Netting or legacy NM system; the RRES manual and FAQ are silent. Netting credits are computed on the net of the bi-directional revenue meter, and the REC incentive on a separate PV production meter, so grid-charged discharge would net against the revenue meter; no explicit crediting rule found. ESS program (Active Dispatch) compensation is performance-based and does not address charging source in the text read.",Unclear - self-consumption/no-export systems must still go through interconnection (RRES FAQ Q15); flexible interconnection proposals pending in Docket 25-01-27. Defined relay-based non-export path not verified.,No (for RRES 25 kW AC cap) / Yes for interconnection review level (RRES Manual Sec. N and fn. 31),,,https://portal.ct.gov/-/media/PURA/Residential-Renewable-Energy-Solutions-Program-Manual.pdf,2026-09-26,Primary
NH,"New Hampshire Department of Energy (net metering rules En 900; interconnection rules to move to En 1000) and New Hampshire Public Utilities Commission (NEM tariffs/compensation, Puc 900 interconnection provisions)","RSA 362-A:9; En 900 (NH DOE net metering rules, eff 2026-04-27, replacing Puc 900 net-metering provisions); Puc 900 Parts 904-908 (small customer-generator <=100 kW interconnection, eff 2020-09-14); PUC Order 26,029 (DE 16-576, 2017-06-23, alternative/NEM 2.0 tariff); PUC Order 27,074 (DE 22-060, 2024-11-18, NEM 2.0 retained, application fees from 2025-01-01); Laws of 2026 Ch. 309 (HB 1718, approved 2026-07-10, storage in net metering, eff 2027-01-01)","IOU + NHEC: the three PUC-regulated IOUs (Eversource/PSNH, Unitil, Liberty) plus New Hampshire Electric Cooperative (deregulated co-op; En 900 applies to it for standard-tariff customer-generators up to 3.16 MW and NHEC otherwise sets its own net-metering tariff). Municipal utilities (e.g. Littleton, Wolfeboro, Woodsville, Ashland, New Hampton) are not covered and set their own terms.",Net billing,"Alternative Net Metering tariff (NEM 2.0) for capacity allocations on/after 2017-09-01 (Order 26,029). Order 27,074 (DE 22-060, 2024-11-18) kept NEM 2.0 unchanged and kept the 2040-12-31 end of the legacy period (all net-metered customers move to then-current terms after Dec 2040). MID-TRANSITION: DE 22-060 Phase II (CPCNH Local Power Market) is open, and the 2024 settlement calls for the utilities to propose net-metering time-of-use rates about two years after the order (~late 2026). Pre-2017-09-01 customers are on the standard (full retail) tariff through 2040.","100 (small customer-generator, kW AC inverter rating)",1000 (large customer-generator >100 kW to 1 MW AC; municipal host/political subdivision up to 5000 kW),"No aggregate MW cap stated for the alternative (NEM 2.0) tariff in En 900 / Puc 900. The MW caps in Puc 903.02(b) apply only to the legacy standard tariff (Liberty 8.74 MW, NHEC 3.16 MW, Eversource 75.38 MW, Unitil 12.72 MW) and are closed.",No %-of-load sizing rule for small generators. The facility must be behind the meter and used to offset the customer's own requirements. Large (>100 kW) customer-generators on NEM 2.0 must consume at least 20% of annual generation behind the meter unless registered as a group host (En 903.02(b)).,unbundled generation rate,"Small (<=100 kW) on NEM 2.0: net excess kWh credited at 100% default energy service + 100% transmission + 25% distribution per-kWh charges; competitive-supply customers get only the transmission + 25% distribution part. Non-bypassable charges (SBC, stranded cost, storm recovery, consumption tax) are billed on gross imports. Large (>100 kW): credited at the default energy service rate only, and all kWh charges apply to gross imports. LMI community solar group adder applies separately. Rates vary with semi-annual default service.","indefinite (monetary bill credit carried forward); cash-out by check optional once a year if the balance is >=$100 after the March cycle (alternative tariff), or on account closure","March billing cycle: utility notifies by June 1 anyone holding credits >=$100 (NEM 2.0) or a surplus >600 kWh (legacy standard tariff); the customer may elect a check, otherwise credits roll forward (En 903.02(f)-(g)). Group hosts get an annual true-up by July 1: exports above group load are re-priced at avoided cost.",IEEE 1547-2018 or UL 1741 SA (Puc 906.01). IOUs apply ISO-NE Source Requirement Document ride-through (UL 1741 SA grid-support inverter) since 2018-06-01.,"1000 kW export capacity under En 1000 (NH DOE DER interconnection rules, adopted 2026-07-17; effective date not confirmed). Fast track has a 25-business-day screen, and the simplified process covers certified inverter-based <=50 kW nameplate / <=25 kW export. Until En 1000 takes effect, Puc 900 has no fast-track tier.",100 (Puc 904-908 simplified inverter process for small customer-generators <=100 kW; >100 kW handled under each utility's own interconnection tariff/guidelines),"IOU fee schedule per the DE 22-060 settlement adopted by Order 27,074, from 2025-01-01: $200 up to 25 kW, $500 for 25-100 kW, $1,000 over 100 kW. Plus a $500 non-refundable pre-application fee for >100 kW/non-inverter projects (Eversource). Engineering review costs apply above 10 kW and for non-inverter systems.","Feeder studies may be required when aggregate DG on the feeder reaches the lower of 7.5% of peak feeder demand at the substation or 20% of peak demand downstream of the POI, or when more than one net-metered facility shares a secondary (Puc 905.06). Above 100 kW, per utility tariff.","Waived for inverter-based: not required for a compliant single- or 3-phase inverter unless the revenue meter is not routinely accessible, inverters are in series, or service is transformer-rated (Puc 905.01)",None: utilities and suppliers may not require property or personal liability insurance (Puc 904.07). A mutual indemnity agreement applies unless both parties waive it (Puc 904.03).,Completeness notice within 10 business days (Puc 904.04). Witness test attempted within 10 business days of the certificate of completion; witness test required above 10 kW unless waived. Eversource says approved applications typically come back in under a week.,Yes-with-conditions,"Requires non-export (from 2027-01-01): Laws 2026 Ch. 309 (HB 1718) amends RSA 362-A:1-a II-b and adds RSA 362-A:9 XXIV/XXV. Storage configured to export must charge only from the on-site net-metered generation, unless charging is controlled by an entity other than the customer-generator (e.g. utility/aggregator dispatch) or the PUC authorizes otherwise in an adjudicated proceeding. PUC to set compensation terms for storage exports. Before 2027-01-01 there is no explicit statewide rule: Unclear.","No statewide non-export/limited-export path defined in Puc 900/En 900. Ch. 309 implies a non-exporting battery may grid-charge. DOE is directed to adopt storage installation/interconnection rules (RSA 374-H:2 as amended, eff 2027-01-01).","No from 2027-01-01: Ch. 309 says energy storage may be added to a net-metered generation facility without affecting its size determination for net-metering eligibility. Currently, the NEM cap is measured on the generator's inverter AC rating (En 902.18); storage treatment before 2027 is not explicit.",,,https://gc.nh.gov/bill_status/legacy/bs2016/billText.aspx?sy=2026&id=2343&txtFormat=html,2026-09-26,Primary
VT,Vermont Public Utility Commission,"30 V.S.A. § 8010; PUC Rule 5.100 (Net-Metering, revised eff 2024-03-01); PUC Rule 5.500 (Interconnection Procedures for Generation Resources and Energy Storage Devices, revised 2024-03-01); 2026 Biennial Update, Case 26-0291-INV (new blended rate and adjustors eff 2026-08-01)","All utilities: Rule 5.100 applies to every Vermont electric company, including municipals (e.g. Burlington Electric) and co-ops (VEC, WEC). Each company files a compliance net-metering tariff under Rule 5.134/5.128.",Net billing,"Rule 5.100 (2017 overhaul, revised 2024-03-01): excess generation is monetized at the utility's blended residential rate. Separate per-kWh REC and siting adjustors apply to all production-meter kWh. They are fixed in each system's CPG and reset every two years for new systems (biennial update). Zero or positive adjustors last 10 years; negative adjustors apply in perpetuity. Pre-2017 systems follow only the listed legacy provisions (5.125(H)). MID-TRANSITION: the 2026 biennial update (Case 26-0291-INV) set new values for CPG applications filed on/after 2026-08-01.",500 (kW AC inverter nameplate for PV; Category I <=15 kW; Category II >15-150 kW preferred site; Category III >150-500 kW preferred site; Category IV >15-500 kW non-preferred site),500,"No statewide MW aggregate cap. Instead, a 500 kW cumulative limit applies per customer/group allocation (5.129(D)). Utilities may propose locational adjustor fees for constrained or limited-headroom areas (5.136).",Net-metering system must primarily serve on-site/group load; no %-of-load cap found in Rule 5.100 beyond the 500 kW per-customer limit,1:1 retail,"Blended residential rate: $0.2071/kWh statewide, eff 2026-08-01 (was $0.18398 since 2024), per the 2026 biennial update. Some utilities' own blended rates may be lower (5.127(A) uses the lowest of the options). REC adjustor: $0.00 if RECs are transferred to the utility, -$0.04/kWh if retained. Siting adjustors for new CPG applications filed on/after 2026-08-01: Cat I -$0.05, Cat II -$0.05, Cat III -$0.07, Cat IV -$0.08/kWh (verified against the Case 26-0291-INV order of 2026-05-29, ordering paragraphs 1-7. The order cuts Cat I/II siting from -$0.04 to -$0.05, while Cat III/IV are unchanged. Net new-system compensation, Cat I/II with RECs transferred, is about $0.1571/kWh).",12-month expiry: accumulated bill credit must be used within 12 months of the month earned or it reverts to the utility without compensation (5.129(B)),"None (rolling 12-month expiry, no annual cash-out)","IEEE 1547 series + UL 1741 as adopted (Rule 5.500 §5.520, revised 2024-03-01). A superseding revision applies to applications filed more than 6 months after the revision date. Export settings reference IEEE 1547-2018 Table 28. Application forms were revised in Case 26-0673-INV (order 2026-05-28).",500 (Rule 5.510 procedure for nameplate <=500 kW. Projects with export <=15 kW and nameplate <=50 kW get only 3 simple screens. Projects >500 kW follow §5.511 plus the §5.512 Preliminary Review screens.),"15 (systems <=15 kW: the Rule 5.100 registration form doubles as the Rule 5.500 interconnection application, 5.105(B)(1))","No fee for nameplate <=150 kW unless an approved utility tariff sets one. >150 kW (generation + storage combined): $600 or the tariff amount, non-refundable after 7 days. Optional pre-application report: $300 (Rule 5.502(3), (36)).","No fixed kW trigger: feasibility, system-impact and facilities studies are required only when a project fails the Preliminary Review screens (§5.512-5.515). Projects >1 MW are forwarded to VELCO/ISO-NE for review (§5.508).",Not addressed: no utility-accessible disconnect-switch requirement found in Rule 5.500. May be set by utility interconnection requirements.,Not addressed: no insurance provision found in Rule 5.500,"Nameplate <=500 kW: incompleteness notice within 7 days. Issues must be flagged by day 15 (export <=15 kW) or day 31 (export >15-500 kW) after a complete application (§5.510). >500 kW: completeness within 14 days, then Preliminary Review 30 days. An IA is issued within 7 days after passing, and projects <150 kW without operating restrictions need no IA (§5.512).",Yes-with-conditions,"Yes-but-not-credited: Rule 5.137 requires storage connected to a net-metering system to be configured so the customer cannot receive net-metering compensation for electricity drawn from any source other than the net-metering system. Utilities may not interconnect storage in a way that lets non-NM electricity earn NM credit. So grid charging is not prohibited, but grid-charged energy that is exported earns no net-metering credit. 5.137 also applies to pre-existing (pre-2017) systems.","Yes: Rule 5.522 lists Limited-Export and Non-Exporting methods (reverse-power, minimum-power and directional-power relays, UL 1741-certified power control systems, and mutually agreed means including paired solar+storage). Studies use Export Capacity, not nameplate (§5.503(A)). The utility may impose storage inverter settings or operating regimes (§5.503(B)).",No: 'capacity' for solar is the aggregate AC nameplate of the inverters used to convert the plant's output (Rule 5.100 definitions). Storage is not listed as counting. Not explicitly addressed for DC-coupled hybrid inverters.,,,https://puc.vermont.gov/sites/psbnew/files/documents/5100-net-metering-effective-3-1-2024.pdf,2026-09-26,Primary
ME,Maine Public Utilities Commission,"35-A M.R.S. §3209-A (NEB kWh credit) and §3209-B (NEB tariff rate); MPUC Rule Ch. 313 (Customer Net Energy Billing); MPUC Rule Ch. 324 (Small Generator Interconnection Procedures, as amended in Docket 2023-00103, order 2023-11-03); MPUC Advisory Ruling, Docket 2020-00332 (Feb 2021, storage paired with NEB); PL 2023 c. 411 (LD 1986); PL 2025 c. 430 (LD 1777, eff 2025-09-24); tariff-rate orders of 2025-12-17 in Dockets 2019-00197 and 2022-00185","All utilities: Ch. 313 and Ch. 324 apply to every T&D utility (IOUs CMP and Versant, plus consumer-owned utilities). Consumer-owned utilities may cap NEB facilities at 100 kW unless they opt to allow up to <5 MW, may limit accounts to 10, and need not offer shared NEB (Ch. 313 §3(C)(4) and §3(E)).",Full retail NEM,"No successor for behind-the-meter NEB. The OPA says LD 1777 left rooftop NEB unchanged. Front-of-meter changes: after 2025-12-31 no new NEB agreements for DG interconnected on the utility side of the meter (§3209-A(10)-(11)). Amendments after 2025-06-01 may not extend the delivery-period end date (§3209-A(2-A)). LD 1777 also added a monthly NEB project charge on larger DG and ended indexing of tariff-rate credits to future rate increases. Non-residential customers can instead choose the NEB tariff-rate (dollar credit) program; rates are set through 2046 by the 2025-12-17 orders. MID-TRANSITION: enforcement of parts of LD 1777 was delayed during federal-court litigation (Dec 2025, Foley Hoag, Secondary); status not verified.","<5000 kW AC nameplate by statute. In practice new facilities must be <1000 kW, because 1-2 MW and 2-5 MW facilities qualify only if they met COD/agreement deadlines that ended 2024-12-31 (§3209-A(7) and (9)). Consumer-owned utilities: 100 kW unless the utility opts higher.",<5000 kW (same statutory limits; effectively <1000 kW for new facilities; municipal-customer exception allows larger nameplate if <5 MW is used for NEB),"No statewide MW cap for NEB. The 750 MW goal for 2-5 MW projects was exceeded (OPA: more than 1,600 MW built). A utility must notify the PUC when NEB capacity reaches 10% of its peak demand (Ch. 313 §3(P)(1)).",No %-of-load sizing limit found in Ch. 313. The facility must be used primarily to offset the customer's own bills (CMP CNEBA Art. II). LD 1777 requires community-solar subscription sizes to match customer usage.,1:1 retail,"kWh credit: 1:1 offset of kWh-based charges only (supply and volumetric delivery). Fixed and non-kWh charges still apply (Ch. 313 §3(J)(4)). Tariff rate (non-residential): standard offer plus 75% of the effective T&D rate of the smallest commercial class for pre-reform projects. CY2025 Original Tariff Rate, small commercial: CMP $0.204101/kWh, Versant BHD $0.220136, Versant MPD $0.224619. Rates for 2026-2046 are in the 2025-12-17 order attachments (not read).","annual expiry: rolling 12-month. Unused kWh or dollar credits expire 12 months after they are earned, with no compensation. Utilities remit the value of expired kWh credits to low-income assistance programs (§3209-A(8)).","None: rolling 12-month expiry, no annual cash-out",IEEE 1547 + UL 1741 (Ch. 324 §5; the rule text does not name an edition). Equipment must be NRTL-listed.,"25 (Level 1: certified inverter-based <=25 kW, with default approval if the utility does not act within 20 business days)",2000 (Level 2 screens for certified generators <=2 MW; the On-Site-Load ICGF sub-tier covers 25-250 kW. Level 3 covers non-exporting facilities <=10 MW),"Level 1: $100 application plus $150 cost-sharing fee (covers upgrades up to $5,000). Level 2: $100 + $2/kW. On-Site-Load ICGF 25-250 kW: plus $25/kW cost-sharing fee (covers upgrades up to $10,000). Level 3 (non-exporting): $100 + $3/kW. Level 4: $3,000 plus study time, and $500 per application change. Engineering review: $100/hr (Ch. 324 §§3, 11-15).","2000 (Level 4 feasibility/impact/facilities studies apply to exporting facilities >2 MW, to non-exporting facilities >10 MW, and to any facility that fails Level 1-3 screens)","Not required: a utility may not require a utility-accessible disconnect switch, extra tests or extra insurance for an ICGF that meets the Ch. 324 §5 standards, unless the applicant agrees (Ch. 324 §15(E))","Inverter-based: none <=1 MW; $1M for >2-5 MW; $2M for >5 MW. Non-inverter: none <=50 kW; $500k for 50-500 kW; $1M for 500 kW-2 MW; $2M for 2-5 MW; $3M for >5 MW (Ch. 324 §15(F), at utility option)","Level 1: 5 business days (BD) completeness check, 10 BD screens, deemed approved at 20 BD. Level 2: 5 BD completeness, 15 BD screens, then 10 BD to send IA. Level 3: 17 BD screens. Level 4: impact and facilities studies 45 BD each.",Yes-with-conditions,"Requires non-export: under the MPUC Advisory Ruling (Docket 2020-00332), a battery paired with an NEB facility needs controls that stop it charging from the grid. If it can grid-charge, controls must stop it discharging to the grid. Facilities >100 kW with storage must file a yearly attestation. Removing the controls ends NEB eligibility and credits can be clawed back (CMP and Versant NEB agreements/applications). Ch. 324 §10 requires an ESS form stating the charging mode (grid only / unrestricted / restricted / ICGF only).","Yes: Ch. 324 §8 lists acceptable export-control methods (reverse-power 32R, minimum-power 32F, directional-power 32, UL 1741-certified Power Control Systems) for Non-Exporting and Limited-Export ICGFs. Level 3 is an expedited path for non-exporting facilities <=10 MW.",Unclear: NEB size limits apply to generator nameplate (AC). No rule text found on whether paired ESS kW counts. Ch. 324 uses Export Capacity (net of export controls) for screening.,,,https://www.cmpco.com/documents/40117/0/Chapter+324+(2023-00103).pdf/3a14e66a-9d05-7bf4-7775-519cf1fd8209,2026-09-26,Primary
