utility_name,state,rto,deviates_on,rule_summary,nem_cap_res_kw,nem_cap_nonres_kw,nem_aggregate_cap,aggregate_cap_status,export_credit_value,ic_application_fee,ic_study_trigger_kw,external_disconnect,non_export_option,grid_charging_allowed,standby_charge,standby_threshold_kw,storage_specific_notes,source_url,last_verified,confidence
Northern States Power Co - Minnesota (Xcel Energy),MN,MISO,export_credit_basis;standby_charge;grid_charging_allowed;non_export_option,"Xcel offers an optional Value of Solar (VOS) tariff as an alternative to standard NEM for residential/small customers, and VOS became mandatory (not optional) for new Community Solar Garden subscribers under a phased ARR-to-VOS transition effective April 1 2025 (Docket E002/M-21-694). Xcel also runs Solar*Rewards, a 10-year performance-based incentive (~$0.03/kWh in 2026) paid on all production regardless of export, stackable with standard NEM bill credits. Standard NEM credits banked in a 'Solar Bank' with annual true-up in April.",40,1000,,,Standard NEM average retail credit ~$0.11-0.13/kWh (2025-2026); VOS for CSG subscribers ~$0.1909/kWh (2025 filing); Solar*Rewards PBI adder $0.03/kWh (2026 vintage),,,,Yes — Xcel MN Electric Energy Storage Interconnection Guidelines define a formal non-export operating mode using customer-provided control-system settings verified via bi-directional metering to confirm zero export compliance,Yes-but-not-credited for non-export configurations (energy used to charge from grid is not compensated and does not earn Solar*Rewards/VOS credit; exported energy from a grid-charged battery is generally not eligible for NEM credit under standard interconnection agreement — confirm case-by-case with utility DER team),,,"Xcel offers a separate Battery Rebate Program (up to $5,000, $175/kWh standard / $370/kWh income-qualified) as an upfront incentive independent of interconnection compensation; battery participating in this program may be subject to utility dispatch rights that affect grid-charging eligibility for export credit",https://www.xcelenergy.com/staticfiles/xe-responsive/Working%20With%20Us/MN-Electric-Energy-Storage-Interconnection-Guidelines.pdf,2026-08-09,Medium
Dakota Electric Association,MN,MISO,all,"Cooperative distribution utility exempt from MN PUC net metering compensation rules; sets own DER interconnection and net metering tariff. Net metering available for systems <40 kW AC (matches state's co-op threshold). Excess kWh may be purchased or rolled over as credit per member's election in the DER Interconnection Agreement. Bill includes a net metering grid access charge in addition to basic service and energy charges, which offsets net energy credit value — cooperative customers do NOT receive Minn. Stat. 216B.164 public-utility protections (e.g., no avoided-cost cash-out of excess annual credits; co-op excess credits are typically canceled with no payment per Subd.3(f))",40,,,,,,,Unclear,Interconnection process/application via Dakota Electric DER Interconnection Agreement; non-export/limited-export path not confirmed in sources reviewed,Unclear,"Net metering grid access charge (utility-specific fee, amount not published in sources reviewed) applied to solar/DG accounts in addition to basic service and energy charges",,Unclear,https://www.connexusenergy.com/residential/rules-and-conditions/solar-interconnection-process,2026-08-09,Low
Connexus Energy,MN,MISO,all,"Cooperative distribution utility exempt from MN PUC net metering compensation rules; sets own DER interconnection and net metering tariff. Net metering available for member-owned systems <40 kW AC. Members choose to have Connexus purchase excess kWh or roll over credits per the DER Interconnection Agreement. Bill includes a 'net metering grid access charge' plus basic service, energy usage, and tax charges that offset the net energy credit. Connexus separately owns and operates Minnesota's largest utility-scale (front-of-meter) battery storage portfolio (15+ MW, expanding toward 30+ MW by 2033) — this is a co-op-owned grid asset, NOT a behind-the-meter customer program, and should not be confused with customer battery interconnection rules",40,,,,,,,Unclear,Not confirmed in sources reviewed whether Connexus offers a defined non-export interconnection path for customer-sited storage,Unclear,"'Net metering grid access charge' (utility-specific fee, amount not published in sources reviewed)",,Unclear,https://www.connexusenergy.com/residential/rules-and-conditions/solar-interconnection-process,2026-08-09,Low
Great River Energy,MN,MISO,all,"Great River Energy is a generation-and-transmission (G&T) wholesale cooperative serving 26 member distribution cooperatives (incl. Dakota Electric Association) covering ~60% of Minnesota; it does NOT directly serve retail customers and has no retail net metering/DG interconnection tariff of its own. Each member distribution co-op (e.g., Dakota Electric) sets its own net metering/interconnection terms independently, exempt from MN PUC jurisdiction. Do not apply state NEM defaults to Great River Energy directly — resolve to the specific member distribution cooperative instead",,,,,,,,Unclear,Not applicable at the G&T level — resolves to member distribution cooperative,Unclear,Not applicable at G&T level,,Unclear,https://greatriverenergy.com/cooperatives/dakota-electric-association/,2026-08-09,Medium
Wisconsin Electric Power Co (We Energies),WI,MISO,nem_cap_res_kw;nem_cap_nonres_kw;export_credit_basis;export_credit_value;standby_charge,"NEM threshold (CGS Net Metered rate) is <300 kW aggregate nameplate, well above the 20 kW PSC 119 statewide default. Excess above monthly consumption is NOT credited at retail — paid at a separate 'Avoided Energy Cost Rate' tied to day-ahead LMP for the WEC.S MISO pricing zone, updated annually Jan 1 (flat rate $0.03177/kWh in 2025; TOU on/off-peak variants). Avoided Capacity Cost Rate and Avoided Transmission Cost Rate both currently $0.00000/kWh — i.e. no capacity/transmission value paid to DG customers as of 2025 tariff. Generation Customer Charge applied per meter per day ($0.05951 residential/non-demand secondary; $0.15255 demand secondary; $3.14334 primary) in addition to standard customer charge. Telemetry Charge ($0.73071/day) required for systems >=300 kW where excess energy anticipated (utility does not use telemetry to control customer generation).",300,15000,,,Avoided Energy Cost Rate: $0.03177/kWh flat (2025); TOU: summer on-peak $0.04064 / off-peak $0.02852; non-summer on-peak $0.03411 / off-peak $0.02931 (updated annually Jan 1 based on WEC.S zone day-ahead LMP forecast),,,,Non-Purchase (CGS NP) option allows generation up to 15 MW with zero compensation for any inadvertent export (a de facto non-export/self-consumption path); Direct Sale-Fixed Price and Customer Use rate options exist for QF-certified generators up to 5 MW,,"Generation Customer Charge: $0.05951/day (residential/non-demand secondary), $0.15255/day (demand secondary), $3.14334/day (primary) — in addition to standard customer charge; separate Telemetry Charge $0.73071/day for systems >=300 kW with anticipated export",300,,https://www.we-energies.com/olb/25/2025-01-we-customer-generation-rates.pdf,2026-08-09,High
Madison Gas and Electric Co (MGE),WI,MISO,nem_cap_res_kw;export_credit_basis;credit_rollover,"Net Metering (Pg-2) applies to systems <=100 kW (state default is 20 kW — MGE is well above); Parallel Generation (Pg-1) rate applies above 100 kW. For net metering customers, exported energy credited at same retail rate as imported energy (1:1) for the first 12 months. Beginning month 13, if the customer has been a net exporter over the trailing 12 months ('Net Seller'), excess credits roll over at the lower Parallel Generation Buyback Rate instead of retail rate — a significant behind-the-scenes de-rate for oversized systems not paired with storage. MGE guidance explicitly warns customers not to oversize solar without adding a battery, given this Net Seller de-rate.",100,,,,"Year 1: retail rate (1:1); Year 13+ for Net Sellers: Parallel Generation Buyback Rate (lower than retail, exact cents/kWh not confirmed in sources reviewed)",,,,,,,,,https://www.mge.com/smart-energy/clean-energy/solar-energy/net-metering,2026-08-09,Medium
Wisconsin Power & Light Co (Alliant Energy),WI,MISO,export_credit_basis;export_credit_value,"Alliant purchases excess solar generation at the retail rate up to the customer's monthly usage; production beyond monthly usage is credited at an 'Avoided Cost' rate (~$0.03-0.07/kWh range, fluctuates). Through a 2025 agreement with RENEW Wisconsin, customers could choose between the legacy net metering plan or a new 'Power Partnership' program offering peak retail-rate offset and a separate peak buyback rate for excess sold to Alliant during peak periods — confirm current enrollment status/whether legacy option has since closed to new customers post-2025.",20,,,,"Within-month usage: retail rate; excess beyond monthly usage: Avoided Cost, approx. $0.03-0.07/kWh (fluctuates, exact current figure not confirmed in sources reviewed)",,,,,,,,,https://www.renewwisconsin.org/category/net-metering/,2026-08-09,Medium
Northern States Power Co - Wisconsin (Xcel Energy),WI,MISO,nem_cap_res_kw;credit_rollover;annual_true_up,"NEM threshold is <=100 kW (state default is 20 kW — Xcel-WI is above default, matching Xcel-MN's 40kW-adjacent generosity). Excess exported energy credited at full retail rate with monthly banking/rollover (unlike immediate avoided-cost payout used by some other WI utilities). Any credits remaining as of January 1 are paid out via check, valued using a weighted average of on-peak/off-peak seasonal wholesale prices per the Pg-2B tariff — notably higher effective compensation than We Energies or WPL's avoided-cost-based approaches, described by IREC as the strongest NEM policy among major Wisconsin utilities.",100,,,,Within-year: full retail rate; Jan 1 true-up excess paid via check at weighted on/off-peak wholesale price average (exact cents/kWh not confirmed in sources reviewed),,,,,,,,,https://www.xcelenergy.com/staticfiles/xe-responsive/Working%20With%20Us/Renewable%20Developers/WI%20Parallel%20Generation%20Tariff%20Info%20Sheet%202024_FINAL.pdf,2026-08-09,Medium
MidAmerican Energy Company,IA,MISO,export_credit_basis;export_credit_value,"Multiple secondary sources indicate MidAmerican credits excess/exported generation at an avoided-cost rate (~$0.03-0.05/kWh) rather than the full retail (inflow) rate — this would be a materially less generous outflow rate than the SF 583 default description of outflow=retail rate 'until value of solar established.' This conflicts with some general summaries of SF 583 and needs direct tariff verification; MidAmerican's initial IUC-approved tariff took effect Nov 24, 2020. Flag for direct tariff confirmation before relying on this figure.",1000,1000,,,Reported by secondary sources as avoided cost ~$0.03-0.05/kWh; conflicts with general SF 583 retail-parity description — needs direct tariff verification,,,,,,,,,https://www.midamericanenergy.com/customer-interconnection,2026-08-09,Low
Montana-Dakota Utilities Co.,ND,MISO,export_credit_basis;export_credit_value,"In both North Dakota and South Dakota, MDU nets billing monthly and pays a published avoided-cost rate for excess generation above monthly usage — $0.0269/kWh as of last check — rather than any retail-credit net metering. This is materially below the ND statewide 1991 rule's expectations and is the clearest documented avoided-cost figure found for either state in this cluster. Contrast with MDU's Montana/Wyoming territory which uses true monthly net-kWh rollover — confirming MDU treats ND/SD customers differently from its other-state customers.",100,100,,,"$0.0269/kWh avoided cost (ND and SD, both territories; confirm effective date against current MDU tariff filing)",,,,,,,,,https://www.montana-dakota.com/energy-efficiency/renewable-solar-energy/,2026-08-09,Medium
Montana-Dakota Utilities Co.,SD,MISO,export_credit_basis;export_credit_value,"Same avoided-cost billing treatment as MDU's North Dakota territory: excess generation above monthly usage net-billed at MDU's published avoided-cost rate ($0.0269/kWh as of last check), not retail-rate net metering. See ND row for full detail — duplicated here because MDU operates in both ND and SD under this cluster.",100,100,,,"$0.0269/kWh avoided cost (ND and SD, both territories; confirm effective date against current MDU tariff filing)",,,,,,,,,https://www.montana-dakota.com/energy-efficiency/renewable-solar-energy/,2026-08-09,Medium
Rochester Public Utilities,MN,MISO,all,"Municipal utility exempt from MN PUC interconnection/NEM jurisdiction; RPU's DER interconnection rules are voluntarily based on state statutes/rules and were developed jointly with other MN municipal utilities via the Minnesota Municipal Utility Association (MMUA) to create statewide consistency among munis — in practice tracks the <40 kW co-op/muni NEM threshold closely, but RPU retains full discretion to deviate and is not bound by Minn. Stat. 216B.164 public-utility protections (e.g., no guaranteed avoided-cost cash-out). Offers a one-time $500 rebate for new residential/commercial solar PV, conditioned on signing net metering terms and completing an RPU energy audit.",40,,,,,,,Unclear,Not confirmed in sources reviewed,Unclear,,,Unclear,https://www.rpu.org/education-environment/distributed-energy-resources-solar.php,2026-08-09,Medium
Austin Utilities,MN,MISO,all,"Municipal utility exempt from MN PUC interconnection/NEM jurisdiction; sets own DER interconnection terms via signed interconnection agreement, informally coordinated with other MN munis through MMUA and generally tracking the <40 kW threshold. Offers a $500 rebate for solar PV installation and $15/sq ft for solar hot water systems.",40,,,,,,,Unclear,Not confirmed in sources reviewed,Unclear,,,Unclear,https://minnesotasolar.org/laws/,2026-08-09,Low
Owatonna Public Utilities,MN,MISO,all,"Municipal utility exempt from MN PUC interconnection/NEM jurisdiction; OPU is obligated under PURPA to interconnect with and purchase from qualifying facilities, with its own application/approval process, informally coordinated with other MN munis through MMUA and generally tracking the <40 kW threshold. Offers a $500 rebate for solar PV installation and $15/sq ft for solar hot water systems.",40,,,,,,,Unclear,Not confirmed in sources reviewed,Unclear,,,Unclear,https://www.owatonnautilities.com/residential-customers/solar-interconnection/,2026-08-09,Low
Moorhead Public Service,MN,MISO,all,"Municipal utility exempt from MN PUC interconnection/NEM jurisdiction; sets own DER interconnection terms. Offers rebates for solar/energy-efficiency projects through the shared 'Bright Energy Solutions' program (a multi-municipal-utility rebate platform used by several MN and ND municipal utilities). Specific net metering kW cap, export credit basis, and storage/non-export provisions not confirmed in sources reviewed — recommend direct utility tariff review.",,,,,,,,Unclear,Not confirmed in sources reviewed,Unclear,,,Unclear,https://minnesotasolar.org/laws/,2026-08-09,Low
Cedar Falls Utilities,IA,MISO,all,"Municipal utility; Iowa's 199 IAC Chapter 45 DG interconnection rules and SF 583 inflow-outflow net metering statute apply only to rate-regulated utilities (MidAmerican Energy and Interstate Power and Light) per IUC guidance — municipal utilities like Cedar Falls are exempt from IUC rate/NEM jurisdiction and set their own interconnection/net metering terms, often via resources from the Iowa Association of Municipal Utilities (IAMU) Distributed Generation Toolkit. Specific kW cap, export credit basis, and storage/non-export provisions not confirmed in sources reviewed — recommend direct utility policy/tariff review.",,,,,,,,Unclear,Not confirmed in sources reviewed,Unclear,,,Unclear,https://members.iamu.org/page/Distributed_Toolkit,2026-08-09,Low
Muscatine Power and Water,IA,MISO,all,"Municipal utility exempt from IUC rate/NEM jurisdiction; sets own terms via its Customer Renewable Generation Policy and Electric Service Rules, under which the customer agrees to be bound by MPW-specific policies/procedures rather than the statewide SF 583 inflow-outflow regime. Net metering conceptually available (excess fed to grid during day, drawn back at night) but exact kW cap, export credit basis, and storage/non-export provisions not confirmed in sources reviewed — recommend direct review of MPW Electric Service Rules PDF.",,,,,,,,Unclear,Not confirmed in sources reviewed,Unclear,,,Unclear,https://mpw.org/wp-content/uploads/Electric-Service-Rules.pdf,2026-08-09,Low
Ames Electric Services (City of Ames),IA,MISO,nem_cap_res_kw;nem_cap_nonres_kw;ic_standard,"Municipal utility exempt from IUC rate/NEM jurisdiction. Ames' own net metering tariff rider (adopted by City Council resolution, March 2008) applies only to renewable generators SMALLER THAN 10 kW — a far tighter cap than the statewide SF 583 1 MW / 110%-of-usage sizing rule, and applies equally across all Ames Electric customer classes. Interconnection agreement technical compliance references NEC, UL 1741, UL 1703, and IEEE 929 — IEEE 929 is a legacy/superseded standard (predates IEEE 1547 entirely), suggesting Ames' interconnection rules have not been updated to IEEE 1547-2018; confirm whether a more recent rule update exists, as this is a meaningfully older technical baseline than every other utility in this cluster.",10,10,,,,,,Unclear,Not confirmed in sources reviewed,Unclear,,,Unclear,https://www.cityofames.org/files/assets/city/v/1/electric/documents/solar-energy-system-zoning-permit.pdf,2026-08-09,Medium
Upper Peninsula Power Company (UPPCO),MI,MISO,nem_aggregate_cap;aggregate_cap_status;export_credit_basis;credit_rollover,"UPPCO Rate Book #8, Distributed Generation Rider (DG), Sheets D-72.80 to D-72.85, eff. 03-13-25 (MPSC Case U-21791). Legacy Net Metering (tariffs PG-NM, PG-2, PG-3) closed to new customers; legacy participants may continue for 10 years from original participation date (MCL 460.1183; MCL 460.6a(14)), then must transition to DG Rider. Combined Net Metering + DG Program size capped at discretionary 10.0% of UPPCO's average peak demand over past 5 years; at least 50% reserved for Category 1 (<=20kW) and not more than 50% for Category 2 (>20-550kW). Outflow credit (unlike DTE's LMP-based rate) carries forward indefinitely as a bill credit rather than cashing out monthly - 'Any excess credit not used will be carried forward to subsequent billing periods' - a deviation from the state-row's monthly-netting default.",20550,10% of average 5-yr peak demand (Category 1 >=5%; Category 2 <=5%),As of 2023 MPSC RE-DG report: Category 1 (<=20kW) 68% subscribed (2340 of 7290 kW allocated); Category 2 (>20-550kW) 99.2% subscribed (61 of ~61.6 kW allocated) - Category 2 nearly full.,Not published in rider text (credit value set by outflow metering,rate not stated in Rider D2 sheets reviewed),Not specified in sheets reviewed,150,Not specified in sheets reviewed,Not specified in sheets reviewed,Not specified in sheets reviewed,Not specified in sheets reviewed,Not specified in sheets reviewed,"Rider does not address battery storage explicitly in the sheets obtained (D-72.80 to D-72.82, D-72.85); sheets D-72.83/84 (Generator Interconnection Requirements, Metering Requirements) were not retrieved in full text - see gaps file. Termination for non-compliance requires 60 days' notice.",https://www.uppco.com/wp-content/uploads/2025/05/D.-Distributed-Generation-Rider_-DG-_-Apr-29-2025.pdf,2026-08-09,High
Lansing Board of Water & Light,MI,Not applicable (municipal,not RTO-member for retail; MISO balancing authority territory),all,"Municipal utility, not subject to MPSC MIXDG rules or PA 341/342 DG program - sets own Distributed Generation policy. Ended full 1:1 net metering 11/1/2022. Exported energy credited around 6-10 cents/kWh (varies); energy drawn from grid billed at full retail rate. Additional REC transfer incentive of ~1.3 cents/kWh for 5 years if customer sells RECs to BWL. Also offers up to $500/kW (capped $2000) residential solar installation rebate.",,,,,~6-10 cents/kWh export credit (varies by published rate schedule; exact current rate not confirmed from primary tariff document),,,,,,,,https://www.lbwl.com/installsolar,2026-08-09,Low
DTE Electric Co,MI,MISO,export_credit_basis;export_credit_value;standby_charge;nem_aggregate_cap;aggregate_cap_status,"Standard Contract Rider No. 18, Distributed Generation Program (M.P.S.C. No. 1 - Electric, Sheets D-111 to D-116, Case No. U-20162, orig. eff. May 2019; cap and sizing figures below reflect the 2019 baseline tariff and have not been independently re-verified against post-PA235 (2023) revised sheets - see gaps file). Full-service customers on non-time-based schedules credited for Outflow at the monthly average real-time LMP at the DTE Electric load node; credit offsets only power supply/PSCR charges, not delivery charges. Program also imposes a System Access Contribution (SAC) charge of $2.31/kW-AC/month (residential) or $2.28/kW-AC/month (secondary commercial, no demand charge) on DG Rider participants attached to secondary rate schedules - functions as a de facto standby/grid-access charge not present in the base state rule.",150,550,"1.0% of average in-state peak load (2019 baseline, pre-PA235); statewide DG cap raised to 10% by PA235 (2023) - DTE's current per-category cap not independently confirmed post-PA235",As of 2023 MPSC RE-DG report: DTE Electric 86% subscribed in <=20kW category (60130 of 435704 kW) and 97.4% subscribed in >20-550kW category (11165 of ~11467 kW) - >20kW category nearly full statewide-wide reporting predates full PA235 10% reallocation in some filings.,monthly average real-time LMP at DTE Electric load node (power-supply/PSCR component only; separate from state-row generic description),$50 (waived if transitioning from legacy Net Metering),,,,,"SAC charge: $2.31/kW-AC/month residential, $2.28/kW-AC/month secondary commercial (no demand charge), for DG Rider participants on secondary schedules",2340,3879 DG customers with battery storage totaling 14036 kW reported through 2023 (MPSC RE-DG report) - one of the largest storage-attached DG populations of any MI utility; storage integration with legacy NEM addressed at state level per R 460.920(5)(m) (utility-specific procedure required but does not by itself forfeit 10-yr grandfathering),https://www.michigan.gov/-/media/Project/Websites/mpsc/workgroups/dgpi/DTE_Proposed_Rider_18_DG_Tariff.pdf,2026-08-09,Medium
Consumers Energy Co,MI,MISO,nem_aggregate_cap;aggregate_cap_status,"Consumers Energy Distributed Generation program tariff follows MIXDG/PA235 statewide rules (10% aggregate cap, 550kW/110% sizing); DG program enrollment began 1/1/2021 (MPSC Case U-21124). Specific outflow credit rate (¢/kWh or LMP methodology) not independently confirmed from primary tariff sheet in this pass - see gaps file.",,550,10% of average 5-yr peak load per PA235 (state default),As of 2023 MPSC RE-DG report: Consumers Energy 81% subscribed in <=20kW category (70994 of 375680 kW) and 92.2% subscribed in >20-550kW category (29194 of ~31660 kW); reported by outside sources as at or very near the 10% cap by 2025-2026 (specific current % not independently confirmed).,,,,,,,,,"1394 DG customers with battery storage totaling 14036 kW reported through 2023 (MPSC RE-DG report), the largest residential-count storage-attached DG population in Michigan.",https://www.michigan.gov/mpsc/-/media/Project/Websites/mpsc/regulatory/reports/RE-DG/2024-RE-DG-Report.pdf,2026-08-09,Medium
Cloverland Electric Cooperative,MI,MISO,all,"Cooperative, not subject to MPSC net-metering/DG-rate rules (co-ops exempt from PA 341/342 rate provisions) but voluntarily follows the MIXDG interconnection Levels 1-5 (R 460.901-460.992) for the technical interconnection process. Cloverland's DER Standard Operating Procedures (CEC-SOP-23-03) credit Level 1/2 (<=150 kWAC) excess generation at the FULL RETAIL RATE (not an unbundled/avoided-cost/LMP rate) - a materially more favorable compensation basis than the DTE/Consumers unbundled-generation approach. Credit excludes fixed facility/demand charges. Net Excess Generation (NEG) credits carry forward indefinitely and do not expire (true indefinite rollover, unlike DTE's monthly-netting approach). Level 3-5 (>150kW) generation is separately negotiated or sold on the open market.",,150,,,full retail rate (excluding monthly facility charge),,,,,,,,"DER program does not separately break out storage-specific provisions in the SOP summary reviewed; disconnect switch required within 10 feet of meter, lockable, visible-break, accessible to Cloverland employees.",https://www.cloverland.com/energy-solutions/der/,2026-08-09,Medium
Great Lakes Energy Cooperative,MI,MISO,all,"Cooperative, not subject to MPSC net-metering/DG-rate rules; voluntarily reports DG program data to MPSC (3575 <=20kW-category and 525 >20kW-category installations as of 2023 MPSC RE-DG report, the largest cooperative DG population in Michigan). Specific outflow credit rate/compensation basis, cap, and storage provisions not independently confirmed from a primary tariff document in this research pass - see gaps file.",,,,3575 kW allocated in <=20kW category and 525 kW in >20-550kW category as of 2023 (MPSC RE-DG report); % of self-set cap not published in source reviewed.,,,,,,,,,,https://www.michigan.gov/mpsc/-/media/Project/Websites/mpsc/regulatory/reports/RE-DG/2024-RE-DG-Report.pdf,2026-08-09,Low
Traverse City Light & Power,MI,MISO,all,"Municipal utility, not subject to MPSC MIXDG rate rules. TCLP Net Metering Program (first-come-first-served, systemwide cap historically 760 kW) is transitioning to a 'net billing' system (board approved late 2024, effective ~March 2025) replacing 1:1 net metering for residential and commercial DER customers - exact new outflow credit rate not confirmed from a primary rate-tariff document in this pass. See gaps file.",,,760 kW systemwide cap (legacy Net Metering Program figure; status under new net billing program not confirmed),,,,,,,,,,,https://www.tclp.org/distribution-policies/,2026-08-09,Low
Indiana Michigan Power - Michigan,MI,PJM,export_credit_basis;credit_rollover;nem_aggregate_cap,"Follows MPSC statewide MIXDG/DG program rules (I&M enrolled in DG program 2/1/2020, MPSC Case U-20359). As of 2023 MPSC RE-DG report: 86% subscribed in <=20kW category (4498 of 32440 kW) and 96.3% subscribed in >20-550kW category (1201 of ~1247 kW, i.e. category nearly full). 102 DG customers reported with battery storage totaling 642 kW through 2023.",,550,10% of average 5-yr peak load (state default),<=20kW category 86% subscribed (4498/32440 kW); >20-550kW category 96.3% subscribed (1201 kW) as of 2023 MPSC RE-DG report - near-full in the larger-system category,,,,,,,,,102 customers with 642 kW combined battery storage reported through 2023 (MPSC RE-DG report) - notable storage-attachment rate relative to program size,https://www.michigan.gov/mpsc/-/media/Project/Websites/mpsc/regulatory/reports/RE-DG/2024-RE-DG-Report.pdf,2026-08-09,Medium
Upper Michigan Energy Resources (UMERC),MI,MISO,aggregate_cap_status,"Follows MPSC statewide MIXDG/DG program rules; UMERC enrolled in DG program 1/1/2025 (MPSC Case U-21541), the most recent utility to establish its first DG program rate under the post-PA235 framework. As of 2023 report (pre-dating UMERC's own DG rate order): 96% subscribed in <=20kW category (580 of 14610 kW) and 99% subscribed in >20-550kW category (142 of ~143.5 kW) - both categories effectively full.",,550,10% of average 5-yr peak load (state default),"<=20kW category 96% subscribed; >20-550kW category 99% subscribed as of 2023 MPSC RE-DG report - both categories effectively at capacity, making new UMERC interconnections likely queue-limited",,,,,,,,,,https://www.michigan.gov/mpsc/-/media/Project/Websites/mpsc/regulatory/reports/RE-DG/2024-RE-DG-Report.pdf,2026-08-09,Medium
Holland Board of Public Works,MI,MISO,all,"Municipal utility, not subject to MPSC MIXDG rate rules; sets own Distributed Generation program. Customer billed on total inflow at applicable rate, minus outflow credits for exported energy. All outflow credited at HBPW's own 'Distributed Energy Value' (rate not published in source reviewed), which can offset energy, delivery, capacity, and readiness-to-serve charges (broader offset than DTE/Consumers, which restrict credit to power-supply-only). No rollover: 'No generated outflow credits are granted toward future billings' - excess outflow in a given period is NOT banked, a meaningful deviation from state-row treatment. Legacy Net Metering customers (enrolled, or application received before 7/1/2019) grandfathered at prior net-metering rates for 10 years from initial application date.",,,,,Distributed Energy Value (specific ¢/kWh rate not published in source reviewed),,,,,,,,,https://hollandbpw.com/en/distributed-generation,2026-08-09,Medium
AES Indiana (formerly IPL),IN,MISO,export_credit_value;credit_rollover;nem_cap_res_kw;nem_cap_nonres_kw,"Standard Contract Rider No. 16, Excess Distributed Generation (EDG), IURC Cause No. 45911, Original No. 172, eff. 5/9/2024. Rate updated annually by compliance filing due March 1. Enrollment began 7/1/2022 (post-SEA 309 net metering closure). Nameplate cap: lesser of 1 MW or customer's average annual consumption. Excludes Rider 9 (legacy net metering) facilities. Net inflow billed at standard rate; net outflow (EDG) credited and carried forward indefinitely as an account credit (not cash-out monthly) until account closure, at which point unused credit flows through the fuel adjustment clause (FAC) to all customers.",,1000,,,3.9350 cents/kWh (effective 7/1/2024; average marginal price of energy paid by AES Indiana in prior calendar year x 1.25 per IC 8-1-40-17; updated annually),,,,,,,,"Storage-specific treatment not addressed separately in Rider 16 text reviewed; battery-inclusive systems' EDG eligibility follows the 'nameplate capacity' definition (full load continuous rating, or lower of inverter/aggregate inverter rating for inverter-based systems) - unclear whether battery power rating is included in this figure for EDG-cap purposes.",https://www.aesindiana.com/sites/aesvault.com/files/2024-08/Rider-16-EDG-45504-Effective-07-01-24.pdf,2026-08-09,High
Northern Indiana Public Service Co (NIPSCO),IN,MISO,nem_status;export_credit_basis;export_credit_value;nem_cap_res_kw;nem_aggregate_cap;aggregate_cap_status,"NIPSCO offers TWO closed/legacy programs distinct from the standard EDG structure used by the other IOUs: (1) legacy Feed-in Tariff (closed to new applicants) for solar/wind/biomass/small-hydro, sized 5kW-5MW, with a total programwide capacity of 30 MW (no single technology >15 MW; 700 kW carve-out for solar <10kW, 300kW for wind <10kW) - this program is fully subscribed/closed. (2) A Distributed Generation Tariff Program, functionally similar to the standard IN EDG rate, crediting excess generation at 125% of the market price for power. New customers today enroll under the standard EDG rate/state default, not the closed Feed-in Tariff.",5,5000,30000,Feed-in Tariff program (30 MW total) reported as closed to new applicants - fully subscribed,,,,,,,,,NIPSCO's legacy Feed-in Tariff and the current EDG program have not been confirmed to address storage-specific rules in sources reviewed,https://www.nipsco.com/services/renewable-energy-programs/feed-in-tariff,2026-08-09,Medium
Duke Energy Indiana,IN,MISO,export_credit_value,"Excess Distributed Generation (EDG) Tariff per state default (125% of prior-calendar-year average marginal/wholesale price). Rate reported at $0.042917/kWh (4.2917 cents/kWh) effective March 1, 2024; updated annually per IC 8-1-40-17 compliance filing.",,,,,4.2917 cents/kWh (effective 3/1/2024; updated annually - current 2026 rate not independently confirmed),,,,,,,,,https://www.in.gov/oucc/electric/key-cases-by-utility/duke-energy-rates/duke-energy-distributed-generation-tariff/,2026-08-09,Medium
Indiana Michigan Power (AEP),IN,PJM,export_credit_value,"Excess Distributed Generation (EDG) Tariff per state default; IURC Cause No. 45506, enrollment began 7/1/2022. Rate reported at approximately $0.090476/kWh (9.0476 cents/kWh) in a recent compliance filing - notably higher than other IN IOUs' EDG rates (AES Indiana ~3.94 cents/kWh, Duke Indiana ~4.29 cents/kWh), reflecting I&M's higher average wholesale power cost (PJM vs MISO pricing zone). Rate updated annually per IC 8-1-40-17.",,,,,9.0476 cents/kWh (per compliance filing referenced; effective date and current 2026 figure not independently confirmed - see gaps file),,,,,,,,,https://www.in.gov/oucc/featured-topics/indiana-michigan-power-i-and-m-rates/i-and-m-distributed-generation-tariff/,2026-08-09,Medium
CenterPoint Energy Indiana South (formerly Vectren),IN,MISO,export_credit_value,"Excess Distributed Generation (EDG) Tariff per state default (125% of prior-calendar-year average marginal/wholesale price per IC 8-1-40-17). Specific current numeric rate not independently confirmed in this research pass - see gaps file. Note: CenterPoint's EDG tariff was the subject of an IURC approval later challenged/reviewed on appeal by solar/consumer advocates (Vote Solar, Citizens Action Coalition et al.) contesting methodology - outcome and current rate impact not independently confirmed.",,,,,,,,,,,,,CenterPoint EDG tariff was the specific subject of the IURC methodology challenge referenced in general SEA 309 secondary sources; final current rate and any court-ordered rate adjustment not confirmed - flagged in gaps file.,https://votesolar.org/advocates-celebrate-indiana-decision/,2026-08-09,Low
Ohio Power Company (AEP Ohio),OH,PJM,export_credit_value,Net metering per state default (OAC 4901:1-10-28); excess credited at the energy-only Generation Energy Rider component. Rate reported at approximately $0.11/kWh (11 cents/kWh) as of 2025; current 2026 figure not independently confirmed - see gaps file. Credit rolls over monthly.,,,,,~11 cents/kWh (2025 figure via Generation Energy Rider; 2026 SSO rate not independently confirmed),,,,,,,,,https://www.ohmsnap.com/net-metering/ohio,2026-08-09,Low
Duke Energy Ohio,OH,PJM,export_credit_value,"Net metering per state default (OAC 4901:1-10-28); excess credited at the energy-only Price to Compare / SSO generation component. Residential Price to Compare (generation-only) reported at 10.7016 cents/kWh effective June 1, 2026 (up from 10.0819 cents/kWh prior period) - illustrates that this state's export credit is explicitly tied to a published, regularly-updated SSO auction rate rather than a fixed tariff value.",,,,,"10.7016 cents/kWh (residential Price to Compare, generation-only, effective 6/1/2026)",,,,,,,,,https://www.duke-energy.com/home/products/ohio-customer-choice/electric/price-to-compare?jur=OH01,2026-08-09,Medium
Ohio Edison Company,OH,PJM,export_credit_value;nem_cap_res_kw,"Net metering per state default (OAC 4901:1-10-28), administered under FirstEnergy's unified Schedule NEM tariff. Residential Rider GEN (generation supply, the credit basis for net metering) reported at 10.83 cents/kWh effective June 1, 2026; General Service Secondary Rider GEN at 9.3786 cents/kWh. FirstEnergy Ohio's avoided-cost/rider rate has ranged 3.8-5.3 cents/kWh over other recent periods per secondary sources - some ambiguity between 'Rider GEN' (SSO generation charge) and a separately-referenced lower 'avoided cost' figure; residential net metering cap reported at 10 kW AC for Ohio Edison (narrower than the 25kW state Level-1 default), which would push many residential systems into Level 2 review.",10,,,,"10.83 cents/kWh (Rider GEN, residential, eff. 6/1/2026); secondary sources also cite a distinct 3.8-5.3 cents/kWh avoided-cost range - reconcile before use",,,,,,,,Cap discrepancy (10kW residential cap vs 25kW state Level-1 threshold) flagged for verification - see gaps file,https://www.energychoicematters.com/stories/20260429aa.html,2026-08-09,Low
The Cleveland Electric Illuminating Company,OH,PJM,export_credit_value;nem_cap_res_kw,"Net metering per state default (OAC 4901:1-10-28), administered under FirstEnergy's unified Schedule NEM tariff. Main supply-rate/Rider GEN component rose to 11.11 cents/kWh (from 9.88 cents/kWh) effective June 1, 2026; General Service Secondary Rider GEN at 9.4503 cents/kWh. Residential net metering cap reported at 10 kW AC (narrower than the 25kW state Level-1 default).",10,,,,"11.11 cents/kWh (residential Rider GEN/supply rate, eff. 6/1/2026)",,,,,,,,Cap discrepancy (10kW residential cap vs 25kW state Level-1 threshold) flagged for verification - see gaps file,https://www.energychoicematters.com/stories/20260429aa.html,2026-08-09,Low
Toledo Edison Company,OH,PJM,export_credit_value,"Net metering per state default (OAC 4901:1-10-28), administered under FirstEnergy's unified Schedule NEM tariff. Residential Rider GEN reported at 11.00 cents/kWh effective June 1, 2026; General Service Secondary Rider GEN at 9.4310 cents/kWh. Residential net metering cap reported at 25 kW AC, matching the state Level-1 default (unlike Ohio Edison/CEI's narrower 10kW cap).",25,,,,"11.00 cents/kWh (residential Rider GEN, eff. 6/1/2026)",,,,,,,,,https://www.energychoicematters.com/stories/20260429aa.html,2026-08-09,Low
AES Ohio (Dayton Power and Light Company),OH,PJM,export_credit_value,"Net metering per state default (OAC 4901:1-10-28); excess credited at the energy-only SSO 'Price to Compare' component. Typical residential Price to Compare for energy supply reported at $0.109/kWh (10.9 cents/kWh) for the period 6/1/2026-5/31/2027 (a 7.5% / $14.06 increase for a typical 1000 kWh/month residential customer, per PUCO-approved blended rate). Eligible fuels for net metering: solar, wind, biomass, landfill gas, hydropower, microturbine, or fuel cell (matches state default fuel list).",,,,,"10.9 cents/kWh (residential SSO Price to Compare, energy-only, eff. 6/1/2026-5/31/2027)",,,,,,,,,https://www.aes-ohio.com/net-metering,2026-08-09,Medium
Louisville Gas & Electric,KY,PJM,export_credit_value,"NMS-2 (Net Metering Successor tariff) rate established by PSC Order in Case No. 2020-00174 (5/14/2021 order applying methodology; LG&E-specific rate order 9/24/2021), applicable to eligible facilities placed in service on or after 9/25/2021. Rate based on avoided-cost methodology (avoided energy, ancillary services, generation/transmission/distribution capacity, carbon/environmental compliance, jobs-benefit adder). Legacy net-metering customers (enrolled before the transition) grandfathered at full 1:1 retail rate for 25 years from enrollment.",,,,,"6.924 cents/kWh (NMS-2 export rate, eff. for systems in service on/after 9/25/2021 - has likely been updated since; current 2026 figure not independently confirmed)",,,,,,,,,https://psc.ky.gov/agencies/psc/press/092021/0924_r01.pdf,2026-08-09,Medium
Kentucky Utilities,KY,PJM,export_credit_value,"NMS-2 (Net Metering Successor tariff) rate established by PSC Order in Case No. 2020-00174 (5/14/2021 order applying methodology; KU-specific rate order 9/24/2021), applicable to eligible facilities placed in service on or after 9/25/2021. Same avoided-cost methodology as LG&E (affiliated companies) but a distinct, slightly higher rate. Legacy net-metering customers grandfathered at full 1:1 retail rate for 25 years from enrollment.",,,,,"7.366 cents/kWh (NMS-2 export rate, eff. for systems in service on/after 9/25/2021 - current 2026 figure not independently confirmed)",,,,,,,,,https://psc.ky.gov/agencies/psc/press/092021/0924_r01.pdf,2026-08-09,Medium
Duke Energy Kentucky,KY,PJM,export_credit_value,"Rider NM II approved by PSC in Case No. 2023-00413 (order 10/11/2024), effective 1/1/2025, replacing the prior Rider NM (Net Metering I, 'NMI') for systems not yet in service by 12/31/2024. Systems already in service by 12/31/2024 remain grandfathered on the legacy full-retail NM I rider. NM II Excess Generation Avoided Cost Credit: $0.062924/kWh residential, $0.063255/kWh non-residential.",,,,,"$0.062924/kWh residential; $0.063255/kWh non-residential (Rider NM II, eff. 1/1/2025)",,,,,,,,"Case No. 2025-00258 (later PSC docket, order dated 6/1/2026) suggests a subsequent rate adjustment/review occurred - current 2026 rate not independently confirmed beyond the 1/1/2025 NM II figures above; see gaps file","https://psc.ky.gov/pscecf/2023-00413/debbie.gates@duke-energy.com/06262024040549/Duke_Energy_Kenytucky,_Inc.s_Brief.pdf",2026-08-09,Medium
Kentucky Power (AEP),KY,PJM,export_credit_value,"NMS-2 net metering successor tariff established by PSC Order in Case No. 2020-00349 (order dated 5/14/2021), applicable to residential and commercial net metering customers taking service after 5/15/2021. Specific cents/kWh rate not independently confirmed from a primary source in this research pass - see gaps file.",,,,,Not confirmed - see gaps file,,,,,,,,,https://psc.ky.gov/agencies/psc/press/052021/0514_r01.pdf,2026-08-09,Low
City Water Light and Power (Springfield),IL,MISO,all,Municipal utility exempt from ICC jurisdiction (83 Ill. Adm. Code 465/466 do not apply); CWLP sets its own net metering and interconnection policy per Springfield Municipal Code Ch. 50 Art. II. Offers full retail 1:1 net metering (not the CEJA supply-only net billing that applies to ComEd/Ameren) but at a much smaller system size ceiling and with annual (not indefinite) credit expiry.,25,25,,,,,,,,,Banked kWh credits expire annually at the March billing cycle (as of 2020 municipal solar rules; not confirmed current for 2026),,,https://library.municode.com/il/springfield/codes/code_of_ordinances?nodeId=TITVPUWO_CH50ELUT_ARTIIRASC_S50.38NEMESE,2026-08-09,Medium
Commonwealth Edison Company (ComEd),IL,PJM,storage_specific_notes,"Follows ICC/CEJA state default for net metering caps, aggregate cap, and interconnection levels. Deviation is the utility-specific DG/Smart Inverter Rebate program value: $300/kW-DC one-time rebate for residential systems using a qualifying smart inverter (accepting this rebate permanently forfeits any grandfathered pre-2025 full-retail NEM status).",,,,,,,,,,,,,Smart Inverter/DG Rebate = $300/kW-DC for qualifying solar inverters; battery storage rebate value not independently confirmed for ComEd specifically (Ameren's schedule found; ComEd's exact storage $/kWh rebate not verified in this pass -- gap),https://www.illinoissfa.com/announcements/2024/12/updates-on-upcoming-low-income-discount-rates-changes-to-net-metering-and-smart-inverter-rebate-changes/,2026-08-09,Medium
Ameren Illinois Company d/b/a Ameren Illinois,IL,MISO,storage_specific_notes,"Follows ICC/CEJA state default for net metering caps, aggregate cap, and interconnection levels. Deviation is the utility-specific DG/Smart Inverter Rebate schedule, which is tiered by rate class and explicitly covers storage inverters.",,,,,,,,,,,,,"DG/Smart Inverter Rebate: DS-1 & DS-2 (residential/small commercial) = $300/kW-DC for solar inverters, $300/kWh for storage inverters. DS-3, DS-4 & DS-6 (larger commercial) = $250/kW-DC for solar, $250/kWh for storage. Accepting the rebate permanently locks the customer into supply-only net metering (forfeits any pre-2025 full-retail NEM grandfathering).",https://www.ameren.com/illinois/residential/supply-choice/renewables/rebates,2026-08-09,Medium
Union Electric Company d/b/a Ameren Missouri,MO,MISO,export_credit_value;annual_true_up,"Follows MoPSC state-default 100 kW cap, 5% aggregate cap, and 20 CSR 4240-20.065 interconnection process. Deviation is the utility's specific Rider NM billing mechanic: monthly exports credited at retail-adjacent net metering rate, but an ANNUAL true-up (reported by third parties as occurring in the customer's anniversary billing cycle) settles any remaining banked credit at the utility's Commission-filed avoided-cost/cogeneration rate rather than carrying it forward -- a materially different economic outcome than a pure monthly-rollover reading of the state rule. Reported approximate figures (not independently verified against a current Ameren Missouri tariff sheet): retail-adjacent monthly credit ~$0.115-0.13/kWh; year-end avoided-cost settlement ~$0.03-0.04/kWh.",,,,,,,,,,,,,Storage-specific interconnection treatment not independently confirmed; Ameren Missouri's net metering tariff (Rider NM) predates widespread residential storage and does not appear to separately address battery grid-charging or non-export configurations in public-facing materials reviewed,https://www.ameren.com/missouri/company/rate-options/faqs,2026-08-09,Low
City Utilities of Springfield,MO,MISO,all,"Municipal utility not regulated by MoPSC; City Utilities sets its own net metering policy via municipal governance, though it mirrors the state's 100 kW cap. Offers its own solar rebate program in addition to net metering (rebate value not independently confirmed in this pass).",100,100,,,,,,,,,,,,https://findenergy.com/providers/city-utilities-springfield-mo/,2026-08-09,Low
Columbia Water and Light,MO,MISO,all;standby_charge,"Municipal utility not regulated by MoPSC; Columbia sets its own net metering ordinance. Mirrors the state's 100 kW cap but pays a two-tier rate: retail rate to offset same-period consumption, then a much lower avoided-cost rate (~2-4 cents/kWh) for any net excess beyond monthly consumption -- a steeper reversion than reading MoPSC's 20 CSR 4240-20.065 alone would suggest. City purchases the customer's RECs as part of the net metering agreement (customer may instead elect to keep RECs and be paid at the avoided average energy market price at the Columbia pricing node in lieu of retail-rate netting). City also runs its own DG rebate schedule: $375-$625/kW for the first 10 kW, $300-$500/kW for kW 10-50, $150-$250/kW for kW 50-100.",100,100,,,,,,,,,,,REC election is a key structural choice: keeping RECs switches the customer off retail-rate netting and onto avoided-cost LMP pricing at the Columbia node -- a storage/export economics factor not present in most other MO utilities reviewed,https://www.como.gov/utilities/columbia-power-partners/solar/net-metering/,2026-08-09,Medium
Independence Power and Light Department,MO,MISO,all,"Municipal utility not regulated by MoPSC (governed instead by Independence City Council ordinance); voluntarily implements a policy that substantively mirrors RSMo 386.890 -- 100 kW cap, 1:1 retail rate net metering, and no-fee interconnection for systems <=10 kW. Because it is not an MoPSC-jurisdictional ""electrical corporation,"" IPL is not legally bound by 386.890/20 CSR 4240-20.065 and could change terms via city ordinance without a PSC docket.",100,100,,,,,,,,,,,,https://www.independencemo.gov/sites/default/files/2023-08/IPL%20Rates%20-%20T%20(6-1-18)%20NM-1.cleaned%20(2).pdf,2026-08-09,Medium
Entergy Arkansas LLC,AR,MISO,export_credit_value,"Follows APSC state-default Legacy/Non-Legacy structure and 1,000 kW threshold. Deviation is the utility-specific published Non-Legacy avoided-cost rate, filed under Entergy Arkansas' Non-Legacy Net-Metering Service Schedule, distinct from Legacy Net-Metering Service Schedule pricing; exact current cents/kWh figure not independently verified against the live tariff sheet in this pass (see source_url for the tariff document).",,,,,,,,,,,,,,https://cdn.entergyarkansas.com/wp-content/uploads/2025/06/eal_nln-m.pdf,2026-08-09,Low
Southwestern Electric Power Co (SWEPCO),AR,MISO,export_credit_value,"Follows APSC state-default Legacy/Non-Legacy structure (Act 278/Docket 23-021-R settlement). Deviation is the utility's specific avoided-cost value: reported ~4-6 cents/kWh for 2025 Non-Legacy net-metering customers, roughly 60-70% below SWEPCO's retail rate -- figure not independently confirmed against a current published tariff sheet in this pass.",,,,,,,,,,,,,,https://www.arkansasadvancedenergy.com/news/aaea-granted-intervenor-status-in-swepco-rate-case,2026-08-09,Low
Ozarks Electric Cooperative,AR,SPP,export_credit_value;credit_rollover,"Cooperative -- statutorily covered by Act 464/278 net metering but administers its own tariff. For facilities interconnected after the 9/29/2024 cutoff, energy consumed from the co-op is billed at standard retail rate while exported energy is credited at avoided cost of energy based on the PRIOR YEAR's rate filed with APSC (a one-year-lagged avoided-cost figure, distinct from Entergy/SWEPCO's LMP-based approach). Unused credits roll over month to month and do not expire (explicit indefinite rollover, more generous than the state row's ""not independently confirmed"" default). A one-time administrative/interconnection fee applies to all net-metering submissions.",,,,,,,,,,,,,,https://www.ozarksecc.com/net-metering,2026-08-09,Medium
Conway Corp,AR,MISO,all,"Municipally-owned utility; net metering offered for residential and business customers using solar, wind, water, or other renewable sources, with excess credited against future usage. Specific system size cap, credit rate basis (retail vs avoided cost), rollover terms, and storage/interconnection provisions not independently confirmed in this pass -- flagged as a gap requiring direct tariff review.",,,,,,,,,,,,,,https://conwaycorp.com/residential-electric-rates/,2026-08-09,Low
North Little Rock Electric Department,AR,MISO,all,"Municipally-owned utility (Ordinance No. 9329, adopted 2/8/2021) not under APSC jurisdiction; net metering/DG rules set independently by city ordinance. Uses a DUAL-METER configuration (separate meters for consumption and generation) rather than a single bidirectional net meter, with generation credited at Avoided Cost -- functionally closer to a buy-all/sell-all arrangement than true netting, a materially different economic structure than the APSC-jurisdictional utilities in this cluster. System size cap and full rate schedule not independently confirmed in this pass.",,,,,,,,,,,,,Dual-meter/avoided-cost billing structure is a meaningful design consideration for battery-plus-solar economics -- self-consumption of stored solar may not net against grid draw the way it would under single-meter netting; needs direct verification against the ordinance text,http://nlrelectric.com/wp-content/uploads/2025/02/NLR-Net-Metering-and-DG-Rules-Ord-9329-.pdf,2026-08-09,Low
Entergy Louisiana LLC,LA,MISO,,"Follows LPSC state default (General Order 9-19-2019): pre-2020 grandfathered 1:1 for 15 years, post-2019 avoided cost. No utility-specific deviation independently confirmed in this pass beyond its own published Avoided Cost rate (see LPSC's annual ""Avoided Cost Rate by Electric Utility"" document for the current figure).",,,,,,,,,,,,,,https://www.entergylouisiana.com/net-metering,2026-08-09,Low
Entergy New Orleans LLC,LA,MISO,jurisdiction_body;rule_citation;applies_to,"CRITICAL: Entergy New Orleans is regulated by the NEW ORLEANS CITY COUNCIL, not the LPSC -- a wholly separate jurisdiction. The City Council adopted its own net-metering rules in May 2007, similar in structure to (but administered independently of) the LPSC's rules: residential systems up to 25 kW, commercial/agricultural up to 300 kW. Because New Orleans regulates its own utility, the September 2019 LPSC order that moved the rest of Louisiana to avoided-cost net billing for post-2019 interconnections did NOT automatically apply here -- New Orleans customers were reported (as of the 2019 LPSC change) to still have retail net metering available, making Entergy New Orleans a materially more favorable jurisdiction within the same corporate family than Entergy Louisiana. Current City Council net metering docket status and whether it has since moved to a similar avoided-cost structure was NOT independently confirmed in this pass -- treat as a high-priority gap given the economic significance.",25,300,,,,,,,,,,,,https://www.entergyneworleans.com/net-metering,2026-08-09,Medium
Cleco Power LLC,LA,MISO,,Follows LPSC state default (General Order 9-19-2019/Docket R-33929) for the grandfathering cutoff and avoided-cost successor. No utility-specific deviation independently confirmed beyond its own published Avoided Cost rate.,,,,,,,,,,,,,,https://www.cleco.com/residential-commercial/energy-efficiency-renewables/distributed-generation,2026-08-09,Low
Lafayette Utilities System,LA,MISO,all,"Municipal utility -- LPSC does not regulate municipal utilities in Louisiana, so LUS's net metering program is set independently under its own board-approved rate structure and interconnection standards, not the LPSC General Order. LUS has a documented history of rate-structure volatility: it created a new (less favorable, colloquially called a ""solar tax"") rate structure for net-metered customers, then reversed course and restored its prior ""smart solar"" policy after public pushback (per Southern Alliance for Clean Energy reporting) -- flag for customers as a jurisdiction where terms have changed via local ordinance/board action rather than a formal PSC docket, and could change again.",,,,,,,,,,,,,,https://lus.org/net-metering-revised/,2026-08-09,Medium
Dixie Electric Membership Corp (DEMCO),LA,MISO,export_credit_value,"Electric cooperative -- subject to LPSC jurisdiction (unlike Louisiana's municipal utilities) and follows the state-default post-2019 avoided-cost structure for meters installed after 1/1/2019. Deviation is DEMCO's own published Avoided Energy Cost rate, updated annually each March based on wholesale-supplier-provided data: $0.02638/kWh effective March 1, 2025 - February 28, 2026.",,,,,$0.02638/kWh (effective 3/1/2025-2/28/2026; updates each March),,,,,,,,,https://demco.org/solar-energy-center,2026-08-09,High
Entergy Mississippi LLC,MS,MISO,export_credit_value,"Follows MPSC state-default caps and interconnection Levels. Deviation is the utility's Rate Schedule NEM-2, updated by MPSC order (~January 2025): 5.5 cents/kWh Value-of-DG excess credit for standard customers, 7.5 cents/kWh for low-to-moderate-income-adder-eligible customers -- both above the base rule's original 2.5 cents/kWh adder.",,,,,5.5 cents/kWh standard; 7.5 cents/kWh low-to-moderate-income-eligible (per ~Jan 2025 MPSC order updating NEM-2),,,,,,,,,https://cdn.entergy-mississippi.com/userfiles/content/price/tariffs/eml_nem.pdf,2026-08-09,High
Mississippi Power Co (Southern Co),MS,MISO (Southern Co territory -- verify RTO/balancing authority; Southern Company subsidiaries historically operate outside formal RTO membership),export_credit_value,"Follows MPSC state-default caps and interconnection Levels via its own Rate Schedule RENM-2 (being replaced by RENM-3, filed Dec. 2024). Deviation is the specific adder value: 2.5 cents/kWh ""Non-Quantifiable Expected Benefits""/Distributed Generation Benefits Adder, GRANDFATHERED for 25 years from enrollment (longer than the general rule's structure), plus a separate low-to-moderate-income adder also grandfathered 25 years from enrollment (exact low-income adder value not independently confirmed in this pass).",,,,,"2.5 cents/kWh (Non-Quantifiable Expected Benefits Adder, 25-year grandfathering from enrollment date under RENM-2/RENM-3)",,,,,,,,,https://www.mississippipower.com/content/dam/mississippi-power/business/pricing-and-rates/2025/special-application-rates/RENM-3.pdf,2026-08-09,High
Coast Electric Power Association,MS,MISO,all,"Electric cooperative -- per MS H.B. 1139 (2016), the MPSC can require co-ops to offer net metering but CANNOT set the compensation/credit level; cooperatives may adopt the state net metering rule voluntarily or file their own independent standards. This is a major structural gap: roughly 57% of Mississippi ratepayers (co-op and municipal customers) are NOT bound by the MPSC's Chapter 03 Net Metering Rule caps, adders, or credit mechanics described in the state row. Coast Electric offers its own ""Cooperative Solar""/net metering rate plan and REQUIRES panels be installed by a Mississippi-registered solar contractor -- self-installed systems are not permitted to interconnect (a notable design constraint not present in the IOU rules). Full rate schedule, system size cap, and credit basis not independently confirmed in this pass.",,,,,,,,,,,,,Self-install prohibition is a hard eligibility gate specific to this cooperative -- relevant for any DIY or non-licensed-installer project pathway,https://coastepa.com/renewable-energy/,2026-08-09,Medium
Entergy Texas Inc,TX,MISO,jurisdiction_body;applies_to;export_credit_value,"CRITICAL DISTINCTION reinforced at the utility level: Entergy Texas is the vertically-integrated, PUCT-regulated, MISO-connected utility that the ""Texas has no statewide net metering mandate"" state-row caveat is actually ABOUT -- this is the one Texas utility where the limited PUCT net-metering rule (16 TAC 25.242) actually applies, because Entergy Texas is not unbundled/deregulated like ERCOT-area TDUs. Offers net metering under Schedule SQF (Option 2C, for qualifying renewable facilities <=50 kW AC where the interconnection agreement was initiated on/after 11/29/2017): customer billed for all energy supplied by the utility, and credited at Avoided Cost (calculated separately for on-peak/off-peak) for all energy exported. As of June 2023, all interconnection applications must be submitted through Entergy's online portal -- paper/manual applications no longer accepted.",50,,,,"Avoided cost, calculated separately for on-peak and off-peak periods per Entergy Texas' annual PUCT avoided-cost filing (exact current cents/kWh not independently confirmed in this pass)",,,,,,,,,https://www.entergytexas.com/net-metering,2026-08-09,Medium
PECO Energy Co,PA,PJM,export_credit_value;ic_timeline_days,"Follows PA statewide Chapter 75 caps/fees with no size/fee deviation. Export credit (annual true-up) valued at PECO's Price-to-Compare, ~11.0-11.8 cents/kWh as of Q1-Q2 2026 (fluctuates with PUC-approved default service procurement). PUC's 2022-2024 interconnection report flags PECO as having a disproportionate number of Level 1->Level 2 upgrades (141 in 2024) due to antiquated low-voltage distribution circuits in parts of its territory -- expect engineering-study kickbacks on Level 1 applications more often than other PA EDCs.",,,,,"~11.0-11.8 cents/kWh (Price-to-Compare, fluctuates quarterly)",,,,,,,,"Largest PA EDC by interconnection volume (25,252 cumulative Tier I interconnections through 2024, 2nd behind PPL); mean Level 2 review time ~21 days (2024), roughly in line with statutory targets but circuit-upgrade kickbacks add delay for a meaningful subset of projects.",https://www.puc.pa.gov/media/3263/net-metering-interconnection-report-2022-2024-final.pdf,2026-08-09,Medium
PPL Electric Utilities Corp,PA,PJM,export_credit_value,"Follows PA statewide Chapter 75 caps/fees with no size/fee deviation. Export credit valued at PPL's Price-to-Compare, ~13.0 cents/kWh as of Q2 2026. PPL is the largest PA EDC by customer-generator count (25,252 as of 2024) and has the fastest, most automated Level 1 review process among major PA EDCs (mean ~1 business day in 2022-2024, well under the 25-business-day statutory cap) -- notably favorable for fast Level 1 (<=10kW) BESS-attached PV interconnection.",,,,,"~13.0 cents/kWh (Price-to-Compare, fluctuates quarterly)",,,,,,,,PPL explicitly requires UL 1741 Supplement B / IEEE 1547-2018 certified inverters. Fastest Level 1 turnaround of any major PA EDC by a wide margin.,https://www.puc.pa.gov/media/3263/net-metering-interconnection-report-2022-2024-final.pdf,2026-08-09,Medium
Metropolitan Edison Co (Met-Ed),PA,PJM,export_credit_value;ic_timeline_days,"Follows PA statewide Chapter 75 caps/fees. Export credit valued at Met-Ed's Price-to-Compare, ~13.0 cents/kWh as of Q2 2026. Mean Level 2 review time was an outlier at 188 days in 2024 (vs. ~20-business-day statutory target) -- material delay risk for >10kW C&I storage-paired systems in this territory; investigate before assuming a standard timeline.",,,,,"~13.0 cents/kWh (Price-to-Compare, fluctuates quarterly)",,,,,,,,"PUC's 2022-2024 interconnection report documents Met-Ed approving battery retrofits onto existing net-metered solar (e.g., 2 requests in 2024 approved to add a 10kW battery to an existing solar PV interconnection, moved from Level 1 to Level 2 review) -- confirms PA/Met-Ed permits storage-only retrofit additions to a legacy net-metered PV system without disqualifying the existing interconnection, though the addition itself gets re-reviewed at the higher level triggered by combined capacity.",https://www.puc.pa.gov/media/3263/net-metering-interconnection-report-2022-2024-final.pdf,2026-08-09,Medium
Pennsylvania Electric Co (Penelec),PA,PJM,export_credit_value,"Follows PA statewide Chapter 75 caps/fees. Export credit valued at Penelec's Price-to-Compare, ~11.7 cents/kWh as of Q2 2026. Notably high Level 2->Level 3 escalation rate in 2024 (78 of ~240 Level 2 requests moved up due to Level 2 screening failure) -- rural circuits in Penelec territory more often trigger full studies than other FirstEnergy-PA utilities.",,,,,"~11.7 cents/kWh (Price-to-Compare, fluctuates quarterly)",,,,,,,,,https://www.puc.pa.gov/media/3263/net-metering-interconnection-report-2022-2024-final.pdf,2026-08-09,Medium
Pennsylvania Power Co,PA,PJM,export_credit_value,Follows PA statewide Chapter 75 caps/fees (branded 'Penn Power' in PUC reporting). Export credit valued at Penn Power's Price-to-Compare; specific current rate not independently retrieved this pass -- verify against PA PowerSwitch before use.,,,,,Unclear -- not independently retrieved this pass,,,,,,,,,https://www.puc.pa.gov/media/3263/net-metering-interconnection-report-2022-2024-final.pdf,2026-08-09,Low
West Penn Power Co,PA,PJM,export_credit_value,"Follows PA statewide Chapter 75 caps/fees. Export credit valued at West Penn's Price-to-Compare, ~10.9-12.1 cents/kWh depending on source/date (West Penn's NEM year runs to May 31; PTC of 12.075 cents/kWh cited effective June 1 2026 in one secondary source -- reconcile both figures before use). Level 3 reviews were an outlier at 125 mean days in 2023 (vs 2024 improvement).",,,,,"~10.9-12.1 cents/kWh (Price-to-Compare, varies by source/date -- reconcile)",,,,,,,,,https://www.puc.pa.gov/media/3263/net-metering-interconnection-report-2022-2024-final.pdf,2026-08-09,Medium
Duquesne Light Co,PA,PJM,export_credit_value;ic_timeline_days,"Follows PA statewide Chapter 75 caps/fees. Export credit valued at Duquesne's Price-to-Compare, ~13.75-14.1 cents/kWh as of Q1-Q2 2026 (highest PTC among major PA EDCs, favorable for NEM economics but also the benchmark rate for default-service Hourly SOS customers). PUC's 2022-2024 report identifies Duquesne as the ONLY major EDC whose mean Level 1 review time (28 days in 2024) exceeded the 25-business-day statutory requirement -- flag for real-world timeline risk on <=10kW systems, including small residential storage-paired PV. Level 2 review also slow (35 days mean, 2024).",,,,,"~13.75-14.1 cents/kWh (Price-to-Compare, fluctuates quarterly)",,,,,,,,"Duquesne also offers Default Service Hourly Pricing (Hourly SOS) for large C&I customers -- an hourly LMP-indexed passthrough rate that is directly relevant to storage arbitrage economics on the import side, separate from NEM export credit.",https://www.puc.pa.gov/media/3263/net-metering-interconnection-report-2022-2024-final.pdf,2026-08-09,Medium
UGI Utilities Inc - Electric Division,PA,PJM,all,"Small FirstEnergy-adjacent-style electric-only division (UGI's core business is natural gas; electric service territories are limited pockets in northeastern/central PA). Follows PA statewide Chapter 75 rules but is a minor EDC with a small interconnection volume (82 customer-generators as of 2024, smallest major reporting EDC alongside Wellsboro/Pike/Citizens). In Feb 2025 the PUC approved a default service Settlement Agreement affecting how net-metering customer-generators are classified for service rates at UGI -- a live, utility-specific reclassification worth checking before modeling a UGI-territory system. UGI also had 13 interconnection requests in 2024 moved to a higher review level because aggregate generation on the circuit exceeded 15% of line-section annual peak load -- indicates UGI's small, likely older distribution circuits saturate faster than larger EDCs' circuits.",,,,,Unclear -- not independently retrieved this pass,,,,,,,,,https://www.puc.pa.gov/media/3263/net-metering-interconnection-report-2022-2024-final.pdf,2026-08-09,Medium
Delmarva Power & Light Co (Delmarva DE),DE,PJM,nem_cap_nonres_kw,"PSC-regulated IOU; nonresidential net-metering cap is 2 MW per meter at Delmarva (vs. 500 kW per meter at DEC or a DEMEC municipal utility) -- Delmarva DE customers get a materially larger nonresidential system-size ceiling than co-op/muni customers in the state. Residential 25kW cap and annual-expiry true-up (per SB 298, 2022) apply as state default. Also administers Delaware's statewide Green Energy Program (established 1999, funded via a per-kWh surcharge on Delmarva customers) which has awarded >$55M in grants for renewable/storage-adjacent projects since inception -- separate from net metering and worth surfacing to Delmarva-territory customers evaluating a design.",25,2000,,,,,,,,,,,Delmarva publishes its own interconnection guidelines and battery-storage-specific interconnection documentation separate from DEC's forms; grid-charging/non-export provisions not independently confirmed this pass.,https://depsc.delaware.gov/delawares-renewable-portfolio-standard-green-power-products,2026-08-09,Medium
Delaware Electric Cooperative,DE,PJM,all,"DEC is a member-owned cooperative and is NOT bound by PSC-adopted net metering/interconnection regulations -- it promulgates its own rules per 26 Del. C. Section 1014's direction that cooperatives set their own. DEC's nonresidential cap is 500 kW per meter (vs 2 MW at Delmarva). DEC requires a separate supplemental Battery Storage Interconnection Application in addition to the base Interconnection Application whenever a battery is added alongside a generating system -- distinct paperwork track from solar-only net metering. DEC has separate agreement forms for Net Metering (>100kW), Non-Export (<100kW), and Battery Storage, implying DEC treats sub-100kW systems as non-export by default absent net-metering election -- verify this reading against the actual agreement text. Implementation history: DEC initially set its post-SB-298 annualized billing period to end in December with no final credit payout, which caused customer/legislator backlash (particularly among large-payout farm net-metering customers); DEC then moved to a period ending in March and made a one-time exception credit for that first transition year.",25,500,,,,,,Required (per DEC interconnection forms terminology distinguishing 'Non-Export' agreements from 'Net Metering' agreements),"Yes -- DEC's <100kW 'Non-Export' interconnection agreement path appears to function as DEC's defined non-export/limited-export track, distinct from full net metering",Unclear -- not independently confirmed whether DEC credits or restricts grid-charging of the battery storage systems covered by its supplemental Battery Storage Interconnection Application,,,Requires supplemental Battery Storage Interconnection Application whenever storage is paired with a generating system; maintains a distinct <100kW Non-Export interconnection track separate from Net Metering and Battery Storage agreements.,https://www.delaware.coop/energy-savings-programs/solar-interconnections,2026-08-09,Medium
Delaware Municipal Electric Corp (DEMEC) - member municipal utilities,DE,PJM,all,"DEMEC is a joint-action wholesale power agency representing 9 Delaware municipal electric departments (New Castle, Newark, Middletown, Smyrna, Clayton, Dover, Milford, Seaford, Lewes); each member municipality sets its OWN net-metering/interconnection tariff and is exempt from PSC rules per 26 Del. C. Section 1014's cooperative/municipal carve-out, though DEMEC coordinates policy across members. Nonresidential cap is 500 kW per meter (same tier as DEC). Following SB 298 (2022): excess kWh credits revert to the utility (no payout, no rollover) at the end of each member's annualized billing period; DEMEC's recommended (and most members') practice is an annualized period running spring-to-spring so summer-generated credits carry through winter consumption (contrast with DE Electric Coop's rockier transition, and with Delmarva which lets customers choose their own true-up month). Non-residential net-metering customers pay the full reasonable cost of any new/replacement net meter; residential customers pay up to $200 -- statewide statutory floor, but METER COST is billed directly to the customer at DEMEC members (verify this is not absorbed by any individual member as a local incentive). Utilities may consider system reliability/safety/capacity when reviewing interconnection and net-metering applications (SB 298), giving DEMEC members discretion PSC-regulated Delmarva may have less of.",25,500,,,,,,Not independently confirmed this pass (varies by individual member municipality),Not independently confirmed this pass,Not independently confirmed this pass,,,"Each of the 9 member municipalities (Newark, Milford, Seaford, Smyrna, Dover, Lewes, Middletown, Clayton, New Castle) may have its own interconnection agreement text and minor local variations -- treat this row as the DEMEC-coordinated baseline, not a guarantee that every member is identical; confirm against the specific municipality's own utility department before finalizing a project in that territory.",https://www.lewesbpwde.gov/wp-content/uploads/2022/12/15-NEM-Policy-Update-BOARD-Only-1.pdf,2026-08-09,Medium
Baltimore Gas and Electric Co (BGE),MD,PJM,storage_specific_notes,"Follows MD statewide COMAR 20.50 caps (2MW / 200% baseline / 3,000 MW aggregate). BGE was a lead participant in the 2019-2024 PSC Energy Storage Pilot Program (SB 573): built a 2.5 MW / 7.1 MWh lithium-ion BESS at its Fairhaven substation (winter peak support + PJM frequency regulation) and a 2 MWh project at Chesapeake Beach. Pilot concluded December 2024 -- outputs now feed into the 2025 PSC pilot interim report and inform BGE's participation in the newer DRIVE Act EDSSS pilot (customer-sited battery/bidirectional-EV compensation, up to ~$300/kW-yr, per 7/1/2025 Commission directive). BGE recovers community-solar/net-metering bill credits via its decoupling mechanism (distribution) plus SOS energy cost adjustment (transmission/energy) -- a BGE-specific cost-recovery detail not shared by all MD IOUs.",,,,,,,,,,,,,"Fairhaven (2.5MW/7.1MWh) and Chesapeake Beach (2MWh) utility-owned pilot BESS assets are grid-services projects, not customer-facing BYOD -- distinguish from the DRIVE Act EDSSS pilot, which IS customer-sited-storage-facing and the closer match to a 'BYOD' concept at BGE.",https://bgesmartenergy.com/residential/earn-incentives/eventscentral/energy-savings-days,2026-08-09,Medium
Potomac Electric Power Co (Pepco MD),MD,PJM,storage_specific_notes,"Follows MD statewide COMAR 20.50 caps. Pepco's PSC storage pilot project: 1.05 MW / 4.25 MWh BESS at National Harbor (substation deferral, peak shaving, reliability); Pepco retains contractual right to draw up to 3 MWh over a 3-hour period, up to 10 days/year, over a 10-year period -- i.e. a partially utility-dispatchable asset even though it may be sited to also serve local reliability. Pepco MD is also the lead/largest DRIVE Act EDSSS pilot utility by targeted capacity (~185 MW combined target across BGE/PHI/Potomac Edison per 2025 filings, Pepco MD's own VPP target ~185 MW noted in programs.csv separately for Pepco MD specifically).",,,,,,,,,,,,,"National Harbor BESS has a utility call-option structure (10 days/yr, 3hrs, up to 3MWh) rather than being a pure customer-storage-facing BYOD program.",https://psc.maryland.gov/wp-content/uploads/Energy-Storage-Pilot-Program-Interim-Report.pdf,2026-08-09,Medium
Potomac Electric Power Co (Pepco DC),DC,PJM,all,"DC-specific delta from the DC state row: Pepco is the sole electric distribution company in DC, so DC state rules and Pepco DC's tariff are effectively identical -- no further utility-level deviation identified beyond what's captured in the DC state row (100kW cap, 1:1 retail NEM, indefinite rollover, December cash-out of remaining NEG at generation rate only). DC's SREC market ($360-400/MWh range cited in 2026 secondary sources) interacts with storage in that AC-coupled storage added to an existing SREC-generating solar system generally does not itself generate SRECs (SRECs track solar production, not storage throughput) -- verify metering configuration required to avoid inadvertently affecting SREC certification when retrofitting storage onto an existing DC solar system.",,,,,,,,,,,,,"Retrofit caution: adding storage to an existing SREC-certified system may require DOEE review of metering configuration to preserve SREC eligibility -- not independently confirmed against DOEE rules this pass, flagged as a retrofit risk worth checking case-by-case.",https://doee.dc.gov/service/solar-district,2026-08-09,Low
Potomac Edison Co (FirstEnergy - Maryland),MD,PJM,storage_specific_notes,"Follows MD statewide COMAR 20.50 caps. Potomac Edison's PSC storage pilot built TWO projects (broader than the single-project norm among the other three pilot utilities): a 1.75 MW / 8.4 MWh BESS in Little Orleans (Allegany/Washington County, backup power for 1,000+ customers during outages, built with Convergent Energy and Power, online ~Jan 2025) and a 500 kW battery at the Myersville Park & Ride (Frederick County, bundled with EV fast chargers to study demand-spike mitigation). Potomac Edison also uniquely still applies community-solar credits as a kWh USAGE REDUCTION on subscriber bills rather than a dollar credit (per PSC's Nov 2025 net metering report) -- transitions to dollar-credit method 1/1/2026, a live utility-specific billing-mechanics change relevant to any MD savings modeling tool.",,,,,,,,,,,,,Little Orleans and Myersville are utility-owned/co-developed grid-reliability BESS assets (not customer BYOD); Potomac Edison's community-solar billing mechanic (kWh reduction vs. dollar credit) changes 1/1/2026 -- update any hardcoded MD billing-treatment assumption after that date.,https://www.power-eng.com/energy-storage/potomac-edison-gets-ok-for-two-energy-storage-pilots-in-maryland/,2026-08-09,Medium
Southern Maryland Electric Cooperative (SMECO),MD,PJM,,"SMECO is a cooperative but, unlike Delaware's DEC, MD's COMAR 20.50 net metering/interconnection rules are written to bind 'electric companies' inclusive of cooperatives -- SMECO's PSC Net Metering Report data (avg. April 2025 credit $58.08 across 3,612 residential accounts) is reported alongside the IOUs under the same statewide cap/sizing framework, with no distinct SMECO-specific cap or sizing deviation identified. NOT independently confirmed among the four utilities that filed 2020 PSC storage pilot proposals (BGE, Pepco, Delmarva, Potomac Edison) -- SMECO does not appear to have participated in the utility-owned storage pilot program, which may mean SMECO territory has less utility-side storage infrastructure/experience than the four Exelon/FirstEnergy utilities, though this is an inference, not a confirmed absence.",,,,,,,,,,,,,"No SMECO-specific storage tariff or BYOD program identified in sources reviewed this pass -- if SMECO customers want compensated storage participation, the DRIVE Act EDSSS pilots (BGE/Pepco/Potomac Edison) do NOT appear to include SMECO; verify directly with SMECO before assuming parity.",https://www.smeco.coop/services/solar-net-metering/,2026-08-09,Medium
Choptank Electric Cooperative,MD,PJM,ic_study_trigger_kw,"Follows MD statewide COMAR 20.50 net metering caps/sizing. Choptank publishes its own supplemental interconnection capacity guidance: individual interconnections are restricted to no larger than 3 MVA on 12kV circuits and 5 MVA on 25kV circuits -- a circuit-voltage-class-based ceiling ABOVE the state's 2MW net-metering cap itself, relevant mainly to larger C&I/grid-supply projects seeking non-net-metered interconnection or exceeding net-metering-eligible size. Choptank markets aggregation, solar, net metering, AND energy storage together on a single program page, suggesting more explicit co-op-level support/guidance for storage-paired systems than some peers.",,,,,,,,,,,,,"Choptank's marketing groups 'Solar, Net Metering, Aggregation & Energy Storage' together -- suggests an established storage-interconnection pathway, but specific grid-charging/non-export terms not independently retrieved this pass (page required JavaScript, could not fetch full text).",https://choptankelectric.coop/solar,2026-08-09,Low
Easton Utilities Commission,MD,PJM,nem_aggregate_cap,Municipal utility; follows MD statewide COMAR 20.50 caps/sizing but reports its own local net-metered solar capacity: 3.49 MW installed as of 6/30/2025 (per PSC Net Metering Report). No charge to install a net meter at Easton (a favorable deviation vs. utilities that pass through meter costs). Easton allows aggregate NEM combining a single host account with child accounts under the statewide aggregation rules for agricultural/municipal/nonprofit entities.,,,,,,,,,,,,,,https://eastonutilities.com/solar-and-net-metering/,2026-08-09,Medium
Delmarva Power & Light Co (Delmarva MD),MD,PJM,storage_specific_notes,"Follows MD statewide COMAR 20.50 caps. Delmarva's PSC storage pilot is notably different in character from BGE/Pepco/Potomac Edison's substation-scale utility-owned BESS: Delmarva contracted with Sunverge Energy to deploy BEHIND-THE-METER residential battery systems in 110 homes in Elk Neck, networked together to function as a virtual power plant (aggregated 0.5 MW / 1.5 MWh). This IS the closest match in the MD pilot program to a customer-sited/BYOD-style storage model referenced in the research brief -- distinguish from BGE/Pepco/Potomac Edison's utility-owned substation/grid-asset pilots, which are NOT customer-owned-device programs.",,,,,,,,,,,,,"Elk Neck VPP (Sunverge, 110 homes, 0.5MW/1.5MWh aggregated) is the pilot most resembling a BYOD/customer-storage model in MD; confirm current operational status and whether it has a successor commercial program before assuming it's still active as of 2026.",https://psc.maryland.gov/wp-content/uploads/Energy-Storage-Pilot-Program-Interim-Report.pdf,2026-08-09,Medium
Virginia Electric & Power Co (Dominion Energy Virginia),VA,PJM,nem_cap_nonres_kw;export_credit_value;credit_rollover;annual_true_up;ic_application_fee;standby_charge;standby_threshold_kw,"Dominion's residential/small-C&I tariff sub-caps nonresidential systems at 1 MW (below the 3 MW statewide statutory ceiling). Following the SCC's April 30, 2026 final order (Case No. PUR-2025-00079), Dominion is rolling out a 'NEM 2.0' tariff for customers who interconnect after the order's effective date: 1:1 kWh crediting and 12-month (annual) netting are preserved, but the year-end net-excess-generation cash-out rate rises to $0.05829/kWh (includes a new $0.01/kWh credit for avoided RPS/REC compliance cost) and a $1/month administrative fee applies. The SCC rejected Dominion's proposed $100-750 application fee and its proposed 30-minute netting/dollar-based interval crediting. Pre-order NEM 1.0 customers remain grandfathered indefinitely and may switch to NEM 2.0 only if it becomes more favorable to them. Low-income customers may choose whichever tariff (legacy or NEM 2.0) is more favorable. Separately, the SCC-authorized standby charge threshold rises from 15 kW AC to 20 kW AC effective 7/1/2026 under HB 1255.",25,1000,6% of prior-year peak load statewide; Dominion-specific current subscription level not published in sources reviewed,Not published,"Legacy (NEM 1.0): year-end excess at avoided cost (~3.5c/kWh, last published 2019 figure); NEM 2.0 (new interconnections after ~mid-2026): $0.05829/kWh year-end excess cash-out, effective per April 30, 2026 SCC order",$0 application fee (SCC rejected Dominion's proposed $100-750 fee); $1/month administrative fee applies to NEM 2.0 customers only,Not published as a distinct kW threshold beyond standard Level 1/2/3 SGF review tiers,Required per Dominion Terms and Conditions Section XXV for net-metered generating facilities,Not published in sources reviewed,Yes-but-not-credited (grid-charged battery discharge is not distinguished from PV export in metering; Off-Peak Plan customers have export credited at the on/off/super-off-peak rate of the interval generated),"$2.79/kW distribution + $1.40/kW transmission standby charge per month on Schedules 1/1G (approx.); $4.19/kW distribution + $1.32/kW transmission on Schedule 1S; charge is based on the customer's peak monthly kW pulled from the grid, not on generation",20 kW AC effective 7/1/2026 (raised from 15 kW AC under HB 1255; was 10 kW AC 2011-earlier revision),"Adding a battery to an existing net-metered system does not by itself void grandfathering under the April 2026 SCC order language ('nothing...shall affect any eligible customer-generator...who interconnect before the effective date'), but any change in interconnected AC nameplate capacity requires a new interconnection application per company practice, and if the resulting aggregate AC capacity crosses the 15/20 kW standby-charge threshold it will newly trigger the standby charge — this specific battery-retrofit scenario is not explicitly addressed in Dominion's public net metering materials and should be confirmed directly with the company (flagged in gaps file). AC-coupled vs DC-coupled battery treatment and metering configuration requirements are not detailed in sources reviewed.",https://www.virtuesolar.com/2026/05/05/net-metering-protected-in-virginia-sccs-final-ruling-on-dominions-nem-2-0/,2026-08-09,High
Appalachian Power Co (AEP - Virginia),VA,PJM,standby_charge;export_credit_value,"SCC Final Order (Aug. 29, 2025) largely rejected APCo's proposed net metering overhaul. APCo had sought to cut net-excess-generation compensation by ~70% (from ~8c/kWh to as low as 4.7c/kWh) and to add new grid-connection/standby charges; the SCC rejected the standby charge entirely and rejected switching from 12-month to hourly netting. Full retail 1:1 credit for self-consumed solar within the 12-month banking period is preserved. Net excess generation (true excess beyond annual consumption) is now compensated at a rate that includes REC value and exceeds the prior default PJM LMP-based avoided-cost rate. The 6% aggregate cap was retained (APCo had sought a reduction).",25,,6% of prior-year peak load (state default; APCo-specific subscription level not published in sources reviewed),Not published,"Net excess generation (annual true-up) compensated at avoided-cost/PJM LMP-based rate plus REC value, now higher than the prior straight avoided-cost figure (~3.5c/kWh, 2019); full retail 1:1 credit preserved for self-consumed generation",Not published,Not published,Not published,Not published,Yes-but-not-credited,"None — the SCC's August 29, 2025 order explicitly rejected APCo's proposed standby/grid-connection charge; monthly Basic (customer) charge remains $7.96/month, unchanged by the order",Not applicable (no standby charge in APCo Virginia territory as of the 2025 order),"Not directly addressed in sources reviewed for the battery-retrofit/grandfathering question; APCo's standard Net Metering Terms and Conditions state system sizing must not exceed annual usage to retain rollover eligibility, so a battery addition that increases interconnected AC capacity could still trigger a new interconnection review even though no standby charge exists in APCo territory.",https://www.virtuesolar.com/2025/09/10/victory-for-virginia-solar-apco-net-metering-preserved/,2026-08-09,High
Appalachian Power Co (AEP - West Virginia),WV,PJM,nem_status;export_credit_value;credit_rollover,"Following the PSC's August 2025 base rate case order, AEP-WV ended 1:1 retail net metering for new customers. Customers whose net metering interconnection APPLICATION was submitted on or before February 28, 2026 are grandfathered onto full 1:1 retail crediting. Customers who apply after that date are subject to a fixed export credit of approximately 12.4 cents/kWh (67-75% of full retail rate, roughly a 27% cut from the effective 1:1 value) instead of 1:1 crediting. The PSC granted APCo/Wheeling Power customers a full extra year of grandfathering runway beyond what the company originally requested.",25,500 (commercial) / 2000 (industrial),3% of aggregate WV peak demand (state default; 0.5% reserved for residential); AEP-WV-specific subscription level not published in sources reviewed,Not published,~12.4 cents/kWh fixed export credit for new (post-grandfathering-deadline) customers; 1:1 full retail for customers who applied by 2/28/2026,"$30 (Level 1, <=25 kW); $50 + $1/kW (Level 2)",Level 2 required for systems not meeting Level 1 criteria (effectively >25 kW or non-UL-1741-SB-certified equipment),"Required — labeled, lockable, visible load-break disconnect required outside near the utility meter per AEP TIIR",Not published in sources reviewed,Unclear,None identified — the 2025 PSC order restructured the export credit rate rather than adding a distinct standby/demand charge,Not applicable,"Not directly addressed in sources reviewed; because grandfathering is keyed to interconnection APPLICATION DATE rather than a system-composition test, adding a battery to an already-grandfathered (pre-2/28/2026) system likely does not by itself forfeit 1:1 status, but this is not explicitly confirmed by AEP-WV public materials and should be verified directly (flagged in gaps file).",https://www.solarholler.com/2025/12/19/final-sprint-absolute-last-call-for-grandfathering-into-full-1-to-1-net-metering-in-aep-wv/,2026-08-09,Medium
Wheeling Power Co (AEP - West Virginia),WV,PJM,nem_status;export_credit_value;credit_rollover,"Wheeling Power is a party to the same joint PSC base-rate/net-metering case as Appalachian Power Co (AEP-WV), decided August 2025. Same grandfathering mechanics apply: customers whose net metering interconnection application was submitted by February 28, 2026 retain full 1:1 retail crediting; later applicants receive the fixed ~12.4 cents/kWh export credit (67-75% of full retail rate). Wheeling Power's WV service territory is limited to the Wheeling/Ohio County area.",25,500 (commercial) / 2000 (industrial),3% of aggregate WV peak demand (state default; 0.5% reserved for residential); Wheeling-Power-specific subscription level not published in sources reviewed,Not published,~12.4 cents/kWh fixed export credit for new (post-grandfathering-deadline) customers; 1:1 full retail for customers who applied by 2/28/2026,"$30 (Level 1, <=25 kW); $50 + $1/kW (Level 2)",Level 2 required for systems not meeting Level 1 criteria,"Required — labeled, lockable, visible load-break disconnect required outside near the utility meter per AEP TIIR",Not published in sources reviewed,Unclear,None identified — same as AEP-WV; export credit rate restructured rather than a separate standby charge,Not applicable,Same as AEP-WV: grandfathering keyed to interconnection application date; battery-addition-to-existing-system treatment not explicitly confirmed in public materials (flagged in gaps file).,https://www.newsandsentinel.com/news/business/2025/08/psc-approves-appalachian-power-wheeling-power-rate-increase-that-doesnt-burden-customers/,2026-08-09,Medium
Monongahela Power Co (FirstEnergy - West Virginia),WV,PJM,nem_status;export_credit_value,"Per the Feb. 16, 2024 PSC-approved settlement (effective March 27, 2024) resolving the companies' net-energy-metering base-rate case: customers who were net metering customers BEFORE the settlement's cutover are grandfathered onto full 1:1 retail bill offset for 25 years. New NEM customers interconnecting ON OR AFTER January 1, 2025 receive fixed credit rates instead of 1:1: 9.34 cents/kWh (residential, schools, churches, general service), 9.15 cents/kWh (large general service), 8.91 cents/kWh (large power/alternative generation). These new-customer rates are fixed for 2025-2026 and subject to renegotiation in the companies' 2026 ENEC (Expanded Net Energy Cost) case. Excess is credited only against the energy portion of the bill, not fixed/demand charges.",25,500 (commercial) / 2000 (industrial),3% of aggregate WV peak demand (state default; Mon Power-specific subscription level not published in sources reviewed),Not published,"New customers (on/after 1/1/2025): 9.34c/kWh (residential/schools/churches/general service), 9.15c/kWh (large general service), 8.91c/kWh (large power/alternative generation); legacy/grandfathered customers: 1:1 full retail for 25 years from settlement effective date",Not published in sources reviewed,Not published in sources reviewed,Not published in sources reviewed,Not published in sources reviewed,Unclear,None identified in sources reviewed — settlement restructured the export credit rate itself rather than adding a standby charge,Not applicable,"Grandfathering (1:1 for 25 years) is tied to being an EXISTING net metering customer as of the March 27, 2024 settlement cutover, not to system composition; whether adding a battery to an existing grandfathered system requires a new interconnection application that could jeopardize the 25-year grandfathering is not explicitly addressed in sources reviewed (flagged in gaps file).",https://www.dominionpost.com/2024/03/27/psc-approves-reduced-mon-power-potomac-edison-base-rate-hike-compromise-net-metering-credit-achieved-in-settlements/,2026-08-09,High
Potomac Edison Co (FirstEnergy - West Virginia),WV,PJM,nem_status;export_credit_value,"Identical settlement terms to Monongahela Power (same joint 2024 PSC case, same company parent FirstEnergy): customers who were net metering customers before the March 27, 2024 settlement cutover are grandfathered onto full 1:1 retail bill offset for 25 years. New NEM customers interconnecting on/after January 1, 2025 receive fixed credit rates: 9.34 cents/kWh (residential/schools/churches/general service), 9.15 cents/kWh (large general service), 8.91 cents/kWh (large power/alternative generation), fixed for 2025-2026 and subject to renegotiation in the 2026 ENEC case. Excess credited only against the energy portion of the bill.",25,500 (commercial) / 2000 (industrial),3% of aggregate WV peak demand (state default; Potomac Edison-WV-specific subscription level not published in sources reviewed),Not published,"New customers (on/after 1/1/2025): 9.34c/kWh (residential/schools/churches/general service), 9.15c/kWh (large general service), 8.91c/kWh (large power/alternative generation); legacy/grandfathered customers: 1:1 full retail for 25 years from settlement effective date",Not published in sources reviewed,Not published in sources reviewed,Not published in sources reviewed,Not published in sources reviewed,Unclear,None identified in sources reviewed,Not applicable,"Same as Monongahela Power: grandfathering tied to being an existing customer as of 3/27/2024, not to system composition; battery-addition impact on grandfathering not explicitly addressed in sources reviewed (flagged in gaps file).",https://www.dominionpost.com/2024/03/27/psc-approves-reduced-mon-power-potomac-edison-base-rate-hike-compromise-net-metering-credit-achieved-in-settlements/,2026-08-09,High
Northern Virginia Electric Cooperative (NOVEC),VA,PJM,all,"NOVEC is an electric cooperative and operates net metering under Va. Code § 56-594.01 (separate from the IOU statute) via its NEM-10 rider, not under SCC IOU net metering rules directly. Program active since 2003. Individual system cap: 20 kW AC residential, up to 1 MW nonresidential. Program-wide aggregate cap: 2.0% of NOVEC's system peak load for residential and nonjurisdictional/nonprofit customers, 1.0% of system peak for other nonresidential customers (statewide co-op default under § 56-594.01). Exact credit rate, true-up mechanics, and current subscription level are not published in detail on NOVEC's public materials.",20,1000,2% of NOVEC system peak (residential/nonjurisdictional); 1% of system peak (other nonresidential),Not published,Not published in detail on public page,Not published,Not published,Not published,Not published,Unclear,Unknown — not addressed in public materials reviewed,Not applicable (no standby charge identified for NOVEC),"Not addressed in NOVEC's public net metering materials reviewed; NOVEC does separately offer an EV-1 time-of-use rate applied to whole-home usage, described as not applicable to net metering (billed under a separate rider).",https://www.novec.com/Environment/Renewable-Generation.cfm,2026-08-09,Low
Rappahannock Electric Cooperative,VA,PJM,all,"REC operates net metering under its Net Energy Metering Rider (2023) pursuant to Va. Code § 56-594.01 (co-op-specific statute). Individual system cap: 20 kW AC residential, 1,000 kW AC nonresidential; system may not be sized to produce more than 100% of the customer's trailing 12-month usage. 1:1 kWh credit with indefinite monthly rollover of banked credits. After 12 months on the program, customers may optionally elect a Power Purchase Agreement (PPA) that buys out banked excess kWh at REC's avoided wholesale cost (roughly 30-40% of retail rate), zeroing the bank. REC also offers a separate Community Solar Rider (SSR) sold in 50 kWh blocks, available to any residential member regardless of net metering status. REC's TOU rate (Schedule A-1-TOU) is explicitly NOT available to net metering customers.",20,1000,"Program-wide aggregate limited by rate class; residential aggregate approximately 5.4% of REC's system peak load remaining as of August 2026 (self-reported, not independently verified)",~5.4% of residential program headroom remaining as of Aug. 2026 (per REC public reporting),1:1 retail credit during banking; optional PPA buyout of excess after 12 months at ~30-40% of retail (avoided wholesale cost),Not published,Not published,"Required — external disconnect language present in REC interconnection materials, exact spec not detailed in sources reviewed",Not published,Unclear,Unknown — not addressed in public materials reviewed for battery-specific treatment,Not applicable (no standby charge identified for REC),"Not directly addressed in REC's public Net Metering Rider materials reviewed; battery addition to an existing net-metered system not explicitly discussed (flagged in gaps file). REC's Schedule A-1-TOU rate is explicitly incompatible with net metering, which matters for storage+TOU-arbitrage designs.",https://www.myrec.coop/net-metering,2026-08-09,Medium
Shenandoah Valley Electric Cooperative,VA,PJM,all,"SVEC operates residential net metering under Va. Code § 56-594.01 with a cap of the LESSER of 20 kW AC (for systems installed on/after 7/1/2015) or the customer's expected annual consumption based on trailing 12-month billing history. Liability insurance required: $100,000 for systems <=10 kW, $300,000 for systems >10 kW. 1:1 volumetric credit netted against consumption; exact true-up/rollover mechanics not published in detail on SVEC's public page (governed by the VA SCC's co-op net metering order). SVEC notes that Dominion's net metering rules do NOT apply within SVEC's territory — SVEC sets its own terms under the co-op statute.",20,Not published,Not published in detail on public page,Not published,Not published in detail on public page,Not published,Not published,"Insurance required in lieu of disconnect specification: $100,000 (<=10 kW) / $300,000 (>10 kW)",Not published,Unclear,Unknown — not addressed in public materials reviewed,Not applicable (no standby charge identified for SVEC),Not addressed in SVEC's public net metering materials reviewed (flagged in gaps file). SVEC separately offers a Renewable Energy Option Rider R and Community Solar program alongside net metering.,https://www.svec.coop/energy-solutions/solar-net-metering/residential-net-metering/,2026-08-09,Medium
Central Virginia Electric Cooperative,VA,PJM,all,"CVEC operates net metering under Schedule NEM-10 pursuant to Va. Code § 56-594.01. Individual system cap: 20 kW AC residential, 1 MW nonresidential. No application fee; $50 inspection fee. Insurance required: $100,000 for systems <=10 kW, $300,000 for systems >10-20 kW residential. 1:1 volumetric credit with monthly rollover of excess. Aggregate NEM-10 program cap (as of 4/15/2025): Residential 11,425 kW total allocation with 35% remaining headroom; Commercial 2,856 kW total with 75.4% remaining; Nonprofit/non-jurisdictional 5,712 kW total with 65% remaining. CVEC also offers a Solar Share community solar program under a separate SCC-approved Community Solar Order, which does NOT require combination with net metering.",20,1000,"Residential 11,425 kW (35% remaining as of 4/15/2025); Commercial 2,856 kW (75.4% remaining); Nonprofit/non-jurisdictional 5,712 kW (65% remaining)","Residential 35% headroom remaining, Commercial 75.4% remaining, Nonprofit 65% remaining, all as of 4/15/2025",1:1 retail credit,$0 application fee; $50 inspection fee,Not published,Not published,Not published,Unclear,Unknown — not addressed in public materials reviewed,Not applicable (no standby charge identified for CVEC),"Not addressed in CVEC's public net metering materials reviewed (flagged in gaps file). CVEC's Solar Share community solar program is explicitly NOT required to combine with net metering, giving members an alternative path.",https://www.mycvec.com/save-energy-money/net-metering/,2026-08-09,High
BARC Electric Cooperative,VA,PJM,all,"BARC operates net metering under Schedule NEM-10 pursuant to Va. Code § 56-594.01, with a Power Purchase Agreement (PPA) option available for excess generation buyout (terms not published in detail). Aggregate program caps (as of May 2026): Residential 4% of BARC's system peak (2,754.6 kW total allocation, ~519 kW available); Nonresidential 1% of system peak (550.9 kW available); Nonprofit/non-jurisdictional 2% of system peak (48.3 kW available). Individual system size caps not published in detail beyond the co-op statewide default (20 kW AC residential).",20,Not published,"Residential 4% of system peak (2,754.6 kW total, ~519 kW available as of May 2026); Nonresidential 1% (550.9 kW available); Nonprofit/non-jurisdictional 2% (48.3 kW available)","~19% of residential allocation remaining (519 of 2,754.6 kW) as of May 2026; nonresidential and nonprofit headroom separately tracked",1:1 retail credit against consumption; PPA option for excess generation buyout (terms not published),Not published,Not published,Not published,Not published,Unclear,Unknown — not addressed in public materials reviewed,Not applicable (no standby charge identified for BARC),Not addressed in BARC's public net metering materials reviewed (flagged in gaps file).,https://barcelectric.com/net-metering/,2026-08-09,Medium
Danville Utilities (City of Danville - Division of Power & Light),VA,PJM,all,"Danville is a municipal utility, exempt from SCC net metering jurisdiction; it sets its own Net Metering Policy. 1:1 volumetric credit netted monthly; excess generation carried forward to the next month (terms not published in full detail). Interconnection notice requirements: >=30 days advance notice required for systems <=25 kW; >=60 days advance notice required for systems >25 kW. Exact credit rate and annual/true-up treatment not published in detail on public materials.",Not published,Not published,Not applicable (municipal utility; no SCC-mandated aggregate cap identified),Not published,1:1 retail credit,Not published,Not published,Not published,Not published,Unclear,Unknown — not addressed in public materials reviewed,Not applicable (no standby charge identified),Not addressed in Danville's public net metering materials reviewed (flagged in gaps file).,https://www.cleanenergyauthority.com/solar-rebates-and-incentives/virginia/city-danville-net-metering,2026-08-09,Medium
Harrisonburg Electric Commission,VA,PJM,all,"HEC is a municipal utility, exempt from SCC jurisdiction and Dominion's net metering rules per its own explicit disclosure ('Dominion net metering rules do not apply in Harrisonburg'). Under HEC's Net Metering Agreement, generation up to 100% of the customer's annual usage is credited at full retail 1:1 rate; generation between 100% and 200% of annual usage is credited at HEC's avoided cost of wholesale power (a materially lower rate). System may be sized up to 200% of annual usage, but only the first 100% receives full retail-value credit.",Not published (system may be sized up to 200% of annual usage; only first 100% gets full retail credit),Not published,Not applicable (municipal utility; no SCC-mandated aggregate cap identified),Not published,1:1 full retail for generation <=100% of annual usage; HEC's avoided cost of wholesale power for the portion of generation between 100-200% of annual usage,Not published,Not published,Not published,Not published,Unclear,Unknown — not addressed in public materials reviewed,Not applicable (no standby charge identified),"Not addressed in HEC's public net metering materials reviewed (flagged in gaps file). The 100%/200% tiered-credit sizing rule is a significant deviation from the simple 1:1-up-to-annual-usage rule used elsewhere in VA, and matters for storage-augmented oversizing strategies.",https://www.harrisonburgelectric.com/all-ways-to-go-green/net-metering/,2026-08-09,High
Manassas City Electric (City of Manassas Utilities),VA,PJM,all,"Manassas is a municipal utility operating under a City Utility Commission Net Metering (Renewable Energy) Policy adopted in 2015, exempt from SCC jurisdiction. Exact credit rate, sizing rules, and true-up mechanics are not published in detail on the city's public materials; the policy references definitions/conditions of interconnection without publishing the specific credit rate.",Not published,Not published,Not applicable (municipal utility; no SCC-mandated aggregate cap identified),Not published,Not published in detail (policy references conditions of interconnection; exact credit rate not published),Not published,Not published,Not published,Not published,Unclear,Not applicable,Not applicable,Not addressed in Manassas's public materials reviewed; this utility has the least-published net metering detail of the VA municipals/co-ops covered and should be verified directly with the city utility (flagged in gaps file).,https://www.manassasva.gov/electric_water___sewer/net_metering_(renewable_energy).php,2026-08-09,Low
Consolidated Edison Co of New York (Con Edison),NY,NYISO,ic_study_trigger_kw;non_export_option;standby_charge;standby_threshold_kw,"Follows the statewide SIR for process and timelines, but its territory is dominated by underground secondary-network and spot-network grid, which changes what interconnection actually costs. Con Edison publishes CESIR cost ranges of up to about $20,000 for inverter-based systems and about $27,000 for rotating machines. On spot/isolated networks the default is a reverse-power relay that prevents export; since 2012 Con Edison offers Communications Aided Tripping (CAT) - insensitive network-protector settings plus SCADA, anti-islanding and DNP3 telemetry - to allow export on network service, at a project cost on the order of $100,000. Con Edison states it is the only utility in the nation allowing export on network service. Interconnection portal split at 50 kW-AC (Small DG vs Large DG); for hybrid projects the portal is chosen by export capability rather than combined nameplate. 2026 Customer Benefit Contribution: net-metered PV $1.29/kW-mo residential and $1.47/kW-mo small commercial; Value Stack PV $0.65 and $1.03.",,,,,,,"In underground secondary network areas a CESIR may be required even for systems at or below 50 kW (SIR Sec I.C Exception 1); Con Edison-published CESIR cost up to ~$20,000 inverter-based and ~$27,000 rotating machine.",,Yes - reverse power relay preventing export is Con Edison's traditional approach on spot and isolated networks; CAT is the paid alternative that permits export.,"Yes - see state row. Con Edison requires charging kW (peak kW/kVA needed to charge) to be stated in the application scope of work; if it exceeds the local service, service upgrades may be required.","Standby Service under General Rule 20, plus the Rider Q Standby Pilot Rate Program (customer-selected contract demand and As-Used demand period) and SC-11 Buy-Back Service (LBMP, grossed up by 1.066 for secondary-level deliveries). Published standby rates (as of retrieval): residential contract demand $6.05/kW plus $20 customer charge; small business $8.77/kW plus $33; large commercial low-tension under 1,500 kW $9.18/kW plus $71.","50 - customers with Contract Demand below 50 kW are reported exempt from mandatory Standby Service billing under General Rule 20.3, as are customers whose on-site generation nameplate is no more than 15% of maximum potential demand served from all sources. This aligns the standby threshold with the SIR's 50 kW expedited/large-project boundary. Threshold is SECONDARY-sourced - not read in the General Rule 20 tariff leaf.","Con Edison states that SC1 residential customers under 25 kW-AC and SC2 small commercial customers under 2 MW-AC who install an ESS after 2017-03-10 receive Phase One NEM compensation, and that residential and small commercial customers are eligible to pair grid-parallel storage with solar and take service under Phase One NEM - i.e. adding a battery does not by itself force a move off Phase One NEM. Storage may only be added to a Phase One NEM system if it is paired with another Phase One NEM-eligible technology. Adding an ESS to an existing DG facility is filed as a Battery Energy Storage application with SIR Appendix K; a new PV plus new storage project is filed as a single Hybrid application. Metering: three acceptable hybrid configurations - exclusive ESS charge from PV, PV export only, and separate metering; the PSC approved a three-meter configuration for hybrid ESS in Case 18-E-0081, Order Modifying Standardized Interconnection Requirements issued 2018-04-19. Technologies behind one meter that are credited under different rate structures require specialized metering and/or relaying. NOTE: this guide is Version 4, July 2022, aligned to the May 2022 SIR - re-verify against the 2026-02-09 SIR.",https://www.coned.com/-/media/files/coned/documents/save-energy-money/using-private-generation/specs-and-tariffs/energy-storage-guide.pdf,2026-09-10,Primary
Orange & Rockland Utilities Inc (O&R),NY,NYISO,customer_benefit_contribution,Follows the statewide SIR with no separate interconnection procedure of its own (only a utility-specific technical requirements document for inverter settings). Deviation is the utility-specific monthly Customer Benefit Contribution rate charged to mass-market and small-commercial BTM generation interconnected on or after 2022-01-01. 2026 CBC: net-metered PV $1.00/kW-month residential and $0.88/kW-month small commercial; Value Stack PV $0.50 and $0.61.,,,,,,,,,,,,,No utility-specific storage deviation identified. State SIR Sec I.E and Appendix K govern; adding an ESS to an existing DG facility is filed with Appendix K at any time.,https://www.nyserda.ny.gov/-/media/Project/Nyserda/Files/Programs/NY-Sun/2026-Utility-Published-Customer-Benefit-Contribution-Rates.pdf,2026-09-10,Secondary
Niagara Mohawk Power Corp (National Grid NY),NY,NYISO,customer_benefit_contribution,"Follows the statewide SIR with no separate interconnection procedure of its own (only a utility-specific technical requirements document for inverter settings). Deviation is the utility-specific monthly Customer Benefit Contribution rate charged to mass-market and small-commercial BTM generation interconnected on or after 2022-01-01. 2026 CBC: net-metered PV $0.97/kW-month residential and $1.38/kW-month small commercial; Value Stack PV $0.49 and $0.97. National Grid publishes the NYS SIR verbatim as an addendum to its own electric tariff, confirming there is no separate National Grid interconnection procedure: https://www.nationalgridus.com/media/pdfs/billing-payments/tariffs/uny/addesir8.pdf",,,,,,,,,,,,,No utility-specific storage deviation identified. State SIR Sec I.E and Appendix K govern; adding an ESS to an existing DG facility is filed with Appendix K at any time.,https://www.nyserda.ny.gov/-/media/Project/Nyserda/Files/Programs/NY-Sun/2026-Utility-Published-Customer-Benefit-Contribution-Rates.pdf,2026-09-10,Secondary
New York State Electric & Gas Corp (NYSEG),NY,NYISO,customer_benefit_contribution,Follows the statewide SIR with no separate interconnection procedure of its own (only a utility-specific technical requirements document for inverter settings). Deviation is the utility-specific monthly Customer Benefit Contribution rate charged to mass-market and small-commercial BTM generation interconnected on or after 2022-01-01. 2026 CBC: net-metered PV $1.19/kW-month residential and $1.14/kW-month small commercial; Value Stack PV $0.60 and $0.80.,,,,,,,,,,,,,No utility-specific storage deviation identified. State SIR Sec I.E and Appendix K govern; adding an ESS to an existing DG facility is filed with Appendix K at any time.,https://www.nyserda.ny.gov/-/media/Project/Nyserda/Files/Programs/NY-Sun/2026-Utility-Published-Customer-Benefit-Contribution-Rates.pdf,2026-09-10,Secondary
Rochester Gas & Electric Corp (RG&E),NY,NYISO,customer_benefit_contribution,Follows the statewide SIR with no separate interconnection procedure of its own (only a utility-specific technical requirements document for inverter settings). Deviation is the utility-specific monthly Customer Benefit Contribution rate charged to mass-market and small-commercial BTM generation interconnected on or after 2022-01-01. 2026 CBC: net-metered PV $1.31/kW-month residential and $0.96/kW-month small commercial; Value Stack PV $0.65 and $0.67.,,,,,,,,,,,,,No utility-specific storage deviation identified. State SIR Sec I.E and Appendix K govern; adding an ESS to an existing DG facility is filed with Appendix K at any time.,https://www.nyserda.ny.gov/-/media/Project/Nyserda/Files/Programs/NY-Sun/2026-Utility-Published-Customer-Benefit-Contribution-Rates.pdf,2026-09-10,Secondary
Central Hudson Gas & Electric Corp,NY,NYISO,customer_benefit_contribution,Follows the statewide SIR with no separate interconnection procedure of its own (only a utility-specific technical requirements document for inverter settings). Deviation is the utility-specific monthly Customer Benefit Contribution rate charged to mass-market and small-commercial BTM generation interconnected on or after 2022-01-01. 2026 CBC: net-metered PV $1.67/kW-month residential and $1.83/kW-month small commercial (the highest in the state); Value Stack PV $0.84 and $1.28.,,,,,,,,,,,,,No utility-specific storage deviation identified. State SIR Sec I.E and Appendix K govern; adding an ESS to an existing DG facility is filed with Appendix K at any time.,https://www.nyserda.ny.gov/-/media/Project/Nyserda/Files/Programs/NY-Sun/2026-Utility-Published-Customer-Benefit-Contribution-Rates.pdf,2026-09-10,Secondary
Long Island Power Authority / PSEG Long Island,NY,NYISO,all,"Does NOT follow the New York State SIR. LIPA is a state authority outside PSC jurisdiction and PSL 66-j/66-l do not apply to it. Interconnection runs under LIPA's own Small Generator Interconnection Procedures (SGIP), an addendum to LIPA's Tariff for Electric Service, administered by PSEG Long Island as LIPA's agent, with a separate Smart Grid SGIP (SGSGIP) track. Scope is broader than the state SIR: distributed generation facilities with a nameplate rating of 10 MW or less aggregated on the customer side of the point of common coupling, versus 5 MW under the PSC SIR. Applications go through PSEG Long Island's Interconnection Online Application Portal (live since 2021-02-12). Separate PSEG Long Island technical requirements documents cover DER up to 500 kVA and above 500 kVA.",,,,,,"SGIP application fee $750 for 50 kW to 5 MW and $750 for 5 MW to 10 MW, payable to PSEG Long Island (SGIP Application Instructions, https://www.psegliny.com/aboutpseglongisland/ratesandtariffs/sgip/applications). Fee for systems under 50 kW not verified.",Not verified,Not verified,Not verified,Unclear - LIPA SGIP and tariff not verified on whether a battery may charge from the grid and still export or earn credit,Not verified,,"Not verified. LIPA's storage-specific interconnection and compensation provisions, and whether adding storage to an existing LIPA net-metered system changes compensation, were not established in this pass.",https://www.psegliny.com/aboutpseglongisland/ratesandtariffs/sgip,2026-09-10,Primary
Pacific Gas and Electric Co (PG&E),CA,CAISO,ic_application_fee,Follows the CPUC NEM 2.0 / Net Billing Tariff and PG&E's own Electric Rule 21. Utility-specific items: NEM/NBT interconnection fee for facilities <=1 MW is $145 (CPUC); required NBT import rate is E-ELEC; residential NBT customers receive the ACC Plus adder (PG&E adder table not independently read). Legacy tariff is Electric Schedule NEM2.,,,,,ACC Plus adder applies to residential NBT (PG&E adder values not read - see state row for SCE values),$145 one-time for NEM/NBT <=1 MW (CPUC NEM/NBT page); >1 MW $800 plus study costs,,,,Yes-but-not-credited,,,"PG&E Sched. NEM2 SC 8.b (Sheet 32, Advice 7489-E, eff. 2025-01-22) carries the D.22-12-056 / D.24-03-071 storage-retrofit language verbatim. Battery retrofit on legacy NEM 2.0: adding only storage does NOT forfeit the 20-year NEM 2.0 legacy period. Tariff text (Sched. NEM2/NEM-ST legacy provisions, 'Pursuant to D.22-12-056'): the addition of energy storage to the existing Generating Facility shall not disqualify the customer from the remainder of the 20-year Transition Period. EXCEPTION per D.24-03-071: customers who add storage through SGIP and apply and have a reservation accepted on or after 2024-06-04 must transition to the Net Billing Tariff, unless in the SGIP Residential Solar and Storage Equity, low-income Equity Resiliency residential, or San Joaquin Valley Residential budgets. Adding PV beyond the greater of 10% or 1 kW of original nameplate still triggers loss of legacy unless the expansion goes on a Rule 21 Non-Export agreement. Legacy NEM-paired storage stays eligible only if storage capacity is not later increased by more than 10% (SCE NEM-ST SC 6.e). NBT customers adding storage (only) to a storage-less system keep the remainder of their 9-year NBT legacy period. Grid charging: NEM/NBT tariffs define a Directly Connected storage device as one that may be charged from the grid, but exports are credited only for renewable-derived energy - Small paired storage (<=10 kW AC) uses a monthly PV-estimate cap on creditable exports (excess forfeited); Large paired storage (>10 kW AC) needs extra metering (storage treated as non-NEM generator, metering cost capped at $600 unless complex) or certified power-control (no storage export, or no grid charging; open-loop response <=10 s). Large paired storage limited to 150% of renewable max output; D.20-06-017 waiver extended by Executive Director to 2025-08-15 - current status Unclear.",https://www.pge.com/tariffs/assets/pdf/tariffbook/ELEC_SCHEDS_NEM2.pdf,2026-09-23,Primary
Southern California Edison Co (SCE),CA,CAISO,ic_application_fee,Follows the CPUC NEM 2.0 (Sched. NEM-ST) / Net Billing Tariff (Sched. NBT) and SCE's own Rule 21. Utility-specific items: NEM/NBT interconnection fee for facilities <=1 MW is $94 (CPUC); required NBT import rate is TOU-D-PRIME; residential NBT ACC Plus adder by PTO vintage (see state row).,,,,,See state row (SCE Sched. NBT Rates 3.b is the source of the adder values),$94 one-time for NEM/NBT <=1 MW (CPUC NEM/NBT page); >1 MW $800 plus study costs,,,,Yes-but-not-credited,,,"SCE Sched. NEM-ST SC 8.d (Sheet 33, Advice 5394-E, eff. 2024-10-25) and Sched. NBT SC 7.b/7.d. Battery retrofit on legacy NEM 2.0: adding only storage does NOT forfeit the 20-year NEM 2.0 legacy period. Tariff text (Sched. NEM2/NEM-ST legacy provisions, 'Pursuant to D.22-12-056'): the addition of energy storage to the existing Generating Facility shall not disqualify the customer from the remainder of the 20-year Transition Period. EXCEPTION per D.24-03-071: customers who add storage through SGIP and apply and have a reservation accepted on or after 2024-06-04 must transition to the Net Billing Tariff, unless in the SGIP Residential Solar and Storage Equity, low-income Equity Resiliency residential, or San Joaquin Valley Residential budgets. Adding PV beyond the greater of 10% or 1 kW of original nameplate still triggers loss of legacy unless the expansion goes on a Rule 21 Non-Export agreement. Legacy NEM-paired storage stays eligible only if storage capacity is not later increased by more than 10% (SCE NEM-ST SC 6.e). NBT customers adding storage (only) to a storage-less system keep the remainder of their 9-year NBT legacy period. Grid charging: NEM/NBT tariffs define a Directly Connected storage device as one that may be charged from the grid, but exports are credited only for renewable-derived energy - Small paired storage (<=10 kW AC) uses a monthly PV-estimate cap on creditable exports (excess forfeited); Large paired storage (>10 kW AC) needs extra metering (storage treated as non-NEM generator, metering cost capped at $600 unless complex) or certified power-control (no storage export, or no grid charging; open-loop response <=10 s). Large paired storage limited to 150% of renewable max output; D.20-06-017 waiver extended by Executive Director to 2025-08-15 - current status Unclear.",https://www.sce.com/sites/default/files/custom-files/PDF_Files/ELECTRIC_SCHEDULES_NEM-ST.pdf,2026-09-23,Primary
San Diego Gas & Electric Co (SDG&E),CA,CAISO,ic_application_fee;export_credit_value,Follows the CPUC NEM 2.0 (Sched. NEM-ST) / Net Billing Tariff and SDG&E's own Rule 21. Utility-specific items: NEM/NBT interconnection fee for facilities <=1 MW is $132 (CPUC); required NBT import rate is EV-TOU-5; residential SDG&E NBT customers do NOT receive the ACC Plus export adder (CPUC: excluded because SDG&E's higher rates yield more bill savings).,,,,,No ACC Plus adder for SDG&E residential NBT customers (EEC/ACC values only),$132 one-time for NEM/NBT <=1 MW (CPUC NEM/NBT page); >1 MW $800 plus study costs,,,,Yes-but-not-credited,,,"SDG&E implemented the D.24-03-071 SGIP/NEM changes in Advice 4498-E (not read directly); storage-retrofit rule assumed identical to PG&E/SCE tariff text since all three implement the same CPUC decisions. Battery retrofit on legacy NEM 2.0: adding only storage does NOT forfeit the 20-year NEM 2.0 legacy period. Tariff text (Sched. NEM2/NEM-ST legacy provisions, 'Pursuant to D.22-12-056'): the addition of energy storage to the existing Generating Facility shall not disqualify the customer from the remainder of the 20-year Transition Period. EXCEPTION per D.24-03-071: customers who add storage through SGIP and apply and have a reservation accepted on or after 2024-06-04 must transition to the Net Billing Tariff, unless in the SGIP Residential Solar and Storage Equity, low-income Equity Resiliency residential, or San Joaquin Valley Residential budgets. Adding PV beyond the greater of 10% or 1 kW of original nameplate still triggers loss of legacy unless the expansion goes on a Rule 21 Non-Export agreement. Legacy NEM-paired storage stays eligible only if storage capacity is not later increased by more than 10% (SCE NEM-ST SC 6.e). NBT customers adding storage (only) to a storage-less system keep the remainder of their 9-year NBT legacy period. Grid charging: NEM/NBT tariffs define a Directly Connected storage device as one that may be charged from the grid, but exports are credited only for renewable-derived energy - Small paired storage (<=10 kW AC) uses a monthly PV-estimate cap on creditable exports (excess forfeited); Large paired storage (>10 kW AC) needs extra metering (storage treated as non-NEM generator, metering cost capped at $600 unless complex) or certified power-control (no storage export, or no grid charging; open-loop response <=10 s). Large paired storage limited to 150% of renewable max output; D.20-06-017 waiver extended by Executive Director to 2025-08-15 - current status Unclear.",https://www.cpuc.ca.gov/industries-and-topics/electrical-energy/demand-side-management/customer-generation/net-energy-metering-and-net-billing,2026-09-23,Primary
Los Angeles Department of Water and Power (LADWP),CA,WECC-nonRTO,all,"Municipal utility outside CPUC jurisdiction; not bound by Rule 21 or the NBT. Governed by the LADWP NEM Service Rider and NEM Guidelines (rev. 11/23/2020, amended Jan 2021) plus the LADWP Electric Service Requirements (ESR). Export credit is still retail-rate kWh netting (credit applied to later bills except taxes and minimum charges; any credit balance is zeroed with no payout when service terminates). NEM eligible rates: R-1, A-1, A-2, A-3. Systems >1 MW-AC(CEC) go to Parallel Generation Schedule CG-2 or CG-3. Process: online application at the Solar Automated Meter Spot portal for a Work Request number; PV <10 kW-AC without service upgrade or battery backup may be fast-tracked; inspections by LADBS, LADWP Electric Service Representative (>=10 kW and some smaller cases) and LADWP Solar Inspector. Interconnection Agreement required where PV and/or ESS >10 kW-AC: Short-Form IA for >10 to <=30 kW-AC, Long-Form IA with single-line diagram for PV >30 kW-AC. All grid-interconnected Energy Storage Systems require preliminary review and inspection by an LADWP Distribution Engineer and ESR (so storage never gets the PV fast track).",1000 kW-AC (CEC) for NEM; larger systems go to Schedule CG-2/CG-3,1000 kW-AC (CEC),,,Retail-rate netting (confirmed; values captured elsewhere),,30 kW-AC - Long-Form IA and Distribution Engineer review above this; any ESS triggers Distribution Engineer/ESR review,"Required - all PV systems must have a disconnect device per the LADWP ESR, readily accessible and located near the billing/performance meter","Yes - ESR requires power controls to prevent inadvertent export where required, with settings adjustable only by the manufacturer or its designated qualified worker, not the customer (Secondary - ESR Sec. 8i as indexed, PDF not rendered)",Requires non-export,,,"Per LADWP ESR Sec. 8i (as indexed by search; PDF would not render for direct reading): battery storage may not export to the grid under NEM unless it is exclusively charged by eligible renewable parallel generation - so a grid-charged battery must be controlled as non-export. Battery retrofit: LADWP NEM is still open retail-rate netting with no legacy/successor split, so adding a battery does not change export compensation; the retrofit does require a Distribution Engineer/ESR review and, if the ESS is >10 kW-AC, an Interconnection Agreement. Battery-backup projects are excluded from the <10 kW solar fast track.",https://www.ladwp.com/sites/default/files/documents/LADWP_Amended_Net_Energy_Metering_Guidelines_Document_January_2021_.pdf,2026-09-23,Primary
Sacramento Municipal Utility District (SMUD),CA,WECC-nonRTO,all,"Publicly-owned utility outside CPUC jurisdiction (SMUD Board sets rates). Interconnection under SMUD's own Rule and Regulation 21 and Rate Policy 11-01 Interconnection Guidelines (Feb 2022); interconnected energy storage is treated as distributed generation under Rule 21. Applications via PowerClerk; SMUD may require agreements up to 500 kW and generally requires executed agreements above 500 kW; small-generator distribution process typically <=20 MW. Uses Rule 21 or SMUD Advanced Inverter Function (AIF) settings. Export regime: Rate Schedule SSR (Solar and Storage Rate) mandatory for renewable generation approved on or after 2022-03-01 - residential must be on R-TOD; sized to offset up to 110% of own requirements; max 3,000 kW; all kWh registered on the bi-directional meter as delivered to SMUD credited at the Export Compensation Rate ($0.0960/kWh eff. 2026-06-01, updated every 4 years, max +/-30%); credit offsets only usage charges and carries forward. Legacy NEM1 customers (approved before 2022-03-01) may stay on NEM1 through 2030-12-31.",3000 kW (SSR; CEC-AC for PV),3000 kW (SSR),,,SSR $0.0960/kWh flat export rate eff. 2026-06-01 (confirmed; captured elsewhere),"Rule 21 Interconnection Fee (Rate Policy 9-02, eff. 2026-06-01, non-refundable, applies to new solar and battery storage incl. storage-only): residential <10 kW $500; residential >=10 to <20 kW $1,000; commercial (and residential >=20 kW) <100 kW $2,500; >=100 to <500 kW $3,350; >=500 kW $5,000 plus cost-based invoice for remaining work incl. telemetry. Prior values $180/$300/$2,000/$2,400. NEM1 customers adding storage are not charged the fee (SMUD FAQ, Secondary).",500 - executed interconnection agreements generally required above 500 kW; >=500 kW also triggers cost-based billing for remaining interconnection work,,"Yes - dedicated Non-export interconnection request path in PowerClerk for battery, EV and other DERs not intended to export to the distribution system",Yes,,N/A - SSR customers are exempt from generator standby charges on load served by the eligible facility (SSR Sec. III),"Grid charging: SMUD's interconnection page states that to qualify for NEM (NEM1) all storage must be charged with renewable energy on site. Under SSR the tariff defines export as all kWh registered on the bi-directional meter as delivered to SMUD and lets storage-only facilities take SSR, so grid-charged export appears to be credited at the flat SSR rate - this is a reading of the tariff text, not an explicit SMUD statement (flat rate makes arbitrage value low anyway). Battery retrofit on legacy NEM1: SMUD says existing NEM customers can add a battery and stay on NEM1 through 2030-12-31 but are then NOT eligible for My Energy Optimizer Partner+ storage incentives; any customer receiving a SMUD storage incentive must be on SSR (SSR Sec. VIII). Expanding generation by more than the greater of 10% or 1 kW (or beyond 110% of original) forces a move to SSR and a new application. Conflict: the same SMUD FAQ also says customers on NEM who add battery storage will be placed on SSR - read as the incentive path. Storage-only customers cannot be on NEM1. Sizing: SMUD materials (Secondary) allow SSR PV up to 120% of 12-month usage when storage is added; tariff text says 110%.",https://www.smud.org/-/media/Documents/Rate-Information/Rates/01_SSR.ashx,2026-09-23,Primary
Imperial Irrigation District (IID),CA,WECC-nonRTO,all,"Irrigation district (publicly owned) outside CPUC jurisdiction; sets its own rules. NEM closed: IID set its PU Code 2827 NEM obligation at 50.2 MW (5% of 1,004 MW 2010 peak) and reached it in early 2016. Since July 2016 all new interconnections go on the Net Billing Program (Distributive Self-Generation Service rate schedule): instantaneous netting - load is billed at the regular rate and generation exceeding instantaneous load is paid at IID's lowest wholesale solar contract cost (6.98 c/kWh as posted; variable, adjusted by the district). No participation cap on Net Billing. Interconnection agreement for Net Billing covers renewable facilities of 1 MW or less. Applications only via PowerClerk (since 2024-01-01). Two document tiers: AC nameplate <10 kW (checklist, AC disconnect cut sheet, inverter manual, bi-directional meter fee) and >=10 kW and microgrids (adds IID Rule 21 application). Solar inspection fee $255 per application received after 2025-05-01; Customer Service Proposal fees changed 2025-03-01.",1000 kW (Net Billing interconnection agreement covers facilities of 1 MW or less),1000 kW,"NEM: 50.2 MW (5% of 2010 peak of 1,004 MW) - reached early 2016, closed. Net Billing: no cap.","NEM fully subscribed and closed; NEM 4,212 interconnections / 63.62 MW; Net Billing 880 interconnections / 12.48 MW (IID PU Code 2827(c)(3)(A) report, date not stated on page)","Net Billing export at 6.98 c/kWh (variable; confirmed, captured elsewhere)",$255 solar inspection fee per application (after 2025-05-01) plus bi-directional meter cost where the existing meter cannot measure two-way flow; other CSP charges may apply,10 - IID Rule 21 application required at AC nameplate >=10 kW and for microgrids,Required - an AC disconnect cut sheet is a required application document at every size tier,,Unclear,,,"No IID storage-specific rule found on the IID interconnection, NEM or Net Billing pages (only a 'microgrids' application tier). Grid charging treatment, storage metering configuration, and whether adding a battery to a legacy NEM system moves the customer to Net Billing are all Unclear - IID directs questions to its Distributed Interconnection Unit (solar@iid.com). Net Billing uses instantaneous netting, so any storage discharge that exceeds instantaneous load is paid only at the ~7 c/kWh wholesale solar rate.",https://www.iid.com/power/rooftop-solar/interconnection,2026-09-23,Primary
Modesto Irrigation District (MID),CA,WECC-nonRTO,all,"Irrigation district (publicly owned) outside CPUC jurisdiction; own Electric Service Rule No. 21 and Solar Electric Service Guide. Only NEM 2.0 is offered to new customers: real-time (hourly for residential) netting - imports at MID retail rate, generation exceeding load at that time credited at 7.6 c/kWh as a bill credit. Sizing: PV may not exceed 115% of the meter's annual demonstrated load (CSI calculator); modifications also capped at 115%. Above 1 MW customers pay a capacity charge per kW over the threshold and forfeit excess-generation credits. Application package: MID Solar System & Energy Storage Device Application, Electrical Interconnection Agreement, Net Metering Agreement, single-line diagram, battery data sheet if a battery is installed. MID review up to 30 days; interconnection inspection up to 10 business days; PV+ESS sites need an inspection appointment. MID installs a utility-grade production meter on the AC side of the inverter (customer supplies socket). NEM 1.0 customers who add or rearrange panels increasing output by more than 10% must move to NEM 2.0; NEM 2.0 customers must wait 6 months after interconnection before modifying panels.",No kW cap stated; 115% of annual demonstrated load; above 1 MW capacity charge applies and excess credits are forfeited,Same - 1 MW threshold,,,NEM 2.0 excess generation 7.6 c/kWh (confirmed; captured elsewhere),"$900 per meter for systems <100 kW AC (CSI rating); $1,800 per meter for >=100 kW AC",1000 - capacity charge per kW above 1 MW and loss of excess generation credits,"Required - two visible, lockable AC disconnect switches between the PV system and MID's system (one between the panel and production meter socket, within 12 ft and line of sight of the main panel), per MID Solar Electric Service Guide (2019)",Yes - effectively mandatory for storage: MID's Service Guide says all ESS shall be configured for customer backup power or peak shaving only and shall not export to MID's system; a Smart Contactor may be used to disconnect the ESS on voltage/frequency abnormality,Requires non-export,,,"Storage must be non-exporting (backup or peak shaving only) per MID Solar Electric Service Guide, Solar PV With Optional Energy Storage Systems, June 1 2019 (read from MID's azurewebsites dev mirror - re-verify against the current mid.org version). The guide shows five approved DG-with-battery interconnection configurations (Drawings PV-012.0 to PV-016.0). Since storage cannot export, a grid-charged battery earns no export credit; charging source is not otherwise restricted in the text read. Battery retrofit: the NEM 1.0 to NEM 2.0 trigger stated by MID is adding or rearranging panels that raise output by more than 10%; whether adding only a battery forces a NEM 1.0 customer onto NEM 2.0 is Unclear (not addressed on the pages read). Customers modifying an existing PV system must submit new Interconnection and Net Metering Agreements.",https://www.mid.org/saving-energy-money/solar/,2026-09-23,Primary
Turlock Irrigation District (TID),CA,WECC-nonRTO,all,"Irrigation district (publicly owned) outside CPUC jurisdiction. Retail net metering (Schedules RNT residential and NNT non-residential) is closed to new accounts (Secondary: closed at the start of 2015). New solar customers move to a Self-Generation rate schedule (DG domestic, CG commercial, FG farm, IG small industrial, HG large industrial, BG bulk industrial, MG municipal, SG) with Customer, Demand and TOU Energy charges. Netting is within each on-peak and off-peak period over the month; any monthly excess is credited at TID's Short Run Marginal Cost (published daily). No aggregation. System size not limited to load under the self-generation schedules, but TID reserves the right to require an interconnection study or limit size. Interconnection: Application for Interconnection, wiring diagram, inverter/panel spec sheets and CSI calculator report; TID field inspection before metering; TID Solar Installation Guidelines (2025) govern construction (one dedicated PV breaker per MSP, 120% bus rule, no line-side taps on residential). Adding generation to an existing solar service requires a new single-line diagram for approval.",No load-based cap under self-generation schedules; TID may limit size or require study,Same; contact TID above 1 MW,,RNT/NNT net metering closed to new accounts,"Excess monthly TOU-period generation credited at TID Short Run Marginal Cost (published daily; confirmed, captured elsewhere)","$450 residential; $775 non-residential under 1 MW (effective 2025-01-01); first inspection free, $150 per re-inspection trip; optional generation meter typically $600; >1 MW contact TID",1000 - projects over 1 MW handled case by case; TID may require an interconnection study at any size,Not required by default - AC disconnect only 'if installed'; required for line-side taps and when the optional TID generation meter is used,,Unclear,,,"TID Solar Installation Guidelines (2025) Sec. 6: battery storage must be operable at TID inspection with a contractor representative present; it must be demonstrated that the system cannot back-feed when TID power is interrupted (anti-islanding, not an export ban); battery kWh and kW must be on the single-line diagram. No TID rule found on grid charging, on whether battery discharge exports are credited at SRMC, or on whether adding a battery to a legacy RNT/NNT net-metering account forfeits it - all Unclear. Note: legacy RNT/NNT schedules are only posted as issuu embeds (not read).",https://www.tid.org/customer-service/go-solar/,2026-09-23,Primary
City of Anaheim Public Utilities,CA,CAISO,all,"City-owned utility outside CPUC jurisdiction. Distributed generation (including microgrids) interconnects under Rule 22 of Anaheim's Rules, Rates and Regulations plus Anaheim's Generation Interconnection Standards and Guidelines and a Standard Form Interconnection Agreement (Rule 21 does not apply). Retail kWh-for-kWh NEM was offered up to 5% (30 MW) of peak aggregate load; that cap was met in 2019. Solar billing accounts set up after 2021-01-01 take NEM 2.0 (Developmental Schedule D-NEM): wholesale-based export credit - an hourly TOU 'ACC' (Annual Cash Compensation) rate paid for all energy sent back to the grid from a solar PV system each bill cycle. Anaheim states it is not moving to a CPUC-style NEM 3.0. Interconnection studies required for large systems (>1 MW) per Secondary search summary of a Jan 2026 Public Utilities Board rule-modification item (not read).",,,Legacy retail NEM: 5% of peak aggregate load (30 MW),Legacy retail NEM cap reached in 2019 - closed,"NEM 2.0 hourly ACC export rates (e.g. summer weekday 5-9 pm $0.0938/kWh; off-peak $0.0375/kWh), updated annually, current table expires 2026-06-30 (confirmed; captured elsewhere)",,1000 - interconnection studies for systems >1 MW (Secondary),,,Unclear,,,"Anaheim frames NEM 2.0 as designed to reward storage (store daytime excess rather than export at wholesale credit). Its residential battery rebate (up to $3,000) requires a UL-certified system of at least 5 kWh, standalone or paired with existing PV, a TOU rate and 12 months in the MyPower Savings program. The ACC export rate is defined as paid for energy sent back to the grid 'from a solar photovoltaic system', which implies grid-charged battery exports are not the credited quantity, but no explicit grid-charging or metering rule was found - Unclear. Whether adding a battery to a pre-2021 legacy retail-NEM account moves it to NEM 2.0 was not found - Unclear. Rule 22, the Generation Interconnection Standards and Schedule D-NEM PDFs did not render for reading.",https://www.anaheim.net/5768/NEM-20-Rates,2026-09-23,Primary
Riverside Public Utilities,CA,CAISO,all,"City-owned utility outside CPUC jurisdiction. Interconnection under RPU Electric Rule 22 'Distributed Generation Facilities Interconnection' (eff. 2022-05-10), a Rule 21-style process with Initial and Supplemental Review, non-export designation and certification/testing provisions. Export regime: Schedule SELF-GEN (eff. 2022-11-01; Board Res. 2022-1, Council Res. 23852) for renewable facilities up to 5,000 kW: all imports billed at the otherwise-applicable tariff (residential single-family assigned D-TOU); each kWh supplied to the grid is credited at the Avoided Cost of Energy (ACOE) - CAISO day-ahead LMP at the Vista take-out point plus capacity, ancillary, transmission, GHG, RPS and loss components, 3-year historical average, reset each July 1 - applied by TOU period; credits roll forward and any balance is PAID at termination of service. Sizing: up to 150% of annual consumption (more with proof of added load); maximum export to RPU's system 1,000 kW. Program cap 64 MW including existing Schedule NEM customers. Customers on an existing NEM agreement are not affected.","Facility <=5,000 kW; sized <=150% of annual consumption; export limited to 1,000 kW",Same,64 MW program cap (SELF-GEN plus legacy NEM customers),,"ACOE avoided-cost export credit by TOU period, reset each July 1 (confirmed; captured elsewhere)",Rule 22 Initial Review fee: NEM residential $225; commercial flat and demand $360; commercial TOU $865; all others $800 plus $600 Supplemental Review; 50% of the Initial Review fee refunded if rejected or withdrawn,,,"Yes - Rule 22 defines Non-Exporting facilities and provides a certified Non-Export designation and Non-Export test procedure (relays or other export-limiting functions), modeled on CA Rule 21 Sec. J.3.e",Unclear,,,"Neither Schedule SELF-GEN nor Rule 22 (full text searched) contains the word 'storage'. SELF-GEN credits kWh 'supplied by their Renewable Electrical Generating Facility' and counts 'additions or enhancements' to a renewable facility as part of it, which suggests - but does not state - that renewable-paired storage exports are creditable and grid-charged exports are not. Grid-charging treatment and metering configuration for paired storage: Unclear. Battery retrofit on a legacy RPU NEM agreement: RPU says existing NEM agreements are not affected by SELF-GEN, but no rule found on whether adding a battery changes that - Unclear. RPU runs a separate Energy Storage Rebate Program (not reviewed for interconnection terms).",https://riversideca.gov/utilities/sites/riversideca.gov.utilities/files/pdf/rates-electric/Electric%20Schedule%20Self-Gen%20-%20Effective%2011-1-2022%20(1).pdf,2026-09-23,Primary
Silicon Valley Power (City of Santa Clara),CA,CAISO,all,"City-owned utility outside CPUC jurisdiction. Still offers full retail net energy metering under Rate Schedule NM (eff. 2026-01-01, Res. 25-9516): renewable (solar/wind/hybrid) facilities up to 1 MW, energy billed on a net basis with an annual bill per PU Code 2827 (demand-metered customers pay monthly with annual true-up); annual excess is either paid at the Payment Rate for Excess Energy ($0.05366/kWh for 2026 = avoided gas-fired energy cost + unbundled REC value) or carried to the next annual cycle at the customer's option. Load aggregation option for contiguous properties (forfeits net surplus compensation). Available first-come first-served until total capacity reaches 5.0% of SVP annual peak distribution demand; SVP says a successor tariff (possibly priced differently from CPUC NEM 2.0/3.0) will follow once the 5% threshold is exceeded - timing not set. Interconnection: SVP interconnection agreement plus SD 1630 Initial Review Process and SD 1631 Engineering & Operating Requirements, SVP-DP-001 protection requirements; applications via PowerClerk; PV and ESS need SVP pre-approval before applying for building permits, and PTO before energizing. Standby service not required for NM customers.",1000 kW (Schedule NM),1000 kW (Schedule NM),5.0% of SVP annual peak distribution demand,Not published on pages read; SVP says a successor will be set when the 5% threshold is exceeded - watch item,Full retail netting; annual excess $0.05366/kWh (2026) (confirmed; captured elsewhere),,,,,Unclear,None for NM customers - Schedule NM says service under a standby rate schedule shall not be required,,"Schedule NM definition: if the renewable facility is used with energy storage, the storage inverter must not (1) be larger than the Renewable Generating Facility or (2) discharge for more than four hours - i.e. storage is allowed on NEM but capped at PV inverter size and 4-hour duration. No rule found on grid charging or on whether storage discharge exports are netted at retail - Unclear. Battery retrofit: Schedule NM is still open (no legacy/successor split yet), so adding a compliant battery does not by itself change export compensation; a successor tariff is pending the 5% trigger. SD 1630/1631 and SVP-DP-001 were not read.",https://www.siliconvalleypower.com/home/showpublisheddocument/58854/638718507400200000,2026-09-23,Primary
Glendale Water & Power,CA,WECC-nonRTO,all,"City-owned utility outside CPUC jurisdiction. GWP still offers NEM (no incentives): excess generation is a bill credit applied automatically when needed; GWP publishes a calendar-year NEM Compensation Rate for surplus (2025: $0.05639/kWh; 2024 $0.0762; 2023 $0.0817). Sizing: 110% of historical usage cap, except residential and commercial PV up to 10 kW CEC-AC are exempt with self-certification (since 2023-11-01). Applications via PowerClerk; only the Interconnection Agreement dated 2026-01-01 accepted from 2026-01-19. Two process guides: residential <15 kW CEC-AC, and commercial plus residential >=15 kW CEC-AC. Technical requirements in GWP Electrical Service Requirements - Distributed Energy Resources Specifications (DERS). Inverters with Power Control Systems (PCS) allowed since 2023-11-01 with a Power Control System Agreement.",110% of historical usage (PV <=10 kW CEC-AC exempt),110% of historical usage (PV <=10 kW CEC-AC exempt),,,NEM surplus compensation rate 2025 $0.05639/kWh (confirmed; captured elsewhere),,15 kW CEC-AC - residential systems at or above this follow the commercial application guide,Utility discretion - an AC disconnect is shown with the ES meter location in GWP's energy storage guide and DERS diagrams; details in DERS (not read),Yes - PCS-capable inverters allowed with a Power Control System Agreement (since 2023-11-01),Unclear,,,"Storage: customers qualifying for the <=10 kW PV exemption may install up to 30 kWh of PV-paired energy storage; a separate energy storage meter is no longer required for any residential or commercial ESS (since 2023-11-01) - note GWP's separate Energy Storage application page still describes an ES meter and Spot drawing process, so that page appears out of date. ESS applications go through PowerClerk, GWP Engineering review against DERS, city permit, B&S and GWP inspections. No GWP rule found on grid charging or on whether storage exports are netted - Unclear. Battery retrofit: GWP NEM is still open with no legacy/successor split, so adding a battery does not by itself change export compensation (no rule found saying otherwise).",https://www.glendaleca.gov/government/departments/glendale-water-and-power/solar-education/guide-for-applying-for-interconnection,2026-09-23,Primary
"Duke Energy Carolinas, LLC",NC,SERC-nonRTO,export_credit_value;standby_charge;nem_aggregate_cap;storage_specific_notes,"Follows NC state row (it is built from the DEC/DEP compliance tariffs). DEC-specific values: Rider NMB (Leaf 143) and Rider RSC (Leaf 141, requires R-TOU-CPP) NEEC 3.35 c/kWh; NBC $0.28/kW-month on nameplate (kW DC solar); RSC grid access fee $2.05/kW above 15 kW; minimum bill $22 (customer+distribution portion) on both; NMB annual caps 14,500/31,900/35,100/38,700 kW AC for 2023-2026, closed 1/1/2027. Legacy Rider NM (Leaf 72) residential participants must move to NMB or another rider by 1/1/2027. PowerPair battery incentive requires NMB or RSC.",20 kW AC (<= max monthly demand),,"Rider NMB annual enrollment caps (kW AC): 2023 14,500; 2024 31,900; 2025 35,100; 2026 38,700",Not verified (no public NMB subscription report found),"3.35 c/kWh NEEC (NMB and RSC, compliance tariff eff. July 2023; later updates not checked)",,,,,No - NMB/RSC/NM admit only storage 'configured to receive electrical charge solely from onsite renewable energy generation',NBC $0.28/kW-mo; RSC Grid Access Fee $2.05/kW-mo above 15 kW; $22 minimum bill,15,"Battery must charge solely from onsite renewables to stay on NM/NMB/RSC. Battery retrofit: customer must notify Nameplate Capacity change in writing within 60 days; Bridge Rate Period is 15 yrs from 'submission date of the applicable interconnection application' - whether a battery interconnection application restarts or preserves the term, or forces RSC, is not stated (Unclear). Legacy NM ends 12/31/2026 for all residential anyway. NCIP 1.5.2 treats added DC-side storage as not a Material Modification when output profile is unchanged. Nameplate for NBC/GAF is kW DC for solar or kW AC for non-solar - battery kW treatment not stated.",https://starw1.ncuc.gov/NCUC/ViewFile.aspx?Id=96a20840-2be3-4ea5-8e75-4310c40c6d96,2026-09-26,Primary
"Duke Energy Progress, LLC",NC,SERC-nonRTO,export_credit_value;standby_charge;nem_aggregate_cap;storage_specific_notes,"Follows NC state row. DEP-specific values: Rider NMB-1 and RSC-2 NEEC 3.40 c/kWh; NBC $0.62/kW-month; RSC grid access fee $1.50/kW above 15 kW; minimum bill $22 (NMB) / $28 (RSC, requires R-TOU-CPP); LIEAP/CIP recipients with <=8 kW DC exempt from NMB minimum bill; NMB annual caps 16,350/35,900/39,500/43,500 kW AC for 2023-2026, closed 1/1/2027. Legacy Rider NM-5 (lesser of max annual demand or 1,000 kW; standby waived for residential and GS <=100 kW) closed to new residential; transfer by 1/1/2027. DEP PowerPair reported at capacity mid-2026 (program chunk).",20 kW AC (<= max monthly demand),1000 kW (legacy NM-5),"Rider NMB annual enrollment caps (kW AC): 2023 16,350; 2024 35,900; 2025 39,500; 2026 43,500",Not verified,"3.40 c/kWh NEEC (NMB-1 and RSC-2, compliance tariff eff. July 2023; later updates not checked)",,,,,No - NMB-1/RSC-2 admit only storage 'configured to receive electrical charge solely from onsite renewable energy generation',NBC $0.62/kW-mo; RSC Grid Access Fee $1.50/kW-mo above 15 kW; minimum bill $22 (NMB) / $28 (RSC),15,Same storage rules as DEC: renewable-only charging; 60-day written notice of Nameplate Capacity changes; no rider language on whether a battery addition restarts the 15-yr NMB term or forces RSC (Unclear).,https://starw1.ncuc.gov/NCUC/ViewFile.aspx?Id=96a20840-2be3-4ea5-8e75-4310c40c6d96,2026-09-26,Primary
"Duke Energy Carolinas, LLC",SC,SERC-nonRTO,export_credit_value;nem_successor;standby_charge;storage_specific_notes,"Follows SC state row (Act 62). DEC SC: Rider RSC (Leaf 136, requires R-STOU; per-TOU-period netting, CPP exports netted against On-Peak; net excess $0.0397/kWh; NBC on nameplate; minimum bill = Basic Facilities Charge + rate minimum). New Rider NMT (Leaf 138, Order 2025-453, eff. 1/1/2026) for legacy RNM/IRSC customers: any residential rate, monthly netting with excess at 4.19 c/kWh, NMT for up to 10 yrs from NMT Start Date (1/1/2026 for pre-5/16/2019 applications, ending 12/31/2035; 6/1/2029 for later applications, ending 5/31/2039), then Rider RSC; enrollment window 6 months before to 12 months after NMT Start. NMT NBC: base $0.00/kW; rider NBC $0.45/kW for applications on/after 6/1/2021; minimum customer & distribution charge $10.",20 kW AC,,,,RSC $0.0397/kWh (eff. 1/1/2024); NMT 4.19 c/kWh (eff. 1/1/2026),,,,,No - customer-generator storage must be 'configured to receive electrical charge solely from an onsite renewable energy resource' (RSC and NMT),NBC per nameplate kW (NMT rider NBC $0.45/kW for apps on/after 6/1/2021); NMT $10 minimum customer & distribution charge,,"Battery retrofit on legacy/NMT: NMT dates are fixed by the 'original interconnection application date for the generation system, which may predate the current Customer's service', and Nameplate Capacity changes must be reported within 60 days - suggests a battery addition does not reset NMT dates, but not stated (Unclear). Battery must be renewable-charged only to stay on NMT/RSC. 20 kW AC cap covers 'installed generation system and equipment'.",https://etariff.psc.sc.gov/Uploads/tariffFile/ec070b41-9f5f-4c6f-a11a-480e0b73b559,2026-09-26,Primary
Dominion Energy South Carolina,SC,SERC-nonRTO,export_credit_basis;credit_rollover;annual_true_up;standby_charge;storage_specific_notes,"Solar Choice rider to Residential Rate 5 (Order 2021-391, eff. 6/1/2021; revision E2026-138 eff. 7/1/2026 accepted, not read): TOU Rate 5 required; excess kWh netted within on-/off-peak period and banked month to month by period; bank cashed out at avoided cost (Rate PR-1 off-peak winter energy credit) in November billing; minimum bill $13.50; minimum term 10 years; customer keeps RECs; customer must furnish a meter socket for a separate generation meter measuring 100% of generator output; not combinable with PR-1 or Act 236 DER programs. Legacy 2015 NEM rider (closed 8/12/2015, terminated 12/31/2020) barred batteries entirely.",20 kW AC,,,,kWh-for-kWh within same TOU period; unused November bank paid at PR-1 off-peak winter avoided energy credit (value not read),,,,,No - rider definition limits storage to a device 'configured to receive electrical charge solely from an onsite Renewable Energy Resource',Minimum bill $13.50/month,,Separate generation meter (customer-provided socket measuring 100% of generator output) is required - relevant to AC-coupled battery metering configuration (placement relative to battery not specified). Renewable-only charging required. Old 2015 net metering rider prohibited batteries outright; legacy (pre-6/1/2021) DESC NEM riders not reviewed for battery-retrofit treatment (Unclear). DESC also has a 'Rate PR - Storage' schedule (not read).,https://etariff.psc.sc.gov/Uploads/tariffFile/36cec7b8-fe00-411a-87a1-320edcf87331,2026-09-26,Primary
Georgia Power Company,GA,SERC-nonRTO,nem_cap_nonres_kw;ic_application_fee;ic_study_trigger_kw;non_export_option;storage_specific_notes,"GA state row is built from Georgia Power's RNR-11 and Rules and Regs. Deviations from the statutory floor: commercial RNR up to 250 kW AC (100-250 kW <=125% prior-year peak); Energy Offset Only (EOO) non-export agreement as default; $100 residential / $200 C&I interconnection fee; mandatory system impact study and witness testing at >=250 kW with IEEE 1547-2018 communications interface. RNR-Monthly Netting pilot (5,000 customers) closed, sunsets no later than 12/31/2038. Customer-Sited Solar Plus Storage Pilot (2025 IRP) and PowerClerk BTM process per BTM Summary rev. 08.15.2025.",10 kW AC,250 kW AC (100-250 kW <=125% of prior-year metered peak),0.2% of prior-year annual peak demand (RNR-Instantaneous),Not verified,Solar Avoided Energy Cost + 4 c/kWh Renewable Generation Adder (instantaneous netting),$100 residential; $200 C&I (covers witness test <250 kW),250,Required - one-line must show generation AC disconnect(s) isolating the facility,Yes - Energy Offset Only (EOO) agreement; DB 18-23 non-exporting generator form for backup-capable storage,Unclear - RNR-11 credits any metered Excess Energy with no rule on battery charging source; BTM summary describes batteries for self-consumption,,,"Battery inverter capacity counts: residential customer whose battery system has max inverter capability >10 kW (even if derated) cannot join RNR. Battery inverters/AC-coupled gateways must be UL 1741 SB + IEEE 1547-2018; backup operation requires open-transition, mechanically interlocked transfer switch and DB 18-23 non-export form. Adding a battery to a legacy RNR-Monthly Netting account: tariff silent (participation non-transferable between premises, 15-yr term) - Unclear whether allowed without losing monthly netting.",https://www.georgiapower.com/content/dam/georgia-power/pdfs/company-pdfs/solar-pdfs/btm-distribution-interconnection-summary-residential.pdf,2026-09-26,Primary
Santee Cooper (South Carolina Public Service Authority),SC,SERC-nonRTO,all,"State authority, not bound by Act 62 Solar Choice tariffs. Rider DG-25 (residential and non-residential; industrial variant up to 2,000 kW): hourly netting - within each hour, exports subtract from deliveries; net-negative hours credited at energy credit $0.0415/kWh (adjusted at least annually, no seasonality since April 2025 rates); net-positive hours billed at retail; residential DG customer charge $10/month; metering and standby fees eliminated April 2025; bill credit >= $50 paid by check, else carried forward. Interconnection under SCPSA Generator Interconnection Procedures (eff. 8/31/2016; 20 kW inverter process, fast track, study) and DG Standard; $100 residential application fee; liability insurance per Interconnection Standard.",20 kW (and <= estimated max monthly demand),"1000 kW (and <= max monthly demand); industrial 2,000 kW",None (former 2% of distribution class demand cap removed),,$0.0415/kWh for hourly net exports (DG-25),$100 residential,,Required - isolation device (manual load-break disconnect/safety switch) per Solar Home program manual,,Unclear - DG-25 applies to 'photovoltaic or other qualifying generation source' as determined by the Authority; silent on batteries and on charging source,Eliminated April 2025 (Authority may adjust for non-PV sources); $10/month residential DG customer charge,,"DG-25 and 2016 interconnection procedures do not mention storage. Solar Home rebate covers PV portion only, not batteries. Because netting is hourly with export valued at 4.15 c/kWh, battery shifting of solar into same-hour load is the value lever. No legacy-NEM grandfathering to lose (already net billing since 2015).",https://www.santeecooper.com/Rates/_pdfs/Adjustments/DG-25.pdf,2026-09-26,Primary
Berkeley Electric Cooperative,SC,SERC-nonRTO,all,"Distribution co-op (not PSC rate-regulated). Renewable Surplus Rider for new installs: residential up to 20 kW AC and small commercial up to 100 kW AC (transformer <100 kVA), non-demand, non-time-of-day rates only; size also limited to annual kWh/1,800 (kW AC) or average monthly kWh/150 due to wholesale power agreement; exports credited at 6.03 c/kWh (updated about March 1 each year); $150 interconnection fee plus $50 per field inspection; homeowner's insurance declaration required; interconnection via breaker panel only (no meter-base connections); outdoor disconnect near meter; bi-directional meter. Larger accounts may self-consume with no value for surplus.","20 kW AC (and <= annual kWh/1,800)",100 kW AC,,,6.03 c/kWh (2026),$150 + $50 per inspection,,"Required (outdoor disconnect near meter, left open for co-op inspection)",Large accounts (>100 kVA) may install larger systems with no surplus compensation (de facto self-consumption),Unclear - website and rider summary silent on batteries; interconnection standard PDF is a scanned image (not text-searchable),,,"No storage provisions found. Not available with Time-of-Day rate, so TOU arbitrage plus export credit cannot be combined.",https://www.berkeleyelectric.coop/solar-energy,2026-09-26,Primary
Jackson EMC,GA,SERC-nonRTO,all,"EMC; price and interconnection set by its board under O.C.G.A. 46-3-56(b),(d). Net Metering Rider (eff. 1/1/2022, applies to DG connected after 1/1/2016): solar PV, fuel cell or wind, <=10 kW residential / <=100 kW commercial (larger at co-op discretion), intended primarily to offset own use; $10/month incremental service cost; any generation exceeding consumption credited at avoided energy cost ($0.0432/kWh for 2026), credit balance carried to next bill and paid by check each December; Jackson EMC retains RECs; Distributed Generation Interconnection Agreement required; interconnection bulletin available on request, requests handled individually.",10 kW,100 kW,,,$0.0432/kWh avoided energy cost (2026),,,,,Unclear - Net Metering Rider silent on storage,$10/month incremental service cost,,No storage provisions in the rider; interconnection bulletin not public. Residential TOU rate has a Jan 1-May 1 enrollment window (program chunk).,https://www.jacksonemc.com/my-cooperative/rates/commercial-rates/net-metering-rider,2026-09-26,Primary
Sawnee EMC,GA,SERC-nonRTO,all,"EMC. Net Energy Metering Rider NEM-18 (eff. 5/1/2026) with Policy 412 and Small DG Interconnection Procedure (<=100 kW AC): solar PV, fuel cell or wind; generally <=10 kW AC residential / <=100 kW AC commercial; 0.2% of prior-year peak aggregate cap; Excess Net Energy settled monthly for DG interconnected on/before 1/1/2024 and instantaneously for DG interconnected on/after 1/2/2024; purchase rate for solar PV $0.0379/kWh all months (non-solar seasonal $0.0345-0.0398); co-op keeps RECs on purchased excess; no application fee for small DG; lockable visible-break disconnect near meter, separate one per source (solar and BESS) unless one isolates both; UL 1741 inverters (UL 1741 SA settings certified); applications valid 90 days.","10 kW AC (generation plus storage, unless BESS is non-export)",100 kW AC,0.2% of prior-year annual peak demand,Not verified,"$0.0379/kWh solar PV (NEM-18, eff. 5/1/2026)",$0 for Small DG (<=100 kW),100,"Required - lockable visible-break switch near meter, one per energy source (solar, BESS) unless a single switch isolates both",Yes - BESS certified (PE or licensed electrician letter) as programmed to prevent export beyond the point of common coupling; co-op may also limit aggregate export capacity,Requires non-export - Small DG procedure requires a BESS to be programmed to prevent export beyond the PCC (exception: co-op-run BESS Program where the co-op dispatches the battery),,,"Sizing: residential 'peak generating capacity and storage capacity' generally <=10 kW AC, but storage is excluded from the 10/100 kW threshold if a BESS control system prevents export. Battery exports are not creditable outside a co-op BESS Program. Grandfathering: monthly settlement applies to DG interconnected on/before 1/1/2024; whether adding a (non-export) battery to such a system triggers a new interconnection date and instantaneous settlement is not stated (Unclear).",https://file.sawnee.coop/web-docs/library/Small-Distributed-Generation-Resources.pdf,2026-09-26,Primary
Cobb EMC,GA,SERC-nonRTO,all,"EMC; board-set rules under O.C.G.A. 46-3-56. Schedule DG-1 (eff. 1/1/2026) applies to any Member Generator under the co-op's Distributed Generation Policy: DG capacity may not exceed the rated capacity of the co-op distribution equipment serving the member; member billed on its normal rate schedule plus a monthly facility charge 'when applicable'; excess net energy purchased at $0.04554/kWh (avoided average energy and capacity cost) for DG connected on/after 7/1/2015, and $0.0683/kWh 'until further notice' for DG connected before 7/1/2015; rates adjustable annually by the board. Interconnect agreement via online portal at least 45 days before interconnection; all interconnections at the breaker panel; $100 interconnection fee billed after net-meter swap. Solar members may take any rate except Even Bill.",Not published (capped at rated capacity of serving distribution equipment),Not published (capped at rated capacity of serving distribution equipment),,,$0.04554/kWh for DG connected on/after 7/1/2015; $0.0683/kWh legacy (pre-7/1/2015) (DG-1 eff. 1/1/2026),$100,,,,Unclear - DG-1 and solar pages silent on storage charging source; co-op battery page says battery energy 'can come from excess power produced by rooftop solar or from the grid' (general explainer only),Monthly facility charge 'when applicable' (amount not published),,No storage rules found in DG-1 or on the rooftop-solar pages; DG Policy document (defines Member Generator and DG Facility) not found online. Legacy grandfathering: pre-7/1/2015 DG keeps $0.0683/kWh 'until further notice' keyed to the date the facility connected - whether adding a battery (new interconnect agreement) moves a legacy system onto $0.04554 is not stated (Unclear). Netting interval (instantaneous vs billing-period) not stated; billing uses a bidirectional net meter.,https://www.cobbemc.com/sites/default/files/documents/rates/residential/2026/0126_DG_Rate_Schedule.pdf,2026-09-26,Primary
GreyStone Power Corporation,GA,SERC-nonRTO,all,"EMC; board-set rules under O.C.G.A. 46-3-56. Schedule DG-2 Distributed Generation Service rider (effective billing rendered 10/1/2021; still the version linked from the rate-schedule page): applies to any member operating a DG Facility under the co-op's Distributed Generation Policy; written DG Interconnection Agreement required; bi-directional meter with two registers - for each billing period all energy delivered is billed at the member's regular retail rate and all energy received from the member is purchased at the Purchase Rate (i.e. instantaneous/two-channel netting, no kWh banking); purchase rate = estimated average annual avoided cost of energy, $0.02855/kWh as of the rider's effective date, adjustable at any time; optional monthly service charge = Facilities Charge (incremental facilities x Facilities Charge factor) plus administrative charge; purchase obligation first-come first-served up to 0.2% of prior-year annual peak demand. Interconnection: online residential application, contractor uploads site plan, one-line, inverter/panel specs 'and if applicable, back-up battery information'; engineering approval before install; signed electrical permit after install; wet-ink signatures on the agreement.",,,0.2% of prior-year annual peak demand (purchase obligation),,"$0.02855/kWh avoided energy cost (DG-2, eff. 10/1/2021; may since have been adjusted - not verified)",,,,,Unclear - DG-2 silent on storage and charging source; interconnection process only asks for 'back-up battery information' if applicable,Possible monthly Facilities Charge + administrative charge (amounts not published),,"Batteries are reviewed in the interconnection application (back-up battery information) but no storage-specific rules published. Because DG-2 already nets two-channel per billing period (all exports at avoided cost), there is no retail-rate legacy NEM to lose by adding a battery; whether a battery addition requires a new interconnection agreement is not stated (Unclear). Separate Cooperative Solar (community solar) rider exists. DG Policy document not found online.",https://www.greystonepower.com/sites/default/files/PDF/Rates/010522/Distributed%20Generation%20Service.pdf,2026-09-26,Primary
Walton EMC,GA,SERC-nonRTO,all,"EMC; board-set rules under O.C.G.A. 46-3-56 (Georgia Cogeneration and Distributed Generation Act of 2001). Member Generated Renewable Resource Rate Schedule (Cogen 2010): solar PV, fuel cell, hydro or wind, owned and operated by the member on its premises, intended to offset part or all of its requirements; peak generating capacity <=50 kW residential / <=100 kW commercial; customer-owner pays all interconnection costs and incremental metering cost (currently $800); each request handled individually. Bi-directional metering (behind the meter): retail tariff plus service charge for supplied energy, all kWh fed back credited at avoided energy cost each billing period; credit balance applied to next month's bill. Single-directional metering (utility side): all metered generation paid at avoided energy cost. Avoided energy cost $0.04247/kWh stated effective 7/1/2020 through 12/31/2025 (2026 value not published). Purchase obligation first-come first-served to 0.50% of prior-year annual peak demand; more at negotiated price.",50 kW,100 kW,0.50% of prior-year annual peak demand (purchase obligation; additional purchases negotiable),,$0.04247/kWh avoided energy cost (stated effective 7/1/2020-12/31/2025; 2026 value not published),$800 metering equipment and installation (plus all interconnection costs),,,,Unclear - rate schedule page silent on storage and charging source,Service charge per applicable tariff (amount not stated on DG page),,"No storage provisions found; eligible technologies listed are solar PV, fuel cell, hydro and wind only - a battery is not itself an eligible generator, and whether battery kW counts toward the 50/100 kW limit is not stated (Unclear). Exports are already credited at avoided cost per billing period (two-channel), so there is no legacy retail NEM to lose by adding a battery; retrofit treatment not stated.",https://www.waltonemc.com/solar-power-center/rooftop-solar/selling-your-solar-power/,2026-09-26,Primary
EnergyUnited,NC,SERC-nonRTO,all,"EMC (NCUC-filed rate schedules, Docket EC-82 Sub 25; not subject to the Duke NMB/RSC order). Residential Net Metering Rider NM-R (eff. 4/1/2024): customer-side Renewable Generation (PV, fuel cell, micro-turbine, biomass, small wind; QF-eligible), customer must own the property; Option A (retail-rate kWh credit per billing month with $2.70/kW nameplate standby charge) CLOSED 4/1/2024; Option B (open since 7/1/2018): no standby charge, kWh delivered to the co-op credited at Rate Schedule AC avoided cost (two-channel billing, net monthly credit carried to next bill); switch options at most once a year on 60 days notice; customer keeps RECs; $100,000 homeowner liability insurance. Avoided cost (Schedule AC, eff. 2/1/2026) 5.058 c/kWh solar / 5.038 c/kWh non-solar, recalculated at least annually. Non-residential net metering is a pilot (NRNM). Small Generation Interconnection Standard (25 kW residential / 150 kW non-residential, single-phase): IEEE 1547 + UL 1741, lockable visible 'Generator Disconnect Switch', circuit saturation screens (30/60/100 kW per circuit by voltage), impact screens within 30 days, agreement within 10 days; application fee $250 residential / $500 non-residential (website; the 2019 standard PDF still says $100/$250). SGPPS 'sell all' rider to 20 kW residential / 100 kW non-residential.",Lesser of estimated max annual demand or 10 kW (Options A/B); Option B up to 25 kW after 10/1/2020,Individual basis above 100 kW (SGPPS); NRNM pilot limits not read,,,"5.058 c/kWh solar / 5.038 c/kWh non-solar avoided cost (Schedule AC eff. 2/1/2026), Option B; legacy Option A = retail energy charge",$250 residential / $500 non-residential (non-refundable),25 (residential; 150 kW non-residential) - above Small Generation Standard scope,"Required - lockable visible-break 'Generator Disconnect Switch' near point of interconnection, accessible to co-op",,Unclear - NM-R and the Small Generation Standard are silent on storage and on charging source,Option A only: $2.70/kW nameplate per month (closed 4/1/2024); none for Option B,,"No storage provisions in NM-R, Schedule AC or the 2019 Interconnection Standard. Battery retrofit: Standard 4.10 prohibits changes to Generator output capacity or protection system without a new Application and new acceptance - so adding a battery that changes output capacity requires re-application; whether a legacy Option A (retail-credit) customer can keep Option A after re-applying, when Option A is closed to new service, is not stated (Unclear). Option B already credits exports at avoided cost, so little legacy value is at stake there.",https://www.energyunited.com/wp-content/uploads/2024/01/EU-Rate-Schedules-2.1.2024_RNM-1.pdf,2026-09-26,Primary
"Duke Energy Progress, LLC",SC,SERC-nonRTO,export_credit_value;nem_successor;standby_charge;storage_specific_notes,"Follows SC state row (Act 62). DEP SC: Rider RSC (SC Second Revised Leaf 663, eff. 1/1/2026, Order 2021-390) requires Schedule R-STOU; per-TOU-period netting within the month, CPP-hour exports netted against On-Peak; Monthly Credit for Net Excess Energy $0.0401/kWh; non-bypassable charge on Nameplate kW DC (solar) / kW AC (non-solar) (amount not stated in rider); minimum bill = Basic Facilities Charge plus schedule minimums, excess credits applied after minimum bill; 1-yr minimum term; 100% power factor. Rider NMT (SC Original Leaf 671, eff. 1/1/2026, Order 2025-453) for legacy Rider RNM / IRSC customers: any residential rate, monthly netting with TOU-period ordering, Net Excess Energy Credit 4.01 c/kWh; up to 10 years from NMT Start Date (1/1/2026 for original interconnection applications before 5/16/2019, ending 12/31/2035; 6/1/2029 for applications on/after 5/16/2019, ending 5/31/2039), then Rider RSC; enrollment window 6 months before to 12 months after NMT Start. NMT NBC: base $0.00/kW; rider NBC $0.47/kW for applications on/after 6/1/2021; IRSC customers also pay NBC for non-service volumetric riders; minimum customer & distribution charge $10.",20 kW AC,,,,RSC $0.0401/kWh; NMT 4.01 c/kWh (both eff. 1/1/2026),,,,,No - RSC and NMT Customer-Generator definition admits only 'an energy storage device configured to receive electrical charge solely from an onsite renewable energy resource',"RSC NBC per nameplate kW (amount in R-STOU, not read); NMT rider NBC $0.47/kW (apps on/after 6/1/2021); NMT $10 minimum customer & distribution charge",,"Same structure as DEC SC. Battery retrofit on legacy RNM/NMT: NMT dates and NBC tiers are fixed by the 'original interconnection application date for the generation system, which may predate the current Customer's service', and Nameplate Capacity changes must be reported within 60 days - suggests a battery addition does not reset NMT dates, but not stated (Unclear). Battery must be renewable-charged only to remain a Customer-Generator. 20 kW AC cap covers 'installed generation system and equipment' (whether battery inverter kW counts: Unclear). DEP SC also has a Non-Residential Storage Demand Response tariff (eff. 3/1/2026, not read).",https://etariff.psc.sc.gov/Uploads/tariffFile/c2c0cad5-d614-473f-8d65-4a606472a8aa,2026-09-26,Primary
Florida Power & Light Company,FL,FRCC,nem_sizing_rule;grid_charging_allowed;external_disconnect;storage_specific_notes,"Follows FPSC Rule 25-6.065 tiers (T1 <=10 kW, T2 <=100 kW, T3 <=2 MW AC; AC = DC x 0.85). Adds a sizing screen not in the rule: system must be estimated to produce <115% of annual kWh consumption; NEM systems >=50 kW must interconnect three-phase wye. Tier 2 fee $400, Tier 3 fee $1,000; Tier 2 insurance $1M. FPL requires a lockable visible-break manual disconnect for Tier 2 and Tier 3 (waived for inverter-based Tier 1 per rule).",,,,,,"Tier 1 $0; Tier 2 $400; Tier 3 $1,000 (plus study charge if required)",,"Required for Tier 2 and Tier 3 (adjacent to meter, lockable); waived Tier 1","Yes for stand-alone batteries: grid-charged storage without renewables submits a Small Generator Interconnection Application; if non-exporting and no utility equipment needed, no interconnection agreement is required",Requires non-export,,,"FPL battery policy: battery paired with NEM renewable system is for customer use only and may NOT export to the grid (so battery energy never earns NEM credit); UL 1741 certification required, non-UL batteries must be DC-coupled behind a UL 1741 device; meter placard 'Battery storage utilized in this facility'. Tier 3 batteries reviewed in fast-track study. Stand-alone storage is not 'renewable' under 25-6.065(2)(d) and its output is not net metered. Adding a battery to an existing NEM system: no loss of NEM status stated (FL has no legacy/successor split); interconnection agreement sec. 7 requires a new application/agreement 30 days ahead only if gross power rating increases -- whether an AC-coupled battery counts as a rating increase is Unclear. Policy stated as subject to change.",https://www.fpl.com/clean-energy/net-metering/guidelines.html,2026-09-24,Primary
Alabama Power Company,AL,SERC-nonRTO,all,"No AL statewide NEM/interconnection rule; Alabama Power tariffs are the rule (see AL state row). No net metering: exports bought under Rate PAE (<=100 kW) at avoided cost (~4.4-7.7c/kWh by TOU period); Rate Rider RGB capacity reservation charge $5.41/kW-month (secondary) on generator nameplate or RTA 71c/kWh summer 3-5pm alternative. 3-tier DER process: Tier I <=25 kW $0, Tier II <=100 kW $500, Tier III >100 kW $1,000 screen. IEEE 1547-2018/UL 1741-SB; lockable visible-break AC disconnect required.",N/A (no NEM); PAE <=100 kW,,,,Rate PAE TOD option: Jun-Sep 7.44c/kWh (wkdy 10am-9pm CT) / 5.23c; Oct-May 4.86c / 4.41c (rev. eff. April 2023 billings as posted),"Tier I $0; Tier II $500; Tier III $1,000 screening (+$10k-$50k if studies)",100,"Required (manual, visible-break, lockable, 24/7 accessible)",Yes: Non-Export / Limited-Export Generation defined in DER TIR Guidebook; UL 1741 CRD PCS or UL 3141 power control systems accepted; RGB still applies to non-exporting generation,Unclear,"Rate Rider RGB Capacity Reservation Charge $5.41/kW-month secondary, $4.87/kW-month primary, on nameplate of on-site non-emergency generation; upheld by M.D. Ala. 2026-03-25 (appeal status unverified)",None (applies to all parallel non-emergency generation),"Storage is a DER under the APC Guidebook (spec sheets must give battery kW, kWh). Adding a battery to an existing PV system is a modification: any addition/removal or inverter change requires a NEW interconnection application and permission to operate before paralleling; SLD must show battery as new and PV as existing. No NEM grandfathering exists to lose, but whether a battery (esp. grid-charged or non-exporting) adds to RGB-billed nameplate kW is Unclear. PAE purchases only energy from a PURPA qualifying facility, so export of grid-charged battery energy under PAE is Unclear/likely not credited. V2G/V2H: normal application, external disconnect and MID required.",https://www.alabamapower.com/content/dam/alabama-power/pdfs-docs/Clean-Energy/APC-DER-interconnection-process.pdf,2026-09-26,Primary
"Duke Energy Florida, LLC",FL,FRCC-nonRTO,ic_application_fee;external_disconnect;storage_specific_notes,"Follows FPSC Rule 25-6.065 tiers (T1 <=10 kW, T2 >10-100 kW, T3 >100 kW-2 MW) under Net Metering Rider; utility-set fees: Tier 1 $0, Tier 2 $240, Tier 3 $750 (+ study; results within 60 days). Insurance T1 recommended $100k (not required), T2 $1M, T3 $2M. Tier 2/3 require externally accessible lockable manual AC load-break disconnect (not a breaker) near meter. Service-drop screen: PV rating <=90% of transformer/service rating or customer pays upgrade. Tier 1 PTO usually within 10 business days of completion.",,,,,,Tier 1 $0; Tier 2 $240; Tier 3 $750,100 (Tier 3 analysis),"Required Tier 2 and Tier 3 (visible-break, lockable, labeled Generator Disconnect Switch); not required Tier 1",,Unclear,,,"DEF net-metering tier pages and application do not address batteries (unlike FPL, no published battery-export prohibition found). Whether battery export earns NEM credit, whether grid charging is permitted on a NEM account, and whether adding a battery to an existing NEM system requires a new application: all Unclear from DEF published material. No legacy/successor NEM split in FL, so no grandfathering to lose. DEF runs EnergyWise Home Battery Control DR (see programs).",https://www.duke-energy.com/business/products/renewables/generate-your-own/tier-2,2026-09-26,Primary
Tampa Electric Company,FL,FRCC-nonRTO,ic_application_fee;ic_study_trigger_kw;external_disconnect,"Follows FPSC Rule 25-6.065 via Rate Schedule NM-1 and Standard Interconnection Agreements (Tier 1 <=10 kW, Tier 2 >10-100 kW, Tier 3 >100 kW-2 MW AC; GPR = DC x 0.85; GPR <=90% of service rating). Utility-set fees: Tier 2 $250 one-time (no charge for any Tier 2 study); Tier 3 $500 + study deposit $3,000 (actual cost, capped $3,000). Insurance T2 $1M, T3 $2M (self-insurance by approval). Visible load-break lockable manual disconnect adjacent to meter required T2/T3. Agreement executed within 30 days (90 if Tier 3 study); PTO notice within 10 business days. Agreements still cite IEEE 1547-2003/UL 1741-2005.",,,,,,"Tier 1 $0; Tier 2 $250; Tier 3 $500 + study up to $3,000 (deposit $3,000)",100 (Tier 3; Tier 2 study at no charge if needed),"Required Tier 2 and Tier 3 (visible load-break, lockable, exterior adjacent to meter)",,Unclear,,,"Agreements define RGS as renewable generation only; batteries not addressed in NM-1 agreements read. TECO Steps to Connect page reportedly states batteries are interconnected but not net metered (search-snippet only; page could not be loaded, redirect loop) -- implies battery discharge does not earn NEM credit: Unverified. Adding a battery: agreement sec. 7 requires a new application 30 days ahead only for a change in GPR; whether a battery changes GPR is Unclear. No legacy NEM tier to lose in FL.",https://www.tampaelectric.com/49c914/siteassets/files/tariff/tariffsection8/stndinterconnagmttier2_if.pdf,2026-09-26,Primary
JEA,FL,FRCC-nonRTO,all,"Municipal; exempt from FPSC Rule 25-6.065 (s. 366.91(6) F.S. requires own program). JEA Distributed Generation Policy eff. 2018-04-01 replaced net metering: monthly netting but exported kWh credited at JEA fuel rate (~3c/kWh at launch) instead of retail; credits accrue through calendar year and remaining balance paid at year end per policy. Systems passing final inspection by 2018-03-31 grandfathered under retired Net Metering Policy (Tiers 1-3, full retail) for 20 years; 10 MW aggregate cap applied to legacy Tier 1-3 net metering. Interconnection via PowerClerk; JEA DER Technical Interconnection & Interoperability Requirements (2025).",,,10 MW aggregate for legacy Tier 1-3 net metering (closed 2018),,Exports credited at JEA fuel charge rate (post-2018-04-01 systems); legacy NM systems full retail through 20-yr grandfather,,,"Required (utility disconnect); separate battery load disconnect if permanently mounted battery(ies) (per JEA DER requirements, search snippet)",,Unclear,,,"Adding a battery to a legacy (pre-4/1/2018) net-metered system: JEA pages state (per search snippet) that a grandfathered NM customer who takes JEA Battery Incentive loses grandfathering and moves to the Distributed Generation (fuel-rate) program -- the retrofit trigger is taking the incentive; whether a self-funded battery retrofit also forfeits grandfathering is Unclear. JEA itself framed batteries as a way to self-consume rather than export at fuel rate (2018 rebate up to $4,000, first 50). jea.com blocks automated fetch (CAPTCHA) so policy text not read directly.",https://news.wjct.org/news/2018-04-02/jea-unveils-battery-rebates-net-metering-changes-for-solar-wind-customers,2026-09-26,Secondary
Orlando Utilities Commission,FL,FRCC-nonRTO,all,"Municipal; own TruNet Solar net metering program (s. 366.91(6) F.S.). Tiers by AC gross power rating mirror FPSC tiers: Tier 1 0-10 kW no fee; Tier 2 >10-100 kW $340; Tier 3 >100 kW-2 MW $1,300. Systems connected/approved by 2025-06-30 grandfathered at full retail through 2045-06-30. Systems interconnected after 2025-06-30: full retail during grace period through 2026-10-31, then Community Solar Energy rate through 2030-06-30, then Retail Levelized Fuel rate. From 2026-11-01 exports credited within the same billing period (no kWh rollover); leftover $ credit carries forward on account. Annual true-up done Dec 2025 plus a final true-up Fall 2026. Sizing: capacity should not exceed home energy needs. MID-TRANSITION: successor rates take effect Nov 2026.",,2000 (Tier 3 max),,,"Legacy (<=2025-06-30): full retail ~10.7c/kWh residential through 2045; new: full retail to 2026-10-31, then Community Solar Energy rate (~4.6c/kWh per program chunk, Secondary) to 2030-06-30, then Retail Levelized Fuel rate","Tier 1 $0; Tier 2 $340; Tier 3 $1,300",,,,Unclear,,,"Battery retrofit on legacy system: taking OUC Battery Storage Rebate requires forfeiting TruNet Full Retail Rate (10.7c/kWh) on all exports -- i.e., a rebated battery retrofit loses grandfathering. An add-on PV array does NOT affect grandfathered status (OUC FAQ); whether a self-funded (non-rebate) battery retrofit affects grandfathering is not stated: Unclear. Applications may be solar or solar+battery. Grid-charging rules not published.",https://www.ouc.com/solutions-programs/solar-programs/rooftop-solar/,2026-09-26,Primary
Lee County Electric Cooperative (LCEC),FL,FRCC-nonRTO,all,"Co-op; own Net Metering Rider (Sheet 11.000, eff. 2023-02-01) modeled on FPSC Rule 25-6.065 but with deviations: Tier 3 capped at 1 MW (not 2 MW); net-metered customers billed on a separate flat (non-tiered) Net Metering rate (RS 8.21c/kWh total energy + $22.22 customer charge vs. standard inverted-block rate). Monthly kWh netting; excess kWh carried forward to end of calendar year and paid at LCEC calculated avoided purchased power cost for prior year. Fees: Tier 1 $35 (rule has $0 for IOUs), Tier 2 up to $1,000, Tier 3 $1,000 (+ study up to $2,000 per LCEC fees page). Tier 2 insurance $1M; lockable visible load-break disconnect within 5 ft of meter (Tier 2). GPR <=90% of service/transformer rating. Standby or resale service not permitted under rider.","1000 (Tier 3 max; rule applies 1 MW, not 2 MW)",1000,,,1:1 kWh netting at Net Metering Rider flat rate (RS 8.21c/kWh energy + PCA); year-end excess paid at LCEC avoided purchased power cost (prior year),"Tier 1 $35; Tier 2 up to $1,000; Tier 3 $1,000 (+ study fee up to $2,000 if applicable)",100,"Required Tier 2 (visible load-break, lockable, within 5 ft of meter); Tier 1 not verified",,Unclear,Standby service not permitted under Net Metering Rider,,Rider and agreements cover renewable generation systems only; batteries not addressed. Agreement requires a new application 30 days before modifications that increase GPR; whether a battery increases GPR is Unclear. No legacy/successor split at LCEC so no grandfathering to lose. Grid charging/battery export credit: Unclear.,https://www.lcec.net/wp-content/uploads/Rate-Tariff-Sheet-2026.pdf,2026-09-26,Primary
Withlacoochee River Electric Cooperative,FL,FRCC-nonRTO,all,"Co-op; own Net Metering Rider and single-form ""Interconnection and Parallel Operation of Renewable Distribution Generation"" agreement (rev. 10/22/19) instead of FPSC 25-6.065 tiered agreements. Net meter measures delivered and received kWh; excess over the year purchased at year end at the avoided cost of wholesale supplier Seminole Electric Cooperative. Agreement: 1-yr auto-renewing term; co-op may terminate service at its sole discretion or disconnect without notice for safety; access required for WREC and Seminole; no intentional islanding (IEEE 1547). Tier sizes, fees and insurance not stated in agreement; Net Metering Rider text not read.",,,,,Monthly netting (retail); annual excess paid at Seminole Electric avoided cost,,,,,Unclear,,,"WREC solar FAQ treats batteries only as storing excess PV for self-use (battery-backed systems); no statement on battery export credit, grid charging, or retrofit treatment. No legacy/successor split so no grandfathering to lose. Unclear on all storage-specific rules.",https://wrec.net/sites/default/files/documents/Net_Metering_Agreement_102219_0.pdf,2026-09-26,Primary
SECO Energy,FL,FRCC-nonRTO,all,"Co-op (Sumter Electric Cooperative d/b/a SECO Energy); own Net Metering tariff Sheet 16.4 + Interconnection Agreement Sheets 17.0-17.5 (eff. 2022-04-01) under Seminole Electric wholesale contract. Tiers per 25-6.065 but capped at 1,000 kW AC (not 2 MW); GPR (DC x 0.85) <=90% of service rating. Net billing, not retail NEM: all kWh taken from grid billed at otherwise applicable rate; excess kWh delivered to grid in each billing cycle credited at base cost of power (Schedule PCA) + monthly WPCA factor (wholesale/avoided cost). Credits only to the service behind which system sits. Insurance: none <=10 kW, $1M >10 kW (co-op as additional insured). Lockable manual disconnect separate from meter socket required for all sizes. IEEE 1547 / UL 1741 latest version. AMI bi-directional meter required. PTO within 10 business days.",1000,1000,,,"Excess kWh each billing cycle credited at Schedule PCA base cost of power + WPCA factor (wholesale power cost), not retail",,,"Required all tiers (lockable manual disconnect, separate from meter socket, readily accessible)",,Unclear,,,"SECO interconnection agreement explicitly lists ""battery storage"" among RGS energy sources (rare in FL) -- battery may interconnect under the standard agreement. Because exports are credited at wholesale cost of power in the same billing cycle (net billing), battery self-consumption shifting has value; whether grid-charged battery exports are credited is not addressed: Unclear. Adding a battery: new application required 30 days ahead for any GPR change; whether battery kW counts toward GPR/1 MW cap is Unclear. No legacy tier to lose.",https://secoenergy.com/wp-content/uploads/SECO_Energy_Rate_Tariff_Current.pdf,2026-09-26,Primary
"Clay Electric Cooperative, Inc.",FL,FRCC-nonRTO,all,"Co-op (Seminole Electric member); own Form IGRG-1 Interconnection Agreement (Sheets 21.0-21.04, eff. 2026-04-30) and ""Avoided Cost"" net billing program. RGS rated <=1,000 kW AC and should be designed not to exceed member service load consumption; >=20 kW requires engineering pre-approval; GPR (DC x 0.85) <=90% of service entrance rating or co-op transformer kVA, and co-op will not upsize distribution equipment for oversized RGS. Export: excess kWh bought back at current Seminole QF-1 wholesale rate and credited on next bill (not retail). Insurance: $100k for <=10 kW (stricter than FPSC rule), $1M >10 kW. Lockable manual disconnect separate from meter socket required for all sizes. Net meter install $60 trip fee; processing fee at co-op discretion.",1000 (agreement max; sized to load; >=20 kW pre-approval),1000,,,Excess kWh credited at Seminole QF-1 wholesale (avoided cost) rate,Processing fee at co-op discretion (not stated); $60 net-meter trip fee,20 (engineering pre-approval),"Required all sizes (lockable manual disconnect, outside, accessible, separate from meter socket)",Stand-alone batteries (no RGS) may only charge from grid and may not interconnect/parallel; UL-listed automatic transfer switch required,No,,,"Agreement sec. 12 (2026): battery paired with RGS must be UL 1741 certified with meter placard ""Battery storage utilized in this facility""; battery is solely for customer use and shall NOT export to the co-op; backup operation only when isolated (UL ATS or special inverter). Batteries are not renewable under Rule 25-6.065(2)(d); battery-only systems may charge from grid but may not interconnect (ATS required). So battery discharge never earns QF-1 credit and grid arbitrage via export is prohibited. Adding a battery is permitted under these guidelines; exceeding approved battery capacity is a disconnection ground, implying battery must be declared (new application for GPR changes 30 days ahead). No legacy retail NEM to lose.",https://www.clayelectric.com/sites/default/files/documents/solar/PhotovoltaicInterconnectionAgreement.pdf,2026-09-26,Primary
Lakeland Electric,FL,FRCC-nonRTO,all,"Municipal (City of Lakeland); own Net Metering Service schedule Sheets 8.4-8.6 (eff. 2023-10-01). PV only (static inverters). Tiers: T1 <=10 kW, T2 <=100 kW (residential), T3 <=2 MW (commercial). Sizing: PV may not exceed 100% of annual consumption; >90% of transformer/service capacity at customer expense. Exports metered on separate register and credited at full retail; kWh credits carry forward on a moving 12-month window and expire unpaid at end of window (no annual cash-out); on termination accumulated credit paid at full retail. No aggregate cap currently (utility may limit). 12-month minimum term; city may terminate on 30 days notice. Insurance T2 up to $1M, T3 up to $2M, T1 recommended. Manual lockable visible load-break disconnect required all tiers. Standards cite IEEE 1547-2003/UL 1741 (2005). MANDATORY RATE: residential solar customers must take Rate RSD (Residential Service Demand): $14.45/mo + $6.69/kW billing demand less Value of Solar Credit $0.92/kW + 2.674c/kWh energy (eff. 2025-10-01); legacy pre-2016 RS solar customers moved to RSD from 2026-01-01.",100 (Tier 2; residential),2000,None currently (utility reserves right to limit),,Full retail kWh credit (separate register); moving 12-month carryforward; unused credits forfeited (no cash-out) except full-retail payout on termination,Not stated; Interconnection Study Charge possible for Tier 2/3,10 (Tier 2/3 may require study),"Required all tiers (manual, lockable, visible load-break)",,Unclear,"Residential solar customers mandatorily billed on demand rate RSD ($6.69/kW billing demand, $0.92/kW Value of Solar Credit); standby service not permitted on RSD",0 (all residential PV),"Net Metering schedule applies to PV arrays only; storage not addressed in tariff sheets read (program chunk cites an ""Agreement for Parallel Connection of PV and/or ESS"" -- not read). Mandatory demand rate (RSD) makes battery peak-shaving valuable for residential PV customers. Customer must notify city of any change to PV system; effect of adding a battery on net metering status: Unclear. Grid charging / battery export credit: Unclear.",https://cdn.kubra.com/a_published/lakelandelectric/assets-docs/rate%20tariff%20%20fy26%20-%20effective%2010.01.25.pdf,2026-09-26,Primary
City of Tallahassee Utilities,FL,FRCC-nonRTO,all,"Municipal; own Solar Net Metering Agreement (Rev 5, 08/02/2019) under s. 366.91(6) F.S., not FPSC 25-6.065 tiers. PV systems up to 100 kWac only (single agreement, no tiers); single-phase allowed up to 15 kWac, three-phase balanced above. No fee for application or net meter. Excess kWh credited at applicable retail tariff (city says full retail value incl. taxes) and carried forward on a rolling 12-month window; unused credits forfeited to the City at end of window, never paid. City retains RECs. Insurance: general liability >= $100,000 (homeowner policy may satisfy) for all sizes. Physical isolation: either a manual lockable load-break disconnect adjacent to meter, OR elect meter removal as the isolation means (no switch). City may terminate agreement on 30 days notice for any reason. Standards cited are dated (UL 1741, IEEE 929-2000, IEEE 1262-1995).",100 (AC),100 (AC),,,"Full retail kWh credit (rolling 12-month carryforward; unused credits forfeited, no cash-out)",$0 (no application or net meter charge),,"Owner's choice: manual lockable load-break disconnect adjacent to meter, OR allow City to pull the net meter as isolation (no switch needed)",,Unclear,,,"Agreement and application define the system as PV only (static inverter), but the application form has a 'Batteries (if applicable)' field, so PV+battery is interconnected under the same agreement. No rule on battery export credit or grid charging: Unclear. Adding a battery to an existing net-metered system: agreement sec. 3.D says the agreement TERMINATES upon any modification or alteration of the PV system and a new Solar Net Metering Agreement is required (sec. 4.A notice). Because terms are unchanged for new agreements (no legacy/successor split), re-signing should not lose export value, but whether a battery counts as a 'modification' is not stated -- treat as requiring a new agreement.",https://www.talgov.com/Uploads/Public/Documents/you/pv_net_metering_cotu.pdf,2026-09-26,Primary
Gainesville Regional Utilities,FL,FRCC-nonRTO,all,"Municipal (City of Gainesville d/b/a GRU); own Agreement for Interconnection and Parallel Operation of Distributed Generation Resources (s. 366.91(6) F.S.), not FPSC 25-6.065. Tiers sized in kW DC (not AC): T1 <=10 kW DC, T2 >10-100 kW DC ($400 fee), T3 >100 kW-2 MW DC ($1,000 fee). NEM ENDED for new systems: GRU Authority resolution 2024-04-17 -- excess kWh now credited at GRU's current fuel adjustment rate (not retail); monthly credit rolls to next bill; annual calendar-year true-up converted to cash at GRU avoided cost price (GRU may change without notice). Existing (pre-change) solar customers reported unaffected (Secondary). Pre-application Letter of Intent / circuit capacity check required (approval valid 1 yr); GRU enforces circuit hosting limits. Technical review ~4-5 weeks. Lockable visible load-break 'Auxiliary Generation Disconnect' within 10 ft and on same wall as meter required. Telemetry at owner cost >=250 kW DC. Customer keeps RECs. Insurance: web page says T1 $100k, T2 $1M, T3 $2M; 2022 agreement text says T1 $100k, T2 $300k, T3 $1M (current 04/08/2024 agreement is image-only, not read).",2000 kW DC (Tier 3 max),2000 kW DC,,,"GRU fuel adjustment rate (~3.5c/kWh at April 2024 adoption, varies monthly); year-end balance cashed out at GRU avoided cost","Tier 1 $0; Tier 2 $400; Tier 3 $1,000 (non-refundable) + system impact study at customer cost if needed; $100 missed meter-set fee",Utility discretion (study if initial feasibility evaluation inconclusive; circuit capacity pre-check for all sizes),"Required all tiers (manual, lockable, visible load-break, within 10 ft of meter, labeled 'Auxiliary Generation Disconnect')",,Unclear,,,"Agreement defines DGR as a renewable generation system; NEM web page and agreement do not mention batteries at all -- export credit for battery discharge, grid charging, and storage sizing all Unclear. Adding a battery to an existing system: agreement sec. 10.3 requires prompt notice of any modification changing configuration/rating/operation and GRU may audit before reconnection; sec. 9.1.5 lets GRU disconnect for unapproved modifications. Whether a battery retrofit moves a pre-April-2024 retail-NEM customer onto the fuel-rate credit is not stated: Unclear. With exports at ~fuel rate, storage self-consumption is the main value lever.",https://www.gru.com/My-Home/Content/Rebates/Net-Energy-Metering-for-Solar-PV-Systems,2026-09-26,Primary
Nashville Electric Service,TN,TVA,export_credit_value;nem_aggregate_cap;nem_sizing_rule;ic_study_trigger_kw;non_export_option;storage_specific_notes,"TVA LPC that has taken TVA's LPC flexibility (local generation) option: NES buys customer solar exports itself under its own NESolar programs (Guidelines eff. Oct 2024) rather than the customer contracting with TVA under DPP. NESolar Savings (behind-the-meter excess generation): on-site PV or PV+battery, <=250 kW DC, primary purpose serving on-site load, NES purchases of exported energy capped at 100% of annual site usage, minimum 50 kWh/month average excess; program cap 10 MW first-come. Exports paid a seasonal rate plus TVA Standard Service Total Monthly Fuel Cost (TMFC): summer (Jun-Sep) 3.069c, winter (Dec-Mar) 3.197c, transition 3.244c/kWh + TMFC. NESolar Connect (line-side, >=200 kW solar or >=80 kW other): buys 100% of output at 7.363c summer / 4.459c winter / 5.682c transition + TMFC; 35 MW program cap. No net metering. Application for Interconnection of Renewable Generation due >=60 days before operation; Interconnection and Operating Agreement required for every solar install; NES may require (at customer cost) Transmission Screen, System Impact Study, Facilities Study (>500 kW), Flexibility Device Kit. TVA Transmission Study possible 5-25 MVA. No capacity expansion without NES written approval.",N/A (no NEM); NESolar Savings <=250 kW DC,N/A (no NEM); NESolar Savings <=250 kW DC; NESolar Connect >=200 kW solar,"NESolar Savings 10 MW program max; NESolar Connect 35 MW initial program max (first-come, first-served); current subscription not published",Unknown (subscription level not published),"NESolar Savings (eff. Oct 2024): 3.069c/kWh Jun-Sep, 3.197c Dec-Mar, 3.244c Apr/May/Oct/Nov, each plus TVA TMFC for the month; bill credit. NESolar Connect: 7.363c / 4.459c / 5.682c + TMFC",,Utility discretion (Transmission Screen / System Impact Study any size; Facilities Study >500 kW; TVA Transmission Study 5-25 MVA),,Behind-the-meter self-consumption without a NESolar agreement still requires the Interconnection and Operating Agreement; NES may require customer-purchased equipment that prevents generation flowing to the NES grid (per IOA),Unclear,,,"NESolar Savings explicitly eligible for 'solar PV with battery storage installation'; 'Energy Resource' definition includes a facility that stores energy produced by another Energy Resource. Purchase rates apply exclusively to solar-based generation (non-solar may get a separate technology-specific rate at NES discretion), so grid-charged battery export is not credited under program terms as written: grid charging treatment Unclear, crediting of grid-sourced energy likely No. Adding a battery to an existing NESolar system: 'No expansion of the capacity of an Energy Resource may occur without prior written approval of NES' -- battery retrofit needs NES approval; guideline amendments do not apply to previously approved resources, but no rule on whether a retrofit re-baselines the system. No net metering to lose.",https://www.nespower.com/-/media/project/nes/common/pdfs/nesolar-savings/nesolar-guidelines---102024.pdf,2026-09-26,Primary
"Memphis Light, Gas and Water Division",TN,TVA,ic_application_fee;standby_charge;standby_threshold_kw;storage_specific_notes,"TVA LPC; follows TVA framework (no net metering -- MLGW all-requirements contract bars buying power from others; exports only via TVA DPP at avoided cost, paid by TVA direct deposit). MLGW-specific deviations: three interconnection options, all dual-metered with a separate generation meter: (A) Self-Generation -- excess flows to grid WITHOUT compensation; (B) DPP sell-all to TVA; (C) Self-Generation + DPP sell-excess. Options A and C carry a monthly Electric Service Availability charge (residential $14.40/mo; non-residential varies by rate, from $32.00/mo for GSA part 1; subject to change). Application fee: residential $250 + $5/kW, non-residential $500 + $5/kW (check only). Customer pays construction quote (generation meter + socket, meter labor, any upgrades, one System Acceptance Test); $200 per re-test ($200 initial test waived for TVA Green Connect QCN projects). Technical review ~4-5 weeks; interconnection study at MLGW discretion by size/location. Interconnection and Parallel Operation Agreement + liability insurance documentation required (amount not read).",,,,,Self-Generation: $0 (excess uncompensated); with DPP: TVA avoided cost (see TN state row),"Residential $250 + $5/kW proposed; non-residential $500 + $5/kW; plus construction quote (generation meter, socket, upgrades, acceptance test); $200 per failed-test retest","Utility discretion (by size, location, infrastructure)",,"No defined non-export path: Self-Generation option lets excess flow to grid uncompensated; still requires full application, separate generation meter and monthly availability charge",Unclear,"Electric Service Availability charge on Self-Generation customers (options A and C): residential $14.40/month; non-residential varies by rate schedule, from $32.00/month (GSA part 1); not charged for DPP sell-all (option B)",None (applies to all self-generation),"Battery storage is explicitly allowed with Self-Generation and Self-Generation+DPP options; application collects battery make/model, kW AC and kWh AC per battery. MLGW recommends batteries to avoid uncompensated export. Whether grid-charged battery energy may be exported/sold under DPP is not addressed by MLGW (TVA DPP covers renewable QF output): Unclear. Adding a battery to an existing system: no MLGW rule found; since equipment is listed on the application/agreement, a retrofit likely needs a new application but this is not stated -- Unclear. No NEM status to lose.",https://www.mlgw.com/about/mlgwgreenpowerswitch,2026-09-26,Primary
Knoxville Utilities Board,TN,TVA,ic_application_fee;external_disconnect;storage_specific_notes,"TVA LPC; follows TVA framework (no net metering; excess sold only via TVA DPP up to 80 MW; KUB has no obligation to buy excess). KUB-specific terms: $500 application fee for any interconnection; Interconnection, Metering and Parallel Operation Agreement covers generating AND/OR storage systems ('Qualifying System', gross power rating in kW DC). Participant pays KUB actual costs incl. overheads: impact studies, installation verification, metering installation and meter O&M, upgrades, recurring periodic interconnection costs, and disconnection costs. Manual lockable visible load-break 'Generation and/or Storage Disconnect' adjacent to meter socket required with weatherproof single-line diagram. No insurance required (encouraged). Anti-islanding trip <10 cycles. Standards: latest IEEE 1547, UL 1741 SA, IEEE 519. No parallel operation until inspection, KUB site verification/commissioning witness and written authorization.",,,,,None from KUB; excess only via TVA DPP (see TN state row),"$500 (any size) + KUB actual costs (studies, verification, metering, upgrades, periodic metering O&M)",Utility discretion (screening per KUB interconnection procedures; impact studies at participant expense),"Required (manual, lockable, visible load-break, labeled 'Generation and/or Storage Disconnect', adjacent to meter socket)",,Unclear,,,"Agreement explicitly covers storage-only or generation+storage systems ('store, generate, and/or sell'); islanding definition names batteries. No rule on grid charging or on export of grid-charged energy (TVA DPP buys renewable QF output): Unclear. Adding a battery to an existing system: sec. 7.1 requires written notice >=60 calendar days before any modification that changes gross power rating OR changes any component; KUB may accept or deny, review/upgrade costs borne by participant, and no parallel operation of the modified system until KUB re-verification and written authorization. No NEM status to lose. Agreement read is the version at kub.org/uploads/KUB_Interconnection_Agreement_.pdf; KUB page now links a 2024 version (not read).",https://www.kub.org/uploads/KUB_Interconnection_Agreement_.pdf,2026-09-26,Primary
Huntsville Utilities,AL,TVA,export_credit_value;nem_cap_res_kw;nem_cap_nonres_kw;nem_aggregate_cap;ic_application_fee;external_disconnect;non_export_option;storage_specific_notes,"TVA LPC (north AL; APSC has no jurisdiction). Own Solar Connect program (TVA LPC flexibility): HU itself buys behind-the-meter excess generation as an itemized bill credit at a rate set each January from the TVA wholesale rate -- 6.427c/kWh for 2026 (vs TVA DPP avoided cost ~3.8c in TN state row). No net metering or net billing. Eligible: customer-owned solar <=50 kW on a single-meter installation, new systems and systems aging out of TVA programs; program has a participation cap (size not published). Alternatives: TVA DPP, or operate non-export (production-limiting design) with no payment. $100 application fee billed to account plus Aid-to-Construction payment for HU interconnection costs. Insurance: none <=10 kW; $1M general liability naming HU as additional insured >10 kW. Solar disconnect and main service disconnect must be grouped outside by the meter along with rapid-shutdown control. NABCEP-certified installer required to approve design and construction. Witness test by HU meter shop before permission to operate. Unauthorized exporting systems get 90 days to execute an interconnection agreement.",50 (Solar Connect max; eligible capacity set by AHJ from service size),50 (Solar Connect max),Solar Connect program participation cap exists (MW value not published),Unknown,Solar Connect 2026: 6.427c/kWh bill credit for excess energy (reset each January from TVA wholesale rate),$100 (billed to account) + Aid-to-Construction payment for site-specific HU interconnection costs,,Required: solar disconnect grouped with main service overcurrent disconnect outside near meter (plus emergency rapid-shutdown control device),Yes: systems designed so no excess flows to grid (production limited to instantaneous on-site load) are an explicit option; still need interconnection agreement/approval,Unclear,,,"Batteries 'potentially allowed' with additional requirements: typically need mechanical open-transition throw-over (i.e. backup isolation) switches, extra documentation and testing; 'battery commutated systems cannot operate interconnected to the grid'. Combined with the single-meter rule and the ban on any separately derived source without written HU permission, grid-parallel battery export or grid charging for arbitrage looks restricted, but no explicit rule on grid charging: Unclear. Adding a battery to an existing Solar Connect/DPP system: requires HU approval (written permission for any separately derived source) and likely re-testing; whether it affects Solar Connect eligibility is not stated. No NEM to lose.",https://www.hsvutil.org/community_resources/programs/solar_connect_.php,2026-09-26,Primary
