eia_id,hifld_name,hifld_state,customers,utility_name,rto,ownership_type,res_habit,res_habit_src,res_dispatch,res_dispatch_src,ci_habit,ci_habit_src,ci_dispatch,ci_dispatch_src,scan_notes,last_verified
13519,CITY OF NEWARK - (DE),DE,13238,City of Newark Electric Department,PJM,Municipal,Unknown,,Unknown,,Unknown,,Unknown,,"Checked city rate-increase notices, ordinance, and FAQ pages; no TOU, thermostat/water-heater control, or C&I curtailment program could be confirmed from available site content; full rate schedule PDF not reviewed in depth due to search budget",2026-09-24
5027,DELMARVA POWER,DE,544898,Delmarva Power & Light Co (Delmarva DE),PJM,IOU,Yes,https://psc.maryland.gov/wp-content/uploads/Order-91917_ML-323522-9761-1.pdf,Yes,https://depsc.delaware.gov/?p=28510,Yes,https://psc.maryland.gov/wp-content/uploads/Order-91917_ML-323522-9761-1.pdf,Yes,https://psc.maryland.gov/wp-content/uploads/Order-91917_ML-323522-9761-1.pdf,,2026-08-08
5070,DELAWARE ELECTRIC COOPERATIVE,DE,113057,Delaware Electric Cooperative,PJM,Cooperative,Unknown,,Yes,https://www.delaware.coop/btp,Unknown,,Yes,https://www.delaware.coop/btp,,2026-08-08
5335,CITY OF DOVER - (DE),DE,24756,City of Dover Electric Department,PJM,Municipal,Unknown,,Unknown,,Unknown,,Yes,https://www.cityofdover.gov/media/Rates%20%20Tariffs%20as%20of%2007-01-2025%20-%20FINAL%206.24.25%20(002).pdf,Own tariff document lists a Transmission Voltage Interruptible Service Classification (IT) and Firm Standby/Supplemental Service (SS); could not confirm residential TOU or a smart-thermostat/water-heater dispatch program from available excerpts of the tariff PDF,2026-09-24
10704,CITY OF LANSING - (MI),MI,99070,Lansing Board of Water & Light,MISO,Municipal,Yes,https://www.lbwl.com/documents/2025-residential-electric,Yes,https://www.lbwl.com/customers/save-money-energy/peak-power-partner-demand-response-program,Yes,https://www.lbwl.com/documents/2025-business-electric,Yes,https://www.lbwl.com/customers/save-money-energy/peak-power-partner-demand-response-program,,2026-08-08
11701,CITY OF MARQUETTE - (MI),MI,17013,Marquette Board of Light & Power,MISO,Municipal,No,https://mblp.org/other-customer-information/,No,https://mblp.org/other-customer-information/,No,https://mblp.org/other-customer-information/,No,https://mblp.org/other-customer-information/,"Municipal utility. Full residential and commercial rate schedules reviewed (U1/U2, R1/R2, U3, U5, U6, R3, R5, R6) -- all flat energy + (for larger C&I) plain demand charge, no TOU, no interruptible/curtailable rider, no device-control program found.",2026-09-09
12377,MIDWEST ENERGY COOPERATIVE,MI,36771,Midwest Energy & Communications,MISO,Cooperative,Yes,https://www.teammidwest.com/time-of-use-program,Yes,https://www.teammidwest.com/load-management,Unknown,,Yes,https://www.teammidwest.com/load-management,"Wolverine Power Cooperative member (G&T). Residential TOU confirmed; residential load-management suite (interruptible water heating, interruptible heating/cooling, whole-home generator transfer) confirmed. Interruptible Irrigation program (ag/C&I) counted as ci_dispatch. Also rolling out residential+small-commercial demand charge (demand-rates.mwenergy.com) but that's a plain demand charge, not a shifting-oriented TOU, so ci_habit left Unknown pending confirmation of a true C&I TOU/RTP schedule.",2026-09-09
1366,CITY OF BAY CITY - (MI),MI,20295,Bay City Electric Light & Power,MISO,Municipal,Yes,https://www.baycitymi.gov/DocumentCenter/View/6126/2022-2024-BCELP-Electric-Service-Rate-Schedule-v2,No,https://www.baycitymi.gov/DocumentCenter/View/6126/2022-2024-BCELP-Electric-Service-Rate-Schedule-v2,Yes,https://www.baycitymi.gov/DocumentCenter/View/6126/2022-2024-BCELP-Electric-Service-Rate-Schedule-v2,No,https://www.baycitymi.gov/DocumentCenter/View/6126/2022-2024-BCELP-Electric-Service-Rate-Schedule-v2,"Municipal utility. Rate Book: Rate 1 EV Charging Service (residential, on/off-peak TOU meter) confirmed = res_habit. Rate 5 General Service Time-of-Use (>=100kW) confirmed = ci_habit. No residential controlled-device (water heater/switch) program and no C&I interruptible/curtailable rider found in full rate book review.",2026-09-09
15340,PRESQUE ISLE ELEC & GAS COOP,MI,34651,Presque Isle Electric & Gas Co-op,MISO,Cooperative,No,https://pieg.com/electric-rates/,Unknown,,No,https://pieg.com/electric-rates/,Unknown,,"Wolverine Power Cooperative member (G&T). Own rate book shows only flat residential/commercial schedules (no TOU, no interruptible rate class); no load-management/DR program page found on own site in time available.",2026-09-09
18895,THUMB ELECTRIC COOP OF MICH,MI,12389,Thumb Electric Cooperative,MISO,Cooperative,No,https://www.tecmi.coop/rates-tariffs,Yes,https://www.tecmi.coop/rates-tariffs,No,https://www.tecmi.coop/rates-tariffs,No,https://www.tecmi.coop/rates-tariffs,"Wolverine Power Cooperative member (G&T). Rate schedule list shows Interruptible Electric Heating (dual-fuel) and Controlled Water Heater Service (closed to new members as of 2/1/2024, legacy participants remain) = res_dispatch Yes. No TOU for residential or C&I; Large General Service has plain demand charge only (does not count).",2026-09-09
19125,CITY OF TRAVERSE CITY - (MI),MI,11979,Traverse City Light & Power,MISO,Municipal,Yes,https://www.tclp.org/time-of-use-rates/residential/eco-champion/,No,,No,,Yes,https://www.tclp.org/demand-response-program/,,2026-08-08
19396,TRI-COUNTY ELECTRIC COOP (MI),MI,26829,HomeWorks Tri-County Electric Cooperative,MISO,Cooperative,Yes,https://www.homeworks.org/210-2/electric-home/388-2/rates-regulations/,Yes,https://www.homeworks.org/210-2/electric-home/member-services/,Yes,https://www.homeworks.org/210-2/electric-home/388-2/rates-regulations/,No,https://www.homeworks.org/210-2/electric-home/388-2/rates-regulations/,"Wolverine Power Cooperative member (G&T), operates as HomeWorks. Residential TOD (Schedule A-2), Controlled Heating/Partial Controlled Heating/Controlled Water Heater (dispatch), and C&I TOD (Schedule B-1 General Service, Schedule CD-1 Large Power, CD-2 Irrigation/Grain Drying) all confirmed in rate book. No interruptible/curtailable C&I rider found in rate book listing.",2026-09-09
19578,UPPER PENINSULA POWER COMPANY,MI,53493,Upper Peninsula Power Company (UPPCO),MISO,IOU,Yes,https://d2x43qaqyo0a2i.cloudfront.net/D.-A-1-_-Residential-Service-_-Dec-20-2024.pdf,No,,Yes,https://d2x43qaqyo0a2i.cloudfront.net/Large-Light-and-Power-Response-Rewards-_-CP-RR.pdf,Yes,https://d2x43qaqyo0a2i.cloudfront.net/Capacity-Buyback-Rider-_-CP-IB.pdf,,2026-08-08
21048,WYANDOTTE MUNICIPAL SERV COMM,MI,12712,Wyandotte Municipal Services,MISO,Municipal,No,https://www.wyan.org/DocumentCenter/View/563/Electric-Rates-Effective-October-1-2025-PDF,No,https://www.wyan.org/DocumentCenter/View/563/Electric-Rates-Effective-October-1-2025-PDF,Yes,https://www.wyan.org/DocumentCenter/View/563/Electric-Rates-Effective-October-1-2025-PDF,No,https://www.wyan.org/DocumentCenter/View/563/Electric-Rates-Effective-October-1-2025-PDF,"Municipal utility. Full rate book reviewed: Residential Rate R and Senior Rate R-SC are flat, no TOU option. Large General Service (LGS), Primary Service (PR, LP), and Large Industrial (LI) all offer a Time-Differentiated Meter option with defined on-peak (11am-11pm weekdays)/off-peak periods for demand billing = ci_habit Yes. No interruptible/curtailable rider found.",2026-09-09
305,ALGER-DELTA COOP ELECTRIC ASSN,MI,10291,Alger Delta Cooperative Electric Association,MISO,Cooperative,No,https://www.algerdelta.com/rates-0,Unknown,https://www.algerdelta.com/power-partner-rewards,No,https://www.algerdelta.com/rates-0,Yes,https://www.algerdelta.com/pricing-options,"Supplied by WPPI Energy (not a Wolverine member -- confirmed via search). Flat residential rate, no TOU. C&I Interruptible Load Credits and Market-Based Pricing Curtailable Option run through WPPI Energy, available via Alger Delta. 'Power Partner Rewards' is linked in nav under Residential but page returned empty/unreadable on fetch -- could not confirm content.",2026-09-09
3436,CHERRYLAND ELECTRIC COOP INC,MI,37421,Cherryland Electric Cooperative,MISO,Cooperative,Yes,https://cherrylandelectric.coop/time-of-use/,Unknown,,Unknown,,Unknown,,Wolverine Power Cooperative member (G&T). Residential optional TOU rate confirmed. Did not find dedicated C&I TOU/interruptible page or residential device-control program in time available.,2026-09-09
38084,GREAT LAKES ENERGY COOP,MI,130291,Great Lakes Energy Cooperative,MISO,Cooperative,No,,No,,No,,No,,Wolverine Power Cooperative member (G&T); no residential TOU/CPP or load-control program found on own site as of 2026; site discusses future rate structures but nothing live; did not find C&I program pages in time available.,2026-09-09
3828,CLOVERLAND ELECTRIC CO-OP,MI,43190,Cloverland Electric Cooperative,MISO,Cooperative,Yes,https://www.cloverland.com/energy-solutions/electric-vehicles/,No,,Yes,https://www.cloverland.com/billing-payments/rates-charges/,No,,,2026-08-08
392,ALPENA POWER CO,MI,16683,Alpena Power Company,MISO,IOU,Yes,https://www.alpenapower.com/electric-vehicle-rates-programs-residential/,No,https://www.alpenapower.com/electric-vehicle-rates-programs-residential/,Yes,https://www.alpenapower.com/electric-vehicle-rates-programs-business/,Unknown,,Small investor-owned utility. Residential and General Service (business) Plug-In EV rate and Efficient Electric Heat rate both use an off-peak (7pm-1pm)/on-peak TOU meter design = res_habit and ci_habit Yes. No device-control/dispatch program found for residential. Did not confirm/deny a C&I interruptible or curtailable rider in the time available (full rate book PDF not reviewed in detail).,2026-09-09
4254,CONSUMERS ENERGY CO,MI,1875975,Consumers Energy Co,MISO,IOU,Yes,https://www.consumersenergy.com/residential/account-and-billing/rates/electric-rates-and-programs/rate-plan-options/time-of-use-rate-plans/critical-peak-pricing-program,Yes,https://www.consumersenergy.com/residential/account-and-billing/rates/electric-rates-and-programs/rate-plan-options/time-of-use-rate-plans,No,,No,,,2026-08-08
5109,DTE ELECTRIC COMPANY,MI,2261902,DTE Electric Co,MISO,IOU,Yes,https://www.dteenergy.com/content/dam/dteenergy/deg/website/residential/Service-Request/pricing/residential-pricing-options/ResidentialElectricRateCard.pdf,Yes,https://www.dteenergy.com/us/en/residential/save-money-energy/get-started-with/demand-response.html,No,,Yes,https://www.dteenergy.com/us/en/business/service-request/pricing/demand-response.html,,2026-08-08
7483,CITY OF GRAND HAVEN - (MI),MI,14846,Grand Haven Board of Light & Power,MISO,Municipal,No,https://ghblp.org/billing-and-payment/rates/,No,https://ghblp.org/billing-and-payment/rates/,No,https://ghblp.org/billing-and-payment/business-rates/,No,https://ghblp.org/policies/emergency-load-shedding-faq/,"Municipal utility. Residential and business rate pages show only flat service charge + kWh + PSCA + surcharges, no TOU rate class for either segment. 'Emergency Load Shedding' is a MISO-directed mandatory rolling-outage protocol (not an opt-in incentivized curtailment program), so does not count as ci_dispatch.",2026-09-09
8723,CITY OF HOLLAND,MI,30281,Holland Board of Public Works,MISO,Municipal,Yes,https://www.hollandbpw.com/en/customer-service/rates/residential,Unknown,,Unknown,,Unknown,,,2026-08-08
1009,CITY OF AUSTIN - (MN),MN,11854,Austin Utilities,MISO,Municipal,Unknown,,Yes,https://www.austinutilities.com/pages/LoadControlFAQ/,Unknown,,Unknown,,,2026-08-08
10618,LAKE REGION ELECTRIC COOPERATIVE - (MN),MN,29487,Lake Region Electric Cooperative,MISO,Cooperative,Yes,https://www.lrec.coop/energy-services/off-peak-water-heating/,Yes,https://www.lrec.coop/energy-services/off-peak-water-heating/,Unknown,,Yes,https://greatriverenergy.com/transmission-and-delivery/demand-response/member-cooperative-load-management-programs/,GRE member (confirmed via greatriverenergy.com cooperative page).,2026-09-09
10697,LAKE COUNTRY POWER,MN,50786,Lake Country Power,MISO,Cooperative,Yes,https://lakecountrypower.coop/,Yes,https://lakecountrypower.coop/,Unknown,,Yes,https://greatriverenergy.com/transmission-and-delivery/demand-response/member-cooperative-load-management-programs/,GRE member; off-peak heating/water/EV rates and load-control programs confirmed; recently added VPP/dispatchable load capability (44% of members enrolled).,2026-09-09
12546,MILLE LACS ENERGY COOPERATIVE,MN,15824,Mille Lacs Energy Cooperative,MISO,Cooperative,Yes,https://www.mlecmn.net/energy-efficiency/heating-cooling/,Yes,https://www.mlecmn.net/energy-efficiency/heating-cooling/,Unknown,,Yes,https://greatriverenergy.com/transmission-and-delivery/demand-response/member-cooperative-load-management-programs/,"GRE member (confirmed on own site). Off Peak, Dual Fuel and Peak Shave water heating/cycled AC programs.",2026-09-09
12647,"ALLETE, INC.",MN,150464,Minnesota Power (ALLETE),MISO,IOU,Yes,https://www.mnpower.com/timeofday,Yes,https://www.mnpower.com/ProgramsRebates/DualFuel,No,,No,,,2026-08-08
12651,MINNESOTA VALLEY ELECTRIC COOP,MN,46120,Minnesota Valley Electric Cooperative,MISO,Cooperative,Yes,https://www.mvec.net/load-control/,Yes,https://www.mvec.net/load-control/,Unknown,,Yes,https://greatriverenergy.com/transmission-and-delivery/demand-response/member-cooperative-load-management-programs/,GRE member; C&I interruptible program participants registered with MISO.,2026-09-09
12894,CITY OF MOORHEAD - (MN),MN,20407,Moorhead Public Service,MISO,Municipal,Unknown,,Yes,https://www.mpsutility.com/index.php/en/?option=com_content&view=category&id=40,Unknown,,Unknown,,,2026-08-08
13780,NORTHERN STATES POWER CO,MN,266930,Northern States Power Co - Wisconsin (Xcel Energy),MISO,IOU,Yes,https://www.renewwisconsin.org/psc-approves-xcel-energys-electric-vehicle-programs/,No,,No,,Yes,https://my.xcelenergy.com/s/business/rate-plans/interruptible-service-option,,2026-08-08
13781,NORTHERN STATES POWER CO - MINNESOTA,MN,1538707,Northern States Power Co - Minnesota (Xcel Energy),MISO,IOU,Yes,https://mn.my.xcelenergy.com/s/residential/ev-charging/incentives/evaah,Yes,https://www.xcelenergy.com/staticfiles/xe-responsive/Company/Rates%20&%20Regulations/Regulatory%20Filings/CO-DSM/Residential%20Demand%20Response.pdf,Yes,https://www.xcelenergy.com/staticfiles/xe/Marketing/Files/MN-Business-Program-Summary.pdf,Yes,https://www.xcelenergy.com/staticfiles/xe/Marketing/Files/MN-Business-Program-Summary.pdf,,2026-08-08
14232,OTTER TAIL POWER CO,MN,134122,Otter Tail Power Company,MISO,IOU,No,,Yes,https://www.otpco.com/rebates-and-efficiency-programs/programs/dual-fuel/,No,,No,,,2026-08-08
14246,CITY OF OWATONNA - (MN),MN,12111,Owatonna Public Utilities,MISO,Municipal,Yes,https://www.owatonnautilities.com/residential-customers/time-of-use-program/,Yes,https://findenergy.com/providers/owatonna-public-utilities/,No,,No,,,2026-08-08
14468,PEOPLE'S COOPERATIVE SERVICES,MN,23562,People's Energy Cooperative,MISO,Cooperative,Yes,https://peoplesenergy.coop/off-peak-program,Yes,https://peoplesenergy.coop/off-peak-program,Unknown,,Yes,https://dairylandpower.com/load-management,"EIA/HIFLD legal name 'People's Cooperative Services'; operates publicly as People's Energy Cooperative (peoplesenergy.coop), Oronoco MN. Purchases power from Dairyland Power Cooperative.",2026-09-09
1529,"BELTRAMI ELECTRIC COOP, INC",MN,22009,Beltrami Electric Cooperative,MISO,Cooperative,Yes,https://www.beltramielectric.com/load-management,Yes,https://www.beltramielectric.com/load-management,Unknown,,Yes,https://www.minnkota.com/our-programs/demand-response,Minnkota Power Cooperative member (confirmed on own site).,2026-09-09
16181,ROCHESTER PUBLIC UTILITIES,MN,58182,Rochester Public Utilities,MISO,Municipal,Yes,https://www.rpu.org/my-account/residential-time-of-use-rate-program.php,Unknown,,Unknown,,Unknown,,,2026-08-08
16368,RUNESTONE ELECTRIC ASSN,MN,15089,Runestone Electric Association,MISO,Cooperative,Yes,https://www.runestoneelectric.com/energy-wise-programs/heating-cooling/,Yes,https://www.runestoneelectric.com/energy-wise-programs/heating-cooling/,Unknown,,Yes,https://www.runestoneelectric.com/my-account/rates,"GRE member. Off-Peak Heating/dual fuel program (400 hr/yr cap) confirmed; own rates page also lists an Interruptible rate schedule (400 hrs/yr, $54 fixed charge) for larger loads.",2026-09-09
16971,SHAKOPEE PUBLIC UTILITIES COMM,MN,18954,Shakopee Public Utilities,MISO,Municipal,No,http://shakopeeutilities.com/wp-content/uploads/2020/07/SPU_2020_ElectricRates_v2.pdf,Unknown,,No,http://shakopeeutilities.com/wp-content/uploads/2020/07/SPU_2020_ElectricRates_v2.pdf,Unknown,,"Checked own rate sheet: flat residential rate, plain (non-shifting) demand charges for commercial/industrial. 'Interruptible' service mentioned elsewhere is backup power for cogeneration/QF interconnection, not a curtailment/DR program.",2026-09-09
18019,STEARNS COOPERATIVE ELEC ASSN,MN,28073,Stearns Electric Association,MISO,Cooperative,Yes,https://www.stearnselectric.org/dual-fuel-offers-benefits-to-members-co-op-and-the-grid/,Yes,https://www.stearnselectric.org/we-work-for-you-energy-services/,Unknown,,Yes,https://greatriverenergy.com/transmission-and-delivery/demand-response/member-cooperative-load-management-programs/,GRE member.,2026-09-09
18047,STEELE-WASECA COOPERATIVE ELECTRIC,MN,11868,Steele-Waseca Cooperative Electric,MISO,Cooperative,Yes,https://swce.coop/energy-management,Yes,https://swce.coop/water-heaters,Unknown,,Yes,https://swce.coop/energy-management,"GRE member. Own 'Energy Management' page explicitly covers Dual Fuel, Curtailment, Interruptible, and Own Your Power options for members/businesses.",2026-09-09
1884,BENCO ELECTRIC COOPERATIVE,MN,19546,BENCO Electric Cooperative,MISO,Cooperative,Unknown,,Yes,https://www.benco.org/load-management-programs,Unknown,,Unknown,,Interruptible water heating (device control) confirmed; off-peak rate detail and G&T not independently confirmed during fast scan.,2026-09-09
19157,MIENERGY COOPERATIVE,MN,23377,MiEnergy Cooperative,MISO,Cooperative,Unknown,,Yes,https://mienergy.coop/energy-management,Unknown,,Unknown,,Energy management/load control page confirmed; off-peak rate detail and G&T (straddles MN/IA) not independently confirmed during fast scan.,2026-09-09
20639,"WILD RICE ELECTRIC COOP, INC",MN,14632,Wild Rice Electric Cooperative,MISO,Cooperative,Yes,https://www.wildriceelectric.com/money-saving-programs/off-peak-heating-program,Yes,https://www.wildriceelectric.com/money-saving-programs/load-management,Unknown,,Yes,https://www.minnkota.com/our-programs/demand-response,Minnkota Power Cooperative member (confirmed on own site); off-peak heat switching controlled remotely from Minnkota's Grand Forks office.,2026-09-09
20996,WRIGHT-HENNEPIN COOP ELEC ASSN,MN,58039,Wright-Hennepin Cooperative Electric Association,MISO,Cooperative,Yes,https://www.whe.org/demand-management,Yes,https://www.whe.org/demand-management,Unknown,,Yes,https://greatriverenergy.com/transmission-and-delivery/demand-response/member-cooperative-load-management-programs/,GRE member; also references Basin Electric/MISO as wholesale partners.,2026-09-09
25177,DAKOTA ELECTRIC ASSOCIATION,MN,113730,Dakota Electric Association,MISO,Cooperative,Yes,https://www.dakotaelectric.com/wp-content/uploads/2021/10/Electric-Vehicle-Packet.pdf,Yes,https://www.dakotaelectric.com/member-services/programs-rebates/for-your-home/energy-wise-load-management/,No,,No,,,2026-08-08
295,CITY OF ALEXANDRIA - (MN),MN,10514,Alexandria Light & Power (ALP Utilities),MISO,Municipal,Yes,https://www.alputilities.com/Residential,Yes,https://www.alputilities.com/Residential,Unknown,,Unknown,,Minnesota Municipal Power Agency member per MN utility data book. Own site confirms residential load management program (water heating/AC) designed to lower peak demand. An older EERE fact sheet references a separate C&I Interruptible Load Program; not independently confirmed as still active.,2026-09-09
3400,CITY OF CHASKA - (MN),MN,11000,City of Chaska Electric Department,MISO,Municipal,Yes,https://www.chaskamn.gov/Electric-Rates,Unknown,,Unknown,,Unknown,,"On-peak (M-F 7am-7pm)/off-peak residential rate periods confirmed on own site. 'Interruptible power' language found elsewhere is for cogeneration/DG interconnection service, not a curtailment/DR program.",2026-09-09
4577,CROW WING COOPERATIVE POWER & LIGHT COMP,MN,46779,Crow Wing Power,MISO,Cooperative,Yes,https://www.cwpower.com/home-heating,Yes,https://cwpower.com/load-control,Unknown,,Yes,https://greatriverenergy.com/transmission-and-delivery/demand-response/member-cooperative-load-management-programs/,GRE member. Off-Peak Heating program at 7.5 cents/kWh (2026); also EV off-peak/TOU rate.,2026-09-09
5574,EAST CENTRAL ENERGY,MN,64243,East Central Energy,MISO,Cooperative,Yes,https://www.eastcentralenergy.com/water-heating-rebates,Yes,https://www.eastcentralenergy.com/water-heating-rebates,Unknown,,Yes,https://greatriverenergy.com/transmission-and-delivery/demand-response/member-cooperative-load-management-programs/,Great River Energy (GRE) member. Interruptible water heating program (up to 8 hrs/day control) doubles as off-peak price signal.,2026-09-09
5773,CITY OF ELK RIVER,MN,12955,Elk River Municipal Utilities (ERMU),MISO,Municipal,Yes,https://www.ermumn.com/programs-rebates/residential-rebates/electric-vehicle-charger,No,https://www.ermumn.com/services/electric,No,https://www.ermumn.com/services/electric/rates-fee-schedule,No,https://www.ermumn.com/services/electric,Minnesota Municipal Power Agency (MMPA) member. Standard rates are flat/plain demand charges; only EV charger TOU rate found. Programs & Rebates listing shows no device-control DR or C&I interruptible program.,2026-09-09
6782,FREEBORN MOWER ELECTRIC COOPERATIVE,MN,21170,Freeborn-Mower Electric Cooperative,MISO,Cooperative,Unknown,,Yes,https://fmec.coop/water-heater-program,Unknown,,Unknown,,Water heater load-management program confirmed; off-peak rate detail and G&T not independently confirmed during fast scan.,2026-09-09
689,CONNEXUS ENERGY,MN,142316,Connexus Energy,MISO,Cooperative,Yes,https://www.connexusenergy.com/download_file/view/82b43e23-b577-44a9-9e10-614c04a9e826,Yes,https://www.connexusenergy.com/download_file/view/82b43e23-b577-44a9-9e10-614c04a9e826,Yes,https://nectarclimate.com/utilities/connexus-energy,No,,,2026-08-08
691,CITY OF ANOKA,MN,12813,Anoka Municipal Utility (AMU),MISO,Municipal,Yes,https://www.anokamn.gov/Clean-Energy-Choices,Unknown,,Unknown,,Unknown,,Residential EV Charger Time-of-Use program confirmed (off-peak 10pm-7am). No device-control DR or C&I curtailment program found during fast scan.,2026-09-09
9475,ITASCA-MANTRAP CO-OP ELECTRICAL ASSN,MN,12448,Itasca-Mantrap Electric Cooperative,MISO,Cooperative,Yes,https://www.itasca-mantrap.com/load-management-programs,Yes,https://www.itasca-mantrap.com/load-management-programs,Unknown,,Yes,https://greatriverenergy.com/transmission-and-delivery/demand-response/member-cooperative-load-management-programs/,"GRE member (own site links Energy Mix to greatriverenergy.com). Extensive ETS/off-peak heating, water heating, dual fuel and ASHP load-management rate options.",2026-09-09
10056,CITY OF KAUKAUNA,WI,15977,Kaukauna Utilities,MISO,Municipal,Yes,https://www.kaukaunautilities.com/services/start-stop-or-upgrade-service/,Unknown,,Unknown,,Yes,https://www.kaukaunautilities.com/business/pricing-options/,WPPI Energy member. Residential Time of Day rate option; Interruptible Load Credits and Market-Based Pricing Curtailable Option confirmed for C&I.,2026-09-09
108,ADAMS-COLUMBIA ELECTRIC COOP,WI,38812,Adams-Columbia Electric Cooperative,MISO,Cooperative,Yes,https://adamselectric.coop/member-services/energyefficiencymembers/,Yes,https://adamselectric.coop/member-services/energyefficiencymembers/,Unknown,,Yes,https://dairylandpower.com/load-management,Dairyland Power service territory (inferred from region; not independently confirmed as a Dairyland member on ACEC's own site).,2026-09-09
11479,MADISON GAS & ELECTRIC CO,WI,163413,Madison Gas and Electric Co (MGE),MISO,IOU,Yes,https://www.mge.com/smart-energy/electric-vehicles/ev-programs/charge-ahead,No,,Yes,https://www.mge.com/my-account/rates/electric-rates/time-of-use,Yes,https://www.mge.com/MGE/media/MGE-Library/documents/rates-electric/e10-1-0-is3-20240326.pdf,,2026-08-08
11571,MANITOWOC PUBLIC UTILITIES,WI,18461,Manitowoc Public Utilities,MISO,Municipal,Unknown,,Unknown,,Unknown,,Yes,https://wppienergy.org/program-type/business,"Confirmed WPPI Energy member (wppienergy.org member recognition article). WPPI's Market-Based Pricing Curtailable Option is generally available to C&I customers of WPPI member utilities, but not independently confirmed on MPU's own site (Rates page only links to PSC-WI tariff portal).",2026-09-09
11740,CITY OF MARSHFIELD - (WI),WI,13975,Marshfield Utilities,MISO,Municipal,Yes,https://marshfieldutilities.org/bill-payment-information/electric-rates.php,Unknown,,Yes,https://marshfieldutilities.org/bill-payment-information/electric-rates.php,Unknown,,Own rate sheet confirms optional Time-of-Day rate (RG-1/GS-1/CP-1) and CP-2/CP-3 on-peak/off-peak energy pricing. No device-control or curtailable/interruptible program found.,2026-09-09
1251,BARRON ELECTRIC COOP,WI,19297,Barron Electric Cooperative,MISO,Cooperative,Unknown,,Yes,https://www.barronelectric.com/load-management,Unknown,,Yes,https://dairylandpower.com/load-management,Dairyland Power member.,2026-09-09
13815,NORTHWESTERN WISCONSIN ELEC CO,WI,14913,Northwestern Wisconsin Electric Company (NWECO),MISO,IOU,Yes,https://www.nweco.com/residential.html,Unknown,,Yes,https://www.nweco.com/commercial.html,Unknown,,"NWECO is an IOU affiliated with WEC Energy Group/We Energies, not a cooperative. Confirmed Urban Residential Time-of-Day rate and General Service/Large Power Time of Day rate (CG-1, >200kW).",2026-09-09
13936,OAKDALE ELECTRIC COOP,WI,18489,Oakdale Electric Cooperative,MISO,Cooperative,Yes,https://oakdalerec.coop/load-management,Yes,https://oakdalerec.coop/load-management,Unknown,,Yes,https://dairylandpower.com/load-management,Dairyland Power member.,2026-09-09
13963,OCONOMOWOC UTILITIES,WI,10641,Oconomowoc Utilities,MISO,Municipal,Yes,https://www.oconomowoc-wi.gov/,Unknown,,Unknown,,Yes,https://wppienergy.org/program-type/business,WPPI Energy member (120+ year member per WPPI). Own Electric Utility Rate Summary confirms optional Time of Use rates. Curtailable option is WPPI's standard business program; not independently confirmed on Oconomowoc's own site.,2026-09-09
13964,OCONTO ELECTRIC COOPERATIVE,WI,10223,Oconto Electric Cooperative,MISO,Cooperative,Yes,https://www.ocontoelectric.com/oecs-dual-fuel-program,Yes,https://www.ocontoelectric.com/understanding-load-management,Unknown,,Unknown,,"G&T/wholesale supplier not independently confirmed during fast scan (northeast Wisconsin). Own site has AC, Water Heater and Dual Fuel load-management program pages.",2026-09-09
15344,POLK-BURNETT ELECTRIC COOP,WI,21606,Polk-Burnett Electric Cooperative,MISO,Cooperative,Yes,https://www.polkburnett.com/peak,Yes,https://www.polkburnett.com/load-management,Unknown,,Yes,https://dairylandpower.com/load-management,Dairyland Power member.,2026-09-09
16060,RIVERLAND ENERGY COOPERATIVE,WI,19061,Riverland Energy Cooperative,MISO,Cooperative,Unknown,,Yes,https://www.riverlandenergy.com/load-management,Unknown,,Yes,https://dairylandpower.com/load-management,Dairyland Power member.,2026-09-09
16196,ROCK ENERGY COOPERATIVE,WI,18081,Rock Energy Cooperative,MISO,Cooperative,No,https://www.rock.coop/rate-information,Unknown,,Unknown,,Yes,https://www.rock.coop/energy-information-services,"Own rate-information page shows only Peak Saver (coincident demand charge for DG customers), not a general residential off-peak/TOU rate. C&I side has an interruptible schedule/EIS-PADRe program. G&T membership not confirmed.",2026-09-09
16740,SCENIC RIVERS ENERGY COOP,WI,14422,Scenic Rivers Energy Cooperative,MISO,Cooperative,Yes,https://www.sre.coop/load-management,Yes,https://www.sre.coop/load-management,Unknown,,Yes,https://dairylandpower.com/load-management,"Dairyland Power Cooperative member (active MISO member). Load Management covers water heaters, AC, geothermal and thermal storage/off-peak electric heat.",2026-09-09
17868,ST CROIX ELECTRIC COOP,WI,11562,St. Croix Electric Cooperative,MISO,Cooperative,Yes,https://www.scec.coop/load-management,Yes,https://www.scec.coop/load-management,Unknown,,Unknown,,Own domain is scec.coop (stcroixelectric.com is an unrelated for-sale domain). Daily Energy Storage (water heater/thermal mass/EV) and Summer Shift programs; metered load management rates 37 & 38.,2026-09-09
18312,SUN PRAIRIE UTILITIES,WI,17383,Sun Prairie Utilities,MISO,Municipal,Yes,https://www.sunprairieutilities.com/electric-rates,No,https://www.sunprairieutilities.com/smart-thermostat-rebate,Yes,https://www.sunprairieutilities.com/electric-rates,Yes,https://www.sunprairieutilities.com/interruptible-load-credits,WPPI Energy member. Residential RG2 time-of-day rate and business TOU rate plan confirmed. Smart thermostat program is rebate-only (no utility control).,2026-09-09
18336,SUPERIOR WATER AND LIGHT CO,WI,15242,Superior Water Light & Power Co (ALLETE),MISO,IOU,Yes,https://www.swlp.com/CustomerService/ElectricRatesExtensionRules,Yes,https://www.swlp.com/CustomerService/ElectricRatesExtensionRules,Yes,https://www.swlp.com/CustomerService/ElectricRatesExtensionRules,No,,,2026-08-08
19813,VERNON ELECTRIC COOP,WI,11449,Vernon Electric Cooperative,MISO,Cooperative,Yes,https://www.vernonelectric.org/peak-heatingev-charging,Yes,https://www.vernonelectric.org/dual-fuel,Unknown,,Yes,https://dairylandpower.com/load-management,"Dairyland Power member (Load Control Status links to xso.dairylandpower.coop). Off-peak heating/EV charging, dual fuel and storage heat programs confirmed.",2026-09-09
20847,WISCONSIN ELECTRIC POWER CO,WI,1148141,Wisconsin Electric Power Co (We Energies),MISO,IOU,Yes,https://www.we-energies.com/services/electric-vehicles/ev-charger-pilot,Yes,https://www.we-energies.com/services/smart-thermostat-rewards-program,Yes,https://www.we-energies.com/olb/25/2025-01-we-electric-rates.pdf,Yes,https://www.we-energies.com/olb/25/2025-01-we-electric-rates.pdf,,2026-08-08
20856,WISCONSIN POWER & LIGHT CO,WI,492811,Wisconsin Power & Light Co (Alliant Energy),MISO,IOU,Yes,https://www.alliantenergy.com/ways-to-save/smart-hours/wisconsin,Yes,https://www.alliantenergy.com/ways-to-save/smart-hours/wisconsin,No,,Yes,https://www.alliantenergy.com/ways-to-save/interruptible-program/wisconsin-electric,,2026-08-08
20860,WISCONSIN PUBLIC SERVICE CORP,WI,458948,Wisconsin Public Service Corp (WPS),MISO,IOU,Yes,https://www.wisconsinpublicservice.com/services/electric-vehicles/ev-charger-pilot,No,,No,,Yes,https://www.wisconsinpublicservice.com/company/wi_tariffs/CPI2.pdf,,2026-08-08
20862,WISCONSIN RAPIDS W W & L COMM,WI,14453,Wisconsin Rapids Water Works & Lighting Commission,MISO,Municipal,Unknown,,Unknown,,Unknown,,Unknown,,Own Rates & Tariffs page only links out to the PSC of Wisconsin tariff portal; no program specifics found within fast-scan budget.,2026-09-09
4715,DAHLBERG LIGHT & POWER CO,WI,12065,Dahlberg Light & Power Company,MISO,IOU,Yes,https://dahlberglightandpower.com/,Unknown,,Unknown,,Unknown,,Small IOU serving parts of Douglas/Bayfield/Ashland counties WI. Off-peak rate ($0.0792/kWh) found in a 2013 PSC filing on own site; current device-control status not independently confirmed. Explicitly does not offer an EV tariff (per cheqbayrenewables.org).,2026-09-09
5417,DUNN COUNTY ELECTRIC COOP,WI,10372,Dunn Energy Cooperative,MISO,Cooperative,Yes,https://www.dunnenergy.com/load-management,Yes,https://www.dunnenergy.com/load-management,Unknown,,Yes,https://www.dunnenergy.com/load-management,"HIFLD name 'Dunn County Electric Coop' corresponds to Dunn Energy Cooperative (dunnenergy.com), a Dairyland Power member. Own site has separate residential and commercial/ag load control status pages (Dual Fuel, water heater, A/C).",2026-09-09
5632,EAU CLAIRE ELECTRIC COOP,WI,12155,Eau Claire Energy Cooperative,MISO,Cooperative,Yes,https://www.ecec.com/energy-programs/electric_vehicle,Yes,https://www.ecec.com/energy-programs/water_heater,Unknown,,Unknown,,"HIFLD name 'Eau Claire Electric Coop' corresponds to Eau Claire Energy Cooperative (ecec.com). Off-peak EV rate, Peak Alert Rate Schedule C, water heater and AC load management confirmed.",2026-09-09
60631,UPPER MICHIGAN ENERGY RESOURCES CORP.,WI,37143,Upper Michigan Energy Resources (UMERC),MISO,IOU,Yes,https://www.uppermichiganenergy.com/rates/umerc-electric-rates.pdf,No,,No,,Yes,https://www.uppermichiganenergy.com/rates/umerc-electric-rates.pdf,,2026-08-08
11053,LINN COUNTY REC,IA,32965,Linn County Rural Electric Cooperative,MISO,Cooperative,Unknown,,Unknown,,Unknown,,Unknown,,"Eastern Iowa (Cedar Rapids area) co-op; G&T is likely Central Iowa Power Cooperative (CIPCO), MISO, per regional pattern -- not individually confirmed. Utility's own website did not yield usable content in the time available.",2026-09-09
12341,MIDAMERICAN ENERGY CO,IA,810356,MidAmerican Energy Company,MISO,IOU,Yes,https://www.midamericanenergy.com/time-of-use-rates,Yes,https://www.midamericanenergy.com/summersaver,Yes,https://www.midamericanenergy.com/time-of-use-rates,Yes,https://www.midamericanenergy.com/curtailment,,2026-08-08
12450,MIDLAND POWER COOP,IA,12304,Midland Power Cooperative,MISO,Cooperative,No,https://www.midlandpower.coop/,No,https://www.midlandpower.coop/member-services/,Unknown,,Unknown,,"Central Iowa co-op (Boone); G&T likely Corn Belt Power Cooperative, MISO. Full site navigation reviewed (Member Services, Energy Efficiency, My Account) -- only Marathon Water Heater (rebate, not utility-controlled) and Green Pricing programs found; no rate-schedule page, no TOU, no load-control/DR program visible in nav. Did not check C&I-specific pages.",2026-09-09
12642,MAQUOKETA VALLEY RRL ELEC COOP,IA,16784,Maquoketa Valley Rural Electric Cooperative,MISO,Cooperative,Unknown,,Unknown,,Unknown,,Unknown,,"Eastern Iowa co-op (Anamosa); G&T likely Central Iowa Power Cooperative (CIPCO), MISO, per regional pattern -- not individually confirmed. Did not have time to review this co-op's own site.",2026-09-09
13143,BOARD OF WATER ELECTRIC & COMMUNICATIONS,IA,11705,"Muscatine Power & Water (Board of Water, Electric & Communications)",MISO,Municipal,Unknown,,Unknown,,Unknown,,Unknown,,"Muscatine, Iowa municipal utility with own generation, MISO. Did not have time to review this utility's own rate/DR pages in this pass.",2026-09-09
17260,NORTH WEST RURAL ELECTRIC COOP,IA,10223,North West Rural Electric Cooperative,MISO,Cooperative,Unknown,,Unknown,,Unknown,,Unknown,,"Northwest Iowa co-op; G&T likely Northwest Iowa Power Cooperative (NIPCO), MISO, per regional pattern -- not individually confirmed. Did not have time to review this co-op's own site.",2026-09-09
3203,CEDAR FALLS UTILITIES,IA,19997,Cedar Falls Utilities,MISO,Municipal,Unknown,,Unknown,,Unknown,,Unknown,,Municipal utility with own generation; participates directly in MISO. Utility's own website did not yield usable content in the time available (JS-rendered/blocked fetch) -- no cells verified.,2026-09-09
554,CITY OF AMES - (IA),IA,27950,Ames Electric Services (City of Ames),MISO,Municipal,Yes,https://www.cityofames.org/My-Government/Departments/Electric-Department/Electric-Rates,Unknown,,Unknown,,Unknown,,,2026-08-08
5605,EASTERN IOWA LIGHT & POWER COOP,IA,23968,Eastern Iowa Light & Power Cooperative,MISO,Cooperative,Unknown,,Unknown,,Unknown,,Unknown,,"Likely G&T is Central Iowa Power Cooperative (CIPCO), MISO (per cluster pattern for eastern Iowa co-ops), but not individually confirmed. Utility's own website did not load usable content in the time available; no cells verified.",2026-09-09
9417,INTERSTATE POWER AND LIGHT CO,IA,499378,Interstate Power and Light Company (Alliant Energy),MISO,IOU,Yes,https://www.alliantenergysmarthours.com/assets/terms-and-conditions/alliant/Alliant_Smart_Hours_Terms_And_Conditions.pdf,Yes,https://www.alliantenergy.com/ways-to-save/appliance-cycling,No,,Yes,https://www.alliantenergy.com/-/media/alliant/documents/accountandbilling/ratesandtariffs/iowaelectricrates/riderintservinterruptibleserviceoption.pdf,,2026-08-08
9425,IOWA LAKES ELECTRIC COOP,IA,13081,Iowa Lakes Electric Cooperative,MISO,Cooperative,Unknown,,Unknown,,Unknown,,Unknown,,"Northwest Iowa co-op (Estherville); G&T likely Corn Belt Power Cooperative, MISO, per regional pattern -- not individually confirmed. Utility's own website did not yield usable content in the time available.",2026-09-09
12395,MENARD ELECTRIC COOP,IL,10970,Menard Electric Cooperative,MISO,Cooperative,Unknown,,Unknown,,Unknown,,Unknown,,"G&T is Prairie Power, Inc. (PPI), MISO. PPI member co-ops commonly offer interruptible/electric-heat/controlled-appliance/dual-fuel/grain-drying and time-of-day rate schedules per PPI's own program description, but did not confirm which specific schedules Menard itself currently offers in the time available.",2026-09-09
13208,CITY OF NAPERVILLE - (IL),IL,62100,City of Naperville Electric Utility,PJM,Municipal,Unknown,,Unknown,,Unknown,,Unknown,,Northern IL municipal (ComEd/PJM area); commonly associated with IMEA for wholesale power. Did not have time to verify Naperville's own rate/DR pages in this pass.,2026-09-09
1325,CITY OF BATAVIA - (IL),IL,11194,City of Batavia Electric Utility,PJM,Municipal,Unknown,,Unknown,,Unknown,,Unknown,,"Northern IL municipal, ComEd/PJM area; buys wholesale through Illinois Municipal Electric Agency (IMEA) per known IMEA membership roster. Did not have time to verify the city's own rate/DR pages in this pass.",2026-09-09
13292,NORRIS ELECTRIC COOP,IL,20210,Norris Electric Cooperative,MISO,Cooperative,Unknown,,Unknown,,Unknown,,Unknown,,"Selected Dairyland Power Cooperative as new wholesale power supplier starting June 1, 2026 (previously a different supplier) -- rto set to MISO per Dairyland pattern, Low confidence since the switch is very recent and Norris's own program lineup may not reflect Dairyland's typical load-control offerings yet. Own site (norriselectric.com) rates page did not yield content in the time available.",2026-09-09
17585,"SOUTHEASTERN IL ELEC COOP, INC",IL,24907,SouthEastern Illinois Electric Cooperative,MISO,Cooperative,Unknown,,No,https://seiec.com/marathon-water-heaters/,Unknown,,Unknown,,"G&T is Southern Illinois Power Cooperative (SIPC), MISO. Full site nav reviewed: only a 'Water Heaters' (Marathon brand rebate, not utility-controlled) page found under Member Services; no rate-schedule page, no Peak Power Rewards page (that SIPC-run program was confirmed at fellow SIPC member Egyptian Electric, but not found on SEIEC's own site in the time available).",2026-09-09
17631,SOUTHERN ILLINOIS ELEC COOP,IL,11212,Southern Illinois Electric Cooperative (Dongola),MISO,Cooperative,Unknown,,Unknown,,Unknown,,Unknown,,"G&T is Southern Illinois Power Cooperative (SIPC), MISO -- one of SIPC's three original 1948 founding members (with Egyptian and SouthEastern). Did not have time to review this co-op's own rate/program pages in this pass.",2026-09-09
17697,SOUTHWESTERN ELECTRIC COOP INC - (IL),IL,24007,Southwestern Electric Cooperative,MISO,Cooperative,No,https://www.sweci.com/electric-rates,No,https://www.sweci.com/electric-rates,Yes,https://www.sweci.com/electric-rates,Unknown,,"G&T is Southern Illinois Power Cooperative (SIPC), MISO. Full rate page reviewed: Rate 1 residential flat, Rate 5 electric heat (seasonal, not daily TOU), Rate 17 farm flat -- no residential TOU/CPP or device-control program found. Rate 13 Grain Drying rate has explicit on-peak(summer)/off-peak seasonal pricing designed to shift load = ci_habit Yes. No interruptible/curtailable rider found for larger C&I (Rate 308).",2026-09-09
17828,CITY OF SPRINGFIELD - (IL),IL,71917,City Water Light and Power (Springfield),MISO,Municipal,Unknown,,Unknown,,Unknown,,Unknown,,Municipal utility with own generation (Dallman coal + peakers); operates as a local balancing authority within MISO. Not an IMEA member (self-generating). Did not have time to review CWLP's own rate schedules/DR programs in this pass.,2026-09-09
17860,CITY OF ST CHARLES - (IL),IL,16266,City of St. Charles Electric Utility,PJM,Municipal,Unknown,,Unknown,,Unknown,,Unknown,,"Northern IL municipal, ComEd/PJM area; buys wholesale through Illinois Municipal Electric Agency (IMEA) per known IMEA membership roster. Did not have time to verify the city's own rate/DR pages in this pass.",2026-09-09
18955,"TRI-COUNTY ELECTRIC COOP, INC (IL)",IL,16561,"Tri-County Electric Cooperative (Mt. Vernon, IL)",MISO,Cooperative,Unknown,,Unknown,,Unknown,,Unknown,,"G&T is Southern Illinois Power Cooperative (SIPC), MISO. Did not have time to review this co-op's own rate/program pages in this pass.",2026-09-09
20222,WAYNE-WHITE COUNTIES ELEC COOP,IL,13684,Wayne-White Counties Electric Cooperative,MISO,Cooperative,Unknown,,Unknown,,Unknown,,Unknown,,"G&T is Hoosier Energy (Bloomington, IN), MISO. Hoosier Energy's DSM portfolio includes an 'Energy Management Switch' program system-wide, suggesting member co-ops may offer residential load-control switches, but did not confirm Wayne-White specifically offers/participates in it in the time available.",2026-09-09
4110,COMMONWEALTH EDISON CO,IL,4111175,Commonwealth Edison Company (ComEd),PJM,IOU,Yes,https://www.comed.com/WaysToSave/ForYourHome/Pages/PeakTimeSavings.aspx,Yes,https://icc.illinois.gov/downloads/public/filing/4/399541.pdf,No,,Yes,https://olivineinc.com/project/commonwealth-edisons-c-i-vlr-program/,,2026-08-08
4362,CORN BELT ENERGY CORPORATION,IL,36807,Corn Belt Energy Corporation,MISO,Cooperative,No,https://cornbeltenergy.com/rates/,Yes,https://cornbeltenergy.com/programs-services/rate-11-load-control-program/,Unknown,,Unknown,,"G&T is Wabash Valley Power Alliance (central IL, MISO). Rate 11 whole-home Load Control Program confirmed (residential dispatch, opt-in interruption for discount, June-Sept). Electric Heat Rate (Rate 10/19) is a flat seasonal off-peak-season rate, not a daily TOU/CPP design, so not counted as res_habit. Did not confirm a C&I TOU or interruptible/curtailable rider (site's Commercial section is 'coming soon').",2026-09-09
5535,EGYPTIAN ELECTRIC COOP ASSN,IL,15378,Egyptian Electric Cooperative Association,MISO,Cooperative,Yes,https://eeca.coop/wp-content/uploads/2025/12/SCHEDULE-A-2-2026.pdf,No,https://eeca.coop/ppr/,Unknown,,Unknown,,"G&T is Southern Illinois Power Cooperative (SIPC), MISO. Schedule A-2 'Residential Demand & TOU' confirms res_habit. SIPC-run 'Peak Power Rewards' (PPR) is a voluntary peak-time-rebate program (bill credit for reducing usage during SIPC-called events) -- explicitly does NOT control any customer devices, so counted toward res_habit-style price signal, not res_dispatch. No residential device-control/dispatch program found. Did not confirm C&I (LP-1/LP-2/LP-3) TOU or interruptible rider in time available.",2026-09-09
5585,EASTERN ILLINOIS ELEC COOP,IL,13526,Eastern Illinois Electric Cooperative,MISO,Cooperative,Unknown,,Unknown,,Unknown,,Unknown,,"G&T is Hoosier Energy (Bloomington, IN), MISO. Same Hoosier Energy Management Switch DSM program note as Wayne-White applies; not individually confirmed for this co-op in the time available.",2026-09-09
7096,CITY OF GENEVA- (IL),IL,10456,City of Geneva Electric Utility,PJM,Municipal,Unknown,,Unknown,,Unknown,,Unknown,,"Northern IL municipal, ComEd/PJM area; buys wholesale through Illinois Municipal Electric Agency (IMEA) per known IMEA membership roster. Did not have time to verify the city's own rate/DR pages in this pass.",2026-09-09
9209,ILLINOIS RURAL ELECTRIC COOP,IL,10306,Illinois Rural Electric Cooperative,MISO,Cooperative,Unknown,,Unknown,,Unknown,,Unknown,,"G&T is Prairie Power, Inc. (PPI), MISO. Same PPI program-menu note as Menard Electric applies; not individually confirmed for this co-op in the time available.",2026-09-09
9750,"JO-CARROLL ENERGY, INC",IL,20359,Jo-Carroll Energy,PJM,Cooperative,Unknown,,Yes,https://jcecoop.com/load-control,Unknown,,Unknown,,"Northern IL (near Galena), in PJM. Power supplied by Dairyland Power Cooperative and Prairie Power Inc. Dairyland-run residential load-control-receiver program on eligible appliances confirmed (res_dispatch). Did not confirm a residential TOU rate or any C&I program in the time available.",2026-09-09
10448,KOSCIUSKO COUNTY RURAL E M C,IN,18700,Kosciusko REMC,MISO,Cooperative,Unknown,,Yes,https://www.wvpa.com/summer-enrollment/,Unknown,,Unknown,,Wabash Valley Power Alliance member co-op; WVPA PowerShift dispatch program (collaborates with ~19 of 21 members) cited for res_dispatch though this member's individual participation not separately confirmed; rate design and C&I dispatch not individually verified,2026-09-24
11142,CITY OF LOGANSPORT - (IN),IN,12808,Logansport Municipal Utilities,MISO,Municipal,Unknown,,Unknown,,Unknown,,Yes,https://iurc.portal.in.gov/_entity/sharepointdocumentlocation/430b285e-9284-e611-8124-1458d04ea8b8/bb9c6bba-fd52-45ad-8e64-a444aef13c39?file=20120629100909442.pdf,"IMPA member municipal; IMPA administers retail Interruptible Rate/DR riders for members, cited for ci_dispatch; residential rate design/dispatch not individually verified; rto inferred from IMPA's MISO-majority footprint (not individually confirmed for this member)",2026-09-24
12674,CITY OF MISHAWAKA,IN,28613,Mishawaka Utilities,PJM,Municipal,Unknown,,Unknown,,Unknown,,Yes,https://iurc.portal.in.gov/_entity/sharepointdocumentlocation/430b285e-9284-e611-8124-1458d04ea8b8/bb9c6bba-fd52-45ad-8e64-a444aef13c39?file=20120629100909442.pdf,IMPA member; served via AEP Indiana Michigan Power transmission territory which is in PJM (unlike most of Indiana which is MISO); IMPA interruptible/DR rider cited for ci_dispatch; residential/dispatch cells not individually checked,2026-09-24
1283,BARTHOLOMEW COUNTY RURAL E M C,IN,11984,Bartholomew County REMC,MISO,Cooperative,Unknown,https://www.bcremc.com/member-services/rates/,Unknown,,Unknown,,Yes,https://www.hoosierenergy.com/news-resources/lmr-participants-called-into-action-for-the-first-time/,"Hoosier Energy member co-op (G&T, MISO); Hoosier LMR/CPMP C&I curtailment program cited for ci_dispatch; residential/C&I rate design and residential dispatch not individually verified on this co-op's own site within search budget; own rates page exists but TOU/RTP presence not confirmed in available content",2026-09-24
12929,SOUTH CENTRAL INDIANA REMC,IN,34769,South Central Indiana REMC,MISO,Cooperative,Yes,https://www.sciremc.com/member-services/rates/,Unknown,,Unknown,,Yes,https://www.hoosierenergy.com/news-resources/lmr-participants-called-into-action-for-the-first-time/,Hoosier Energy member (G&T); own site confirms TOU rate and water-heater rebate program; Hoosier Energy LMR/CPMP C&I curtailment program cited for ci_dispatch; res_dispatch (device control) not individually confirmed,2026-09-24
13647,NOBLE COUNTY R E M C,IN,11575,Noble REMC,MISO,Cooperative,Unknown,,Yes,https://www.wvpa.com/summer-enrollment/,Unknown,,Unknown,,Wabash Valley Power Alliance member co-op; WVPA PowerShift dispatch program (collaborates with ~19 of 21 members) cited for res_dispatch though this member's individual participation not separately confirmed; rate design and C&I dispatch not individually verified,2026-09-24
13756,NORTHERN INDIANA PUB SERV CO,IN,485959,Northern Indiana Public Service Co (NIPSCO),MISO,IOU,No,,No,,Yes,https://www.nipsco.com/docs/librariesprovider11/rates-and-tariffs/electric-rates/2020-current-rates/table-of-contents/832.pdf,Yes,https://www.nipsco.com/docs/librariesprovider11/rates-and-tariffs/electric-rates/current-rates/table-of-contents/rider-775.pdf,,2026-08-08
14471,PARKE COUNTY RURAL E M C,IN,12497,Parke County REMC,MISO,Cooperative,Unknown,,Yes,https://www.wvpa.com/summer-enrollment/,Unknown,,Unknown,,Wabash Valley Power Alliance member co-op; WVPA PowerShift dispatch program (collaborates with ~19 of 21 members) cited for res_dispatch though this member's individual participation not separately confirmed; rate design and C&I dispatch not individually verified,2026-09-24
14839,CITY OF PERU - (IN),IN,10466,Peru Public Utilities,MISO,Municipal,Unknown,,Unknown,,Unknown,,Yes,https://iurc.portal.in.gov/_entity/sharepointdocumentlocation/430b285e-9284-e611-8124-1458d04ea8b8/bb9c6bba-fd52-45ad-8e64-a444aef13c39?file=20120629100909442.pdf,"IMPA member municipal; IMPA administers retail Interruptible Rate/DR riders for members, cited for ci_dispatch; residential rate design/dispatch not individually verified; rto inferred from IMPA's MISO-majority footprint (not individually confirmed for this member)",2026-09-24
15470,"DUKE ENERGY INDIANA, LLC",IN,881328,Duke Energy Indiana,MISO,IOU,Yes,https://illumination.duke-energy.com/articles/how-duke-energy-manages-ev-charging-helps-customers-save,Yes,https://www.duke-energy.com/home/products/power-manager/smart-thermostat,Yes,https://www.duke-energy.com/business/billing/rates/new-2025-tou-rates-dei,Yes,https://www.in.gov/iurc/files/ord_46268_031826.pdf,,2026-08-08
15989,CITY OF RICHMOND - (IN),IN,21268,Richmond Power & Light,MISO,Municipal,Unknown,,Unknown,,Unknown,,Yes,https://iurc.portal.in.gov/_entity/sharepointdocumentlocation/430b285e-9284-e611-8124-1458d04ea8b8/bb9c6bba-fd52-45ad-8e64-a444aef13c39?file=20120629100909442.pdf,"IMPA member municipal; IMPA administers retail Interruptible Rate/DR riders for members, cited for ci_dispatch; residential rate design/dispatch not individually verified; rto inferred from IMPA's MISO-majority footprint (not individually confirmed for this member); RP&L also hosts IMPA-operated Whitewater Valley Generating Station on-site",2026-09-24
17038,RUSHSHELBY ENERGY,IN,14894,RushShelby Energy,MISO,Cooperative,Unknown,,Unknown,,Unknown,,Yes,https://www.hoosierenergy.com/news-resources/lmr-participants-called-into-action-for-the-first-time/,"Hoosier Energy member co-op (G&T, MISO); Hoosier LMR/CPMP C&I curtailment program cited for ci_dispatch; residential/C&I rate design and residential dispatch not individually verified on this co-op's own site within search budget",2026-09-24
17599,SOUTHEASTERN INDIANA R E M C,IN,28020,Southeastern Indiana REMC,MISO,Cooperative,Yes,https://www.seiremc.com/,Unknown,,Unknown,,Yes,https://www.hoosierenergy.com/news-resources/lmr-participants-called-into-action-for-the-first-time/,"Hoosier Energy member; own site confirms time-of-day rate ($0.29 on-peak/$0.11 off-peak); Hoosier Energy member co-op (G&T, MISO); Hoosier LMR/CPMP C&I curtailment program cited for ci_dispatch; residential/C&I rate design and residential dispatch not individually verified on this co-op's own site within search budget",2026-09-24
17633,SOUTHERN INDIANA GAS & ELEC CO,IN,151007,CenterPoint Energy Indiana South (formerly Vectren),MISO,IOU,Yes,https://www.in.gov/iurc/files/ord_46263_121025.pdf,Yes,https://www.centerpointenergy.com/en-us/residential/save-energy-money/saving-energy/smart-cycle?sa=in,No,,Yes,https://www.nacleanenergy.com/alternative-energies/centerpoint-energy-enel-launch-program-to-help-southwestern-indiana-businesses-earn-incentives-for-flexible-energy-use,,2026-08-08
18940,TIPMONT RURAL ELEC MEMBER CORP,IN,29290,Tipmont REMC,MISO,Cooperative,Unknown,,Unknown,,Unknown,,Unknown,,"Exited its all-requirements wholesale contract with Wabash Valley Power Alliance effective June 1, 2025 (purchases from WVPA stepping down to zero by 2032); now sources power independently on the open wholesale market rather than through WVPA's G&T programs, so the WVPA PowerShift/curtailment shortcut does not reliably apply; own site (tipmont.org) not individually checked for rate/program pages within search budget",2026-09-24
19667,UTILITIES DIST-WESTERN IN REMC,IN,19718,Utilities District of Western Indiana REMC,MISO,Cooperative,Yes,https://www.udwiremc.com/wp-content/uploads/2022/07/Schedules-R-TOU-R.pdf,Unknown,,Unknown,,Yes,https://www.hoosierenergy.com/news-resources/lmr-participants-called-into-action-for-the-first-time/,"Hoosier Energy member; own site publishes a 'Schedule TOU-R' residential time-of-use tariff. Hoosier Energy member co-op (G&T, MISO); Hoosier LMR/CPMP C&I curtailment program cited for ci_dispatch; residential/C&I rate design and residential dispatch not individually verified on this co-op's own site within search budget",2026-09-24
20216,WHITEWATER VALLEY RURAL EMC,IN,12135,Whitewater Valley REMC,MISO,Cooperative,Yes,https://www.wwvremc.com/rates/,Unknown,,Unknown,,Yes,https://www.hoosierenergy.com/news-resources/lmr-participants-called-into-action-for-the-first-time/,"Hoosier Energy member; own rates page confirms a Time of Use rate option among twelve rate categories. Hoosier Energy member co-op (G&T, MISO); Hoosier LMR/CPMP C&I curtailment program cited for ci_dispatch; residential/C&I rate design and residential dispatch not individually verified on this co-op's own site within search budget",2026-09-24
20603,NORTHEASTERN RURAL E M C,IN,31284,Northeastern REMC,PJM,Cooperative,No,https://nremc.com/rates/,Unknown,,No,https://nremc.com/rates/,Unknown,,Not a Hoosier or WVPA member; own rates page explicitly bills a 'PJM Cost' line item confirming PJM territory; rate schedules are flat energy/demand charges with no on-peak/off-peak differential,2026-09-24
22822,CLARK COUNTY RURAL E M C - (IN),IN,27248,Clark County REMC,MISO,Cooperative,Yes,https://www.clarkremc.coop/member-services/rates/,Unknown,,Unknown,,Yes,https://www.hoosierenergy.com/news-resources/lmr-participants-called-into-action-for-the-first-time/,"Hoosier Energy member; own site confirms TOU rate and TOU-EV rate; Hoosier Energy member co-op (G&T, MISO); Hoosier LMR/CPMP C&I curtailment program cited for ci_dispatch; residential/C&I rate design and residential dispatch not individually verified on this co-op's own site within search budget",2026-09-24
24753,BOONE COUNTY RURAL EMC,IN,17222,Boone Power (Boone REMC),MISO,Cooperative,Unknown,,Yes,https://www.wvpa.com/summer-enrollment/,Unknown,,Unknown,,Wabash Valley Power Alliance member co-op; WVPA PowerShift dispatch program (collaborates with ~19 of 21 members) cited for res_dispatch though this member's individual participation not separately confirmed; rate design and C&I dispatch not individually verified,2026-09-24
25295,WESTERN INDIANA ENERGY REMC,IN,17298,WIN Energy REMC,MISO,Cooperative,Unknown,,Unknown,,Unknown,,Yes,https://www.hoosierenergy.com/news-resources/lmr-participants-called-into-action-for-the-first-time/,"Hoosier Energy member co-op (G&T, MISO); Hoosier LMR/CPMP C&I curtailment program cited for ci_dispatch; residential/C&I rate design and residential dispatch not individually verified on this co-op's own site within search budget",2026-09-24
27599,CARROLL-WHITE REMC,IN,14970,Carroll White REMC,MISO,Cooperative,Unknown,,Yes,https://www.wvpa.com/summer-enrollment/,Unknown,,Unknown,,Wabash Valley Power Alliance member co-op; WVPA PowerShift dispatch program (collaborates with ~19 of 21 members) cited for res_dispatch though this member's individual participation not separately confirmed; rate design and C&I dispatch not individually verified,2026-09-24
4508,"CRAWFORDSVILLE ELEC, LGT & PWR",IN,10123,Crawfordsville Electric Light and Power,MISO,Municipal,Unknown,,Unknown,,Unknown,,Yes,https://iurc.portal.in.gov/_entity/sharepointdocumentlocation/430b285e-9284-e611-8124-1458d04ea8b8/bb9c6bba-fd52-45ad-8e64-a444aef13c39?file=20120629100909442.pdf,"IMPA member municipal; IMPA administers retail Interruptible Rate/DR riders for members, cited for ci_dispatch; residential rate design/dispatch not individually verified; rto inferred from IMPA's MISO-majority footprint (not individually confirmed for this member)",2026-09-24
5394,DUBOIS RURAL ELECTRIC COOP INC,IN,14250,Dubois REC,MISO,Cooperative,Unknown,https://www.duboisrec.com/rates/,Unknown,,Unknown,,Yes,https://www.hoosierenergy.com/news-resources/lmr-participants-called-into-action-for-the-first-time/,"Hoosier Energy member co-op (G&T, MISO); Hoosier LMR/CPMP C&I curtailment program cited for ci_dispatch; residential/C&I rate design and residential dispatch not individually verified on this co-op's own site within search budget; own rates page exists but TOU/RTP presence not confirmed in available content",2026-09-24
59505,HEARTLAND REMC,IN,18233,Heartland REMC,MISO,Cooperative,Unknown,,Yes,https://www.wvpa.com/summer-enrollment/,Unknown,,Unknown,,Wabash Valley Power Alliance member co-op; WVPA PowerShift dispatch program (collaborates with ~19 of 21 members) cited for res_dispatch though this member's individual participation not separately confirmed; rate design and C&I dispatch not individually verified; own site confirms POWER MOVES rebate program (water heater/heat pump rebates) but dispatch/device-control component not separately confirmed on Heartland's own site,2026-09-24
636,CITY OF ANDERSON - (IN),IN,34777,Anderson Municipal Light & Power,MISO,Municipal,Unknown,,Unknown,,Unknown,,Yes,https://iurc.portal.in.gov/_entity/sharepointdocumentlocation/430b285e-9284-e611-8124-1458d04ea8b8/bb9c6bba-fd52-45ad-8e64-a444aef13c39?file=20120629100909442.pdf,"IMPA member (sole wholesale supplier); IMPA administers retail Interruptible Rate/DR riders for members in MISO footprint; residential/dispatch cells not individually checked; rto inferred from IMPA MISO majority, not individually confirmed",2026-09-24
7627,CITY OF GREENFIELD - (IN),IN,12097,Greenfield Municipal Utilities,MISO,Municipal,Unknown,,Unknown,,Unknown,,Yes,https://iurc.portal.in.gov/_entity/sharepointdocumentlocation/430b285e-9284-e611-8124-1458d04ea8b8/bb9c6bba-fd52-45ad-8e64-a444aef13c39?file=20120629100909442.pdf,"IMPA member municipal; IMPA administers retail Interruptible Rate/DR riders for members, cited for ci_dispatch; residential rate design/dispatch not individually verified; rto inferred from IMPA's MISO-majority footprint (not individually confirmed for this member)",2026-09-24
8000,NINESTAR CONNECT,IN,17794,NineStar Connect,MISO,Cooperative,Yes,https://www.ninestarconnect.com/real-time-pricing/,Yes,https://www.wvpa.com/summer-enrollment/,Unknown,,Unknown,,WVPA member; own site confirms Real Time Pricing / Peak Time Savings residential rate. Wabash Valley Power Alliance member co-op; WVPA PowerShift dispatch program (collaborates with ~19 of 21 members) cited for res_dispatch though this member's individual participation not separately confirmed; rate design and C&I dispatch not individually verified,2026-09-24
8179,HARRISON COUNTY RURAL E M C,IN,24114,Harrison REMC,MISO,Cooperative,Unknown,https://www.harrisonremc.com/electric-rates/,Unknown,,Unknown,,Yes,https://www.hoosierenergy.com/news-resources/lmr-participants-called-into-action-for-the-first-time/,"Hoosier Energy member co-op (G&T, MISO); Hoosier LMR/CPMP C&I curtailment program cited for ci_dispatch; residential/C&I rate design and residential dispatch not individually verified on this co-op's own site within search budget; own rates page found but TOU/RTP presence not confirmed in available content",2026-09-24
8447,HENDRICKS COUNTY RURAL E M C,IN,36625,Hendricks Power Cooperative,MISO,Cooperative,Yes,https://hendrickspower.com/time-use-3,Yes,https://hendrickspower.com/pricing-energy-management,Unknown,,Unknown,,WVPA member (G&T); TOU-3 and TOU-6 residential rates confirmed on own site; PowerShift Wi-Fi thermostat dispatch program confirmed; C&I cells not individually checked,2026-09-24
9273,INDIANAPOLIS POWER & LIGHT CO,IN,519319,AES Indiana (formerly IPL),MISO,IOU,Yes,https://www.aesindiana.com/home-ev-charging-rewards,Yes,https://www.aesindiana.com/press-release/manage-heat-wave-ways-save-energy,Yes,https://www.aesindiana.com/sites/default/files/2021-05/Rate-OES-Off-Peak-Energy-Storage-Separately-Metered-50409-Effective-04-07-21.pdf,Yes,https://www.aesindiana.com/sites/default/files/2021-05/Rider-14-Interruptible-Power-50409-Effective-04-07-21.pdf,,2026-08-08
9324,INDIANA MICHIGAN POWER CO,IN,607710,Indiana Michigan Power - Michigan,MISO,IOU,Yes,https://www.indianamichiganpower.com/clean-energy/electric-cars/charge-at-home-michigan,No,,No,,Yes,https://www.utilitydive.com/news/how-indiana-michigan-power-helps-ci-customers-bring-their-flexibility-to-m/442891/,,2026-08-08
9576,JACKSON COUNTY RURAL E M C - (IN),IN,25098,Jackson County REMC,MISO,Cooperative,Unknown,,Yes,https://www.hoosierenergy.com/news-resources/jackson-county-remc-hoosier-energy-smart-thermostat-pilot-demonstrates-significant-opportunity-for-energy-cost-savings/,Unknown,,Unknown,,,2026-08-08
9778,JOHNSON COUNTY RURAL E M C,IN,30232,Johnson County REMC (JCREMC),MISO,Cooperative,Yes,https://jcremc.com/savings/time-of-use/,Unknown,,Unknown,,Unknown,,Entered new long-term supply agreement with Hoosier Energy in 2025 (no longer a full G&T member but remains a customer through 2045; also sources power elsewhere); own site confirms TOU-EV rate; continued participation in Hoosier's LMR/CPMP not confirmed post-restructuring,2026-09-24
9999,KANKAKEE VALLEY RURAL E M C,IN,21364,Kankakee Valley REMC,MISO,Cooperative,Yes,https://www.kvremc.com/my-account/time-of-use/,Yes,https://www.wvpa.com/summer-enrollment/,Unknown,,Unknown,,WVPA member; own site has a dedicated Time of Use page confirming res_habit. Wabash Valley Power Alliance member co-op; WVPA PowerShift dispatch program (collaborates with ~19 of 21 members) cited for res_dispatch though this member's individual participation not separately confirmed; rate design and C&I dispatch not individually verified,2026-09-24
10331,KINGSPORT POWER CO,OH,48820,Kingsport Power Company (AEP/Appalachian Power),PJM,IOU,Unknown,,Unknown,,Unknown,,Yes,https://www.appalachianpower.com/lib/docs/ratesandtariffs/Tennessee/KGPT_Tariff_3-FPPAR_Sept-1-2025.pdf,"HIFLD lists state as OH but Kingsport Power actually serves Kingsport, TN as part of AEP's Appalachian Power system; tariff shows Curtailment Service Rider/Demand Response Service-RTO Capacity for C&I; residential/TOU schedules not individually checked",2026-09-24
10668,LICKING RURAL ELECTRIC INC,OH,27116,Licking Rural Electric Inc (The Energy Cooperative),PJM,Cooperative,Unknown,,Yes,https://ohioec.org/about-buckeye-power,Unknown,,Unknown,,"Buckeye Power's published 24-member roster lists 'The Energy Cooperative' serving Licking County rather than 'Licking Rural Electric' by that exact name; treated as the same/successor entity but name match not independently confirmed. Buckeye Power member co-op (G&T, PJM); Buckeye-run residential load control cited for res_dispatch per G&T shortcut, though per-co-op enrollment/technology not individually confirmed; rate design and C&I dispatch not individually verified within search budget",2026-09-24
11200,"LORAIN-MEDINA R E C, INC",OH,16693,Lorain-Medina Rural Electric Cooperative,PJM,Cooperative,Unknown,,Yes,https://ohioec.org/about-buckeye-power,Unknown,,Unknown,,"Buckeye Power member co-op (G&T, PJM); Buckeye-run residential load control cited for res_dispatch per G&T shortcut, though per-co-op enrollment/technology not individually confirmed; rate design and C&I dispatch not individually verified within search budget",2026-09-24
12390,METROPOLITAN EDISON CO,OH,585024,Metropolitan Edison Co (Met-Ed),PJM,IOU,Unknown,,Unknown,,Yes,https://www.energychoicematters.com/stories/20250220c.html,Yes,https://www.firstenergycorp.com/save_energy/save_energy_pennsylvania/for_your_business_pa/firstenergy-s-pennsylvania-utilities-offer-demand-response-progr.html,,2026-08-08
12515,"MIDWEST ELECTRIC, INC",OH,11059,"Midwest Electric, Inc.",PJM,Cooperative,Unknown,,Yes,https://ohioec.org/about-buckeye-power,Unknown,,Unknown,,"Buckeye Power member co-op (G&T, PJM); Buckeye-run residential load control cited for res_dispatch per G&T shortcut, though per-co-op enrollment/technology not individually confirmed; rate design and C&I dispatch not individually verified within search budget",2026-09-24
12990,CONSOLIDATED COOPERATIVE,OH,18771,Consolidated Cooperative,PJM,Cooperative,Unknown,,Yes,https://ohioec.org/about-buckeye-power,Unknown,,Unknown,,"Buckeye Power member co-op (G&T, PJM); Buckeye-run residential load control cited for res_dispatch per G&T shortcut, though per-co-op enrollment/technology not individually confirmed; rate design and C&I dispatch not individually verified within search budget",2026-09-24
13602,CITY OF NILES - (OH),OH,13056,City of Niles Municipal Electric,PJM,Municipal,Unknown,,Yes,https://www.amppartners.org/sustainability/programs/community-energy-savings-smart-thermostat-program/,Unknown,,Unknown,,AMP member municipal (PJM/AEP Ohio-FirstEnergy footprint); AMP's Community Energy Savings Smart Thermostat Program cited for res_dispatch though this member's subscription not individually confirmed; rate design and C&I dispatch not individually verified,2026-09-24
13998,OHIO EDISON CO,OH,1065865,Ohio Edison Company,PJM,IOU,Yes,https://www.firstenergycorp.com/help/smart-meters/oh-smartmeter/time-varying-rate-option.html,Unknown,,Unknown,,Unknown,,,2026-08-08
14006,OHIO POWER CO,OH,1519059,Ohio Power Company (AEP Ohio),PJM,IOU,Yes,https://www.aepohio.com/clean-energy/electric-cars/plug-in-electric-vehicle-rate,Yes,https://www.occ.ohio.gov/content/aep-ohios-power-rewards-smart-thermostat-program,No,,Yes,https://www.aepohio.com/lib/docs/ratesandtariffs/Ohio/April_2026_AEP_Ohio_Tariff_Book.pdf,,2026-08-08
14381,CITY OF PAINESVILLE,OH,12660,City of Painesville Electric,PJM,Municipal,Unknown,,Yes,https://www.amppartners.org/sustainability/programs/community-energy-savings-smart-thermostat-program/,Unknown,,Unknown,,AMP member municipal (PJM/AEP Ohio-FirstEnergy footprint); AMP's Community Energy Savings Smart Thermostat Program cited for res_dispatch though this member's subscription not individually confirmed; rate design and C&I dispatch not individually verified,2026-09-24
14599,"PAULDING-PUTMAN ELEC COOP, INC",OH,13454,Paulding-Putnam Electric Cooperative,PJM,Cooperative,Unknown,,Yes,https://ohioec.org/about-buckeye-power,Unknown,,Unknown,,"Buckeye Power member co-op (G&T, PJM); Buckeye-run residential load control cited for res_dispatch per G&T shortcut, though per-co-op enrollment/technology not individually confirmed; rate design and C&I dispatch not individually verified within search budget",2026-09-24
14711,PENNSYLVANIA ELECTRIC CO,OH,588187,Pennsylvania Electric Co (Penelec),PJM,IOU,Unknown,,Unknown,,Yes,https://www.energychoicematters.com/stories/20250220c.html,Yes,https://www.firstenergycorp.com/save_energy/save_energy_pennsylvania/for_your_business_pa/firstenergy-s-pennsylvania-utilities-offer-demand-response-progr.html,,2026-08-08
14716,PENNSYLVANIA POWER CO,OH,170274,Pennsylvania Power Co,PJM,IOU,Unknown,,Unknown,,Yes,https://www.energychoicematters.com/stories/20250220c.html,Yes,https://www.firstenergycorp.com/save_energy/save_energy_pennsylvania/pennpower/for_your_business/commercial-industrial-demand-response.html,,2026-08-08
15054,"PIONEER RURAL ELEC COOP, INC - (OH)",OH,17068,Pioneer Electric Cooperative,PJM,Cooperative,Unknown,,Yes,https://pioneerec.com/member-programs/peak-load-management/,Unknown,,Unknown,,"Buckeye Power member co-op; own site's Member Programs/Peak Load Management page describes the Buckeye-run residential load control program directly. Buckeye Power member co-op (G&T, PJM); Buckeye-run residential load control cited for res_dispatch per G&T shortcut, though per-co-op enrollment/technology not individually confirmed; rate design and C&I dispatch not individually verified within search budget",2026-09-24
15095,CITY OF PIQUA - (OH),OH,10851,City of Piqua Power System,PJM,Municipal,Unknown,,Yes,https://www.amppartners.org/sustainability/programs/community-energy-savings-smart-thermostat-program/,Unknown,,Unknown,,AMP member municipal (PJM/AEP Ohio-FirstEnergy footprint); AMP's Community Energy Savings Smart Thermostat Program cited for res_dispatch though this member's subscription not individually confirmed; rate design and C&I dispatch not individually verified,2026-09-24
18085,SOUTH CENTRAL POWER COMPANY,OH,124742,South Central Power Company,PJM,Cooperative,No,https://www.southcentralpower.com/your-account/member-rates/,Unknown,,No,https://www.southcentralpower.com/your-account/member-rates/,Unknown,,Buckeye Power member (G&T); own rate schedules (R/SGS/MGS/LGS) show no TOU/RTP design; Buckeye residential load control not individually confirmed for this co-op,2026-09-24
18997,THE TOLEDO EDISON CO,OH,314502,Toledo Edison Company,PJM,IOU,Yes,https://www.firstenergycorp.com/help/smart-meters/oh-smartmeter/time-varying-rate-option.html,Unknown,,Unknown,,Unknown,,,2026-08-08
19501,"UNION RURAL ELECTRIC COOP, INC",OH,11423,Union Rural Electric Cooperative,PJM,Cooperative,Unknown,,Yes,https://ohioec.org/about-buckeye-power,Unknown,,Unknown,,"Buckeye Power member co-op (G&T, PJM); Buckeye-run residential load control cited for res_dispatch per G&T shortcut, though per-co-op enrollment/technology not individually confirmed; rate design and C&I dispatch not individually verified within search budget",2026-09-24
19951,CITY OF WADSWORTH - (OH),OH,13723,City of Wadsworth (Wadsworth Electric),PJM,Municipal,Unknown,,Yes,https://www.wadsworthcity.com/990/Thermostat-Rebate,Unknown,,Unknown,,,2026-08-08
20150,WASHINGTON ELECTRIC COOP - (OH),OH,10527,Washington Electric Cooperative,PJM,Cooperative,Unknown,,Yes,https://ohioec.org/about-buckeye-power,Unknown,,Unknown,,"Buckeye Power member co-op (G&T, PJM); Buckeye-run residential load control cited for res_dispatch per G&T shortcut, though per-co-op enrollment/technology not individually confirmed; rate design and C&I dispatch not individually verified within search budget",2026-09-24
20477,CITY OF WESTERVILLE - (OH),OH,17932,City of Westerville (Westerville Electric Division),PJM,Municipal,Yes,https://www.westerville.org/services/electric/programs/powerup-residential-ev-off-peak-charging-program,Yes,https://www.westerville.org/services/electric/programs/community-energy-savings-program,No,,Yes,https://www.westerville.org/services/electric/programs/community-energy-savings-program,,2026-08-08
20521,WHEELING POWER CO,OH,41558,Wheeling Power Co (AEP - West Virginia),PJM,IOU,Unknown,,Unknown,,Unknown,,Yes,https://www.appalachianpower.com/company/about/rates/wv,"HIFLD lists state as OH but Wheeling Power actually serves the Wheeling, WV area as part of AEP's Appalachian Power system; company-wide tariff includes Curtailment Service Rider/DR-RTO Capacity for C&I; WV-specific residential/TOU schedules not individually checked",2026-09-24
2054,CITY OF BOWLING GREEN - (OH),OH,14700,Bowling Green Municipal Utilities,PJM,Municipal,Unknown,,Yes,https://www.amppartners.org/sustainability/programs/community-energy-savings-smart-thermostat-program/,Unknown,,Unknown,,AMP member municipal (PJM/AEP Ohio-FirstEnergy footprint); AMP's Community Energy Savings Smart Thermostat Program cited for res_dispatch though this member's subscription not individually confirmed; rate design and C&I dispatch not individually verified,2026-09-24
22053,KENTUCKY POWER CO,OH,164184,Kentucky Power (AEP),PJM,IOU,Unknown,,Unknown,,Unknown,,Yes,https://www.piclo.com/organisations/kentucky-power,,2026-08-08
2502,"BUCKEYE RURAL ELEC COOP, INC",OH,18605,Buckeye Rural Electric Cooperative,PJM,Cooperative,Unknown,,Yes,https://ohioec.org/about-buckeye-power,Unknown,,Unknown,,"Buckeye Power member co-op (G&T, PJM); Buckeye-run residential load control cited for res_dispatch per G&T shortcut, though per-co-op enrollment/technology not individually confirmed; rate design and C&I dispatch not individually verified within search budget",2026-09-24
2651,BUTLER RURAL ELECTRIC COOP INC - (OH),OH,11723,Butler Rural Electric Cooperative,PJM,Cooperative,Unknown,,Yes,https://ohioec.org/about-buckeye-power,Unknown,,Unknown,,"Buckeye Power member co-op (G&T, PJM); Buckeye-run residential load control cited for res_dispatch per G&T shortcut, though per-co-op enrollment/technology not individually confirmed; rate design and C&I dispatch not individually verified within search budget",2026-09-24
3076,"CARROLL ELECTRIC COOP, INC - (OH)",OH,11996,Carroll Electric Cooperative,PJM,Cooperative,Unknown,,Yes,https://ohioec.org/about-buckeye-power,Unknown,,Unknown,,"Carroll Electric Cooperative exists in both AR and OH; this row is the Ohio entity per HIFLD state field. Buckeye Power member co-op (G&T, PJM); Buckeye-run residential load control cited for res_dispatch per G&T shortcut, though per-co-op enrollment/technology not individually confirmed; rate design and C&I dispatch not individually verified within search budget",2026-09-24
3542,DUKE ENERGY OHIO INC,OH,750370,Duke Energy Ohio,PJM,IOU,Yes,"https://puco.ohio.gov/static/empliibrary/files/docketing/tariffs/Electric/Duke%20Energy%20Ohio%20-%20Electric/PUCO%2019%20Schedules%20of%20Rates,%20Classifications,%20Rules%20andRegulations.pdf",Yes,"https://puco.ohio.gov/static/empliibrary/files/docketing/tariffs/Electric/Duke%20Energy%20Ohio%20-%20Electric/PUCO%2019%20Schedules%20of%20Rates,%20Classifications,%20Rules%20andRegulations.pdf",Yes,"https://puco.ohio.gov/static/empliibrary/files/docketing/tariffs/Electric/Duke%20Energy%20Ohio%20-%20Electric/PUCO%2019%20Schedules%20of%20Rates,%20Classifications,%20Rules%20andRegulations.pdf",Yes,"https://puco.ohio.gov/static/empliibrary/files/docketing/tariffs/Electric/Duke%20Energy%20Ohio%20-%20Electric/PUCO%2019%20Schedules%20of%20Rates,%20Classifications,%20Rules%20andRegulations.pdf",,2026-08-08
3755,CLEVELAND ELECTRIC ILLUM CO,OH,755417,The Cleveland Electric Illuminating Company,PJM,IOU,Yes,https://www.firstenergycorp.com/help/smart-meters/oh-smartmeter/time-varying-rate-option.html,Unknown,,Unknown,,Unknown,,,2026-08-08
3762,CITY OF CLEVELAND - (OH),OH,73645,Cleveland Public Power,PJM,Municipal,Unknown,,Unknown,,Yes,https://codelibrary.amlegal.com/codes/cleveland/latest/cleveland_oh/0-0-0-27273,Unknown,,,2026-08-08
4065,CITY OF COLUMBUS - (OH),OH,17453,"City of Columbus, Division of Power",PJM,Municipal,Unknown,,Unknown,,Unknown,,Unknown,,Large independent municipal electric utility (Columbus Division of Power); not an AMP member; in AEP Ohio/Columbus Southern Power PJM footprint; own site/tariff not individually checked within search budget,2026-09-24
4683,CITY OF CUYAHOGA FALLS - (OH),OH,26391,City of Cuyahoga Falls (Cuyahoga Falls Electric),PJM,Municipal,Unknown,,Unknown,,Yes,https://www.cityofcf.com/departments/electric/commercial-rates,Unknown,,,2026-08-08
4922,DAYTON POWER & LIGHT CO,OH,534482,AES Ohio (Dayton Power and Light Company),PJM,IOU,Yes,https://www.aes-ohio.com/evse-rebate-program,No,,Yes,https://www.aes-ohio.com/evse-rebate-program,No,,,2026-08-08
733,APPALACHIAN POWER CO,OH,963756,Appalachian Power Co (AEP - Virginia),PJM,IOU,Yes,https://www.appalachianpower.com/clean-energy/electric-cars/virginia-off-peak,No,,No,,No,,,2026-08-08
7891,GUERNSEY-MUSKINGUM EL COOP INC,OH,17107,Guernsey-Muskingum Electric Cooperative,PJM,Cooperative,Unknown,,Yes,https://ohioec.org/about-buckeye-power,Unknown,,Unknown,,"Buckeye Power member co-op (G&T, PJM); Buckeye-run residential load control cited for res_dispatch per G&T shortcut, though per-co-op enrollment/technology not individually confirmed; rate design and C&I dispatch not individually verified within search budget",2026-09-24
7977,CITY OF HAMILTON - (OH),OH,29601,City of Hamilton Municipal Utilities,PJM,Municipal,Unknown,,Yes,https://www.amppartners.org/sustainability/programs/community-energy-savings-smart-thermostat-program/,Unknown,,Unknown,,AMP member community (AEP Ohio/PJM footprint); AMP's Community Energy Savings Smart Thermostat Program is offered to subscribing AMP members - Hamilton's individual subscription not separately confirmed; rate schedules not individually checked,2026-09-24
8034,HANCOCK-WOOD ELECTRIC COOP INC,OH,13355,Hancock-Wood Electric Cooperative,PJM,Cooperative,Unknown,,Yes,https://ohioec.org/about-buckeye-power,Unknown,,Unknown,,"Buckeye Power member co-op (G&T, PJM); Buckeye-run residential load control cited for res_dispatch per G&T shortcut, though per-co-op enrollment/technology not individually confirmed; rate design and C&I dispatch not individually verified within search budget",2026-09-24
8761,HOLMES-WAYNE ELECTRIC COOP INC,OH,17778,Holmes-Wayne Electric Cooperative,PJM,Cooperative,Unknown,,Yes,https://ohioec.org/about-buckeye-power,Unknown,,Unknown,,"Buckeye Power member co-op (G&T, PJM); Buckeye-run residential load control cited for res_dispatch per G&T shortcut, though per-co-op enrollment/technology not individually confirmed; rate design and C&I dispatch not individually verified within search budget",2026-09-24
9726,JERSEY CENTRAL POWER & LT CO,OH,1155416,Jersey Central Power & Light Co (JCP&L),PJM,IOU,Yes,https://www.nj.gov/bpu/pdf/boardorders/2023/20230524/2E%20ORDER%20JCP%26L%20BGS%20EV%20TOU%20Tariff.pdf,Unknown,,Unknown,,Unknown,,,2026-08-08
10000,EVERGY METRO,MO,575300,Evergy Missouri Metro,SPP,IOU,Yes,https://www.evergy.com/-/media/media/evergy-web/landing/missouri-tou-rate-landing/mo-tou-rate-costs.pdf,Yes,https://www.evergy.com/-/media/documents/billing/missouri/detailed_tariffs_mo/mo-west/residential-time-of-use-three-period-010923.pdf,Unknown,,Unknown,,"Missouri PSC ordered mandatory default time-of-use for all Evergy MO residential customers (Metro & West); Residential Thermostat Program confirmed for MO West, assumed to extend to Metro (not separately verified); C&I cells not verified.",2026-09-24
10370,CITY OF KIRKWOOD - (MO),MO,10254,Kirkwood Electric,MISO,Municipal,Unknown,,Unknown,,Unknown,,Unknown,,Confirmed: Kirkwood Electric buys 40% of power from MISO bulk transmission market (60% from Prairie State). Program cells not verified within search budget.,2026-09-24
10603,"LACLEDE ELECTRIC COOP, INC",MO,38374,Laclede Electric Cooperative,AECI,Cooperative,No,https://lacledeelectric.com/wp-content/uploads/2024/04/Rate-Schedule-4-17-24-1.pdf,Unknown,,No,https://lacledeelectric.com/wp-content/uploads/2024/04/Rate-Schedule-4-17-24-1.pdf,Unknown,,"AECI member. Own published rate schedule is flat residential/commercial energy rate (Rate 1/2/3) with a simple demand charge over 25kW on Rate 3 — not a shifting-oriented design, no TOU. Dispatch/load-control programs not checked separately.",2026-09-24
11463,MACON ELECTRIC COOP,MO,11551,Macon Electric Cooperative,AECI,Cooperative,Unknown,,Unknown,,Unknown,,Unknown,,AECI member. Not individually verified within search budget.,2026-09-24
12698,EVERGY MISSOURI WEST,MO,340298,Evergy Missouri West,SPP,IOU,Yes,https://www.evergy.com/-/media/documents/billing/missouri/detailed_tariffs_mo/mo-west/residential-time-of-use-three-period-010923.pdf,Yes,https://psc.mo.gov/CMSInternetData/Agenda%20Presentations/2024%20Presentations/01-22-2024%20Evergy's%20TOU%20Implementation%20Update.pdf,Unknown,,Unknown,,"Mandatory default residential TOU (3-period) confirmed via tariff; voluntary Residential Thermostat Program (WiFi thermostat cycling, June-Sept) confirmed via PSC filing. C&I cells not verified.",2026-09-24
13520,"NEW-MAC ELECTRIC COOP, INC",MO,18932,New-Mac Electric Cooperative,AECI,Cooperative,Unknown,,Unknown,,Unknown,,Unknown,,"AECI member (Neosho, MO). Own rates page redirected to a rate-increase FAQ form with no published schedule; not verified.",2026-09-24
14192,OSAGE VALLEY ELEC COOP ASSN,MO,17656,Osage Valley Electric Cooperative,AECI,Cooperative,Unknown,,Unknown,,Unknown,,Unknown,,"AECI member (Clinton, MO). Own rates page did not return readable content within fetch attempt; not verified.",2026-09-24
14285,OZARK BORDER ELECTRIC COOP,MO,40669,Ozark Border Electric Cooperative,AECI,Cooperative,No,https://www.ozarkborder.org/rates.php,Unknown,,No,https://www.ozarkborder.org/rates.php,Unknown,,"AECI member. Own published rate schedule (Residential Sch.1/61, Commercial Sch.2/62, Industrial Sch.31/63) is flat energy + availability charge only — no TOU or demand-shifting design; only irrigation service has off-peak schedules (Sch.40/45), not residential/C&I. Dispatch/device-control programs not checked (rebate page not reached).",2026-09-24
14288,OZARK ELECTRIC COOP INC - (MO),MO,34763,Ozark Electric Cooperative,AECI,Cooperative,No,https://www.ozarkelectric.com/rates,Unknown,,No,https://www.ozarkelectric.com/rates,Unknown,,"AECI/KAMO-area member (Mt. Vernon, MO). Own published rate schedule (single-phase, three-phase, large power) is flat energy + demand charge, no TOU or shifting-oriented design. Dispatch/load-control programs not checked separately.",2026-09-24
15138,"PLATTE-CLAY ELECTRIC COOP, INC",MO,26149,Platte-Clay Electric Cooperative,AECI,Cooperative,Unknown,,Unknown,,Unknown,,Unknown,,AECI member. Own rates page (pcec.coop/rates) did not return readable content within fetch attempt; not verified.,2026-09-24
16511,SAC-OSAGE ELECTRIC COOP INC,MO,11632,Sac Osage Electric Cooperative,AECI,Cooperative,Unknown,,Unknown,,Unknown,,Unknown,,"AECI member (El Dorado Springs, MO). Not individually verified within search budget.",2026-09-24
16751,THREE RIVERS ELECTRIC COOP,MO,23946,Three Rivers Electric Cooperative,AECI,Cooperative,Unknown,,Unknown,,Unknown,,Unknown,,"AECI member (Linn, MO). Not individually verified within search budget.",2026-09-24
16805,SEMO ELECTRIC COOPERATIVE,MO,16258,SEMO Electric Cooperative,AECI,Cooperative,Unknown,,Unknown,,Unknown,,Unknown,,"AECI member (Sikeston, MO). Own rates page did not return readable content within fetch attempt; not verified.",2026-09-24
1775,BLACK RIVER ELECTRIC COOP - (MO),MO,24829,Black River Electric Cooperative,AECI,Cooperative,No,https://www.brec.coop/rates,Unknown,,No,https://www.brec.coop/rates,Unknown,,"AECI member. Own published rate schedule is flat residential/general-service energy rate plus a simple demand charge on C&I (61/62/63) — not a shifting-oriented design, no TOU. Dispatch/load-control programs not checked separately (rebate page not reached).",2026-09-24
17833,CITY UTILITIES OF SPRINGFIELD - (MO),MO,119341,City Utilities of Springfield,MISO,Municipal,Unknown,,Yes,https://www.ky3.com/2025/05/15/your-side-springfields-city-utilities-launches-cu-peak-rewards/,Unknown,,Yes,https://nectarclimate.com/utilities/city-utilities-springfield,CU Peak Rewards voluntary smart-thermostat DR program launched 2025 (res_dispatch); Interruptible C&I rate class confirmed (billing demand at 90% of prior Jul-Sep peak) (ci_dispatch). Residential/C&I TOU habit rates not confirmed via own tariff page (site not fully reachable).,2026-09-24
19436,UNION ELECTRIC CO - (MO),MO,1250115,Union Electric Company d/b/a Ameren Missouri,MISO,IOU,Yes,https://www.ameren.com/-/media/rates/files/missouri/uecsheet54rate1mres.ashx,Yes,https://www.ameren.com/efficiency/programs/peak-time-savings,No,,No,,,2026-08-08
2001,BOONE ELECTRIC COOP,MO,34266,Boone Electric Cooperative,AECI,Cooperative,Yes,https://booneelectric.coop/,Yes,https://booneelectric.coop/energy-solutions/dual-fuel/,Unknown,,Unknown,,AECI member. Confirmed 3-period off-peak/on-peak/super-off-peak residential rate design (8.5c/19.1c/5.8c) — counts as res_habit. Confirmed load-control switch on heat pumps/dual-fuel systems for peak cycling — res_dispatch. C&I cells not verified.,2026-09-24
20318,WEBSTER ELECTRIC COOP,MO,19163,Webster Electric Cooperative,AECI,Cooperative,No,https://www.websterec.com/your-co-op/rates/,Unknown,,No,https://www.websterec.com/your-co-op/rates/,Unknown,,"AECI member. Own published rate schedule is flat residential/small-commercial energy rate plus a simple demand charge on large commercial — not a shifting-oriented design, no TOU. Dispatch/load-control programs not checked separately.",2026-09-24
20363,WEST CENTRAL ELECTRIC COOP INC - (MO),MO,14899,West Central Electric Cooperative,AECI,Cooperative,Unknown,,Unknown,,Unknown,,Unknown,,"AECI member (Higginsville, MO). Own rates page did not return readable content within fetch attempt; not verified.",2026-09-24
20574,WHITE RIVER VALLEY EL COOP INC,MO,46625,White River Valley Electric Cooperative,AECI,Cooperative,Unknown,,Unknown,,Unknown,,Unknown,,"AECI member (Branson, MO). Not individually verified within search budget.",2026-09-24
27238,"SOUTHWEST ELECTRIC COOP, INC",MO,43496,Southwest Electric Cooperative,AECI,Cooperative,Unknown,,Unknown,,Unknown,,Unknown,,"AECI member (Bolivar, MO). Own rates page (swec.org/rates) did not return readable content (JS-rendered); no program confirmed or ruled out.",2026-09-24
3268,CENTRAL MISSOURI ELEC COOP INC,MO,11255,Central Missouri Electric Cooperative,AECI,Cooperative,Unknown,,Unknown,,Unknown,,Unknown,,"AECI member (Sedalia, MO). Not individually verified within search budget.",2026-09-24
3600,CITIZENS ELECTRIC CORPORATION - (MO),MO,27922,Citizens Electric Corporation,MISO,Cooperative,Unknown,,Unknown,,Unknown,,Unknown,,"NOT an AECI member — Citizens Electric is one of 23 member-owners of Wabash Valley Power Alliance (Indiana-based G&T), which per the region's known G&T pattern sits in MISO. Program cells not verified within search budget.",2026-09-24
3634,CITY OF NIXA - (MO),MO,11247,City of Nixa,SPP,Municipal,Unknown,,Unknown,,Unknown,,Unknown,,"MJMEUC member; transmission assets sold to GridLiance for projects under SPP or MISO functional control. Near Springfield/Christian County (SPP territory per Empire District & City Utilities). RTO tagged SPP by regional adjacency, not independently confirmed. Program cells not verified.",2026-09-24
4045,CITY OF COLUMBIA - (MO),MO,52238,Columbia Water and Light,MISO,Municipal,Unknown,,Unknown,,Unknown,,Unknown,,Confirmed MISO control area via MISO's own TO settlement data page (City of Columbia MO / CWLD). Program cells not verified — rates page did not load full tariff detail within search budget.,2026-09-24
4063,CO-MO ELECTRIC COOP INC,MO,32675,Co-Mo Electric Cooperative,AECI,Cooperative,Yes,https://www.co-mo.coop/our-rates,Unknown,,Unknown,,Unknown,,"AECI member. Optional time-of-use rate (EV-oriented, summer/winter seasonal on/off-peak periods) confirmed on own rates page — counts as res_habit. Dispatch/C&I cells not verified.",2026-09-24
4160,CALLAWAY ELECTRIC COOPERATIVE,MO,13320,Callaway Electric Cooperative,AECI,Cooperative,Unknown,,Unknown,,Unknown,,Unknown,,"AECI member (Fulton, MO). Not individually verified within search budget.",2026-09-24
4524,"CRAWFORD ELECTRIC COOP, INC",MO,21099,Crawford Electric Cooperative,AECI,Cooperative,Unknown,,Unknown,,Unknown,,Unknown,,"AECI member (Bourbon, MO). Not individually verified within search budget.",2026-09-24
4675,CUIVRE RIVER ELECTRIC COOP INC,MO,71152,Cuivre River Electric Cooperative,AECI,Cooperative,Unknown,,Yes,https://cuivre.com/winter-peak-when-you-use-energy-just-important-how-much,Unknown,,Unknown,,AECI member (via a regional G&T). Load control tied to heat pump/water heater rebates under Take Control & Save; off-peak usage encouraged but no confirmed formal TOU rate schedule found. C&I cells not verified.,2026-09-24
56697,AMEREN ILLINOIS COMPANY,MO,1229377,Ameren Illinois Company d/b/a Ameren Illinois,MISO,IOU,Yes,https://www.ameren.com/efficiency/programs/peak-time-rewards,Yes,https://www.thermostatrewards.com/ameren-il,Yes,https://www.ameren.com/-/media/rates/files/illinois/aiel21rdevcp.ashx,Yes,https://www.enelnorthamerica.com/solutions/energy-solutions/demand-response/ameren-illinois-demand-response,,2026-08-08
5860,EMPIRE DISTRICT ELECTRIC CO,MO,181326,The Empire District Electric Company (Liberty),SPP,IOU,Yes,https://central.libertyutilities.com/all/residential/rates/time-based-rate-plans-residential-central-liberty.html,Yes,https://central.libertyutilities.com/all/peak-alert.html,Unknown,,Unknown,,"MPSC approved TOU rate transition (effective Oct 2022, phased); Peak Alert smart-thermostat AC-cycling program confirmed (summer, up to 10 days/season). C&I cells not verified.",2026-09-24
6181,"FARMERS ELECTRIC COOP, INC - (MO)",MO,13426,Farmers' Electric Cooperative,AECI,Cooperative,Unknown,,Unknown,,Unknown,,Unknown,,"AECI member (Chillicothe, MO). Not individually verified within search budget.",2026-09-24
7024,GASCOSAGE ELECTRIC COOP,MO,10091,Gascosage Electric Cooperative,AECI,Cooperative,Unknown,,Unknown,,Unknown,,Unknown,,"AECI member (Dixon, MO). Not individually verified within search budget.",2026-09-24
8934,"HOWELL-OREGON ELEC COOP, INC",MO,25232,Howell-Oregon Electric Cooperative,AECI,Cooperative,Unknown,,Unknown,,Unknown,,Unknown,,"AECI member (West Plains, MO). Not individually verified within search budget.",2026-09-24
9231,CITY OF INDEPENDENCE - (MO),MO,58607,Independence Power and Light Department,MISO,Municipal,Unknown,,Unknown,,Unknown,,Unknown,,"Municipal utility in Kansas City metro (Evergy Metro/SPP territory); RTO inferred from regional adjacency, not independently confirmed via MISO/SPP TO lists. Program cells not verified — own site did not surface rate/DR program pages within search budget.",2026-09-24
9331,INTERCOUNTY ELECTRIC COOP ASSN,MO,31405,Intercounty Electric Cooperative,AECI,Cooperative,No,https://www.ieca.coop/rates,Unknown,,Unknown,,Unknown,,"AECI member. Own published rate schedule (residential, pre-pay, single-phase business, small three-phase) is flat energy + availability charge, no TOU. Dispatch/C&I demand-design cells not verified (larger 3-phase schedules require direct engineering contact, not published).",2026-09-24
12796,MONONGAHELA POWER CO,PA,395843,Monongahela Power Co (FirstEnergy - West Virginia),PJM,IOU,No,https://www.firstenergycorp.com/help/pa-time-of-use-pricing.html,No,https://www.firstenergycorp.com/save_energy/save_energy_pennsylvania.html,Unknown,,Unknown,,"FE PA TOU pricing page lists only Met-Ed/Penelec/Penn Power/West Penn Power, not Mon Power; Mon Power PA save-energy page lists only appliance/EE rebates, no thermostat DR; small PA territory (primarily WV utility); could not locate PA-specific C&I curtailable tariff",2026-09-24
14715,PPL ELECTRIC UTILITIES CORP,PA,1472811,PPL Electric Utilities Corp,PJM,IOU,Unknown,,Unknown,,Yes,https://www.energychoicematters.com/stories/20250220c.html,Unknown,,,2026-08-08
14940,PECO ENERGY CO,PA,1691292,PECO Energy Co,PJM,IOU,No,,No,,Yes,https://www.energychoicematters.com/stories/20250220c.html,Yes,https://www.puc.pa.gov/electric/pdf/dsr/DSRWG_Existing_DSR_Programs_PECO.pdf,,2026-08-08
15263,THE POTOMAC EDISON COMPANY,PA,436125,Potomac Edison Co (FirstEnergy - Maryland),PJM,IOU,Yes,https://www.firstenergycorp.com/newsroom/news_articles/potomac-edison-incentivizes-electric-vehicle-charging-during-off.html,No,,No,,No,,,2026-08-08
19390,"UGI UTILITIES, INC",PA,64325,UGI Utilities Inc - Electric Division,PJM,IOU,Unknown,,Unknown,,Yes,https://www.energychoicematters.com/stories/20250220c.html,Unknown,,,2026-08-08
20387,WEST PENN POWER COMPANY,PA,735510,West Penn Power Co,PJM,IOU,Unknown,,Unknown,,Yes,https://www.energychoicematters.com/stories/20250220c.html,Yes,https://www.firstenergycorp.com/save_energy/save_energy_pennsylvania/for_your_business_pa/firstenergy-s-pennsylvania-utilities-offer-demand-response-progr.html,,2026-08-08
3329,BOROUGH OF CHAMBERSBURG,PA,11466,Chambersburg Electric Department (Borough of Chambersburg),PJM,Municipal,No,https://ecode360.com/29119315,No,https://ecode360.com/29119315,Yes,https://ecode360.com/29119315,No,https://ecode360.com/29119315,"Municipal Electric Rate Ordinance (Ch. 135, Art. II) reviewed in full: Residential/Small Commercial classes are flat rates only, no TOU and no thermostat/water-heater DR program; High-Voltage Schedule HV (>=1,000 kW peak load customers only) offers an optional time-of-day energy charge by mutual agreement -- counted as C&I habit for that narrow class; no interruptible/curtailable rider currently in the code (a prior Load Curtailment Rider was removed)",2026-09-24
40167,"SOMERSET RURAL ELEC COOP, INC",PA,13856,Somerset Rural Electric Cooperative,PJM,Cooperative,Unknown,,Yes,https://www.alleghenyelectriccoop.com/clms,Unknown,,Unknown,,Confirmed Allegheny Electric Cooperative (G&T) CLMS member per Allegheny member list; own rate/DR pages not verified,2026-09-24
40219,"UNITED ELECTRIC COOP, INC - (PA)",PA,19110,United Electric Cooperative,PJM,Cooperative,Unknown,,Yes,https://www.alleghenyelectriccoop.com/clms,Unknown,,Unknown,,Confirmed Allegheny Electric Cooperative (G&T) CLMS member per Allegheny member list; own rate/DR pages not verified,2026-09-24
40220,ADAMS ELECTRIC COOPERATIVE INC,PA,33700,Adams Electric Cooperative,PJM,Cooperative,Yes,https://adamsec.coop/time-day-rate,Yes,https://www.alleghenyelectriccoop.com/clms,Unknown,,Unknown,,Allegheny Electric Cooperative (G&T) CLMS member (confirmed on Allegheny member/CLMS page); own Time-of-Day residential rate confirmed; C&I TOU/curtailment not checked,2026-09-24
40222,VALLEY RURAL ELECTRIC COOP INC,PA,23549,Valley Rural Electric Cooperative,PJM,Cooperative,Unknown,,Yes,https://www.alleghenyelectriccoop.com/clms,Unknown,,Unknown,,Confirmed Allegheny Electric Cooperative (G&T) CLMS member per Allegheny member list; own rate/DR pages not verified,2026-09-24
40224,"CENTRAL ELECTRIC COOP, INC - (PA)",PA,25564,Central Electric Cooperative,PJM,Cooperative,Unknown,,Yes,https://www.central.coop/load-management-program,Unknown,,Unknown,,Allegheny CLMS member; own Load Management Program page confirms water heater/electric heat DRU control; res TOU and C&I programs not checked,2026-09-24
40289,CLAVERACK RURAL ELEC COOP INC,PA,19019,Claverack Rural Electric Cooperative,PJM,Cooperative,Yes,https://claverack.com/rates,Yes,https://www.alleghenyelectriccoop.com/clms,Unknown,,Unknown,,Allegheny CLMS member; own site confirms residential TOU program (lower rates midday/night); C&I not checked,2026-09-24
40290,TRI-COUNTY RURAL ELEC COOP INC (PA),PA,19514,Tri-County Rural Electric Cooperative,PJM,Cooperative,Unknown,,Yes,https://www.alleghenyelectriccoop.com/clms,Unknown,,Unknown,,Confirmed Allegheny Electric Cooperative (G&T) CLMS member per Allegheny member list; own rate/DR pages not verified,2026-09-24
40292,REA ENERGY COOP INC,PA,22769,REA Energy Cooperative,PJM,Cooperative,Unknown,,Yes,https://www.alleghenyelectriccoop.com/clms,Unknown,,Unknown,,"Confirmed Allegheny Electric Cooperative (G&T) CLMS member per Allegheny member list; own rate/DR pages not verified (search results conflated with unrelated Red River Valley REA, disregarded)",2026-09-24
40293,"NORTHWESTERN RURAL E C A, INC - (PA)",PA,19587,Northwestern Rural Electric Cooperative Association,PJM,Cooperative,Unknown,,Yes,https://www.alleghenyelectriccoop.com/clms,Unknown,,Unknown,,Confirmed Allegheny Electric Cooperative (G&T) CLMS member per Allegheny member list; own rate/DR pages not verified,2026-09-24
5487,DUQUESNE LIGHT CO,PA,616608,Duquesne Light Co,PJM,IOU,Unknown,,Unknown,,Yes,https://www.energychoicematters.com/stories/20250220c.html,Unknown,,,2026-08-08
15477,PUBLIC SERVICE ELEC & GAS CO,NJ,2346142,Public Service Electric and Gas Co (PSE&G),PJM,IOU,Yes,https://nj.myaccount.pseg.com/myservicepublic/time-of-use,Yes,https://patch.com/new-jersey/wyckoff/pseg-help-conserve-energy-during-heat-wave,No,,Yes,https://patch.com/new-jersey/wyckoff/pseg-help-conserve-energy-during-heat-wave,,2026-08-08
19856,CITY OF VINELAND - (NJ),NJ,25948,Vineland Municipal Electric Utility,PJM,Municipal,No,https://utilities.vinelandcity.org/rate-tariffs/,No,https://utilities.vinelandcity.org/rate-tariffs/,Yes,https://ecode360.com/12587011,Yes,https://ecode360.com/12587233,"Residential rate is flat seasonal, no TOU; municipal code Article VI codifies WLP Time-of-Day Rate and WLP Interruptible Rate (curtailment credit) for large industrial/primary-voltage customers; Article VII designates VMEU as sole bidder of aggregated customer demand response into PJM markets; no residential thermostat/switch program found",2026-09-24
2650,BOROUGH OF BUTLER - (NJ),NJ,11795,Borough of Butler Electric Utility,PJM,Municipal,Unknown,,Unknown,,Unknown,,Unknown,,"Checked NJ BPU filings and Butler Electric Department page; only LEAC fuel-adjustment filings found, no TOU rate, thermostat/DR program, or C&I curtailment rider could be confirmed",2026-09-24
40299,SUSSEX RURAL ELECTRIC COOP INC,NJ,12019,Sussex Rural Electric Cooperative,PJM,Cooperative,Unknown,,Yes,https://www.sussexrec.com/beat-the-peak,Unknown,,Unknown,,Allegheny Electric Cooperative CLMS member (one of the 14 PA/NJ distribution co-ops); own Beat the Peak page confirms water heater/AC/dual-fuel/ETS load control with bill credits; res TOU and C&I not checked,2026-09-24
963,ATLANTIC CITY ELECTRIC CO,NJ,567226,Atlantic City Electric Co (ACE),PJM,IOU,Yes,https://www.atlanticcityelectric.com/SmartEnergy/InnovationAndTechnology/Pages/ElectricVehicleProgram.aspx,Yes,https://homeenergysavings.atlanticcityelectric.com/residential/energy-wise-rewards,Unknown,,Yes,https://homeenergysavings.atlanticcityelectric.com/business/energy-wise-rewards,"EVsmart off-peak EV TOU credit; Energy Wise Rewards smart thermostat DR for res and business; GLP/LPL C&I tariffs are straight demand charges, no TOU rate identified",2026-09-24
1167,BALTIMORE GAS & ELECTRIC CO,MD,1329038,Baltimore Gas and Electric Co (BGE),PJM,IOU,Yes,https://bgesmartenergy.com/residential/earn-incentives/eventscentral/energy-savings-days,Yes,https://bgesmartenergy.com/residential/earn-incentives/connectedrewards,Yes,https://psc.maryland.gov/wp-content/uploads/Order-91917_ML-323522-9761-1.pdf,Yes,https://bgesmartenergy.com/business/business-programs/connected-rewards,,2026-08-08
17637,SOUTHERN MARYLAND ELEC COOP INC,MD,173161,Southern Maryland Electric Cooperative (SMECO),PJM,Cooperative,Yes,https://www.smeco.coop/my-account/general-information/rates-fees/time-of-use-rates/,Yes,https://www.smeco.coop/energy-efficiency/residential-programs/smarttemp/,Yes,https://www.smeco.coop/my-account/general-information/rates-fees/time-of-use-rates/,No,,,2026-08-08
3503,"CHOPTANK ELECTRIC COOPERATIVE, INC",MD,56142,Choptank Electric Cooperative,PJM,Cooperative,No,,Yes,https://choptankelectric.coop/beat-peak,No,,Yes,https://choptankelectric.coop/beat-peak,,2026-08-08
5625,EASTON UTILITIES COMM,MD,10986,Easton Utilities Commission,PJM,Municipal,Unknown,,Unknown,,Unknown,,Unknown,,"Own electric tariff (P.S.C. Md. No. 11) located but not fully reviewed within search budget; General Service Large (GS-L) schedule description found but no TOU, interruptible, or curtailable terms confirmed from available excerpts",2026-09-24
7908,HAGERSTOWN LIGHT DEPARTMENT,MD,17532,Hagerstown Light Department,PJM,Municipal,No,https://www.hagerstownmd.org/153/Tariffs,No,https://www.hagerstownmd.org/153/Tariffs,No,https://www.hagerstownmd.org/153/Tariffs,No,https://www.hagerstownmd.org/153/Tariffs,"Full Electric Service Tariff Terms, Conditions and Rate Schedules document fetched and checked in full: no mention of time-of-use, time-of-day, interruptible, curtailable, demand response, load management, thermostat, or water-heater control anywhere in the tariff",2026-09-24
1062,BARC ELECTRIC COOP INC,VA,12965,BARC Electric Cooperative,PJM,Cooperative,Unknown,,Yes,https://barcelectric.com/thermostat/,Unknown,,Unknown,,,2026-08-08
11560,CITY OF MANASSAS - (VA),VA,16209,Manassas City Electric (City of Manassas Utilities),PJM,Municipal,Unknown,,Yes,https://www.manassasva.gov/electric_water___sewer/utility_programs/load_management_program.php,Unknown,,Unknown,,Load Management Program confirmed on city site: water heater switch (up to 2 hrs off) and central AC cyclic switch (15 min per half-hour) during peak periods; residential/C&I TOU rate and C&I curtailment not found on site,2026-09-24
12260,MECKLENBURG ELECTRIC COOPERATIVE,VA,31860,Mecklenburg Electric Cooperative,PJM,Cooperative,Yes,https://www.meckelec.org/wp-content/uploads/Schedule-R-TOD-U-2020.pdf,Yes,https://www.odec.com/mecklenburg-electric-energy-programs/mecklenburg-thermostat-program/,Yes,https://www.meckelec.org/wp-content/uploads/Schedule-SGS-TOD-U-2020.pdf,Yes,https://www.meckelec.org/wp-content/uploads/Schedule-INT-U-2020.pdf,"ODEC member; R-TOD-U residential Time-of-Day rate, SGS/MGS/LGS-TOD-U commercial Time-of-Day rates, INT-U/INT-SEA-U interruptible service for C&I; ODEC-run Thermostat Program for residential dispatch",2026-09-24
13640,NORTHERN VIRGINIA ELEC COOP,VA,178903,Northern Virginia Electric Cooperative (NOVEC),PJM,Cooperative,Yes,https://www.novec.com/About_NOVEC/EV-1-NOVEC-s-Electric-Vehicle-Rate.cfm,Yes,https://www.novec.com/Save/LoadManagementProgram.cfm,No,,No,,,2026-08-08
13762,"NORTHERN NECK ELEC COOP, INC",VA,19964,Northern Neck Electric Cooperative,PJM,Cooperative,Yes,https://www.nnec.coop/wp-content/uploads/T-9.pdf,Yes,https://www.nnec.coop/energy-solutions/beat-the-peak/,No,,No,,"ODEC member; Time of Use Service (T-9) residential rate on file; Smart Thermostat program under Beat the Peak makes automatic thermostat adjustments during peak events; only Small General/Large Power/Large General C&I schedules found, no TOU or interruptible C&I rider",2026-09-24
15410,PRINCE GEORGE ELECTRIC COOP,VA,12256,Prince George Electric Cooperative,PJM,Cooperative,Yes,https://www.pgec.coop/_files/ugd/6ce8e9_ebbc171d034f4d4fb426edfbe5907ff8.pdf,Yes,https://www.odec.com/faqs/prince-george/,No,https://www.pgec.coop/rates,No,https://www.pgec.coop/rates,"ODEC member; Schedule R-TOU-6 residential TOU rate on file; ODEC thermostat/demand-management program serves PGEC members; C&I schedules (SGS-9, GS-9, LPS-11, EDR-1) are flat, no TOU or curtailable rider found",2026-09-24
16558,CITY OF SALEM - (VA),VA,13462,City of Salem Electric Department,PJM,Municipal,No,https://salemva.gov/DocumentCenter/View/2525/Electric-Rates-PDF,No,https://salemva.gov/192/Electric,No,https://salemva.gov/DocumentCenter/View/2525/Electric-Rates-PDF,No,https://salemva.gov/DocumentCenter/View/2525/Electric-Rates-PDF,"Wholesale power from AEP (PJM) via Blue Ridge Power Agency; full published rate schedule (Residential, Small/Medium/Large General, Large Power) is entirely flat demand-based, no TOU or curtailable/interruptible rider found; no DR/thermostat program found on site",2026-09-24
17066,SHENANDOAH VALLEY ELEC COOP,VA,99617,Shenandoah Valley Electric Cooperative,PJM,Cooperative,Unknown,,Yes,https://www.svec.coop/energy-solutions/beat-the-peak/,Unknown,,Yes,https://www.svec.coop/energy-solutions/beat-the-peak/,,2026-08-08
19876,VIRGINIA ELECTRIC & POWER CO,VA,2725288,Virginia Electric & Power Co (Dominion Energy Virginia),PJM,IOU,Yes,https://www.dominionenergyptr.com/,Yes,https://www.dominionenergy.com/virginia/save-energy/my-home/smart-thermostat-rewards,No,,Yes,https://www.dominionenergy.com/virginia/save-energy/targeted-sector-programs,,2026-08-08
21244,"SOUTHSIDE ELECTRIC COOP, INC",VA,58372,Southside Electric Cooperative,PJM,Cooperative,Yes,https://www.sec.coop/wp-content/uploads/SEC-Schedule-A_-TOU-Stamped.pdf,Yes,https://www.sec.coop/energy-services-and-programs/energy-services-programs-savings-programs/,No,https://www.sec.coop/account-services/rates-fees/,No,https://www.sec.coop/energy-services-and-programs/energy-services-programs-savings-programs/,"ODEC member (G&T); Schedule A-TOU residential rate on file; smart thermostat DR program via ODEC partnership; GSS/GTP/Industrial C&I schedules are flat demand rates, no TOU or curtailment rider found on SEC site",2026-09-24
2248,BRISTOL VIRGINIA UTILITIES,VA,16393,BVU Authority (Bristol Virginia Utilities),TVA,Municipal,No,https://www.bvua.com/residential/pages/residential-electric-rates,Yes,https://energyright.com/residential/rebates/smartthermostat/,Unknown,,Yes,https://www.bvua.com/business/pages/programs-services,"TVA distributor (confirmed on TVA local power company list); residential rate is flat seasonal Schedule RS, no TOU; TVA Smart Thermostat Rewards and PowerFlex/Peak Rewards C&I demand response listed on BVU own Programs & Services page",2026-09-24
3291,CENTRAL VIRGINIA ELECTRIC COOP,VA,38468,Central Virginia Electric Cooperative,PJM,Cooperative,No,https://www.mycvec.com/account/rate-schedules/,No,https://www.mycvec.com/news-releases/cvec-members-encouraged-to-conserve-energy-during-extreme-cold-spell/,No,https://www.mycvec.com/account/rate-schedules/,No,https://www.mycvec.com/account/rate-schedules/,"NOT an ODEC member; independently procures wholesale power (gas, hydro, solar, market blocks) and pays PJM as its RTO; full rate schedule list (A, B, LP, LPM, SW, I, SHL) has no TOU or curtailable/interruptible rider; conservation appeals are alert-only, no device control found",2026-09-24
40228,RAPPAHANNOCK ELECTRIC COOP,VA,174305,Rappahannock Electric Cooperative,PJM,Cooperative,Yes,https://myrec.coop/sites/default/files/documents/Electric%20Rates/Residential%20A-1-TOU%20Rate.pdf,No,,No,,No,,,2026-08-08
4117,COMMUNITY ELECTRIC COOP,VA,11618,Community Electric Cooperative,PJM,Cooperative,No,https://www.comelec.coop/your-account/rates/,Yes,https://www.odec.com/community-electric-energy-programs/thermostat-program/,No,https://www.comelec.coop/your-account/rates/,No,https://www.comelec.coop/your-account/rates/,"ODEC member; own Smart Thermostat program (ODEC-run) confirmed for residential dispatch; rate schedules (A, B, CH, IGS, LP) are flat, no TOU or curtailable rider found",2026-09-24
4794,CITY OF DANVILLE - (VA),VA,41776,Danville Utilities (City of Danville - Division of Power & Light),PJM,Municipal,Yes,https://home.danvilleutilities.com/DocumentCenter/View/146/Danville-Utilities-Electric-Rate-Schedules-and-Riders-PDF,Unknown,,Yes,https://home.danvilleutilities.com/DocumentCenter/View/146/Danville-Utilities-Electric-Rate-Schedules-and-Riders-PDF,Yes,https://danvilleva.gov/ArchiveCenter/ViewFile/Item/4422,Electric Time-of-Use rate schedule on file (seasonal on/off-peak periods); City Council authorized PJM demand response participation in 2014 with CPower as curtailment service provider for C&I curtailment; no residential device-control program found,2026-09-24
8198,CITY OF HARRISONBURG - (VA),VA,21575,Harrisonburg Electric Commission,PJM,Municipal,No,https://www.harrisonburgelectric.com/resources/rate-schedules/,No,https://www.harrisonburgelectric.com/our-programs/,Unknown,,Unknown,,"Wholesale power from Dominion Energy (PJM); rate schedules (Residential, Small Commercial, Large Light & Power 14/15, Large Industrial 25) are flat, no TOU found; Our Programs list has no thermostat/load-control offering; a trade-press article claims some C&I customers on interruptible/load-reduction rates but no tariff or program page could be found to confirm",2026-09-24
84,A & N ELECTRIC COOP,VA,36910,A&N Electric Cooperative,PJM,Cooperative,Yes,https://www.anec.com/wp-content/uploads/Schedule-TOU-A-1-Residential-Time-of-Use.pdf,No,https://www.anec.com/energy-efficiency/beat-the-peak/,Yes,https://www.anec.com/wp-content/uploads/Schedule-TOU-B-1-Commercial-Time-of-Use.pdf,Yes,https://www.anec.com/wp-content/uploads/cs-1.pdf,"ODEC member; Schedule TOU-A-1/TOU-A-EVS residential TOU on file, Schedule TOU-B-1 small commercial TOU, Schedule CS-1 curtailable service rider for C&I; Beat the Peak is alert/notification only (email/text/radio), no utility device control found",2026-09-24
10171,KENTUCKY UTILITIES CO,KY,566736,Kentucky Utilities,Non-RTO,IOU,Yes,https://lge-ku.com/peak-time-rebates,No,,Yes,https://lge-ku.com/peak-time-rebates,Yes,https://www.enelnorthamerica.com/solutions/energy-solutions/demand-response/lge-ku-demand-response,,2026-08-08
11011,LICKING VALLEY RURAL E C C,KY,17597,Licking Valley RECC,PJM,Cooperative,No,,Yes,https://www.ekpc.coop/energy-efficiency,Unknown,,Yes,https://www.ekpc.coop/energy-efficiency,EKPC owner-member cooperative (PJM); G&T-run SimpleSaver direct load control (res) and C&I Thermostat/interruptible programs apply system-wide; residential TOU rate and per-member Large Power Time-of-Day schedule not individually confirmed for this member.,2026-09-24
11249,LOUISVILLE GAS & ELECTRIC CO,KY,430394,Louisville Gas & Electric,Non-RTO,IOU,Yes,https://lge-ku.com/peak-time-rebates,No,,Yes,https://lge-ku.com/peak-time-rebates,Yes,https://www.enelnorthamerica.com/solutions/energy-solutions/demand-response/lge-ku-demand-response,,2026-08-08
12243,MEADE COUNTY RURAL E C C,KY,30975,Meade County RECC,MISO,Cooperative,No,https://www.kenergycorp.com/rates/,No,https://www.kenergycorp.com/rates/,No,https://www.kenergycorp.com/rates/,No,https://www.kenergycorp.com/rates/,Big Rivers Electric member (MISO); Big Rivers centrally manages DSM for its 3 members; Kenergy's own rate/program pages show no TOU rate or load-control program (Time-of-Day tariff withdrawn 1997); not individually reverified for this member.,2026-09-24
13651,NOLIN RURAL ELECTRIC COOP CORP,KY,36903,Nolin RECC,PJM,Cooperative,No,,Yes,https://www.ekpc.coop/energy-efficiency,Unknown,,Yes,https://www.ekpc.coop/energy-efficiency,EKPC owner-member cooperative (PJM); G&T-run SimpleSaver direct load control (res) and C&I Thermostat/interruptible programs apply system-wide; residential TOU rate and per-member Large Power Time-of-Day schedule not individually confirmed for this member.,2026-09-24
14251,OWEN ELECTRIC COOP INC,KY,65230,Owen Electric Cooperative,PJM,Cooperative,No,,Yes,https://www.ekpc.coop/energy-efficiency,Unknown,,Yes,https://www.ekpc.coop/energy-efficiency,EKPC owner-member cooperative (PJM); G&T-run SimpleSaver direct load control (res) and C&I Thermostat/interruptible programs apply system-wide; residential TOU rate and per-member Large Power Time-of-Day schedule not individually confirmed for this member.,2026-09-24
14268,CITY OF OWENSBORO - (KY),KY,26273,Owensboro Municipal Utilities,MISO,Municipal,Unknown,,Unknown,,Unknown,,Unknown,,"OMU purchases full-requirements wholesale power from Big Rivers Electric Corporation (MISO transmission owner) under a contract through Dec 2026, with a transition agreement into 2027 as OMU integrates directly into MISO. Program cells not verified within search budget.",2026-09-24
14371,CITY OF PADUCAH - (KY),KY,22611,Paducah Power System,Unknown,Municipal,No,https://paducahpower.com/apply-for-service/,Unknown,,No,https://paducahpower.com/commercial/,Unknown,,"TVA lists PPS as one of ~158 distributors, but PPS ended its long-term TVA power CONTRACT around 2009-2013 and now sources energy from Prairie State Energy Campus (IL) and other KYMEA portfolio resources (Southeastern Power Administration hydro, solar). Current balancing authority/RTO status could not be confirmed within search budget — marked Unknown rather than guessed. No TOU or demand-shifting rate design found on own rate pages (checked residential & commercial nav); no dedicated DR/thermostat program page found.",2026-09-24
14724,PENNYRILE RURAL ELECTRIC COOP,KY,46062,Pennyrile Electric,TVA,Cooperative,No,,Yes,https://energyright.com/residential/rebates/smartthermostat/,No,,Yes,https://energyright.com/business-industry/demand-response/powerflex/,TVA distributor; EnergyRight Smart Thermostat Rewards (res) and PowerFlex (C&I) apply per TVA system-wide shortcut; not verified per-LPC enrollment. Confirmed via precc.com FAQ: 'one of the 155 distributors supplied by TVA.',2026-09-24
16587,SALT RIVER ELECTRIC COOP CORP,KY,55624,Salt River Electric Cooperative,PJM,Cooperative,No,,Yes,https://www.ekpc.coop/energy-efficiency,Unknown,,Yes,https://www.ekpc.coop/energy-efficiency,EKPC owner-member cooperative (PJM); G&T-run SimpleSaver direct load control (res) and C&I Thermostat/interruptible programs apply system-wide; residential TOU rate and per-member Large Power Time-of-Day schedule not individually confirmed for this member.,2026-09-24
17044,"SHELBY ENERGY CO-OP, INC",KY,17455,Shelby Energy Cooperative,PJM,Cooperative,No,,Yes,https://www.ekpc.coop/energy-efficiency,Unknown,,Yes,https://www.ekpc.coop/energy-efficiency,EKPC owner-member cooperative (PJM); G&T-run SimpleSaver direct load control (res) and C&I Thermostat/interruptible programs apply system-wide; residential TOU rate and per-member Large Power Time-of-Day schedule not individually confirmed for this member.,2026-09-24
1708,BIG SANDY RURAL ELEC COOP CORP,KY,12764,Big Sandy RECC,PJM,Cooperative,No,,Yes,https://www.ekpc.coop/energy-efficiency,Unknown,,Yes,https://www.ekpc.coop/energy-efficiency,EKPC owner-member cooperative (PJM); G&T-run SimpleSaver direct load control (res) and C&I Thermostat/interruptible programs apply system-wide; residential TOU rate and per-member Large Power Time-of-Day schedule not individually confirmed for this member.,2026-09-24
17564,SOUTH KENTUCKY RURAL E C C,KY,70762,South Kentucky RECC,PJM,Cooperative,No,,Yes,https://www.ekpc.coop/energy-efficiency,Unknown,,Yes,https://www.ekpc.coop/energy-efficiency,EKPC owner-member cooperative (PJM); G&T-run SimpleSaver direct load control (res) and C&I Thermostat/interruptible programs apply system-wide; residential TOU rate and per-member Large Power Time-of-Day schedule not individually confirmed for this member.,2026-09-24
18498,TAYLOR COUNTY RURAL E C C,KY,27900,Taylor County RECC,PJM,Cooperative,No,,Yes,https://www.ekpc.coop/energy-efficiency,Unknown,,Yes,https://www.ekpc.coop/energy-efficiency,EKPC owner-member cooperative (PJM); G&T-run SimpleSaver direct load control (res) and C&I Thermostat/interruptible programs apply system-wide; residential TOU rate and per-member Large Power Time-of-Day schedule not individually confirmed for this member.,2026-09-24
1886,BLUE GRASS ENERGY COOP CORP,KY,61945,Blue Grass Energy Cooperative,PJM,Cooperative,No,,Yes,https://www.ekpc.coop/energy-efficiency,Unknown,,Yes,https://www.ekpc.coop/energy-efficiency,EKPC owner-member cooperative (PJM); G&T-run SimpleSaver direct load control (res) and C&I Thermostat/interruptible programs apply system-wide; residential TOU rate and per-member Large Power Time-of-Day schedule not individually confirmed for this member.,2026-09-24
19446,DUKE ENERGY KENTUCKY,KY,148900,Duke Energy Kentucky,PJM,IOU,No,,No,,Yes,https://psc.ky.gov/tariffs/electric/duke%20energy%20kentucky/cancelled%20tariff%20pages/2018/rate%20dt-time-of-day%20rate%20for%20service%20at%20distribution%20voltage/04-14.pdf,No,,,2026-08-08
20130,WARREN RURAL ELEC COOP CORP,KY,72627,Warren RECC,TVA,Cooperative,No,,Yes,https://energyright.com/residential/rebates/smartthermostat/,No,,Yes,https://energyright.com/business-industry/demand-response/powerflex/,TVA distributor; EnergyRight Smart Thermostat Rewards (res) and PowerFlex (C&I) apply per TVA system-wide shortcut; not verified per-LPC enrollment. Largest TVA local power company in Kentucky (10th largest TVA LPC systemwide).,2026-09-24
20377,WEST KENTUCKY RURAL E C C,KY,39163,West Kentucky RECC,TVA,Cooperative,No,,Yes,https://energyright.com/residential/rebates/smartthermostat/,No,,Yes,https://energyright.com/business-industry/demand-response/powerflex/,TVA distributor; EnergyRight Smart Thermostat Rewards (res) and PowerFlex (C&I) apply per TVA system-wide shortcut; not verified per-LPC enrollment. Confirmed via TVA's own LPC page for this cooperative.,2026-09-24
2056,CITY OF BOWLING GREEN - (KY),KY,31616,Bowling Green Municipal Utilities,TVA,Municipal,No,,Yes,https://energyright.com/residential/rebates/smartthermostat/,No,,Yes,https://energyright.com/business-industry/demand-response/powerflex/,TVA distributor; EnergyRight Smart Thermostat Rewards (res) and PowerFlex (C&I) apply per TVA system-wide shortcut; not verified per-LPC enrollment. Confirmed TVA distributor via TVA's own LPC listing.,2026-09-24
3687,CLARK ENERGY COOP INC - (KY),KY,27644,Clark Energy Cooperative,PJM,Cooperative,No,,Yes,https://www.ekpc.coop/energy-efficiency,Unknown,,Yes,https://www.ekpc.coop/energy-efficiency,EKPC owner-member cooperative (PJM); G&T-run SimpleSaver direct load control (res) and C&I Thermostat/interruptible programs apply system-wide; residential TOU rate and per-member Large Power Time-of-Day schedule not individually confirmed for this member.,2026-09-24
4622,"CUMBERLAND VALLEY ELECTRIC, INC.",KY,24047,Cumberland Valley Electric,PJM,Cooperative,No,,Yes,https://www.ekpc.coop/energy-efficiency,Unknown,,Yes,https://www.ekpc.coop/energy-efficiency,EKPC owner-member cooperative (PJM); G&T-run SimpleSaver direct load control (res) and C&I Thermostat/interruptible programs apply system-wide; residential TOU rate and per-member Large Power Time-of-Day schedule not individually confirmed for this member.,2026-09-24
6194,FARMERS RURAL ELECTRIC COOP CORP - (KY),KY,26452,Farmers RECC,PJM,Cooperative,No,,Yes,https://www.ekpc.coop/energy-efficiency,Unknown,,Yes,https://www.ekpc.coop/energy-efficiency,EKPC owner-member cooperative (PJM); G&T-run SimpleSaver direct load control (res) and C&I Thermostat/interruptible programs apply system-wide; residential TOU rate and per-member Large Power Time-of-Day schedule not individually confirmed for this member.,2026-09-24
6442,FLEMING-MASON ENERGY COOP INC,KY,25734,Fleming-Mason Energy Cooperative,PJM,Cooperative,No,,Yes,https://www.ekpc.coop/energy-efficiency,Unknown,,Yes,https://www.ekpc.coop/energy-efficiency,EKPC owner-member cooperative (PJM); G&T-run SimpleSaver direct load control (res) and C&I Thermostat/interruptible programs apply system-wide; residential TOU rate and per-member Large Power Time-of-Day schedule not individually confirmed for this member.,2026-09-24
6708,CITY OF FRANKFORT - (KY),KY,21171,Frankfort Plant Board,SERC-nonRTO,Municipal,Unknown,,Unknown,,Unknown,,Unknown,,Wholesale power supplier is Kentucky Utilities (KU); KU/LG&E remain vertically integrated and non-RTO as of their most recent (2025) annual RTO Membership Analysis filings with the KY PSC — not PJM despite years of evaluating it. Program cells not verified within search budget.,2026-09-24
7558,GRAYSON RURAL ELECTRIC COOP CORP,KY,15504,Grayson RECC,PJM,Cooperative,No,,Yes,https://www.ekpc.coop/energy-efficiency,Unknown,,Yes,https://www.ekpc.coop/energy-efficiency,EKPC owner-member cooperative (PJM); G&T-run SimpleSaver direct load control (res) and C&I Thermostat/interruptible programs apply system-wide; residential TOU rate and per-member Large Power Time-of-Day schedule not individually confirmed for this member.,2026-09-24
8449,HENDERSON CITY UTILITY COMM,KY,11936,Henderson Municipal Power & Light,MISO,Municipal,Unknown,,Unknown,,Unknown,,Unknown,,Confirmed: HMP&L is a registered NERC Balancing Authority (since 2019) under a Coordinated Functional Registration with MISO as the Local Balancing Authority; HMP&L is a MISO Transmission Owning Member and Market Participant. Program cells not verified within search budget.,2026-09-24
8846,CITY OF HOPKINSVILLE,KY,12869,Hopkinsville Electric System,TVA,Municipal,No,,Yes,https://energyright.com/residential/rebates/smartthermostat/,No,,Yes,https://energyright.com/business-industry/demand-response/powerflex/,TVA distributor; EnergyRight Smart Thermostat Rewards (res) and PowerFlex (C&I) apply per TVA system-wide shortcut; not verified per-LPC enrollment. Confirmed: all HES electricity purchased from TVA.,2026-09-24
9292,INTER COUNTY ENERGY COOP CORP,KY,27719,Inter-County Energy Cooperative,PJM,Cooperative,No,,Yes,https://www.ekpc.coop/energy-efficiency,Unknown,,Yes,https://www.ekpc.coop/energy-efficiency,EKPC owner-member cooperative (PJM); G&T-run SimpleSaver direct load control (res) and C&I Thermostat/interruptible programs apply system-wide; residential TOU rate and per-member Large Power Time-of-Day schedule not individually confirmed for this member.,2026-09-24
9575,JACKSON ENERGY COOP CORP - (KY),KY,52719,Jackson Energy Cooperative,PJM,Cooperative,No,,Yes,https://www.ekpc.coop/energy-efficiency,Unknown,,Yes,https://www.ekpc.coop/energy-efficiency,EKPC owner-member cooperative (PJM); G&T-run SimpleSaver direct load control (res) and C&I Thermostat/interruptible programs apply system-wide; residential TOU rate and per-member Large Power Time-of-Day schedule not individually confirmed for this member.,2026-09-24
9605,JACKSON PURCHASE ENERGY CORPORATION,KY,30459,Jackson Purchase Energy Corporation,MISO,Cooperative,No,https://www.kenergycorp.com/rates/,No,https://www.kenergycorp.com/rates/,No,https://www.kenergycorp.com/rates/,No,https://www.kenergycorp.com/rates/,Big Rivers Electric member (MISO); Big Rivers centrally manages DSM for its 3 members; Kenergy's own rate/program pages show no TOU rate or load-control program (Time-of-Day tariff withdrawn 1997); not individually reverified for this member.,2026-09-24
9964,KENERGY CORP,KY,59064,Kenergy Corp,MISO,Cooperative,No,https://www.kenergycorp.com/rates/,No,https://www.kenergycorp.com/rates/,No,https://www.kenergycorp.com/rates/,No,https://www.kenergycorp.com/rates/,Big Rivers Electric member (MISO); Big Rivers centrally manages DSM for its 3 members; Kenergy's own rate/program pages show no TOU rate or load-control program (Time-of-Day tariff withdrawn 1997); not individually reverified for this member.,2026-09-24
13676,"NORTH ARKANSAS ELEC COOP, INC",AR,38259,North Arkansas Electric Cooperative,MISO,Cooperative,Unknown,,Yes,https://www.naeci.com/load-management,Unknown,,Unknown,,"AECC member, north-central AR (Salem/Ash Flat/Mountain Home); RTO side genuinely ambiguous near MISO/SPP seam, treated as MISO (eastern two-thirds) with low confidence; confirmed residential AC/water-heater radio-switch load management program on own site",2026-09-09
13718,CITY OF NORTH LITTLE ROCK - (AR),AR,39748,North Little Rock Electric Department,MISO,Municipal,Unknown,,Unknown,,Unknown,,Unknown,,"Central Arkansas municipal, MISO territory; site not checked for rate/program detail within scan budget",2026-09-09
14289,OZARKS ELECTRIC COOP CORP - (AR),AR,85093,Ozarks Electric Cooperative,MISO,Cooperative,Yes,https://www.ozarksecc.com/service/rates,Unknown,,Unknown,,Unknown,,"AECC member, NW Arkansas (SPP side); residential EV Charging Rate is time-differentiated (off-peak 10pm-5am); C&I rate and dispatch programs not confirmed",2026-09-09
14446,PARAGOULD LIGHT & WATER COMM,AR,14211,"Paragould Light, Water & Cable",MISO,Municipal,Unknown,,Unknown,,Unknown,,Unknown,,"NE Arkansas municipal, MISO territory; site not checked for rate/program detail within scan budget",2026-09-09
14864,PETIT JEAN ELECTRIC COOP CORP,AR,20703,Petit Jean Electric Cooperative,SPP,Cooperative,Unknown,,Yes,https://www.pjecc.com/,Unknown,,Unknown,,"AECC member, Clinton/Marshall AR; confirmed on SPP side of RTO seam; own site lists load management among member services, though program mechanics not detailed",2026-09-09
1581,CITY OF BENTON - (AR),AR,14777,City of Benton Utilities,MISO,Municipal,Unknown,,Unknown,,Unknown,,Unknown,,"Central Arkansas municipal, MISO territory; site not checked for rate/program detail within scan budget",2026-09-09
1586,CITY OF BENTONVILLE - (AR),AR,27118,Bentonville Municipal Utilities,SPP,Municipal,Unknown,,Unknown,,Unknown,,Unknown,,"NW Arkansas municipal, SPP territory; site not checked for rate/program detail within scan budget",2026-09-09
17540,"SOUTH CENTRAL ARK EL COOP, INC",AR,10517,South Central Arkansas Electric Cooperative,MISO,Cooperative,Unknown,,Unknown,,Unknown,,Unknown,,"AECC member, Arkadelphia area; RTO side ambiguous (near MISO/SPP seam), tentatively MISO; site not checked for rate/program detail",2026-09-09
17671,SOUTHWEST ARKANSAS E C C,AR,28866,Southwest Arkansas Electric Cooperative,SPP,Cooperative,Unknown,,Yes,https://swrea.com/about-us,Unknown,,Unknown,,"AECC member, Texarkana/SW Arkansas - SPP side; cooperative's own service rules reference a load management program members must participate in",2026-09-09
20382,CITY OF WEST MEMPHIS - (AR),AR,11855,West Memphis Utility Commission,MISO,Municipal,Unknown,,Unknown,,Unknown,,Unknown,,"East Arkansas municipal, MISO territory; site not checked for rate/program detail within scan budget",2026-09-09
20963,WOODRUFF ELECTRIC COOP CORP,AR,19937,Woodruff Electric Cooperative,MISO,Cooperative,Unknown,,Yes,https://www.woodruffelectric.coop/member-services/payment-billing/,Unknown,,Unknown,,"AECC member, Forrest City/E Arkansas - MISO side; own site lists a Load Control Program among member services",2026-09-09
2678,C & L ELECTRIC COOP CORP,AR,22247,C&L Electric Cooperative Corporation,MISO,Cooperative,Unknown,,Unknown,,Unknown,,Yes,https://www.clelectric.com/,"AECC member, Star City/SE Arkansas - MISO side; site references an Irrigation Rate Selection/Load Control Program (agricultural/C&I load control); residential dispatch and TOU rates not confirmed",2026-09-09
3093,CARROLL ELECTRIC COOP CORP - (AR),AR,113815,Carroll Electric Cooperative Corporation,SPP,Cooperative,No,https://www.carrollecc.com/rates,Unknown,,No,https://www.carrollecc.com/rates,Unknown,,"AECC member, NW Arkansas (SPP side); rate schedule is flat/demand-only (Rate 1-4, 14), no TOU; note - do not confuse with unrelated Ohio co-op of same name (cecpower.coop)",2026-09-09
3712,CLAY COUNTY ELECTRIC COOP CORP,AR,13200,Clay County Electric Cooperative,MISO,Cooperative,Unknown,,Unknown,,Unknown,,Unknown,,"AECC member, Corning/NE Arkansas - MISO side; site not checked for rate/program detail",2026-09-09
4280,CONWAY CORPORATION,AR,33263,Conway Corp,MISO,Municipal,Unknown,,Unknown,,Unknown,,Unknown,,"Central Arkansas municipal, MISO territory; electric-rates page (conwaycorp.com) did not return readable content within scan budget",2026-09-09
4509,CRAIGHEAD ELECTRIC COOP CORP,AR,31203,Craighead Electric Cooperative Corporation,MISO,Cooperative,Unknown,,Unknown,,Unknown,,Unknown,,"AECC member, Jonesboro/NE Arkansas - MISO side; site not checked for rate/program detail",2026-09-09
6342,FIRST ELECTRIC COOP CORP,AR,100458,First Electric Cooperative Corporation,MISO,Cooperative,Unknown,,Unknown,,Unknown,,Unknown,,"AECC member, central Arkansas (Jacksonville/Benton/Heber Springs/Perryville/Stuttgart) - MISO side; site (firstelectric.coop) did not return readable content for rates/programs check",2026-09-09
814,ENTERGY ARKANSAS LLC,AR,725187,Entergy Arkansas LLC,MISO,IOU,No,,No,,Yes,https://emobility.entergy.com/assets/images/homepage/eMobility%20Solutions%20Rates%20and%20Riders.pdf,Yes,http://www.entergyarkansas.com/wp-content/uploads/2024/11/eal_ois.pdf,,2026-08-08
817,ARKANSAS VALLEY ELEC COOP CORP,AR,61961,Arkansas Valley Electric Cooperative Corporation,SPP,Cooperative,Unknown,,Unknown,,Unknown,,Unknown,,"AECC member, west-central Arkansas (Ozark/Waldron/Van Buren) - SPP side; site not checked for rate/program detail",2026-09-09
9879,CITY WATER AND LIGHT PLANT,AR,39720,City Water & Light (Jonesboro),MISO,Municipal,Unknown,,Unknown,,Unknown,,Unknown,,"Jonesboro, NE Arkansas municipal, MISO territory; site not checked for rate/program detail within scan budget",2026-09-09
11241,ENTERGY LOUISIANA LLC,LA,1102550,Entergy Louisiana LLC,MISO,IOU,No,,No,,Yes,https://emobility.entergy.com/assets/images/homepage/eMobility%20Solutions%20Rates%20and%20Riders.pdf,Yes,https://www.entergylouisiana.com/wp-content/uploads/ell_elec_eio.pdf,,2026-08-08
13478,"ENTERGY NEW ORLEANS, LLC",LA,208865,Entergy New Orleans LLC,MISO,IOU,No,,Yes,https://lailluminator.com/2026/02/25/new-orleans-battery/,No,,No,,,2026-08-08
13783,NORTHEAST LOUISIANA POWER COOP INC.,LA,17538,Northeast Louisiana Power Cooperative,MISO,Cooperative,Unknown,,Unknown,,Unknown,,Unknown,,"MISO South territory (Monroe area, NE Louisiana); site not checked for rate/program detail within scan budget",2026-09-09
1458,"BEAUREGARD ELECTRIC COOP, INC",LA,43980,Beauregard Electric Cooperative,MISO,Cooperative,Unknown,,Unknown,,Unknown,,Unknown,,"MISO South territory (DeRidder, SW Louisiana); site not checked for rate/program detail within scan budget",2026-09-09
15175,POINTE COUPEE ELEC MEMBER CORP,LA,10658,Pointe Coupee Electric Membership Corporation,MISO,Cooperative,Unknown,,Unknown,,Unknown,,Unknown,,"MISO South territory (New Roads, central Louisiana); site not checked for rate/program detail within scan budget",2026-09-09
16463,CITY OF RUSTON - (LA),LA,11531,Ruston Utilities / LEPA,MISO,Municipal,Unknown,,Unknown,,Unknown,,Unknown,,"Louisiana municipal (Ruston, N Louisiana), MISO South territory via LEPA; site not checked for rate/program detail within scan budget",2026-09-09
17565,SOUTH LOUISIANA ELEC COOP ASSN,LA,21430,South Louisiana Electric Cooperative Assn (SLECA),MISO,Cooperative,Unknown,,Unknown,,Unknown,,Unknown,,"MISO South territory (Houma/Thibodaux area, SE Louisiana); site (sleca.com) did not return readable content within scan budget",2026-09-09
17684,SOUTHWEST LOUISIANA E M C,LA,114256,Southwest Louisiana Electric Membership Corporation,MISO,Cooperative,Unknown,,Unknown,,Unknown,,Unknown,,"MISO South territory (SW Louisiana, Lake Charles/Jennings area); site not checked for rate/program detail within scan budget",2026-09-09
21567,"WASHINGTON-ST TAMMANY E C, INC",LA,54475,Washington-St Tammany Electric Cooperative,MISO,Cooperative,Unknown,,Unknown,,Unknown,,Unknown,,MISO South territory (SE Louisiana); site not checked for rate/program detail within scan budget,2026-09-09
298,CITY OF ALEXANDRIA - (LA),LA,23441,Alexandria Municipal Utilities / LEPA,MISO,Municipal,Unknown,,Unknown,,Unknown,,Unknown,,"Louisiana municipal, MISO South territory via Louisiana Energy and Power Authority (LEPA); site not checked for rate/program detail within scan budget",2026-09-09
3265,CLECO POWER LLC,LA,292770,Cleco Power LLC,MISO,IOU,No,,No,,No,,Yes,https://www.cleco.com/docs/default-source/rates-and-fees/other-documents/2026/00-index-of-rate-schedules-and-riders-04-01-2026-clean.pdf,,2026-08-08
3641,"CLAIBORNE ELECTRIC COOP, INC",LA,24236,Claiborne Electric Cooperative,SPP,Cooperative,Unknown,,Unknown,,Unknown,,Unknown,,"Far northwest Louisiana (Homer, near AR/TX border) - tentatively SPP per regional pattern of NW Louisiana co-ops; site not checked for rate/program detail within scan budget",2026-09-09
4153,"CONCORDIA ELECTRIC COOP, INC",LA,13804,Concordia Electric Cooperative,MISO,Cooperative,Unknown,,Unknown,,Unknown,,Unknown,,"MISO South territory (Ferriday, east-central Louisiana); site not checked for rate/program detail within scan budget",2026-09-09
5202,DIXIE ELECTRIC MEMBERSHIP CORP,LA,115265,Dixie Electric Membership Corp (DEMCO),MISO,Cooperative,Yes,https://demco.org/residential-time-use-rates,Unknown,,Unknown,,Unknown,,,2026-08-08
8884,TERREBONNE PARISH CONSOL GOV'T,LA,13757,Terrebonne Parish Consolidated Government - Electric Dept,MISO,Municipal,Unknown,,Unknown,,Unknown,,Unknown,,"Louisiana municipal (Houma), MISO South territory; site not checked for rate/program detail within scan budget",2026-09-09
9096,CITY OF LAFAYETTE - (LA),LA,70865,Lafayette Utilities System,MISO,Municipal,No,https://lus.org/rates/electric-rates/,Unknown,,No,https://lus.org/rates/electric-rates/,Unknown,,"LUS confirmed MISO member since 2013 (own site); electric rate schedules are flat (in-city/non-city residential, small/large commercial, schools/churches) with fuel-adjustment and net-metering riders only, no TOU/CPP found; no dispatch/DR program found in site navigation",2026-09-09
9682,"JEFFERSON DAVIS ELEC COOP, INC",LA,10257,Jefferson Davis Electric Cooperative,MISO,Cooperative,Unknown,,Unknown,,Unknown,,Unknown,,"MISO South territory (Jennings, SW Louisiana); site not checked for rate/program detail within scan budget",2026-09-09
11519,MAGNOLIA ELECTRIC POWER ASSN,MS,32914,Magnolia Electric Power Association,MISO,Cooperative,Unknown,,Unknown,,Unknown,,Unknown,,Cooperative Energy (MISO South) member; site (mepcoop.com) not directly reviewed for rate/program detail,2026-09-09
12685,ENTERGY MISSISSIPPI LLC,MS,459673,Entergy Mississippi LLC,MISO,IOU,No,,No,,Yes,https://emobility.entergy.com/assets/images/homepage/eMobility%20Solutions%20Rates%20and%20Riders.pdf,No,,,2026-08-08
12686,MISSISSIPPI POWER CO,MS,191431,Mississippi Power Co (Southern Co),MISO,IOU,Yes,https://www.mississippipower.com/residential/products-and-services/electric-vehicles.html,No,,Yes,https://www.mississippipower.com/content/dam/mississippi-power/pdfs/business/pricing-and-rates/index/2023/Index.pdf,No,,,2026-08-08
13227,NATCHEZ TRACE ELEC POWER ASSN,MS,16084,Natchez Trace Electric Power Association,TVA,Cooperative,No,,No,https://www.thermostatrewards.com/tvalpc/faq/,Unknown,,Yes,https://energyright.com/business-industry/demand-response/powerflex/,TVA distributor; not on Smart Thermostat Rewards LPC list; enrolled in PowerFlex,2026-09-09
13412,CITY OF NEW ALBANY - (MS),MS,11148,"New Albany Light, Gas & Water",TVA,Municipal,No,,Yes,https://www.thermostatrewards.com/tvalpc/faq/,Unknown,,Yes,https://energyright.com/business-industry/demand-response/powerflex/,TVA distributor; on Smart Thermostat Rewards + PowerFlex LPC lists,2026-09-09
13735,NORTHCENTRAL MISSISSIPPI E P A,MS,34549,Northcentral Electric Cooperative (Northcentral EPA),TVA,Cooperative,No,,Yes,https://www.thermostatrewards.com/tvalpc/faq/,Unknown,,Yes,https://energyright.com/business-industry/demand-response/powerflex/,TVA distributor; on Smart Thermostat Rewards + PowerFlex LPC lists,2026-09-09
14275,CITY OF OXFORD - (MS),MS,10175,Oxford Utilities,TVA,Municipal,No,,No,https://www.thermostatrewards.com/tvalpc/faq/,Unknown,,Yes,https://energyright.com/business-industry/demand-response/powerflex/,TVA distributor; not on Smart Thermostat Rewards LPC list; enrolled in PowerFlex (as Oxford Utilities),2026-09-09
14563,PEARL RIVER VALLEY EL PWR ASSN,MS,52678,Pearl River Valley Electric Power Association,MISO,Cooperative,No,https://help.prvepa.com/article/33-rates-for-services,Unknown,,No,https://help.prvepa.com/article/33-rates-for-services,Unknown,,"Cooperative Energy (MISO South) member; only flat General/Large General/Large Power/Extra Large Power/Bulk Power schedules listed, no TOU found; dispatch programs not checked",2026-09-09
15211,PONTOTOC ELECTRIC POWER ASSN,MS,20202,Pontotoc Electric Power Association,TVA,Cooperative,No,,No,https://www.thermostatrewards.com/tvalpc/faq/,Unknown,,Yes,https://energyright.com/business-industry/demand-response/powerflex/,TVA distributor; not on Smart Thermostat Rewards LPC list; enrolled in PowerFlex,2026-09-09
15334,PRENTISS COUNTY ELEC PWR ASSN,MS,14036,Prentiss County Electric Power Association,TVA,Cooperative,No,,No,https://www.thermostatrewards.com/tvalpc/faq/,Unknown,,Yes,https://energyright.com/business-industry/demand-response/powerflex/,TVA distributor; not on Smart Thermostat Rewards LPC list; enrolled in PowerFlex,2026-09-09
17252,SINGING RIVER ELEC COOPERATIVE,MS,78324,Singing River Electric Cooperative,MISO,Cooperative,No,https://singingriver.com/my-home/,Unknown,,Unknown,,Unknown,,"Cooperative Energy (MISO South) member; only flat RS-23 residential rate listed, no TOU; business rate page not checked; Comfort Advantage is efficiency-only, not dispatch",2026-09-09
17647,SOUTHERN PINE ELECTRIC COOPERATIVE,MS,69822,Southern Pine Electric,MISO,Cooperative,Yes,https://southernpine.coop/documents/residential-community-and-general-farm-servicetime-of-userate-schedule-a-tou-billing-code-108/,Unknown,,Unknown,,Unknown,,Cooperative Energy (MISO South) member; residential Schedule A-TOU confirmed; C&I rate and dispatch programs not checked,2026-09-09
17683,SOUTHWEST MISSISSIPPI E P A,MS,25559,Southwest Mississippi Electric Power Association,MISO,Cooperative,No,https://southwestelectric.coop/residential-rates/,Unknown,,Unknown,,Unknown,,"Cooperative Energy (MISO South) member; only flat Rate 1/13/101/113/201/213 residential schedules, no TOU found; C&I rate and dispatch not checked",2026-09-09
18006,CITY OF STARKVILLE,MS,14294,Starkville Electric Department (Starkville Utilities),TVA,Municipal,No,,No,https://www.thermostatrewards.com/tvalpc/faq/,Unknown,,Yes,https://energyright.com/business-industry/demand-response/powerflex/,TVA distributor; not on Smart Thermostat Rewards LPC list; enrolled in PowerFlex,2026-09-09
18447,TALLAHATCHIE VALLEY E P A,MS,28288,Tallahatchie Valley Electric Power Association,TVA,Cooperative,No,,Yes,https://www.thermostatrewards.com/tvalpc/faq/,Unknown,,Yes,https://energyright.com/business-industry/demand-response/powerflex/,TVA distributor; on Smart Thermostat Rewards + PowerFlex LPC lists,2026-09-09
18943,TIPPAH ELECTRIC POWER ASSN,MS,15862,Tippah Electric Power Association,TVA,Cooperative,No,,No,https://www.thermostatrewards.com/tvalpc/faq/,Unknown,,Yes,https://energyright.com/business-industry/demand-response/powerflex/,TVA distributor; not on Smart Thermostat Rewards LPC list; enrolled in PowerFlex,2026-09-09
18951,TISHOMINGO COUNTY E P A,MS,13803,Tishomingo County Electric Power Association,TVA,Cooperative,No,,Yes,https://www.thermostatrewards.com/tvalpc/faq/,Unknown,,Yes,https://energyright.com/business-industry/demand-response/powerflex/,TVA distributor; on Smart Thermostat Rewards + PowerFlex LPC lists,2026-09-09
18961,TWIN COUNTY ELECTRIC PWR ASSN,MS,12107,Twin County Electric Power Association,MISO,Cooperative,No,https://www.twincoepa.com/member-services/basic-rates-fees/,Unknown,,No,https://www.twincoepa.com/member-services/basic-rates-fees/,Unknown,,"Cooperative Energy (MISO South) member; only flat per-kWh residential rates listed, no TOU or dispatch program found",2026-09-09
19007,TOMBIGBEE ELECTRIC POWER ASSN,MS,45120,Tombigbee Electric Power Association,TVA,Cooperative,No,,No,https://www.thermostatrewards.com/tvalpc/faq/,Unknown,,Yes,https://energyright.com/business-industry/demand-response/powerflex/,TVA distributor; not on TVA Smart Thermostat Rewards LPC list; enrolled in TVA PowerFlex,2026-09-09
19273,CITY OF TUPELO - (MS),MS,15604,Tupelo Water & Light Department,TVA,Municipal,No,,No,https://www.thermostatrewards.com/tvalpc/faq/,Unknown,,Yes,https://energyright.com/business-industry/demand-response/powerflex/,TVA distributor; not on Smart Thermostat Rewards LPC list; enrolled in PowerFlex,2026-09-09
21114,YAZOO VALLEY ELEC POWER ASSN,MS,10452,Yazoo Valley Electric Power Association,MISO,Cooperative,Yes,https://www.yazoovalley.com/index.php/your-bill/,Unknown,,Unknown,,Unknown,,Cooperative Energy (MISO South) member; residential 'Smart Saver' plan requires usage cuts on flagged peak days (peak-time-rebate style); C&I rate and dispatch not checked,2026-09-09
22815,DELTA ELECTRIC POWER ASSN,MS,28738,Delta Electric Power Association,MISO,Cooperative,Unknown,,Unknown,,Unknown,,Unknown,,Cooperative Energy (MISO South) member; site (deltaepa.com) not directly reviewed for rate/program detail,2026-09-09
276,ALCORN COUNTY ELEC POWER ASSN,MS,18955,Alcorn County Electric Power Association,TVA,Cooperative,No,,Yes,https://www.thermostatrewards.com/tvalpc/faq/,Unknown,,Yes,https://energyright.com/business-industry/demand-response/powerflex/,TVA distributor; on Smart Thermostat Rewards + PowerFlex LPC lists,2026-09-09
2849,CENTRAL ELECTRIC POWER ASSN - (MS),MS,38271,Central Electric Power Association,TVA,Cooperative,No,,Yes,https://www.thermostatrewards.com/tvalpc/faq/,Unknown,,Yes,https://energyright.com/business-industry/demand-response/powerflex/,"TVA distributor (confirmed via TVA LPC page, not Cooperative Energy despite similar-sounding name); on Smart Thermostat Rewards + PowerFlex",2026-09-09
3841,COAST ELECTRIC POWER ASSN,MS,87535,Coast Electric Power Association,MISO,Cooperative,Yes,https://coastelectric.coop/my-home/time-of-use-rates/,Unknown,,Yes,https://coastelectric.coop/my-business/business-time-of-use-rates/,Unknown,,Cooperative Energy (MISO South) member; residential + business TOU rates confirmed; no dispatch program confirmed on site,2026-09-09
40302,NORTH EAST MISSISSIPPI EPA,MS,28498,North East Mississippi Electric Power Association,TVA,Cooperative,No,,No,https://www.thermostatrewards.com/tvalpc/faq/,Unknown,,Yes,https://energyright.com/business-industry/demand-response/powerflex/,TVA distributor; not on Smart Thermostat Rewards LPC list; enrolled in PowerFlex,2026-09-09
40303,MONROE COUNTY ELEC POWER ASSN,MS,11603,Monroe County Electric Power Association,TVA,Cooperative,No,,No,https://www.thermostatrewards.com/tvalpc/faq/,Unknown,,Yes,https://energyright.com/business-industry/demand-response/powerflex/,TVA distributor; not on Smart Thermostat Rewards LPC list; enrolled in PowerFlex,2026-09-09
4068,CITY OF COLUMBUS - (MS),MS,12698,Columbus Light and Water Department,TVA,Municipal,No,,Yes,https://www.thermostatrewards.com/tvalpc/faq/,Unknown,,Yes,https://energyright.com/business-industry/demand-response/powerflex/,TVA distributor; on Smart Thermostat Rewards + PowerFlex LPC lists,2026-09-09
5175,DIXIE ELECTRIC POWER ASSN,MS,40789,Dixie Electric Power Association,MISO,Cooperative,No,https://www.dixieepa.com/your-account/rates-fees/,Unknown,,Unknown,,Unknown,,"Cooperative Energy (MISO South) member; standard flat rate schedule (R-15 residential), no TOU found; C&I rate and dispatch not checked",2026-09-09
5578,EAST MISSISSIPPI ELEC PWR ASSN,MS,13075,East Mississippi Electric Power Association,MISO,Cooperative,No,,No,https://www.thermostatrewards.com/tvalpc/faq/,Unknown,,Yes,https://energyright.com/business-industry/demand-response/powerflex/,TVA distributor; not on Smart Thermostat Rewards LPC list; enrolled in PowerFlex,2026-09-09
6641,4-COUNTY ELECTRIC POWER ASSN,MS,50331,4-County Electric Power Association,TVA,Cooperative,No,,No,https://www.thermostatrewards.com/tvalpc/faq/,Unknown,,Yes,https://energyright.com/business-industry/demand-response/powerflex/,TVA distributor; not on TVA Smart Thermostat Rewards LPC list; enrolled in TVA PowerFlex C&I demand response,2026-09-09
8748,CITY OF HOLLY SPRINGS,MS,11983,Holly Springs Utility Department,TVA,Municipal,No,,No,https://www.thermostatrewards.com/tvalpc/faq/,Unknown,,Yes,https://energyright.com/business-industry/demand-response/powerflex/,TVA distributor; not on Smart Thermostat Rewards LPC list; enrolled in PowerFlex,2026-09-09
12087,MCKENZIE ELECTRIC COOP INC,ND,13456,McKenzie Electric Cooperative,Other-nonRTO,Cooperative,Unknown,,Unknown,,Unknown,,Unknown,,"Power suppliers are Basin Electric Power Cooperative and Upper Missouri Power Cooperative; far-western ND, likely WECC/non-RTO. No load-management or rate program page located on mckenzieelectric.com within scan budget.",2026-09-09
12199,MONTANA-DAKOTA UTILITIES CO,ND,144561,Montana-Dakota Utilities Co.,MISO,IOU,Unknown,,Unknown,,Unknown,,Yes,https://www.montana-dakota.com/rates-services/,,2026-08-08
12301,NODAK ELECTRIC COOP INC,ND,20769,Nodak Electric Cooperative,MISO,Cooperative,Yes,https://www.nodakelectric.com/what-peak,Yes,https://www.nodakelectric.com/what-peak,Unknown,,Yes,https://www.minnkota.com/our-programs/demand-response,Minnkota Power Cooperative member.,2026-09-09
12899,MOR-GRAN-SOU ELECTRIC COOP INC,ND,10222,Mor-Gran-Sou Electric Cooperative,MISO,Cooperative,Yes,https://www.morgransou.com/electric-heat,No,https://www.morgransou.com/electric-heat,Unknown,,Unknown,,"Basin Electric Power Cooperative supplier; south-central ND (Morton/Grant/Sioux counties), likely MISO footprint. Own site explicitly states: 'Electric heat is not currently controlled, but control may be required in the future if Basin Electric...initiates a load management program.'",2026-09-09
13196,NORTHERN PLAINS ELECTRIC COOP,ND,11869,Northern Plains Electric Cooperative,Unknown,Cooperative,Unknown,,Unknown,,Unknown,,Unknown,,No rates/DR/load-management pages found in nplains.com site navigation during fast scan; power supplier (Minnkota vs. Central Power/Basin) and RTO not confirmed.,2026-09-09
19790,VERENDRYE ELECTRIC COOP INC,ND,16586,Verendrye Electric Cooperative,MISO,Cooperative,Yes,https://verendrye.com/peak-program,Yes,https://verendrye.com/peak-program,Unknown,,Yes,https://verendrye.com/peak-program,"G&T is Central Power Electric Cooperative (Basin Electric sub-member); MISO per MISO TO rate data. Peak program covers water heaters, AC, heat pumps, irrigation and whole-business backup generators.",2026-09-09
20413,MOUNTRAIL-WILLIAMS ELEC COOP,ND,18582,Mountrail-Williams Electric Cooperative,Other-nonRTO,Cooperative,Yes,https://www.mwec.com/ac-heat,Yes,https://www.mwec.com/water-heater-program,Unknown,,Unknown,,"Northwestern ND (Williston/Stanley area) - Basin Electric/WAPA territory, likely WECC/non-RTO.",2026-09-09
24949,CASS COUNTY ELEC COOP INC,ND,56631,Cass County Electric Cooperative,MISO,Cooperative,Yes,https://casscountyelectric.com/energy-management,Yes,https://casscountyelectric.com/energy-management,Unknown,,Yes,https://www.minnkota.com/our-programs/demand-response,"Minnkota Power Cooperative (G&T) member; off-peak program covers heating, water heating and EV charging.",2026-09-09
2985,"CAPITAL ELECTRIC COOP, INC",ND,21791,Capital Electric Cooperative,MISO,Cooperative,Unknown,,Unknown,,Unknown,,Unknown,,"Member of Central Power Electric Cooperative (G&T), which buys from Basin Electric; no load-management/rate program page located on capitalelec.com during fast scan.",2026-09-09
55959,ROUGHRIDER ELECTRIC COOPERATIV,ND,14975,Roughrider Electric Cooperative,Other-nonRTO,Cooperative,Yes,https://www.roughriderelectric.com/water-heaters,Yes,https://www.roughriderelectric.com/water-heaters,Unknown,,Unknown,,"Power suppliers: Basin Electric Power Cooperative and Western Area Power Administration (WAPA); far-western ND, likely WECC/non-RTO rather than MISO/SPP.",2026-09-09
13809,NORTHWESTERN ENERGY - (SD),SD,64386,NorthWestern Energy (South Dakota),Other-nonRTO,IOU,Unknown,,Unknown,,Unknown,,Unknown,,SD tariff shows demand-differentiated/shoulder-period schedules but no clear residential price-signal or DR program page found on own site during fast scan.,2026-09-09
17267,SIOUX VALLEY SW ELEC COOP,SD,27860,Sioux Valley Energy,SPP,Cooperative,Yes,https://www.siouxvalleyenergy.com/load-management,Yes,https://www.siouxvalleyenergy.com/load-management,Unknown,,Yes,https://www.siouxvalleyenergy.com/load-management,"East River Electric Power Cooperative (SD, SPP) / L&O Power (MN) supplier. One of the first co-ops in the US with a load management program (40+ years); controls irrigation (ag/commercial) as well as residential water heaters.",2026-09-09
1769,"BLACK HILLS ELECTRIC COOP, INC",SD,11014,Black Hills Electric Cooperative,Other-nonRTO,Cooperative,Yes,https://www.bhec.coop/peak-demand-times,Yes,https://www.bhec.coop/peak-demand-times,Unknown,,Unknown,,"Basin Electric supplier; Custer SD (Black Hills/WECC area, non-RTO). Distinct from investor-owned Black Hills Power/Energy. Seasonal peak/off-peak periods plus Demand Response Unit, Water Heater Timer and Demand Controller device programs confirmed on own site.",2026-09-09
19293,SOUTHEASTERN ELECTRIC COOP INC - (SD),SD,21286,Southeastern Electric Cooperative,SPP,Cooperative,Yes,https://southeasternelectric.com/demand/,Yes,https://southeasternelectric.com/load-control/,Unknown,,Unknown,,East River Electric Power Cooperative (SPP) supplier; load control administered by East River.,2026-09-09
19545,"BLACK HILLS POWER, INC.",SD,75131,Black Hills Power (Black Hills Energy),Other-nonRTO,IOU,Yes,https://puc.sd.gov/commission/tariffs/Electric/BHP/section3A/6.pdf,Yes,https://www.blackhillsenergy.com/services/demand-controller-program,Unknown,,Unknown,,"SD investor-owned utility (Rapid City area), WECC non-RTO. TOU-metered Full/Partial Storage rate confirmed via SD PUC tariff.",2026-09-09
20187,WATERTOWN MUNICIPAL UTILITIES,SD,13697,Watertown Municipal Utilities,MISO,Municipal,Unknown,,Unknown,,Unknown,,Unknown,,Rate sheet PDFs found (watertownmu.com) but not reviewed in detail within scan budget; no program pages surfaced in search.,2026-09-09
20401,WEST RIVER ELECTRIC ASSN INC,SD,19357,West River Electric Association,Other-nonRTO,Cooperative,Unknown,,Yes,https://www.westriver.coop/demand-response-program,Unknown,,Unknown,,"Basin Electric Class C member, western SD (WECC/non-RTO territory). Demand Response Unit installed on water heater/AC confirmed; 'Peak Times' rate page found but content not text-extractable.",2026-09-09
2285,CITY OF BROOKINGS - (SD),SD,11726,Brookings Municipal Utilities,MISO,Municipal,Yes,https://www.brookingsutilities.com/Services,Yes,https://www.brookingsutilities.com/Services,Unknown,,Yes,https://www.brookingsutilities.com/Services,Program specifics (Load Management Participating Residential - Interruptible/heat meter rate; Interruptible Electric Rate for customers >=50kW) confirmed via secondary sources (OpenEI/WattBuy utility rate database quoting BMU tariff); not independently verified on BMU's own detailed rate pages during fast scan.,2026-09-09
3461,CHEYENNE LIGHT FUEL & POWER,SD,44415,"Cheyenne Light, Fuel and Power Company (Black Hills Energy)",Other-nonRTO,IOU,Unknown,,Unknown,,No,https://www.blackhillsenergy.com/billing-and-payments/rates-and-regulatory-information/cheyenne-regulatory-rate-review,Unknown,,"HIFLD lists hifld_state=SD but this utility serves Cheyenne, WY (WECC, non-RTO); likely data quirk. Checked commercial rate review: flat demand charges by class only, not shifting-oriented.",2026-09-09
56146,"BLACK HILLS COLORADO ELECTRIC, LLC",SD,100423,Black Hills Energy (Colorado Electric),WECC-nonRTO,IOU,Yes,https://www.blackhillsenergy.com/efficiency-and-savings/welcome-ready-ev/welcome-colorado-ready-ev/residential-time-day-rates,Yes,https://www.blackhillsenergy.com/services/demand-controller-program,Yes,https://www.blackhillsenergy.com/efficiency-and-savings/welcome-ready-ev/welcome-colorado-ready-ev/commercial-time-day-rates,Unknown,,Residential and Commercial Time-of-Day rates (built for EV rebate requirement but open to all); Demand Controller (appliance load-control) counts as res_dispatch; no C&I curtailable rider found,2026-09-26
15270,POTOMAC ELECTRIC POWER CO,DC,,Potomac Electric Power Co (Pepco DC),PJM,IOU,Yes,https://psc.maryland.gov/wp-content/uploads/Order-91917_ML-323522-9761-1.pdf,Yes,https://energywiserewards.pepco.com/,Yes,https://psc.maryland.gov/wp-content/uploads/Order-91917_ML-323522-9761-1.pdf,Yes,https://homeenergysavings.pepco.com/commercial/,,2026-08-08
55937,ENTERGY TEXAS INC.,TX,493592,Entergy Texas Inc,MISO,IOU,No,,Yes,https://greatergrid.com/enroll/programs/batteries/entergytxbattery,Yes,https://emobility.entergy.com/assets/images/homepage/eMobility%20Solutions%20Rates%20and%20Riders.pdf,No,,,2026-08-08
17698,SOUTHWESTERN ELECTRIC POWER CO,OK,551152,Southwestern Electric Power Co (SWEPCO),MISO,IOU,Unknown,,Unknown,,Unknown,,Yes,https://www.swepco.com/lib/docs/ratesandtariffs/Louisiana/LA_Tariff_Book_as_of_06-01-26.pdf,,2026-08-08
4226,CONSOLIDATED EDISON CO-NY INC,NY,3593840,Consolidated Edison Co of New York (Con Edison),NYISO,IOU,Yes,https://www.coned.com/en/accounts-billing/your-bill/standby-rates,Yes,https://www.coned.com/en/save-money/rebates-incentives-tax-credits/rebates-incentives-tax-credits-for-residential-customers/bring-your-thermostat-and-get-85,Yes,https://www.coned.com/en/accounts-billing/your-bill/standby-rates,Yes,https://www.coned.com/en/save-money/rebates-incentives-tax-credits/rebates-incentives-tax-credits-for-commercial-industrial-buildings-customers/smart-usage-rewards,,2026-08-08
13573,NIAGARA MOHAWK POWER CORP.,NY,1708924,Niagara Mohawk Power Corp (National Grid NY),NYISO,IOU,Yes,https://www.nationalgridus.com/Upstate-NY-Home/Voluntary-Time-of-Use-Rate/Voluntary-Time-of-Use-Rate,Yes,https://www.nationalgridus.com/Upstate-NY-Home/ConnectedSolutions/BatteryProgram,No,,Yes,https://www.nationalgridus.com/Upstate-NY-Home/ConnectedSolutions/BatteryProgram,,2026-08-08
11171,LONG ISLAND POWER AUTHORITY,NY,1151521,Long Island Power Authority / PSEG Long Island,NYISO,Federal/State,Yes,https://www.psegliny.com/timeofday,Yes,https://www.psegliny.com/saveenergyandmoney/greenenergy/peakload/csrp/faq,Yes,https://www.lipower.org/wp-content/uploads/2025/12/6.-Consideration-of-Approval-of-Tariff-Changes.pdf,Yes,https://www.psegliny.com/saveenergyandmoney/greenenergy/peakload/csrp/faq,,2026-08-08
13511,NEW YORK STATE ELEC & GAS CORP,NY,916522,New York State Electric & Gas Corp (NYSEG),NYISO,IOU,Yes,https://www.nyseg.com/account/understandyourbill/electricpricing/time-of-use-service-rate,Yes,https://www.nyserda.ny.gov/-/media/Project/Nyserda/Files/Programs/Energy-Storage/2026-01-22-Utility-DLM-Program-Overview.pdf,Yes,https://documents.dps.ny.gov/public/Common/ViewDoc.aspx?DocRefId=%7B6D5D4D48-AC64-4CF9-9C0C-54C67295B62A%7D,Yes,https://www.nyserda.ny.gov/-/media/Project/Nyserda/Files/Programs/Energy-Storage/2026-01-22-Utility-DLM-Program-Overview.pdf,,2026-08-08
16183,ROCHESTER GAS & ELECTRIC CORP,NY,390455,Rochester Gas & Electric Corp (RG&E),NYISO,IOU,Yes,https://www.rge.com/account/understandyourbill/pricing/time-of-use-rates,Yes,https://www.nyserda.ny.gov/-/media/Project/Nyserda/Files/Programs/Energy-Storage/2026-01-22-Utility-DLM-Program-Overview.pdf,Yes,https://documents.dps.ny.gov/public/Common/ViewDoc.aspx?DocRefId=%7B6D5D4D48-AC64-4CF9-9C0C-54C67295B62A%7D,Yes,https://www.nyserda.ny.gov/-/media/Project/Nyserda/Files/Programs/Energy-Storage/2026-01-22-Utility-DLM-Program-Overview.pdf,,2026-08-08
3249,CENTRAL HUDSON GAS & ELEC CORP,NY,322086,Central Hudson Gas & Electric Corp,NYISO,IOU,Yes,https://www.cenhud.com/en/my-energy/my-energy-options/time-of-use-billing/ev-time-of-use-rate/,Yes,https://www.nyserda.ny.gov/-/media/Project/Nyserda/Files/Programs/Energy-Storage/2026-01-22-Utility-DLM-Program-Overview.pdf,Yes,https://www.cenhud.com/globalassets/pdf/forms/tou-application.pdf,Yes,https://www.nyserda.ny.gov/-/media/Project/Nyserda/Files/Programs/Energy-Storage/2026-01-22-Utility-DLM-Program-Overview.pdf,,2026-08-08
14154,ORANGE & ROCKLAND UTILS INC,NY,240209,Orange & Rockland Utilities Inc (O&R),NYISO,IOU,Yes,https://www.oru.com/en/accounts-billing/your-bill/time-of-use,Yes,https://www.nyserda.ny.gov/-/media/Project/Nyserda/Files/Programs/Energy-Storage/2026-01-22-Utility-DLM-Program-Overview.pdf,Yes,https://www.oru.com/en/our-energy-future/electric-vehicles/new-york/electric-vehicle-charging-rewards,Yes,https://www.nyserda.ny.gov/-/media/Project/Nyserda/Files/Programs/Energy-Storage/2026-01-22-Utility-DLM-Program-Overview.pdf,,2026-08-08
9645,JAMESTOWN BOARD OF PUBLIC UTIL,NY,18583,Jamestown Board of Public Utilities (BPU),NYISO,Municipal,No,https://www.jamestownnybpu.gov/156/Electric,No,https://www.jamestownnybpu.gov/351/Reliable-Power,No,https://www.jamestownnybpu.gov/156/Electric,Yes,https://www.publicpower.org/periodical/article/new-general-manager-jamestown-board-public-utilities-details-open-access-fiber-network-project-flex,"Checked own electric rates page (basic/demand/energy/FAC charges only, no TOU) and Reliable Power business page (no residential DR/thermostat program). SC-6 'Flex Rate' is an economic-development discount for large industrial customers tied to load factor/investment (not a TOU or shifting-oriented design), but per Mar 2026 GM interview the SC-6 agreements include a demand-response component for enrolled industrials -- tariff leaves 124-130 (SC-6 detail) not directly reviewed, so ci_dispatch sourced to trade-press interview not the tariff itself.",2026-09-10
5930,VILLAGE OF FAIRPORT - (NY),NY,17826,Fairport Electric (Fairport Municipal Commission),NYISO,Municipal,No,https://cms9files.revize.com/fairport/electric/Billing/12-1-25%20Billing%20Sheet.pdf,No,https://www.village.fairport.ny.us/departments/electric_department/energy_conservation.php,No,https://cms9files.revize.com/fairport/electric/Billing/12-1-25%20Billing%20Sheet.pdf,No,https://cms9files.revize.com/fairport/electric/Billing/12-1-25%20Billing%20Sheet.pdf,"Current (12/1/25) rate sheet shows flat seasonal energy charges for residential (SC1/2) and flat demand+energy charges for large commercial/industrial (SC3/4) -- no TOU, no interruptible/curtailable rider. Energy Conservation page offers only efficiency rebates (appliance, heat pump, commercial, battery yard equipment) via NYMPA's Independent Energy Efficiency Program (IEEP), which is an MEUA/NYMPA-run efficiency program, not a TOU or utility-dispatched device program.",2026-09-10
6775,VILLAGE OF FREEPORT - (NY),NY,15161,Freeport Electric (Village of Freeport),NYISO,Municipal,No,https://www.freeportelectric.com/2180/Electric-Rates,No,https://www.freeportelectric.com/2148/Green-Initiative,No,https://www.freeportelectric.com/2180/Electric-Rates,No,https://www.freeportelectric.com/2180/Electric-Rates,"Rates page (residential non-heating/heating, small and large commercial) shows only flat seasonal block energy rates and a flat per-kW demand charge for Large Commercial -- no TOU, no interruptible/curtailable rider. Green Initiative page covers EV fleet, solar incentive, and efficient streetlighting pilots only -- no residential or C&I dispatch program found.",2026-09-10
16217,VILLAGE OF ROCKVILLE CENTRE - (NY),NY,10805,Rockville Centre Electric Department,NYISO,Municipal,No,https://www.rvcny.gov/electric-department/pages/electric-rates,Yes,https://documents.dps.ny.gov/public/Common/ViewDoc.aspx?DocRefId=%7BE0A68098-0000-C75A-A009-5F980FA12D2E%7D,No,https://www.rvcny.gov/electric-department/pages/electric-rates,Yes,https://documents.dps.ny.gov/public/Common/ViewDoc.aspx?DocRefId=%7BE0A68098-0000-C75A-A009-5F980FA12D2E%7D,"Residential rate is an inclining block (first/over 500 kWh) not TOU; Large Commercial has a flat per-kW demand charge, not a shifting-oriented design. However RVC's own 2024-2025 PSC energy-efficiency results report (Case 07-E-1303) describes a 'Residential and Small Commercial Demand Response Rebate': a utility-run DSM smart-thermostat program that is dispatched on curtailment event days (e.g. event called 7/16/2024, 158 customers, 0.3 MW curtailed) -- this is a true dispatch program covering both residential and small commercial customers, so both res_dispatch and ci_dispatch = Yes. HIFLD's ownership_type of 'NOT AVAILABLE' appears to be a data gap -- RVC's Electric Department is operated directly by the Village government, confirmed Municipal.",2026-09-10
15145,CITY OF PLATTSBURGH - (NY),NY,10196,Plattsburgh Municipal Lighting Department (PMLD),NYISO,Municipal,No,http://cityofplattsburgh.com/sites/cityofplattsburgh.com/files/municipal-lighting-department/TARIFF%20PAGES.pdf,No,http://cityofplattsburgh.com/sites/cityofplattsburgh.com/files/municipal-lighting-department/TARIFF%20PAGES.pdf,No,http://cityofplattsburgh.com/sites/cityofplattsburgh.com/files/municipal-lighting-department/TARIFF%20PAGES.pdf,No,http://cityofplattsburgh.com/sites/cityofplattsburgh.com/files/municipal-lighting-department/TARIFF%20PAGES.pdf,"Reviewed PMLD's full DPS-filed tariff (PSC No. 1, all leaves): Residential (SC1), General Service non-demand (SC2), General Service demand-metered (SC4), Large General Service (SC6), and Private Outdoor Lighting (SC7). All rate designs are flat seasonal (winter/summer) energy and/or demand charges; SC6 sets on-peak hours (9am-10pm) only for measuring demand, not for differential pricing or dispatch. No TOU, CPP/PTR, interruptible/curtailable rider, or DR/dispatch program of any kind found in the tariff.",2026-09-10
11804,MASSACHUSETTS ELECTRIC CO,MA,1353871,Massachusetts Electric Co (National Grid MA),ISO-NE,IOU,Yes,https://www.nationalgridus.com/electric-vehicle-hub/Programs/Massachusetts/Off-Peak-Charging-Program,Yes,https://www.nationalgridus.com/media/pdfs/resi-ways-to-save/ma_resi_battery_program_materials.pdf,Yes,https://www.nationalgridus.com/media/pdfs/billing-payments/tariffs/mae/meco_g3.pdf,Yes,https://www.nationalgridus.com/media/pdfs/resi-ways-to-save/ma_resi_battery_program_materials.pdf,ConnectedSolutions battery+thermostat (both res_dispatch); G-3 TOU >200kW; residential TOU/EV rate filed w/ DPU but could not confirm live public enrollment page,2026-09-26
13206,NANTUCKET ELECTRIC CO,MA,14166,National Grid Massachusetts (Nantucket Electric Co),ISO-NE,IOU,Unknown,,Yes,https://www.rienergy.com/site/-/media/rie-jss-app/home/ways-to-save/rebates-and-savings-programs/connectedsolutions/thermostat-program/rie_program_guide_byo_thermostat.ashx,Yes,https://www.nationalgridus.com/media/pdfs/billing-payments/tariffs/mae/meco_g3.pdf,Yes,https://www.nationalgridus.com/MA-Business/Energy-Saving-Programs/ConnectedSolutions,"HIFLD files Nantucket Electric Co separately, but it is National Grid MA's island subsidiary sharing the same MECO/NG tariffs and ConnectedSolutions program (island explicitly named as a ConnectedSolutions+ eligible area); same programs/rows as Massachusetts Electric Co (eia 11804) apply",2026-09-26
14328,PACIFIC GAS & ELECTRIC CO.,CA,5604453,Pacific Gas and Electric Co (PG&E),CAISO,IOU,Yes,https://www.pge.com/tariffs/assets/pdf/tariffbook/ELEC_SCHEDS_E-ELEC.pdf,Yes,https://www.pge.com/tariffs/assets/pdf/tariffbook/ELEC_SCHEDS_E-CBP.pdf,Yes,https://www.pge.com/en/account/rate-plans/peak-day-pricing.html,Yes,https://www.cpuc.ca.gov/industries-and-topics/electrical-energy/electric-costs/demand-response-dr/emergency-load-reduction-program,,2026-08-08
17609,SOUTHERN CALIFORNIA EDISON CO,CA,5223105,Southern California Edison Co (SCE),CAISO,IOU,Yes,https://www.sce.com/save-money/rates-financing/residential-rate-plans/time-of-use-plans,Yes,https://www.sce.com/save-money/savings-programs/ways-to-save-at-home/what-is-demand-response,Yes,https://www.sce.com/business/rates-financing/rate-plans/critical-peak-pricing,Yes,https://www.sce.com/factsheet/emergency-load-reduction-program,,2026-08-08
16609,SAN DIEGO GAS & ELECTRIC CO,CA,1499750,San Diego Gas & Electric Co (SDG&E),CAISO,IOU,Yes,https://www.sdge.com/sites/default/files/regulatory/1-1-26%20Schedule%20TOU-DR1%20Total%20Rates%20Table.pdf,Yes,https://www.sdge.com/residential/savings-center/energy-saving-programs/reduce-your-use/demand-response-residential-programs/ELRP,Yes,https://www.sdge.com/sites/default/files/elec_elec-scheds_al-tou.pdf,Yes,https://www.cpuc.ca.gov/industries-and-topics/electrical-energy/electric-costs/demand-response-dr/emergency-load-reduction-program,,2026-08-08
11208,LOS ANGELES DEPARTMENT OF WATER & POWER,CA,1488920,Los Angeles Department of Water and Power (LADWP),WECC-nonRTO,Municipal,Yes,https://www.ladwp.com/account/understanding-your-rates/residential-electric-rates,Yes,https://www.ladwp.com/residential-services/programs-and-rebates-residential/demand-response-%E2%80%93-power-savers,No,,Yes,https://www.ladwp.com/residential-services/programs-and-rebates-residential/demand-response-%E2%80%93-power-savers,,2026-08-08
16534,SACRAMENTO MUNICIPAL UTIL DIST,CA,647097,Sacramento Municipal Utility District (SMUD),WECC-nonRTO,Municipal,Yes,https://www.smud.org/Rate-Information/Residential-rates/Time-of-Day-5-8pm-Rate,Yes,https://www.smud.org/Going-Green/Battery-storage/Homeowner,No,,No,,,2026-08-08
61432,CENTRAL COAST COMMUNITY ENERGY,CA,443755,Central Coast Community Energy (3CE),CAISO,Municipal,Yes,https://3cenergy.org/rebates/hourly-flex-pricing-pilot/,Yes,https://3cenergy.org/rebates/residential-battery-rebate-program/,Yes,https://3cenergy.org/rebates/hourly-flex-pricing-pilot/,Unknown,,"3CE is a Community Choice Aggregator (public JPA of Central Coast cities/counties) that sets generation rates for customers inside PG&E and SCE service territory (CAISO); PG&E/SCE own the wires, handle interconnection, and run C&I interruptible/DR programs (BIP, CBP, DRAM) that HFP participants cannot double-enroll in. 3CE co-runs residential/commercial/ag Hourly Flex Pricing (real-time hourly rate pilot w/ PG&E) and its Residential Battery Rebate Program (peak-hour discharge requirement, closed to new apps 3/2026) is being replaced by a true dispatchable VPP launching Fall 2026. ownership_type recorded as Municipal as closest fit (public agency, not a private IOU/co-op).",2026-09-16
9216,IMPERIAL IRRIGATION DISTRICT,CA,161630,Imperial Irrigation District (IID),WECC-nonRTO,Municipal,Yes,https://www.iid.com/power/rates-regulations/time-of-use,Unknown,,Unknown,,Unknown,,,2026-08-08
12745,MODESTO IRRIGATION DISTRICT,CA,132213,Modesto Irrigation District (MID),WECC-nonRTO,Municipal,Yes,https://www.mid.org/wp-content/uploads/2026-EV-D-RESIDENTIAL-TIME-OF-USE-PILOT.pdf,Unknown,,Unknown,,Unknown,,,2026-08-08
590,CITY OF ANAHEIM - (CA),CA,122391,City of Anaheim Public Utilities,CAISO,Municipal,No,,Yes,https://www.anaheim.net/5920/myPower-Savings,No,,No,,,2026-08-08
16088,CITY OF RIVERSIDE - (CA),CA,112235,Riverside Public Utilities,CAISO,Municipal,Yes,https://riversideca.gov/utilities/sites/riversideca.gov.utilities/files/pdf/rates-electric/2024/Electric%20Schedule%20DTOU%20-%20Effective%2001-1-24%20Final.pdf,No,,No,,No,,,2026-08-08
19281,TURLOCK IRRIGATION DISTRICT,CA,94399,Turlock Irrigation District (TID),CAISO,Municipal,Unknown,,Yes,https://www.tid.org/energysync/,Unknown,,Unknown,,,2026-08-08
7294,CITY OF GLENDALE - (CA),CA,90283,Glendale Water & Power,WECC-nonRTO,Municipal,Yes,https://www.glendaleca.gov/government/departments/glendale-water-and-power/rates/residential-electric-rates,Yes,https://www.glendaleca.gov/Home/Components/News/News/7902,No,,Yes,https://www.glendaleca.gov/Home/Components/News/News/7902,,2026-08-08
16295,CITY OF ROSEVILLE - (CA),CA,66941,Roseville Electric Utility,WECC-nonRTO,Municipal,No,https://www.roseville.ca.gov/electric_utility/rates/index.php,Yes,https://www.roseville.ca.gov/electric_utility/power_flex/index.php,Yes,https://www.roseville.ca.gov/electric_utility/rates/index.php,Yes,https://www.roseville.ca.gov/electric_utility/power_flex/index.php,"Balancing authority is BANC (Balancing Authority of Northern California), not CAISO. Residential rate is flat two-tier (no TOU/EV-TOU found on own rate sheet). GS-3/GS-4/GS-5 commercial rates have built-in Off-Peak/On-Peak/Super-Peak TOU energy charges. Power Flex (EnergyHub-run smart-thermostat DR, $25 enrollment + annual credit) covers both residential customers and small commercial GS-1 (Power Flex Business).",2026-09-16
14534,CITY OF PASADENA - (CA),CA,66452,Pasadena Water and Power,CAISO,Municipal,Yes,https://library.municode.com/ca/pasadena/codes/code_of_ordinances?nodeId=TIT13UTSE_CH13.04PORARE_13.04.177NEENME,No,https://pwp.cityofpasadena.net/smartthermostatrebate/,Yes,https://pwp.cityofpasadena.net/water-and-electric-rates/,Unknown,,Pasadena is in CAISO's balancing authority area (unlike neighboring Burbank/Glendale which sit in LADWP's own BA). Residential Schedule R-2 offers an optional TOU energy-charge option per municipal code (becoming default as interval meters roll out). Large commercial L-1/L-2 rates have built-in On-Peak/Off-Peak TOU energy charges. Smart Thermostat Rebate is a one-time purchase incentive only (no utility control/DR event language found) so marked No for res_dispatch. No C&I interruptible/curtailment/DSGS program found on PWP's own site.,2026-09-16
16655,CITY OF SANTA CLARA - (CA),CA,59555,Silicon Valley Power (City of Santa Clara),CAISO,Municipal,Yes,https://www.siliconvalleypower.com/home/showpublisheddocument/6253/639032058815300000,No,,Yes,https://www.siliconvalleypower.com/home/showpublisheddocument/6253/639032058815300000,No,,,2026-08-08
2507,CITY OF BURBANK WATER AND POWER,CA,53252,Burbank Water and Power,WECC-nonRTO,Municipal,Yes,https://www.burbankwaterandpower.com/electric/rates-and-charges,Yes,https://www.burbankwaterandpower.com/cool-rewards,Unknown,https://www.burbankwaterandpower.com/electric/rates-and-charges,Yes,https://www.burbankwaterandpower.com/cool-rewards,"Burbank (with Glendale) sits in LADWP's own balancing authority, not CAISO. Residential has an optional EV Time-of-Use rate (Summer On/Mid/Off-Peak). Cool Rewards is a bring-your-own-device smart-thermostat DR program open to both residential AND small commercial electric service (utility sends DR events that adjust the thermostat) -- counted for both res_dispatch and ci_dispatch. BWP also facilitates large C&I enrollment in the statewide DSGS program per city council documents, not yet confirmed on BWP's own program pages. Commercial rate schedules (Small/Medium/Large/XL General Service) are demand-charge based per the Adopted Fee Schedule Article X; no clear TOU/shifting-oriented commercial rate design found in the portions reviewed.",2026-09-16
57483,LIBERTY UTILITIES,CA,49989,Liberty Utilities (Granite State Electric),ISO-NE,IOU,Yes,https://california.libertyutilities.com/uploads/CalPeco%20Tariffs/Schedule%20No%20D-1%20TOU.pdf,Unknown,,Unknown,,Unknown,,"IOU, CPUC-regulated (tariffs filed as CPUC Advice Letters, unlike the municipal/irrigation-district targets in this cluster). Serves the South Lake Tahoe / Lake Tahoe basin area and sits in the NV Energy (Sierra Pacific Power) balancing authority area, not CAISO -- CalPeco procures nearly all its energy from NV Energy and has only limited CAISO ties. Optional residential Schedule TOU D-1 confirmed via own CPUC tariff sheet (capped enrollment, 1,500 meters cumulative with TOU A-1). Commercial Schedule A-1 (<20kW demand) tariff reviewed shows flat/demand-tiered structure, not clearly TOU; larger C&I schedules and any DR/interruptible or smart-thermostat dispatch program were not confirmed on Liberty's own site within search budget.",2026-09-16
15783,CITY OF REDDING - (CA),CA,44544,Redding Electric Utility (REU),WECC-nonRTO,Municipal,Yes,https://files.cityofredding.gov/Document%20Center/Departments/Redding%20Electric%20Utility/Rate%20Information/Residential%20&%20Commercial%20Rates/Rate%20Book.pdf,No,https://www.cityofredding.gov/government/departments/redding_electric_utility/residential/residential_electrification_rebates.php,No,https://files.cityofredding.gov/Document%20Center/Departments/Redding%20Electric%20Utility/Rate%20Information/Residential%20&%20Commercial%20Rates/Rate%20Book.pdf,Unknown,,"REU is a member of BANC (Balancing Authority of Northern California), not CAISO. REU's own rate book documents a residential TOU (off-peak discount) rate but explicitly has no time-of-use commercial rates -- small commercial pays flat energy rate, large commercial pays flat rate + 15-min-peak demand charge. Residential Electrification Rebates page lists only appliance/efficiency rebates (heat pump, smart-thermostat-controlled HVAC in new construction), no utility-dispatched DR/device-control program found. REU's own PDF/CMS pages did not render text for direct in-tool verification; facts corroborated via search-engine text extracts of the same own-domain pages, hence Secondary tier.",2026-09-16
207,ALAMEDA MUNICIPAL POWER,CA,36377,Alameda Municipal Power,CAISO,Municipal,Yes,https://www.alamedamp.com/393/TOU-Time-of-Use-Rate-for-EV-Owners,No,https://www.alamedamp.com/407/Rebates-and-Incentives,No,https://www.alamedamp.com/DocumentCenter/View/1476/A2-Rate-Schedule-Effective-2025-7-1,Unknown,,"Alameda is within CAISO's balancing authority area (receives transmission from PG&E; NCPA acts as AMP's load scheduler and relays CAISO directives). Optional EV TOU rate (Schedule D1/D2 customers with EV, smart meter required) confirmed on AMP's own site. Commercial schedules A-1/A-2/A-3 are flat energy + demand-metered (kW peak) charges, not TOU/shifting-oriented rate designs. Smart Thermostat program on the Rebates & Incentives page is a purchase rebate (D1H rate schedule, 2 per address/year), no utility dispatch/DR-event language found. No commercial curtailable/interruptible DR program found on AMP's own site.",2026-09-16
14401,CITY OF PALO ALTO - (CA),CA,29644,City of Palo Alto Utilities,CAISO,Municipal,Yes,https://www.paloalto.gov/files/assets/public/v/2/utilities/rates-schedules-for-utilities/residential-utility-rates/e-1-tou_effective_2026-07-01.pdf,Unknown,,Yes,https://www.paloalto.gov/files/assets/public/v/5/utilities/rates-schedules-for-utilities/commercial-utility-rates/e-4-tou-effective-2025-07-01.pdf,Unknown,,"NCPA member; within CAISO's balancing authority area. Residential Schedule E-1 TOU and Medium/Large Non-Residential Schedule E-4 TOU / E-7 TOU confirmed via own tariff PDFs. Palo Alto's own rebate programs found (Smart Energy Rebate, Business Customer Rebates, Rebate Hub) are efficiency/electrification purchase incentives; no utility-dispatched residential or C&I DR/device-control program confirmed on the city's own site within search budget.",2026-09-16
11124,CITY OF LODI - (CA),CA,25418,Lodi Electric Utility,CAISO,Municipal,Yes,https://www.lodiutilities.org/time-day-pricing-nights-weekends-smart-plan,Unknown,,Unknown,,Unknown,,"Lodi Electric Utility (NCPA member) ties into PG&E's 230kV/60kV transmission system (per PG&E's Northern San Joaquin Transmission Project, CAISO-driven) at its Guild/Industrial substations -- treated as CAISO BA (Secondary-tier inference, no single-source BA statement found). Optional residential Time-of-Day Pricing / 'Nights & Weekends Smart Plan' (off-peak discount) confirmed on Lodi's own site. Could not confirm a commercial TOU rate or any residential/commercial DR device-control program on lodiutilities.org or lodi.gov within search budget.",2026-09-16
17612,BEAR VALLEY ELECTRIC SERVICE,CA,24678,"Bear Valley Electric Service, Inc. (Golden State Water)",CAISO,IOU,Yes,https://www.bvesinc.com/customer-service/rates-regulations/general-rate-schedules,Unknown,,Yes,https://www.bvesinc.com/customer-service/rates-regulations/general-rate-schedules,Unknown,,"IOU (Golden State Water Company subsidiary), CPUC-regulated (tariffs are CPUC advice letters), serving Big Bear Valley. BVES distribution connects to CAISO's grid via SCE-owned sub-transmission. Residential TOU-EV-1/2/3 (CPUC-approved EV TOU) and commercial Schedule A-4 TOU (200-500kW) / A-5 TOU Primary (500kW-1MW+) confirmed via own tariff filings. Schedule DGS is a Distributed Generation Service (export compensation) tariff per CPUC D.20-01-008, not a demand-response dispatch program; no residential/commercial DR device-control program confirmed on BVES's own site within search budget.",2026-09-16
4003,CITY OF COLTON - (CA),CA,20330,Colton Electric Utility,CAISO,Municipal,Yes,https://www.coltonca.gov/975/Time-of-Use-Calendar,Unknown,,Unknown,,Unknown,,"Colton is one of the CAISO balancing-authority-area cities (with Anaheim, Azusa, Banning, Cerritos, Riverside, Vernon per CAISO's own BAA description), not embedded in a separate POU balancing authority. Own site confirms a residential TOU rate option (Time of Use Calendar with on/mid/off-peak periods, no on/mid-peak in winter). Could not confirm commercial TOU or any DR/device-control dispatch program on coltonca.gov within search budget (site's Electric-Utility-Rate summary page did not render for direct fetch).",2026-09-16
1050,CITY OF AZUSA,CA,16967,Azusa Light & Water,CAISO,Municipal,Unknown,,Unknown,,Yes,https://www.ci.azusa.ca.us/575/Schedule-TOU,Unknown,,"Azusa is one of the CAISO balancing-authority-area SCPPA cities (with Anaheim, Banning, Cerritos, Colton, Pasadena, Riverside, Vernon). Schedule TOU is a time-differentiated (on/mid/off-peak demand and energy) rate but is an economic-development incentive rate for qualified commercial/industrial customers, not residential -- confirmed via own tariff schedule page. No residential TOU/EV-TOU schedule found among Azusa Light & Water's own residential rate pages within search budget; no DR/device-control dispatch program found for either segment.",2026-09-16
11148,CITY OF LOMPOC - (CA),CA,15181,Lompoc Electric Utility,CAISO,Municipal,No,https://www.cityoflompoc.com/government/departments/utilities/utility-service-information/electric-rate-information,Unknown,,No,https://www.cityoflompoc.com/government/departments/utilities/utility-service-information/electric-rate-information,Yes,https://www.cityoflompoc.com/home/showpublisheddocument/1014/638641590799700000,"Lompoc is on the Central Coast, embedded in PG&E's CAISO-BA territory (same footprint as 3CE/PG&E to the north). Reviewed the full published tariff schedule list on Lompoc's own site: Domestic D-1/D-2, General Service A-1/A-12, Economic Development Incentive A-13, lighting, standby, NEM, Public Benefits PBP-1, and Firm Curtailable Load Purchase Rate CUR-1 -- no TOU schedule exists for either residential or general commercial service (A-13 is a flat economic-development rate, not TOU). Schedule CUR-1 is a C&I curtailable/interruptible load program confirming ci_dispatch=Yes. No res_dispatch (smart thermostat/AC switch) program found in the schedule list.",2026-09-16
19229,TRUCKEE DONNER P U D,CA,14602,Truckee Donner Public Utility District,WECC-nonRTO,Municipal,Yes,https://www.tdpud.org/electric-rates,No,,Yes,https://www.tdpud.org/electric-rates,No,,"Balancing authority is NV Energy (SGIP grid-region listing shows Truckee Donner PUD = SGIP_NVENERGY), not CAISO/BANC, so WECC-nonRTO. Optional residential TOU rate (peak 4-9pm) and Customer Generator TOU rate. Commercial: only new EV-charging commercial rate (Small/Medium/Large EV Commercial) is TOU-designed; standard commercial rate is flat/demand-charge only and FAQ states general commercial TOU 'not yet' offered. No residential device-dispatch program found (rebates + BESS feasibility study only, no BYOD/thermostat/water-heater control). Business programs page says commercial programs 'being remodeled', no interruptible/curtailable rider found.",2026-09-23
1192,CITY OF BANNING - (CA),CA,13224,City of Banning Electric Utility (BEU),CAISO,Municipal,No,https://www.banningca.gov/DocumentCenter/View/9913/Residential-Service-Rate-Schedule---Effective-January-1-2022,Unknown,,No,https://banningca.gov/DocumentCenter/View/9909/Medium-Commercial-Service-Rate-Schedule---Effective-January-1-2022,Yes,https://www.banningca.gov/DocumentCenter/View/9922/Interuptible-Well-Service-Rate-Schedule---Effective-January-1-2022,"SGIP grid-region listing shows City of Banning = SGIP_CAISO_SCE, i.e. within SCE's CAISO DLAP -> CAISO. RS-1 residential tariff is flat energy charge only, no TOU/CPP/demand rate. MC-1 (Medium Commercial) and IS-1 (Industrial) tariffs are flat energy + plain (non-shifting) demand charge, not TOU-designed. IW-1 Interruptible Well Service rider explicitly interrupts during CAISO Flex Alerts -- counts as ci_dispatch. Residential rebates page (banningca.gov/122 and /300) is JS-rendered/unreadable directly; a search-cached list mentions a 'Thermostat Rebate' among efficiency rebates (refrigerator recycling, shade tree, weatherization) but no language indicating utility device control/DR enrollment, so res_dispatch left Unknown rather than guessed.",2026-09-23
12312,MERCED IRRIGATION DISTRICT,CA,12498,Merced Irrigation District,WECC-nonRTO,Municipal,No,https://mercedid.org/wp-content/uploads/2026/08/RES-2-07-01-26.pdf,No,https://mercedid.org/power/rebates/for-my-home/,No,https://mercedid.org/wp-content/uploads/2026/08/EGS-2-07-01-26.pdf,No,https://mercedid.org/power/energy-rules-fees-rates/electric-rates/,"SGIP grid-region listing shows Merced Irrigation District (MeID) = SGIP_TID, i.e. within Turlock Irrigation District balancing authority territory, not a CAISO DLAP -> WECC-nonRTO. RES-2 residential rate is a flat two-tier inverted-block energy charge (no TOU/CPP). EGS-2 (small C&I <35kW) is flat customer+energy charge, no demand or TOU component; larger C&I schedules (ED-4/ED-3/ED-2/ED-1P/TR-1) are named by demand tier only (Small/Medium/Large Demand General Service), no TOU or RTP language on the electric-rates schedule list. Residential rebates page (for-my-home) lists only appliance, heating/cooling, and HVAC tune-up rebates -- no device-control/DR enrollment program. Business rebates page (for-my-business/business-rebates) is an efficiency-retrofit incentive program (kWh/kW-based rebates for equipment upgrades), not an interruptible/curtailable rider; full electric-rates schedule list has no interruptible/curtailable/DR schedule (unlike neighboring Banning IW-1).",2026-09-23
10724,LASSEN MUNICIPAL UTILITY DISTRICT,CA,10715,Lassen Municipal Utility District,CAISO,Municipal,No,https://www.lmud.org/my-account/rates/,No,https://www.lmud.org/customer-services/rebates/residential-rebates/smart-thermostat/,No,https://www.lmud.org/my-account/rates/,No,https://www.lmud.org/customer-services/rebates/business-rebates/,"SGIP grid-region listing shows Lassen Municipal Utility District = SGIP_CAISO_PGE (within PG&E's CAISO DLAP) -> CAISO. All rate schedules (Domestic/Residential 1010, General Service 1020, General Service Demand 1025, Industrial 1070, Reactive/Stand-by/Supplementary, Agricultural 1030) are flat per-kWh commodity charges (plus plain per-kW demand charge for Demand/Industrial/Reactive schedules), no TOU, CPP, or RTP design found; LMUD board discussed a residential TOU pilot at its Sept 23, 2025 meeting but no live TOU rate found on the rates page. Residential Smart Thermostat rebate is a $30 mail-in rebate for replacing an old mercury thermostat (via directefficiency.com/thermostatcare.org), not a utility-controlled/DR-enrolled smart-thermostat program. Business Rebates page lists only energy-efficiency programs (HVAC, lighting, clothes washer, kitchen equipment, custom efficiency projects), no interruptible/curtailable rider or aggregator-facing DR found; Reactive/Stand-by/Supplementary schedule (1080-1083) is for customers with their own generation (standby/backup), not a utility-dispatched curtailment program.",2026-09-23
10345,CITY OF KINSTON - (NC),NC,11881,City of Kinston Electric Utility,SERC-nonRTO,Municipal,Yes,https://www.kinstonnc.gov/283/Current-Fees-Rates,Yes,https://www.kinstonnc.gov/573/Residential-Load-Management,Yes,https://www.kinstonnc.gov/283/Current-Fees-Rates,Unknown,,"Own Current Fees & Rates page lists 'Residential - Time Of Use' and 'Medium General Service - Time Of Use' schedules; own Residential Load Management page describes AC-cycling/heat-strip/water-heater switch program. ci_dispatch: staff mention a 'Coordinated Demand Control (CDC)' rate available by calling, but no public page describes scope, so left Unknown rather than guessed Yes.",2026-09-26
10966,CITY OF LEXINGTON - (NC),NC,19555,City of Lexington Electric Utility,SERC-nonRTO,Municipal,Unknown,,Unknown,,Unknown,,Unknown,,ElectriCities/NCEMPA member. Rate/program pages not reached within budget. All four cells left Unknown - search budget exhausted for this target.,2026-09-24
11291,LUMBEE RIVER ELEC MEMBER CORP,NC,65036,Lumbee River EMC,SERC-nonRTO,Cooperative,Unknown,https://lumbeeriver.com/electric-rate-schedules,Yes,https://www.ncelectriccooperatives.com/who-we-are/spotlight/nc-electric-co-ops-debut-connect-to-save-program,Unknown,,Yes,https://lumbeeriver.com/customer-owned-generation,NCEMC member. Residential TOU not confirmed - full rate schedule is a PDF download not reviewed line-by-line within budget (res_habit=Unknown). Confirmed founding member of the 4-co-op Connect to Save program (res_dispatch). Customer-Owned Generation (COG) program lets co-op remotely start/stop member backup generators during high-demand periods (ci_dispatch). ci_habit not verified.,2026-09-24
11318,CITY OF LUMBERTON - (NC),NC,11517,City of Lumberton Electric Utility,SERC-nonRTO,Municipal,Unknown,,Unknown,,Unknown,,Unknown,,ElectriCities/NCEMPA member. Rate/program pages not reached within budget. All four cells left Unknown - search budget exhausted for this target.,2026-09-24
12801,CITY OF MONROE - (NC),NC,11634,City of Monroe Electric Utility,SERC-nonRTO,Municipal,Yes,https://www.monroenc.org/DocumentCenter/View/2619/City-of-Monroe---Fee-Schedule---Chapter-VI---Electric-PDF,Unknown,,Yes,https://www.monroenc.org/DocumentCenter/View/2619/City-of-Monroe---Fee-Schedule---Chapter-VI---Electric-PDF,Yes,https://www.monroenc.org/DocumentCenter/View/2619/City-of-Monroe---Fee-Schedule---Chapter-VI---Electric-PDF,"ElectriCities/NCEMPA member. Rate/program pages not reached within budget. All four cells left Unknown - search budget exhausted for this target. | Follow-up pass: read full City of Monroe Fee Schedule Ch. VI Electric PDF directly. Schedule RTOU (Residential Time of Use Service) confirmed -> res_habit=Yes (Basic Customer Charge $18.80; On-Peak $0.14975/kWh, Off-Peak $0.04905/kWh; on-peak Mon-Fri 7am-11pm both summer/winter). Schedules CTOU/LCTOU (Commercial/Large Commercial Time of Use) and CP/CPNC/ICP/LICPNC (Coordinated Peak Demand, tied to NCMPA1 'Peak Management Days') confirm ci_habit=Yes. Rider LM-1 (Large Commercial customers with 45kW+ non-parallel standby generation get a billing credit for running their generator during City-announced on-peak load management periods) confirms ci_dispatch=Yes. res_dispatch left Unknown: Rider WH-1 water heater rebate references 'an electric water heater load control program' but does not describe current active terms -> too ambiguous to mark Yes.",2026-09-26
13416,CITY OF NEW BERN - (NC),NC,23911,City of New Bern Electric Utility,SERC-nonRTO,Municipal,Unknown,https://www.newbernnc.gov/departments/utilities/electric/electric_rates.php,Yes,https://www.newbernnc.gov/departments/utilities/electric/load_management.php,Unknown,,Unknown,,"ElectriCities/NCEMPA member. New Bern CONNECTS Load Management Rewards program confirmed on own site: utility-controlled cycling of water heaters, AC/heat-pump compressors, and heat strips during peak windows, up to $110+/yr in credits (res_dispatch=Yes). Residential TOU/demand rate not confirmed within budget (Electric Rates page not reviewed in detail) - res_habit=Unknown. C&I cells not verified.",2026-09-24
14717,PEE DEE ELECTRIC MEMBER CORP,NC,21749,Pee Dee Electric Membership Corporation,SERC-nonRTO,Cooperative,Yes,https://www.pdemc.com/my-account/rates-fees/,Yes,https://connecttosavenc.com/coop/pdemc,Unknown,,Unknown,,"NCEMC member. Residential rate schedule (own rates page) has a mandatory On-Peak Demand Charge ($5/kW, seasonal on-peak windows) plus a separate prepay schedule with explicit on-peak/off-peak kWh pricing - counts as res_habit. Active participant in the Connect to Save smart-thermostat program (confirmed both via connecttosavenc.com/coop/pdemc and pdemc.com's own Energy Efficiency menu link) - res_dispatch=Yes. C&I cells not verified within budget.",2026-09-24
15023,PIEDMONT ELECTRIC MEMBER CORP,NC,33659,Piedmont Electric Membership Corporation,SERC-nonRTO,Cooperative,Yes,https://pemc.coop/smart_energy/special-rates/,Yes,https://pemc.coop/smart_energy/load-management/,Unknown,,Unknown,,NCEMC member. Time-of-Day energy rate confirmed on own site (res_habit). Water heater load-management program confirmed: utility installs load-control switch and cycles water heater during forecast peak windows for a $25 signup + $1/mo credit (res_dispatch). Not the same as the separate 4-co-op Connect to Save program. C&I cells not verified.,2026-09-24
15671,RANDOLPH ELECTRIC MEMBER CORP,NC,33264,Randolph Electric Membership Corporation,SERC-nonRTO,Cooperative,Yes,https://www.randolphemc.com/TOU,Unknown,,Unknown,,Unknown,,"NCEMC member. Residential TOU rate (incl. EV-TOU variant) confirmed on own site, with a bill-protection guarantee for the first year. No dispatch/switch program confirmed within budget. C&I cells not verified.",2026-09-24
16101,ROANOKE ELECTRIC MEMBER CORP,NC,14226,Roanoke Cooperative (formerly Roanoke Electric Cooperative),SERC-nonRTO,Cooperative,Yes,https://www.roanokecooperative.com/faqs/schedule-d-residential-service-time-of-day/,Yes,https://www.roanokecooperative.com/clean-energy-solutions/smart-energy-savings/,Unknown,,Unknown,,"NCEMC member. Schedule D Residential Time-of-Day rate confirmed in own tariff FAQ. Carina smart water-heater controller program confirmed (utility-controlled, two-way communication, $1/mo bill credit) - res_dispatch=Yes. C&I cells not verified within budget.",2026-09-24
16226,CITY OF ROCKY MOUNT - (NC),NC,28992,City of Rocky Mount Energy Resources (Electric),SERC-nonRTO,Municipal,Unknown,,Yes,https://www.rockymountnc.gov/254/Load-Management,Unknown,,Yes,https://www.rockymountnc.gov/254/Load-Management,"Own Load Management page: residential AC/water-heater switch program (voluntary, bill credit) and a commercial/industrial CP-demand-reduction Load Management Program (NCEMPA coincident peak). res_habit/ci_habit not found within budget.",2026-09-26
16496,RUTHERFORD ELEC MEMBER CORP,NC,74936,Rutherford Electric Membership Corporation (REMC),SERC-nonRTO,Cooperative,No,https://www.remc.com/residential/residential-rate-schedule,Unknown,,Unknown,,Unknown,,"NCEMC member. Checked own residential rate schedule page directly: only Schedule E (flat residential) and Schedule G (general service <50kW) are offered, no TOU/demand-based residential option -> res_habit=No. Dispatch/switch program and C&I cells not verified within budget.",2026-09-24
17572,SOUTH RIVER ELEC MEMBER CORP,NC,47127,South River EMC,SERC-nonRTO,Cooperative,Yes,https://www.sremc.com/TOU,Yes,https://connecttosavenc.com/coop/sremc,Unknown,,Yes,https://www.sremc.com/demand-response,"NCEMC member. Switch and Save residential TOU rate confirmed on own site. Founding member of Connect to Save smart thermostat/water heater program (res_dispatch). Member Owned Generation (MOG) lets co-op remotely start member-owned standby generators during peak periods (ci_dispatch, agricultural/commercial). ci_habit not verified within budget.",2026-09-24
18022,CITY OF STATESVILLE - (NC),NC,14342,City of Statesville Electric Utility,SERC-nonRTO,Municipal,No,https://assets.locable.com/pdfs/6753/attachments-original-1722334989-FY25_Fee_Schedule_-_ADOPTED.pdf,No,https://assets.locable.com/pdfs/6753/attachments-original-1722334989-FY25_Fee_Schedule_-_ADOPTED.pdf,Yes,https://assets.locable.com/pdfs/6753/attachments-original-1722334989-FY25_Fee_Schedule_-_ADOPTED.pdf,No,https://assets.locable.com/pdfs/6753/attachments-original-1722334989-FY25_Fee_Schedule_-_ADOPTED.pdf,"Full adopted Fee & Rate Schedule (Attachment A, eff 7/1/2024, official city PDF referencing statesvillenc.net/departments/electric_utilities/rates for details) reviewed line-by-line: dedicated Commercial Time-of-Use and Industrial Time-of-Use rate schedules exist (ci_habit=Yes); only a flat Residential Service rate exists (no res TOU/demand rate); no curtailable/interruptible or load-switch rider found anywhere in the schedule.",2026-09-26
18339,SURRY-YADKIN ELEC MEMBER CORP,NC,27873,Surry-Yadkin Electric Membership Corporation,SERC-nonRTO,Cooperative,Yes,https://www.syemc.com/shift-save,Unknown,,Unknown,,Unknown,,"NCEMC member. Residential Time-of-Day rate (""Shift to Save"") confirmed on own site, plus an EV charging rate rider. No dispatch/switch program confirmed within budget (EZ Power Management Tools page not reviewed in detail). C&I cells not verified.",2026-09-24
1889,BLUE RIDGE ELEC MEMBER CORP - (NC),NC,79053,Blue Ridge Energy (Blue Ridge Electric Membership Corporation),SERC-nonRTO,Cooperative,Yes,https://www.blueridgeenergy.com/residential/help-faqs/electric/understanding-my-bill/rate-schedules,No,https://www.blueridgeenergy.com/residential/your-energy-solutions/beat-the-peak,Unknown,,Unknown,,"NCEMC member (Lenoir, NC - not to be confused with the unrelated Blue Ridge Electric Cooperative of Pickens, SC). Residential TOU (Schedule R-TOU, closed) and a TOU2 pilot rate confirmed via own rate-schedule PDFs. Checked Beat the Peak page directly: it is explicitly a voluntary text/email conservation-alert program with no device control and no bill credit, so res_dispatch=No. C&I cells not verified within budget.",2026-09-24
18957,TRI-COUNTY ELEC MEMBER CORP (NC),NC,26295,Tri-County Electric Membership Corporation,SERC-nonRTO,Cooperative,Unknown,https://www.tri-countyemc.com/home-rates,Yes,https://connecttosavenc.com/coop/tcemc,Unknown,,Unknown,,NCEMC member. Residential rate page lists Basic and Total Electric rate categories; no TOU/demand structure clearly identified within budget (res_habit=Unknown). Confirmed as a participating co-op in the (now-expanded) Connect to Save smart thermostat/water heater control program via its own coop landing page on connecttosavenc.com (res_dispatch=Yes). C&I cells not verified.,2026-09-24
19108,TIDELAND ELECTRIC MEMBER CORP,NC,23676,Tideland EMC,SERC-nonRTO,Cooperative,Yes,https://www.tidelandemc.com/time-of-use-rates,Yes,https://www.carolinacountry.com/my-co-op-59/tideland-emc/283-managing-peak-demand,Unknown,,Unknown,,"NCEMC member. Residential TOU rate confirmed on own site (meter swap required; on/off-peak kWh pricing, demand component eliminated in a March 2026 simplification). Original 1984-2002 water-heater load-management switch program was discontinued for economic reasons, but co-op has since modernized with cellular water-heater control events, wifi smart thermostats (Ocracoke microgrid project) and a Peak Energy Management water-heater financing program with a $2/mo bill credit for participating - res_dispatch=Yes, sourced from a Carolina Country co-op profile (own-association trade press) rather than a dedicated tidelandemc.com program page. C&I cells not verified within budget.",2026-09-24
19435,UNION ELECTRIC MEMBERSHIP CORP - (NC),NC,83575,Union Power Cooperative,SERC-nonRTO,Cooperative,No,https://union-power.com/wp-content/uploads/2024/02/UPC-Electric-Rate-Schedules_Effective-040124.pdf,Unknown,,Unknown,,Unknown,,"NCEMC member. Own tariff (Docket EC-39 Sub 56) shows flat residential energy charge (~$0.095/kWh), no TOU or demand-charge structure -> res_habit=No. No standing residential switch/thermostat dispatch program found (only a co-op-wide WeaveGrid EV-charging-shift pilot, not an ongoing enrollable program) -> res_dispatch left Unknown rather than No since site not fully reviewed. C&I cells not verified within budget.",2026-09-24
19981,WAKE ELECTRIC MEMBERSHIP CORP,NC,52826,Wake Electric Membership Corporation (Wake EMC),SERC-nonRTO,Cooperative,Yes,https://wemc.com/tou/,Unknown,,Unknown,,Unknown,,"NCEMC member. Residential Time-of-Use rate confirmed on own site (on-peak/off-peak, min 1-yr commitment). No residential switch/thermostat dispatch program confirmed on wemc.com within budget (do not confuse with the separate Town of Wake Forest Power municipal utility, which is not a target here). C&I cells not verified within budget.",2026-09-24
20142,CITY OF WASHINGTON - (NC),NC,14054,City of Washington Electric Utility,SERC-nonRTO,Municipal,Unknown,,Yes,https://www.washingtonnc.gov/departments/customer_care/working_hard_to_keep_your_electric_rates_down.php,Unknown,,Unknown,,"Own site states city has 'implemented residential load management' to cut peak-period purchases; also mentions 'industrial customer generation' but that reads as backup/standby generation, not a curtailable rider, so ci_dispatch left Unknown. res_habit/ci_habit not found.",2026-09-26
20785,CITY OF WILSON,NC,35857,City of Wilson Electric Utility (Wilson Energy),SERC-nonRTO,Municipal,Unknown,,Unknown,,Unknown,,Yes,https://www.wilsonnc.org/residents/all-departments/wilson-energy/electric/electric-rates,"Own Electric Rates page lists 'Gen-1 Rider-3 Load Management Rider' and 'Gen-2 Rider-3, Load Management Rider' under Industrial & Commercial schedules (C&I dispatch rider). A further 'LM-Rider-4, Load Management Rider' is also listed but its customer class (residential vs C&I) is not clear from the page nav, so res_dispatch left Unknown rather than guessed.",2026-09-26
21632,ENERGYUNITED ELEC MEMBER CORP,NC,136907,EnergyUnited,SERC-nonRTO,Cooperative,Yes,https://www.energyunited.com/rates/,Unknown,,Unknown,,Yes,https://www.energyunited.com/wp-content/uploads/2023/11/Res-TOU-CS-EU-Rate-Schedules-1.1.pdf,"NCEMC member. Residential rate is a mandatory demand-charge design (Grid Access fee + usage + Peak Demand $/kW, seasonal on/off-peak windows) - counts as res_habit price signal per schema. Curtailable Contract Demand rate confirmed in rate-schedule PDF (ci_dispatch). No residential switch/thermostat program found on own site within budget (res_dispatch=Unknown). C&I TOU/shifting rate design not separately confirmed (ci_habit=Unknown).",2026-09-24
232,CITY OF ALBEMARLE - (NC),NC,12679,City of Albemarle Electric Utility,SERC-nonRTO,Municipal,Unknown,https://www.albemarlenc.gov/departments/public-utilities/customer-service/rates-policies-and-reports,Unknown,,Unknown,,Unknown,,"ElectriCities/NCEMPA member (own generation-free distribution system per its billing FAQ, which confirms the City does not resell Duke or other IOU power). Only a general billing FAQ page was checked within budget - no TOU or dispatch program details found there, and no dedicated rates/program page was reached, so all four cells left Unknown rather than No.",2026-09-24
240,ALBEMARLE ELECTRIC MEMBER CORP,NC,13488,Albemarle Electric Membership Corporation (AEMC),SERC-nonRTO,Cooperative,Yes,https://www.aemc.coop/peak-changes-time-use-rate,Unknown,,Unknown,,Unknown,,"NCEMC member. Residential Time-of-Use rate confirmed on own site (on-peak 6-10am weekdays, updated Oct 2023). No dispatch/switch program confirmed within budget. C&I cells not verified.",2026-09-24
24889,BRUNSWICK ELECTRIC MEMBER CORP,NC,104462,Brunswick Electric Membership Corporation (BEMC),SERC-nonRTO,Cooperative,Yes,https://www.bemc.org/rates/,Yes,https://www.bemc.org/beat-peak/,Unknown,,Unknown,,"NCEMC member. New time-based (TOU) residential rate effective Nov 1 2025 confirmed via own rates page. Connect to Save smart-thermostat/water-heater control program (utility-managed, $50 signup + $4/mo credit) confirmed on bemc.org/beat-peak page; Beat the Peak itself is a voluntary conserve-on-alert program (not counted alone). C&I cells not verified within budget.",2026-09-24
3046,DUKE ENERGY PROGRESS - (NC),NC,1688589,"Duke Energy Progress, LLC",SERC-nonRTO,IOU,Yes,https://www.duke-energy.com/home/billing/rates/new-rates-nc,Yes,https://www.duke-energy.com/home/products/energywise-home/smart-thermostat,Yes,https://news.duke-energy.com/releases/new-duke-energy-program-helps-south-carolina-nonresidential-customers-lower-costs-while-supporting-a-growing-grid,Yes,https://dms.psc.sc.gov/Attachments/Matter/c60eaa90-4800-42dc-bf87-2f844a42c5cc,"res_dispatch branded EnergyWise Home in DEP territory (thermostat + AC/water heater switch); ci_habit = Optional Power Service TOU (Schedule OPT/OPT-V); PowerPair NC solar+storage incentive (DEP customer capacity reported as reached/full as of program updates, but program exists).",2026-09-24
3107,CARTERET-CRAVEN EL MEMBER CORP,NC,42141,Carteret-Craven Electric Cooperative,SERC-nonRTO,Cooperative,Yes,https://www.ccemc.com/account/rate-information/time-of-use-rates/,Yes,https://www.ncelectriccooperatives.com/who-we-are/spotlight/nc-electric-co-ops-debut-connect-to-save-program,Unknown,,Unknown,,NCEMC member. Residential TOU rate (incl. EV-TOU and solar+storage TOU variants) confirmed on own site. Founding member of the 4-co-op Connect to Save smart thermostat/water heater program (res_dispatch). C&I cells not verified within budget.,2026-09-24
3250,CENTRAL ELECTRIC MEMBERSHIP CORP. - (NC),NC,23965,Central Electric Membership Corporation,SERC-nonRTO,Cooperative,Yes,https://files.cemcpower.com/files/1/2025/rates/Central_Rates_April_2025%20(2).pdf,No,https://www.cemcpower.com/member-services/water-heater-maintenance-program,Unknown,,Unknown,,"NCEMC member. Residential Time-of-Day Service (Energy Only) schedule confirmed in own rate-schedule PDF (res_habit=Yes). Checked own site directly for a dispatch program: the only water-heater program found is a $1/mo Water Heater Maintenance (repair/replacement warranty) plan, not a utility-controlled load-management switch - res_dispatch=No. C&I cells not verified within budget.",2026-09-24
4150,CITY OF CONCORD - (NC),NC,33289,City of Concord Electric Systems,SERC-nonRTO,Municipal,No,https://concordnc.gov/Departments/Electric-Systems/Rate-Schedules,No,https://concordnc.gov/Departments/Electric-Systems/Rate-Schedules,Yes,https://concordnc.gov/Departments/Electric-Systems/Rate-Schedules,No,https://concordnc.gov/Departments/Electric-Systems/Rate-Schedules,Full published rate-schedule list reviewed: TOU General Service & TOU Industrial schedules exist (ci_habit=Yes); no residential TOU/demand rate and no LM/curtailable rider found among the 15 published schedules.,2026-09-26
5416,"DUKE ENERGY CAROLINAS, LLC",NC,2791712,"Duke Energy Carolinas, LLC",SERC-nonRTO,IOU,Yes,https://www.duke-energy.com/home/billing/rates/new-rates-nc,Yes,https://www.duke-energy.com/home/products/power-manager/battery-control,Yes,https://www.duke-energy.com/business/billing/rates?jur=NC01,Yes,https://dms.psc.sc.gov/Attachments/Matter/c60eaa90-4800-42dc-bf87-2f844a42c5cc,"res_dispatch branded Power Manager in DEC territory (thermostat + AC/water heater switch, $150 signup credit); ci_habit = Optional Power Service TOU (Schedule OPT/OPT-V); PowerPair NC solar+storage incentive (up to $9,000, DEC capacity available) is an additional res storage program layered on EnergyWise/Power Manager battery control track.",2026-09-24
5656,EDGECOMBE-MARTIN COUNTY E M C,NC,11670,Edgecombe-Martin County Electric Membership Corporation,SERC-nonRTO,Cooperative,Unknown,https://ememc.com/rates,No,https://ememc.com/ways-save,Unknown,,Unknown,,"NCEMC member. Own rates page only links to a detailed rate-schedule PDF not reviewed within budget - res_habit left Unknown. Checked own ""Ways to Save"" energy-programs page directly: it offers efficiency tips, audits, and Together We Save calculators only - no utility-controlled switch/thermostat program found -> res_dispatch=No. C&I cells not verified.",2026-09-24
5760,CITY OF ELIZABETH CITY - (NC),NC,13180,City of Elizabeth City Electric Utility,SERC-nonRTO,Municipal,Yes,https://elizabethcitync.gov/index.asp?SEC=3EDE79A3-56B1-4FDA-B4CA-41B79CD5F79B&Type=B_BASIC,Unknown,,Yes,https://elizabethcitync.gov/index.asp?SEC=3EDE79A3-56B1-4FDA-B4CA-41B79CD5F79B&Type=B_BASIC,Unknown,,City's own rate-schedule listing (per search snippet of elizabethcitync.gov Customer Service page; direct PDF fetch returned empty/JS) names RS2 'Residential Service Time of Use Rate' and GS2/GS3 'General Service Time of Use Rate' / 'Interactive Time of Use Rate' schedules. Marked Secondary since the live page could not be independently re-rendered this pass.,2026-09-26
6235,FAYETTEVILLE PUBLIC WORKS COMMISSION,NC,84306,Fayetteville Public Works Commission (PWC),SERC-nonRTO,Municipal,Yes,https://www.faypwc.com/time-of-use-rates/,Yes,https://www.faypwc.com/aquanta-electric-water-heater-control-device-program/,Yes,https://www.faypwc.com/time-of-use-rates-for-non-residential-customers/,Unknown,,"ElectriCities/NCEMPA member. Own site confirms residential TOU rate (seasonal on-peak windows) and a non-residential TOU rate (ci_habit). Aquanta smart water-heater control device program confirmed: $150 bill credit, device must be scheduled off during PWC TOU peak hours (res_dispatch=Yes). ci_dispatch not verified within budget.",2026-09-24
6640,FOUR COUNTY ELEC MEMBER CORP,NC,34177,Four County Electric Membership Corporation,SERC-nonRTO,Cooperative,Yes,https://www.fourcty.org/faqs/rate-schedules/,Yes,https://connecttosavenc.com/coop/fcemc,Unknown,,Unknown,,"NCEMC member. Residential Time-of-Use Service (Schedule RTOU) confirmed on own rate-schedules page. Confirmed active participant in the Connect to Save smart-thermostat program (currently a 6-co-op roster: Carteret-Craven, Four County, Lumbee River, Pee Dee, South River, Tri-County) via its own coop landing page. C&I cells not verified.",2026-09-24
6784,FRENCH BROAD ELEC MEMBER CORP,NC,40054,French Broad Electric Membership Corporation,SERC-nonRTO,Cooperative,Yes,https://www.frenchbroademc.com/index.php/billing/rates-and-fees/,Unknown,,Unknown,,Unknown,,"Western NC co-op flagged in region plan as possibly TVA/Duke-supplied rather than NCEMC; sources conflict (one summary says Duke Energy is the power provider, another lists French Broad among TVA-power cooperatives) - rto left as SERC-nonRTO but unverified, needs a direct check of French Broad's own wholesale-power/PURPA filing. Own site lists a Residential Time-of-Use Rate among its rate plan options (res_habit=Yes). Dispatch and C&I cells not verified within budget.",2026-09-24
7027,CITY OF GASTONIA - (NC),NC,30102,City of Gastonia Electric Department,SERC-nonRTO,Municipal,Unknown,,Unknown,,Yes,https://www.gastonianc.gov/component/content/article/86-357-29-commercial-industrial-rates.html,Unknown,,Own C&I rates page lists a dedicated 'TOU - Commercial Service' schedule plus an 'OP - On Peak' rate and five Coincident-Peak-Rate schedules (shifting-oriented C&I design). res_habit/res_dispatch/ci_dispatch not found on site within budget.,2026-09-26
719,TOWN OF APEX- (NC),NC,27178,Town of Apex Electric Utility,SERC-nonRTO,Municipal,Unknown,,Yes,https://www.apexnc.org/824/Load-Management,Unknown,,Unknown,,"ElectriCities/NCEMPA member. Own site has a dedicated ""Load Management"" program page (title confirmed; content did not render for this fetch, likely JS-driven site) - treated as res_dispatch=Yes on the strength of the dedicated own-domain program page, but confidence downgraded since the page body could not be read directly this session. Residential TOU rate and C&I cells not verified within budget.",2026-09-24
7639,GREENVILLE UTILITIES COMM,NC,72148,Greenville Utilities Commission (GUC),SERC-nonRTO,Municipal,No,https://www.guc.com/sites/default/files/uploads/03-31-26-elec-rates/electric-rate-schedule-er-2-july-1-2025.pdf,Yes,https://www.guc.com/electric/smart-thermostat-pilot-program,Yes,https://www.guc.com/rates-regulations/electric-rates,Unknown,,"ElectriCities/NCEMPA member. Own rate-schedule index shows the only residential TOU option (ER-2, Time of Use with Demand Net Metering) is marked EXPIRED, and the standard ER-1 residential schedule is not TOU/demand-based -> res_habit=No. Two dispatch programs confirmed and mutually exclusive per enrollment rules: legacy ""Beat the Peak"" AC/heat-pump/furnace load control, and a newer ecobee-based Smart Thermostat Pilot Program ($50 signup + $5/mo per thermostat) -> res_dispatch=Yes. Medium/Large General Service schedules (EG-3, EG-4) are billed on Coincident Peak (CP) demand, a shifting-oriented C&I design -> ci_habit=Yes. ci_dispatch not verified within budget.",2026-09-24
7978,HALIFAX ELECTRIC MEMBER CORP,NC,12134,Halifax Electric Membership Corporation (Halifax EMC),SERC-nonRTO,Cooperative,Unknown,https://www.halifaxemc.com/member-info/rate-information/,Unknown,,Unknown,,Unknown,,"NCEMC member. Rate-information page exists on own site but TOU/demand structure not confirmed within budget (res_habit=Unknown). Only water-heater program found is a one-time purchase rebate ($250 heat pump / $50 electric), not a utility load-control program, but a dedicated load-management page was not located within budget, so res_dispatch left Unknown rather than No. C&I cells not verified.",2026-09-24
8333,HAYWOOD ELECTRIC MEMBER CORP,NC,28911,Haywood Electric Membership Corporation (Haywood EMC),SERC-nonRTO,Cooperative,Yes,https://www.haywoodemc.com/member-services/rate-schedules/,Unknown,,Unknown,,Unknown,,"Own site lists EV Rates and Time of Day Rates among residential rate schedules (res_habit=Yes). Historically contracted wholesale power from both Nantahala Power & Light (now part of Duke Energy Progress) and Duke Power for parts of its territory since 1945, and separately purchases from NCEMC-style arrangements; a news source states Haywood EMC still buys wholesale from Duke at a distinct rate. rto left as SERC-nonRTO (Duke-adjacent, not confirmed as a NCEMC full-requirements member) - flagged for follow-up. No dispatch/switch program confirmed within budget. C&I cells not verified.",2026-09-24
8571,TOWN OF HIGH POINT,NC,43313,City of High Point Electric Utility,SERC-nonRTO,Municipal,Unknown,https://www.highpointnc.gov/447/Electric-Rate-Schedule,No,https://www.highpointnc.gov/351/Helpful-Programs,Yes,https://www.highpointnc.gov/447/Electric-Rate-Schedule,Unknown,,"ElectriCities/NCEMPA member. Commercial/Industrial rate index lists a Rate No. 33 Commercial/Industrial Time-of-Use schedule and a Commercial Coincident Peak (CP) rate -> ci_habit=Yes. Own ""Helpful Programs"" savings/billing page (checked directly) lists only bank draft, AutoPay, budget billing and a one-time water-heater/heat-pump purchase rebate - no utility-controlled switch/thermostat program -> res_dispatch=No. Residential rate schedule is a PDF not reviewed for a TOU option within budget -> res_habit=Unknown. ci_dispatch not verified.",2026-09-24
9837,JONES-ONSLOW ELEC MEMBER CORP,NC,80681,Jones-Onslow EMC,SERC-nonRTO,Cooperative,Yes,https://joemc.com/monthly-focus/an-important-update-on-electric-rates-at-jones-onslow-emc/,No,https://connecttosavenc.com/coop/joemc,Unknown,,Unknown,,"NCEMC member. Own site references Time-of-Use, Demand, and Smart Usage residential plan options (news/rate-update page, not the tariff sheet itself). Connect to Save program page for JOEMC explicitly states the program is discontinued for its members as of current site check (res_dispatch=No, checked own program page). C&I cells not verified within budget.",2026-09-24
10768,"LAURENS ELECTRIC COOP, INC",SC,61960,Laurens Electric Cooperative,SERC-nonRTO,Cooperative,Unknown,,Yes,https://energysmartsc.org/smart-thermostat/,Unknown,,Unknown,,"Central Electric Power Cooperative (CEPCI) G&T member, one of SC's 19 distribution co-ops (cepci.org/member-co-ops); res_dispatch via EnergySmartSC joint Smart Thermostat program (co-op-run portal, coordinated by Central/ECSC -- thermostat synced for automatic peak adjustments). Beat the Peak / Peak Alert is a voluntary usage-reduction text/call alert with no device control or price signal, so it does NOT count toward res_habit or res_dispatch on its own. ci_dispatch: an SC Energy Office DSM filing references a 30+ year Central-coordinated 'load-control program' for member co-ops, but no direct program page was found to confirm scope/eligibility for this member, so left Unknown. CEPCI (G&T) own site states it 'facilitat[es] demand-response programs' for its 19 member co-ops (cepci.org homepage) — applied as ci_dispatch=Yes per G&T-run-program shortcut. | ci_dispatch reset to Unknown 2026-09-26: CEPCI source did not show a C&I curtailment program",2026-09-26
11019,LITTLE RIVER ELECTRIC COOP INC,SC,14991,Little River Electric Cooperative,SERC-nonRTO,Cooperative,Unknown,,Yes,https://energysmartsc.org/smart-thermostat/,Unknown,,Unknown,,"Central Electric Power Cooperative (CEPCI) G&T member, one of SC's 19 distribution co-ops (cepci.org/member-co-ops); res_dispatch via EnergySmartSC joint Smart Thermostat program (co-op-run portal, coordinated by Central/ECSC -- thermostat synced for automatic peak adjustments). Beat the Peak / Peak Alert is a voluntary usage-reduction text/call alert with no device control or price signal, so it does NOT count toward res_habit or res_dispatch on its own. ci_dispatch: an SC Energy Office DSM filing references a 30+ year Central-coordinated 'load-control program' for member co-ops, but no direct program page was found to confirm scope/eligibility for this member, so left Unknown. CEPCI (G&T) own site states it 'facilitat[es] demand-response programs' for its 19 member co-ops (cepci.org homepage) — applied as ci_dispatch=Yes per G&T-run-program shortcut. | ci_dispatch reset to Unknown 2026-09-26: CEPCI source did not show a C&I curtailment program",2026-09-26
11355,"LYNCHES RIVER ELEC COOP, INC",SC,21933,Lynches River Electric Cooperative,SERC-nonRTO,Cooperative,Unknown,,Yes,https://energysmartsc.org/smart-thermostat/,Unknown,,Unknown,,"Central Electric Power Cooperative (CEPCI) G&T member, one of SC's 19 distribution co-ops (cepci.org/member-co-ops); res_dispatch via EnergySmartSC joint Smart Thermostat program (co-op-run portal, coordinated by Central/ECSC -- thermostat synced for automatic peak adjustments). Beat the Peak / Peak Alert is a voluntary usage-reduction text/call alert with no device control or price signal, so it does NOT count toward res_habit or res_dispatch on its own. ci_dispatch: an SC Energy Office DSM filing references a 30+ year Central-coordinated 'load-control program' for member co-ops, but no direct program page was found to confirm scope/eligibility for this member, so left Unknown. CEPCI (G&T) own site states it 'facilitat[es] demand-response programs' for its 19 member co-ops (cepci.org homepage) — applied as ci_dispatch=Yes per G&T-run-program shortcut. | ci_dispatch reset to Unknown 2026-09-26: CEPCI source did not show a C&I curtailment program",2026-09-26
12462,MID-CAROLINA ELECTRIC COOP INC,SC,59262,Mid-Carolina Electric Cooperative,SERC-nonRTO,Cooperative,Yes,https://www.mcecoop.com/member-benefits/rate-structure/,Yes,https://energysmartsc.org/smart-thermostat/,Unknown,,Unknown,,"Central Electric Power Cooperative (CEPCI) G&T member, one of SC's 19 distribution co-ops (cepci.org/member-co-ops); res_dispatch via EnergySmartSC joint Smart Thermostat program (co-op-run portal, coordinated by Central/ECSC -- thermostat synced for automatic peak adjustments). Beat the Peak / Peak Alert is a voluntary usage-reduction text/call alert with no device control or price signal, so it does NOT count toward res_habit or res_dispatch on its own. res_habit: Mid-Carolina's Rate Structure page (per search snippet) lists a residential peak demand charge of $15/kW, which counts as a residential demand-charge design; page not independently re-fetched, so marked Secondary.",2026-09-24
13524,"NEWBERRY ELECTRIC COOP, INC",SC,13523,Newberry Electric Cooperative,SERC-nonRTO,Cooperative,Unknown,,Yes,https://energysmartsc.org/smart-thermostat/,Unknown,,Unknown,,"Central Electric Power Cooperative (CEPCI) G&T member, one of SC's 19 distribution co-ops (cepci.org/member-co-ops); res_dispatch via EnergySmartSC joint Smart Thermostat program (co-op-run portal, coordinated by Central/ECSC -- thermostat synced for automatic peak adjustments). Beat the Peak / Peak Alert is a voluntary usage-reduction text/call alert with no device control or price signal, so it does NOT count toward res_habit or res_dispatch on its own. ci_dispatch: an SC Energy Office DSM filing references a 30+ year Central-coordinated 'load-control program' for member co-ops, but no direct program page was found to confirm scope/eligibility for this member, so left Unknown. CEPCI (G&T) own site states it 'facilitat[es] demand-response programs' for its 19 member co-ops (cepci.org homepage) — applied as ci_dispatch=Yes per G&T-run-program shortcut. | ci_dispatch reset to Unknown 2026-09-26: CEPCI source did not show a C&I curtailment program",2026-09-26
14164,CITY OF ORANGEBURG - (SC),SC,24598,Orangeburg Department of Public Utilities,SERC-nonRTO,Municipal,Unknown,,Unknown,,Unknown,,Unknown,,Own site (orbgdpu.com/services/electric) is JS-rendered/unreachable via fetch; wholesale supplier not individually confirmed within search budget,2026-09-24
14175,"TRI-COUNTY ELECTRIC COOP, INC (SC)",SC,18355,Tri-County Electric Cooperative,SERC-nonRTO,Cooperative,Unknown,,Yes,https://energysmartsc.org/smart-thermostat/,Unknown,,Unknown,,"Central Electric Power Cooperative (CEPCI) G&T member, one of SC's 19 distribution co-ops (cepci.org/member-co-ops); res_dispatch via EnergySmartSC joint Smart Thermostat program (co-op-run portal, coordinated by Central/ECSC -- thermostat synced for automatic peak adjustments). Beat the Peak / Peak Alert is a voluntary usage-reduction text/call alert with no device control or price signal, so it does NOT count toward res_habit or res_dispatch on its own. ci_dispatch: an SC Energy Office DSM filing references a 30+ year Central-coordinated 'load-control program' for member co-ops, but no direct program page was found to confirm scope/eligibility for this member, so left Unknown. CEPCI (G&T) own site states it 'facilitat[es] demand-response programs' for its 19 member co-ops (cepci.org homepage) — applied as ci_dispatch=Yes per G&T-run-program shortcut. | ci_dispatch reset to Unknown 2026-09-26: CEPCI source did not show a C&I curtailment program",2026-09-26
14398,PALMETTO ELECTRIC COOP INC,SC,77196,Palmetto Electric Cooperative,SERC-nonRTO,Cooperative,Unknown,,Yes,https://palmetto.coop/smart-thermostat-program,Unknown,,Unknown,,"Central Electric Power Cooperative (CEPCI) G&T member, one of SC's 19 distribution co-ops (cepci.org/member-co-ops); res_dispatch via EnergySmartSC joint Smart Thermostat program (co-op-run portal, coordinated by Central/ECSC -- thermostat synced for automatic peak adjustments). Beat the Peak / Peak Alert is a voluntary usage-reduction text/call alert with no device control or price signal, so it does NOT count toward res_habit or res_dispatch on its own. Palmetto's own site additionally lists a dedicated Smart Thermostat Program and Dual Fuel heat-pump program page (palmetto.coop/smart-thermostat-program, palmetto.coop/dual-fuel-heat-pumps), directly confirming res_dispatch beyond the shared EnergySmartSC portal.",2026-09-24
14557,"PEE DEE ELECTRIC COOP, INC",SC,31288,MPD Electric Cooperative (formerly Pee Dee Electric Coop),SERC-nonRTO,Cooperative,Unknown,,Yes,https://energysmartsc.org/smart-thermostat/,Unknown,,Unknown,,"Central Electric Power Cooperative (CEPCI) G&T member, one of SC's 19 distribution co-ops (cepci.org/member-co-ops); res_dispatch via EnergySmartSC joint Smart Thermostat program (co-op-run portal, coordinated by Central/ECSC -- thermostat synced for automatic peak adjustments). Beat the Peak / Peak Alert is a voluntary usage-reduction text/call alert with no device control or price signal, so it does NOT count toward res_habit or res_dispatch on its own. ci_dispatch: an SC Energy Office DSM filing references a 30+ year Central-coordinated 'load-control program' for member co-ops, but no direct program page was found to confirm scope/eligibility for this member, so left Unknown. CEPCI (G&T) own site states it 'facilitat[es] demand-response programs' for its 19 member co-ops (cepci.org homepage) — applied as ci_dispatch=Yes per G&T-run-program shortcut. | ci_dispatch reset to Unknown 2026-09-26: CEPCI source did not show a C&I curtailment program",2026-09-26
1613,BERKELEY ELECTRIC COOP INC,SC,119109,Berkeley Electric Cooperative,SERC-nonRTO,Cooperative,Yes,https://www.berkeleyelectric.coop/rate-structure,Yes,https://energysmartsc.org/smart-thermostat/,Unknown,,Unknown,,"Central Electric Power Cooperative (CEPCI) G&T member, one of SC's 19 distribution co-ops (cepci.org/member-co-ops); res_dispatch via EnergySmartSC joint Smart Thermostat program (co-op-run portal, coordinated by Central/ECSC -- thermostat synced for automatic peak adjustments). Beat the Peak / Peak Alert is a voluntary usage-reduction text/call alert with no device control or price signal, so it does NOT count toward res_habit or res_dispatch on its own. ci_dispatch: an SC Energy Office DSM filing references a 30+ year Central-coordinated 'load-control program' for member co-ops, but no direct program page was found to confirm scope/eligibility for this member, so left Unknown. CEPCI (G&T) own site states it 'facilitat[es] demand-response programs' for its 19 member co-ops (cepci.org homepage) — applied as ci_dispatch=Yes per G&T-run-program shortcut. | ci_dispatch reset to Unknown 2026-09-26: CEPCI source did not show a C&I curtailment program",2026-09-26
16195,CITY OF ROCK HILL - (SC),SC,40367,City of Rock Hill (York County Natural Gas/Rock Hill Electric),SERC-nonRTO,Municipal,Unknown,,Unknown,,Unknown,,Unknown,,"Piedmont Municipal Power Agency (PMPA) member (pmpa.com/member-cities -- 10 members: Abbeville, Clinton, Easley, Gaffney, Greer, Laurens, Newberry, Rock Hill, Union, Westminster); no PMPA-wide DR/TOU program page found; utility's own rates/programs page not individually verified within search budget",2026-09-24
162,AIKEN ELECTRIC COOP INC,SC,50951,Aiken Electric Cooperative,SERC-nonRTO,Cooperative,Unknown,,Yes,https://energysmartsc.org/smart-thermostat/,Unknown,,Unknown,,"Central Electric Power Cooperative (CEPCI) G&T member, one of SC's 19 distribution co-ops (cepci.org/member-co-ops); res_dispatch via EnergySmartSC joint Smart Thermostat program (co-op-run portal, coordinated by Central/ECSC -- thermostat synced for automatic peak adjustments). Beat the Peak / Peak Alert is a voluntary usage-reduction text/call alert with no device control or price signal, so it does NOT count toward res_habit or res_dispatch on its own. ci_dispatch: an SC Energy Office DSM filing references a 30+ year Central-coordinated 'load-control program' for member co-ops, but no direct program page was found to confirm scope/eligibility for this member, so left Unknown. CEPCI (G&T) own site states it 'facilitat[es] demand-response programs' for its 19 member co-ops (cepci.org homepage) — applied as ci_dispatch=Yes per G&T-run-program shortcut. | ci_dispatch reset to Unknown 2026-09-26: CEPCI source did not show a C&I curtailment program",2026-09-26
16606,"SANTEE ELECTRIC COOP, INC",SC,44370,Santee Electric Cooperative,SERC-nonRTO,Cooperative,Unknown,,Yes,https://energysmartsc.org/smart-thermostat/,Unknown,,Unknown,,"Central Electric Power Cooperative (CEPCI) G&T member, one of SC's 19 distribution co-ops (cepci.org/member-co-ops); res_dispatch via EnergySmartSC joint Smart Thermostat program (co-op-run portal, coordinated by Central/ECSC -- thermostat synced for automatic peak adjustments). Beat the Peak / Peak Alert is a voluntary usage-reduction text/call alert with no device control or price signal, so it does NOT count toward res_habit or res_dispatch on its own. ci_dispatch: an SC Energy Office DSM filing references a 30+ year Central-coordinated 'load-control program' for member co-ops, but no direct program page was found to confirm scope/eligibility for this member, so left Unknown. CEPCI (G&T) own site states it 'facilitat[es] demand-response programs' for its 19 member co-ops (cepci.org homepage) — applied as ci_dispatch=Yes per G&T-run-program shortcut. | ci_dispatch reset to Unknown 2026-09-26: CEPCI source did not show a C&I curtailment program",2026-09-26
17539,"DOMINION ENERGY SOUTH CAROLINA, INC",SC,781613,Dominion Energy South Carolina,SERC-nonRTO,IOU,Yes,https://www.dominionenergy.com/south-carolina/updates/time-of-use,Yes,https://www.thermostatrewards.com/desc/faq/,Yes,https://etariff.psc.sc.gov/Uploads/revisionChangesFile/038581ca-7582-4e38-9158-543c54c3e503,Yes,http://www.dominionenergy.com/en/South-Carolina/Large-Business-Services,"You Shift You Save Rate 5-TOU (residential TOU); Reward Hours smart-thermostat DR (co-branded enrollment portal thermostatrewards.com/desc); Rate 27 real-time pricing for large C&I; interruptible demand discount on Rate 23/24 (1000kW+, June-Sept)",2026-09-24
17543,SOUTH CAROLINA PUBLIC SERVICE AUTHORITY,SC,202263,Santee Cooper (South Carolina Public Service Authority),SERC-nonRTO,Federal/State,Yes,https://www.santeecooper.com/rates/,Yes,https://newsroom.santeecooper.com/news/Santee-Cooper-Announces-Rewards-for-Smart-Thermostat-Customers/,Unknown,,Unknown,,Residential rate has seasonal on-peak windows (3-6pm summer/6-9am winter per 2026 peak-hours change); Santee Cooper Rewards is a smart-thermostat DR program with bill credits; C&I habit/dispatch cells not individually verified,2026-09-24
1763,"BLACK RIVER ELECTRIC COOP, INC - (SC)",SC,33977,Black River Electric Cooperative,SERC-nonRTO,Cooperative,Unknown,,Yes,https://energysmartsc.org/smart-thermostat/,Unknown,,Unknown,,"Central Electric Power Cooperative (CEPCI) G&T member, one of SC's 19 distribution co-ops (cepci.org/member-co-ops); res_dispatch via EnergySmartSC joint Smart Thermostat program (co-op-run portal, coordinated by Central/ECSC -- thermostat synced for automatic peak adjustments). Beat the Peak / Peak Alert is a voluntary usage-reduction text/call alert with no device control or price signal, so it does NOT count toward res_habit or res_dispatch on its own. ci_dispatch: an SC Energy Office DSM filing references a 30+ year Central-coordinated 'load-control program' for member co-ops, but no direct program page was found to confirm scope/eligibility for this member, so left Unknown. CEPCI (G&T) own site states it 'facilitat[es] demand-response programs' for its 19 member co-ops (cepci.org homepage) — applied as ci_dispatch=Yes per G&T-run-program shortcut. | ci_dispatch reset to Unknown 2026-09-26: CEPCI source did not show a C&I curtailment program",2026-09-26
1890,BLUE RIDGE ELECTRIC COOP INC - (SC),SC,70160,Blue Ridge Electric Cooperative,SERC-nonRTO,Cooperative,Yes,https://nectarclimate.com/rates/blue-ridge-electric-cooperative-sc,Yes,https://energysmartsc.org/smart-thermostat/,Unknown,,Unknown,,"Central Electric Power Cooperative (CEPCI) G&T member, one of SC's 19 distribution co-ops (cepci.org/member-co-ops); res_dispatch via EnergySmartSC joint Smart Thermostat program (co-op-run portal, coordinated by Central/ECSC -- thermostat synced for automatic peak adjustments). Beat the Peak / Peak Alert is a voluntary usage-reduction text/call alert with no device control or price signal, so it does NOT count toward res_habit or res_dispatch on its own. res_habit: third-party rate-tracking site (Nectar) describes Blue Ridge's optional 'EmPOWERment' residential TOU rate; co-op's own site (blueridge.coop) was JS-rendered and could not be independently fetched to confirm, so marked Secondary.",2026-09-24
21002,YORK ELECTRIC COOP INC,SC,68006,York Electric Cooperative,SERC-nonRTO,Cooperative,Unknown,,Yes,https://energysmartsc.org/smart-thermostat/,Unknown,,Unknown,,"Central Electric Power Cooperative (CEPCI) G&T member, one of SC's 19 distribution co-ops (cepci.org/member-co-ops); res_dispatch via EnergySmartSC joint Smart Thermostat program (co-op-run portal, coordinated by Central/ECSC -- thermostat synced for automatic peak adjustments). Beat the Peak / Peak Alert is a voluntary usage-reduction text/call alert with no device control or price signal, so it does NOT count toward res_habit or res_dispatch on its own. ci_dispatch: an SC Energy Office DSM filing references a 30+ year Central-coordinated 'load-control program' for member co-ops, but no direct program page was found to confirm scope/eligibility for this member, so left Unknown. CEPCI (G&T) own site states it 'facilitat[es] demand-response programs' for its 19 member co-ops (cepci.org homepage) — applied as ci_dispatch=Yes per G&T-run-program shortcut. | ci_dispatch reset to Unknown 2026-09-26: CEPCI source did not show a C&I curtailment program",2026-09-26
2212,"BROAD RIVER ELECTRIC COOP, INC",SC,23856,Broad River Electric Cooperative,SERC-nonRTO,Cooperative,Unknown,,Yes,https://energysmartsc.org/smart-thermostat/,Unknown,,Unknown,,"Central Electric Power Cooperative (CEPCI) G&T member, one of SC's 19 distribution co-ops (cepci.org/member-co-ops); res_dispatch via EnergySmartSC joint Smart Thermostat program (co-op-run portal, coordinated by Central/ECSC -- thermostat synced for automatic peak adjustments). Beat the Peak / Peak Alert is a voluntary usage-reduction text/call alert with no device control or price signal, so it does NOT count toward res_habit or res_dispatch on its own. ci_dispatch: an SC Energy Office DSM filing references a 30+ year Central-coordinated 'load-control program' for member co-ops, but no direct program page was found to confirm scope/eligibility for this member, so left Unknown. CEPCI (G&T) own site states it 'facilitat[es] demand-response programs' for its 19 member co-ops (cepci.org homepage) — applied as ci_dispatch=Yes per G&T-run-program shortcut. | ci_dispatch reset to Unknown 2026-09-26: CEPCI source did not show a C&I curtailment program",2026-09-26
2890,CITY OF CAMDEN,SC,11524,City of Camden Electric,SERC-nonRTO,Municipal,Unknown,,Unknown,,Unknown,,Unknown,,"Wholesale power purchased from Carolina Power Partners (NTE subsidiary) under a 2021-2041 all-requirements PPA, not from Santee Cooper or a co-op G&T; own programs page not individually verified within search budget",2026-09-24
3844,"COASTAL ELECTRIC COOP, INC",SC,11967,Coastal Electric Cooperative,SERC-nonRTO,Cooperative,Unknown,,Yes,https://energysmartsc.org/smart-thermostat/,Unknown,,Unknown,,"Central Electric Power Cooperative (CEPCI) G&T member, one of SC's 19 distribution co-ops (cepci.org/member-co-ops); res_dispatch via EnergySmartSC joint Smart Thermostat program (co-op-run portal, coordinated by Central/ECSC -- thermostat synced for automatic peak adjustments). Beat the Peak / Peak Alert is a voluntary usage-reduction text/call alert with no device control or price signal, so it does NOT count toward res_habit or res_dispatch on its own. ci_dispatch: an SC Energy Office DSM filing references a 30+ year Central-coordinated 'load-control program' for member co-ops, but no direct program page was found to confirm scope/eligibility for this member, so left Unknown. CEPCI (G&T) own site states it 'facilitat[es] demand-response programs' for its 19 member co-ops (cepci.org homepage) — applied as ci_dispatch=Yes per G&T-run-program shortcut. | ci_dispatch reset to Unknown 2026-09-26: CEPCI source did not show a C&I curtailment program",2026-09-26
5644,"EDISTO ELECTRIC COOP, INC",SC,20946,Edisto Electric Cooperative,SERC-nonRTO,Cooperative,Unknown,,Yes,https://energysmartsc.org/smart-thermostat/,Unknown,,Unknown,,"Central Electric Power Cooperative (CEPCI) G&T member, one of SC's 19 distribution co-ops (cepci.org/member-co-ops); res_dispatch via EnergySmartSC joint Smart Thermostat program (co-op-run portal, coordinated by Central/ECSC -- thermostat synced for automatic peak adjustments). Beat the Peak / Peak Alert is a voluntary usage-reduction text/call alert with no device control or price signal, so it does NOT count toward res_habit or res_dispatch on its own. ci_dispatch: an SC Energy Office DSM filing references a 30+ year Central-coordinated 'load-control program' for member co-ops, but no direct program page was found to confirm scope/eligibility for this member, so left Unknown. CEPCI (G&T) own site states it 'facilitat[es] demand-response programs' for its 19 member co-ops (cepci.org homepage) — applied as ci_dispatch=Yes per G&T-run-program shortcut. | ci_dispatch reset to Unknown 2026-09-26: CEPCI source did not show a C&I curtailment program",2026-09-26
5929,"FAIRFIELD ELECTRIC COOP, INC",SC,32265,Fairfield Electric Cooperative,SERC-nonRTO,Cooperative,Unknown,,Yes,https://energysmartsc.org/smart-thermostat/,Unknown,,Unknown,,"Central Electric Power Cooperative (CEPCI) G&T member, one of SC's 19 distribution co-ops (cepci.org/member-co-ops); res_dispatch via EnergySmartSC joint Smart Thermostat program (co-op-run portal, coordinated by Central/ECSC -- thermostat synced for automatic peak adjustments). Beat the Peak / Peak Alert is a voluntary usage-reduction text/call alert with no device control or price signal, so it does NOT count toward res_habit or res_dispatch on its own. ci_dispatch: an SC Energy Office DSM filing references a 30+ year Central-coordinated 'load-control program' for member co-ops, but no direct program page was found to confirm scope/eligibility for this member, so left Unknown. CEPCI (G&T) own site states it 'facilitat[es] demand-response programs' for its 19 member co-ops (cepci.org homepage) — applied as ci_dispatch=Yes per G&T-run-program shortcut. | ci_dispatch reset to Unknown 2026-09-26: CEPCI source did not show a C&I curtailment program",2026-09-26
6709,EASLEY COMBINED UTILITY SYSTEM,SC,16375,Easley Combined Utility System,SERC-nonRTO,Municipal,Unknown,,Unknown,,Unknown,,Unknown,,"Piedmont Municipal Power Agency (PMPA) member (pmpa.com/member-cities -- 10 members: Abbeville, Clinton, Easley, Gaffney, Greer, Laurens, Newberry, Rock Hill, Union, Westminster); no PMPA-wide DR/TOU program page found; utility's own rates/programs page not individually verified within search budget",2026-09-24
7646,GREENWOOD CPW,SC,14589,Greenwood Commissioners of Public Works,SERC-nonRTO,Municipal,No,https://greenwoodcpw.com/utilities/electric/,No,https://greenwoodcpw.com/utilities/electric/,No,https://greenwoodcpw.com/utilities/electric/,No,https://greenwoodcpw.com/utilities/electric/,"Power purchased from Carolina Power Partners (CPP) and SEPA; reviewed own Electric page and full rate-code list (2000-2900: residential, small/large commercial, large power, EV charger, municipal) -- no TOU/DR/smart-thermostat program found",2026-09-24
7654,GREER COMMISSION OF PUBLIC WKS,SC,31574,Greer CPW,SERC-nonRTO,Municipal,Unknown,,Unknown,,Unknown,,Unknown,,"Piedmont Municipal Power Agency (PMPA) member (pmpa.com/member-cities -- 10 members: Abbeville, Clinton, Easley, Gaffney, Greer, Laurens, Newberry, Rock Hill, Union, Westminster); no PMPA-wide DR/TOU program page found; utility's own rates/programs page not individually verified within search budget",2026-09-24
8786,HORRY ELECTRIC COOP INC,SC,90475,Horry Electric Cooperative,SERC-nonRTO,Cooperative,Yes,https://horryelectric.com/members/rate-center/,Yes,https://energysmartsc.org/smart-thermostat/,Unknown,,Unknown,,"Central Electric Power Cooperative (CEPCI) G&T member, one of SC's 19 distribution co-ops (cepci.org/member-co-ops); res_dispatch via EnergySmartSC joint Smart Thermostat program (co-op-run portal, coordinated by Central/ECSC -- thermostat synced for automatic peak adjustments). Beat the Peak / Peak Alert is a voluntary usage-reduction text/call alert with no device control or price signal, so it does NOT count toward res_habit or res_dispatch on its own. res_habit: Horry's own Rate Center describes summer (3-6pm Apr-Oct) and winter (6-9am Nov-Mar) peak-hour rate periods (found via search snippet, page not independently re-fetched). CEPCI (G&T) own site states it 'facilitat[es] demand-response programs' for its 19 member co-ops (cepci.org homepage) — applied as ci_dispatch=Yes per G&T-run-program shortcut. | ci_dispatch reset to Unknown 2026-09-26: CEPCI source did not show a C&I curtailment program",2026-09-26
10585,CITY OF LA GRANGE - (GA),GA,13717,La Grange Utilities,SERC-nonRTO,Municipal,No,https://cms3.revize.com/revize/lagrangeGA/Documents/Department/Utilities/Electric%20Residential%20Rate%2007012025.pdf,Unknown,,No,https://cms3.revize.com/revize/lagrangeGA/Documents/Department/Utilities/Electric%20Commercial%20Rate%2007012025.pdf,No,https://cms3.revize.com/revize/lagrangeGA/Documents/Department/Utilities/Electric%20Commercial%20Rate%2007012025.pdf,"MEAG Power member. lagrangega.org electric department page returned no readable content (JS-rendered or wrong path); could not verify any cell | Follow-up pass: read the City's own Residential Electric Service tariff PDF (flat $35 base + 7.000 cents/kWh all usage, no TOU) -> res_habit=No. Read the Commercial Electric Service tariff PDF (flat $225 base + $4.50/kW demand charge + tiered energy charge; only an 'OFF PEAK DEMAND' negotiated-ratchet clause, no TOU/CPP rate and no interruptible/curtailable rider) -> ci_habit=No, ci_dispatch=No. res_dispatch not covered (only an EV charger rebate program found; no dedicated thermostat/switch program page located).",2026-09-26
10624,SOUTHERN RIVERS ENERGY,GA,20857,Southern Rivers Energy,SERC-nonRTO,Cooperative,Unknown,https://www.southernriversenergy.com/sites/default/files/pdfs/Residential%20Rate%20Schedule_Revised%202023.pdf,No,https://www.southernriversenergy.com/ee,Unknown,https://www.southernriversenergy.com/rates-and-fees-commercial,Yes,https://www.southernriversenergy.com/load-management,"Oglethorpe Power member but sets own rates. Own Load Management page: commercial demand-rate members get advance notice of system peaks and can shed load, with cost consequences either way = ci_dispatch, Primary. Residential rate schedule PDF not reviewed for TOU; no thermostat/DR program found for residential",2026-09-24
10800,CITY OF LAWRENCEVILLE - (GA),GA,13722,City of Lawrenceville Electric,SERC-nonRTO,Municipal,No,,Unknown,,No,,Unknown,,"Own Electric Rates page (residential + commercial tables by size/demand-hours) reviewed in full: flat seasonal residential tiers (no TOU) and demand-hours-banded commercial rates (reward higher load factor, not time-of-day shifting) -- no on/off-peak differential anywhere. res_dispatch/ci_dispatch not covered on this page.",2026-09-26
11646,CITY OF MARIETTA - (GA),GA,41916,Marietta Power and Water,SERC-nonRTO,Municipal,Unknown,,Unknown,,Unknown,,Unknown,,"MEAG Power member. mariettaga.gov Power/Rebates pages are JS-rendered and returned no readable content directly; search snippets show ES-appliance/programmable-thermostat purchase rebates only, no confirmed TOU rate or utility-controlled dispatch/DR program",2026-09-24
12706,MITCHELL ELECTRIC MEMBER CORP,GA,25485,Mitchell EMC,SERC-nonRTO,Cooperative,No,https://mitchellemc.com/customer-service,Unknown,,Yes,https://mitchellemc.com/customer-service/time-of-use-rate,Unknown,,"Oglethorpe Power member but sets own rates. Time of Use Rate is offered specifically to irrigation/business customers (special TOU meter for off-peak irrigation) = ci_habit. No residential TOU found; Our Programs page is community/youth programs only, no dispatch or thermostat program found",2026-09-24
13547,"NEWNAN WTR, SEWER & LIGHT COMM",GA,10537,Newnan Utilities,SERC-nonRTO,Municipal,No,https://newnanutilities.org/electric/electric-rates/,No,https://newnanutilities.org/electric/energy-efficiency/,No,https://newnanutilities.org/electric/electric-rates/,No,https://newnanutilities.org/electric/energy-efficiency/,"Municipal utility. Electric Rates page shows 4 residential/commercial-scale rate tiers, each split Summer(Jun-Oct)/Winter(Nov-May) but with flat per-kWh pricing within each season (not time-of-day TOU) and no demand-charge-based C&I tier shown (large power/demand rates excluded, 'call customer service') - res_habit/ci_habit=No based on what is published. Energy Efficiency page covers only insulation/behavior tips and solar interconnection paperwork; no thermostat/AC-switch/curtailable-rider dispatch program found - res_dispatch/ci_dispatch=No.",2026-09-24
13716,NORTH GEORGIA ELEC MEMBER CORP,GA,103991,North Georgia EMC,TVA,Cooperative,Yes,https://www.ngemc.com/time/,Yes,https://www.ngemc.com/smartthermostat/,Yes,https://www.ngemc.com/account/business/,Unknown,,"TVA distributor (5 GA/TN/NC distribution systems incl. NGEMC per TVA public-power-partnerships page). NGEMC runs its own Residential TOU rate and Smart Thermostat Program in addition to TVA EnergyRight offerings; business TOU confirmed via account/business nav, C&I curtailable/PowerFlex not confirmed on ngemc.com",2026-09-24
13934,OCMULGEE ELECTRIC MEMBER CORP,GA,12798,Ocmulgee EMC,SERC-nonRTO,Cooperative,Unknown,,Unknown,,Unknown,,Unknown,,"Oglethorpe Power member, checked individually. Rate & Fees page states rate info is only available by contacting the co-op directly (no published tariff). Commercial Products & Services page mentions generic 'special rate plans with optimum rate analysis' consultation but no specific TOU/shifting program named. Understanding Commercial Peak Demand page is generic educational content about demand charges and mentions 'participating in utility demand response programs' as generic advice, not a description of Ocmulgee's own program - insufficient to confirm ci_dispatch.",2026-09-24
13962,OCONEE ELECTRIC MEMBER CORP,GA,13129,Oconee EMC,SERC-nonRTO,Cooperative,Unknown,,No,https://www.oconeeemc.com/,Unknown,,No,https://www.oconeeemc.com/,"Oglethorpe Power (generation-only G&T) member, checked individually per SKILL rules. Full site nav reviewed (About Us, Member Services incl. 101 Ways to Save/Home Energy Suite/Kids Energy Zone/Operation Round Up/Together We Save, Your Account, Safety, GATE Card) - no rates/tariff page published online and no thermostat/switch/curtailable dispatch program found anywhere.",2026-09-24
14649,PLANTERS ELECTRIC MEMBER CORP,GA,17892,Planters EMC,SERC-nonRTO,Cooperative,Unknown,,No,https://www.plantersemc.com/,Unknown,,No,https://www.plantersemc.com/,Oglethorpe Power member but sets own rates. Site has no rates/tariff page or programs page in nav at all (Forms are membership/solar-interconnection forms; Touchstone Energy Savings is generic tips). No TOU or thermostat/load-management program found,2026-09-24
15700,RAYLE ELECTRIC MEMBERSHIP CORP,GA,19365,Rayle EMC,SERC-nonRTO,Cooperative,Unknown,,No,https://www.rayleemc.com/customer-service,Unknown,,No,https://www.rayleemc.com/,"Oglethorpe Power member but sets own rates. Full nav checked (Members: Payment/Billing Options, Consumer Rebates, Outdoor Lighting; Products & Services: Energy Audits, Outdoor Lighting, Texting) - no rates/TOU page and no thermostat/load-management dispatch program found",2026-09-24
16674,SATILLA RURAL ELEC MEMBER CORPORATION,GA,58318,Satilla REMC,SERC-nonRTO,Cooperative,Yes,https://services.psc.ga.gov/api/v1/External/Public/Get/Document/DownloadFile/218132/99152,Unknown,,Unknown,,Unknown,,"Oglethorpe Power member but sets own rates. satillaemc.com is JS-rendered and did not expose rate-schedule text directly; GA PSC public disclosure filing confirms an on-peak (2-8pm weekdays, June-Sept) residential TOU structure. Could not verify dispatch or C&I programs - site nav had no visible rates/programs detail without JS",2026-09-24
16865,SAWNEE ELECTRIC MEMBERSHIP CORPORATION,GA,194225,Sawnee EMC,SERC-nonRTO,Cooperative,Yes,https://sawnee.coop/residential-rate-schedules,Yes,https://sawnee.coop/smartsavers,Yes,https://file.sawnee.coop/web-docs/rates/TOU-LGS-9.pdf,Unknown,,Oglethorpe Power member but sets own rates. Residential TOU + CPP rate schedules; Smart Savers thermostat DR + Load Management AC/heat-pump switch; Commercial CPP and TOU-LGS schedules. No interruptible/curtailable C&I rider found on sawnee.coop,2026-09-24
17832,SNAPPING SHOALS EL MEMBER CORP,GA,105950,Snapping Shoals EMC,SERC-nonRTO,Cooperative,No,https://ssemc.com/sites/default/files/2025-10/residentialratesheet_0.pdf,No,https://ssemc.com/energy-efficiency-rebates,No,https://ssemc.com/sites/default/files/2025-10/businessratesheet.pdf,Unknown,,"Oglethorpe Power member but sets own rates. Checked actual residential (RS) and General Service (GS) rate sheet PDFs - both are flat seasonal per-kWh rates, no TOU. Smart Thermostat rebate is a one-time purchase incentive (up to $75), no utility control/DR language found - not a dispatch program",2026-09-24
18305,SUMTER ELECTRIC MEMBER CORP,GA,21046,Sumter EMC,SERC-nonRTO,Cooperative,Unknown,,No,https://sumteremc.coop/energy-efficiency-center,Unknown,,No,https://sumteremc.coop/fees-and-rates,"Oglethorpe Power member but sets own rates. Fees & Rates page exists but no TOU indicated in nav; Member Service Programs (Rebates, Cooperative Solar, Outdoor Lighting, Energy Efficiency Center) has no thermostat/load-management dispatch program listed",2026-09-24
18499,THREE NOTCH ELEC MEMBER CORP,GA,15418,Three Notch EMC,SERC-nonRTO,Cooperative,Unknown,,No,https://www.threenotchemc.com/energy-safety,Unknown,,No,https://www.threenotchemc.com/,"Oglethorpe Power member but sets own rates. Full nav checked - no rates/tariff page published, no thermostat/load-management dispatch program found (Energy & Safety section is generic safety tips only)",2026-09-24
18848,CITY OF THOMASVILLE - (GA),GA,16119,Thomasville Utilities (Electric),SERC-nonRTO,Municipal,Unknown,,No,https://thomasville.org/departments/utilities/electric,Unknown,,No,https://thomasville.org/departments/utilities/electric,"MEAG Power member. Electric Department page is minimal (contact info + solar/distributed generation + security lights links only) - no rate schedule, TOU, or thermostat/DR program published",2026-09-24
1891,BLUE RIDGE MOUNTAIN EMC - (GA),GA,56945,Blue Ridge Mountain EMC,TVA,Cooperative,No,https://www.brmemc.com/electric-rate-sheet/,No,https://www.brmemc.com/waterheaters/,No,https://www.brmemc.com/electric-rate-sheet/,Unknown,,"TVA distributor. Checked own rate sheet (flat residential RS + flat GSA tiers, no TOU) and Value-Added Services (Water Heater Protection is a repair-insurance plan, not utility-controlled dispatch) - no TOU or dispatch program found on brmemc.com. TVA PowerFlex (C&I, via TVA directly) not confirmed for this LPC",2026-09-24
18956,TRI-COUNTY ELEC MEMBER CORP (GA),GA,22848,Tri-County EMC,SERC-nonRTO,Cooperative,Unknown,,Unknown,,No,,No,,"Own Business Rates page lists only General Service Non-demand, General Service Demand (plain kWh + demand charge, not a shifting-oriented design), Outdoor Lighting, Wholesale Power Cost Adjustment, and a Net Energy Metering rider -- no TOU/CPP and no curtailable/interruptible/DR rider. res_habit/res_dispatch not checked (home-rates page not fetched this pass).",2026-09-26
19154,TRI-STATE ELECTRIC MEMBER CORP,GA,20827,Tri-State EMC,TVA,Cooperative,No,https://www.tsemc.net/,No,https://www.tsemc.net/,No,https://www.tsemc.net/,Unknown,,"TVA distributor. Site nav (Resources/TVA Programs) lists only Green Switch, Energy Essentials, heat-pump loans - no TOU rate or thermostat/DR program found on tsemc.net. TVA PowerFlex (C&I, via TVA directly) not confirmed for this LPC",2026-09-24
19219,DIVERSE POWER INCORPORATED,GA,36690,Diverse Power,SERC-nonRTO,Cooperative,No,https://www.diversepower.com/your-meter/rates-and-fees/,No,https://www.diversepower.com/your-meter/rates-and-fees/,No,https://www.diversepower.com/your-meter/rates-and-fees/,Unknown,,"Oglethorpe Power member but sets own rates. Rate Schedules list (Residential, Outdoor Lighting, General Service, Small General Service, Cooperative Solar, Net Metering) has no TOU rate. No thermostat/load-management program found in site nav (Energy Tools/Programs sections checked)",2026-09-24
20065,WALTON ELECTRIC MEMBER CORP,GA,137352,Walton EMC,SERC-nonRTO,Cooperative,No,https://www.waltonemc.com/residential/rates/,No,https://www.waltonemc.com/residential/rebates/,No,https://www.waltonemc.com/business/electric-service-rate/,Yes,https://www.waltonemc.com/business/electric-service-rate/,"Oglethorpe Power member but sets own rates. Residential rate flat by season, no TOU/EV-TOU or thermostat DR program found. Commercial GS-12 is a flat demand-based rate (not TOU) but its Load Management Adjustment Rider (LM-7) lets the co-op install 'positive control' load management devices on a member's load in exchange for a demand credit = C&I dispatch",2026-09-24
20146,WASHINGTON ELEC MEMBER CORP,GA,16090,Washington EMC,SERC-nonRTO,Cooperative,Unknown,https://www.washingtonemc.com/member-resources/rate-schedules,No,https://www.washingtonemc.com/,Unknown,https://www.washingtonemc.com/member-resources/rate-schedules,Unknown,,Oglethorpe Power member but sets own rates. Rate Schedules page exists but was not reviewed in detail (link only); full site nav checked otherwise and has no thermostat/load-management dispatch program anywhere,2026-09-24
230,ALBANY UTILITY BOARD,GA,33196,Albany Utilities,SERC-nonRTO,Municipal,No,https://www.albanyga.gov/City-Services/Utilities/Pay-Your-Utility-Bill/Residential-Rates-and-Fees,No,,No,https://www.albanyga.gov/City-Services/Utilities/Pay-Your-Utility-Bill/Commercial-Rates-and-Fees,No,,"Municipal utility (MEAG Power member, per region plan). Residential Light Rates are flat seasonal (May-Oct/Nov-Apr) tiered kWh, no TOU. Commercial Demand/Large Commercial Demand rates use a plain kW demand charge (schema excludes plain demand charges from ci_habit) plus load-factor energy tiers, not a TOU/shifting design. No thermostat/AC-switch/curtailable-rider program found anywhere in nav (only Energy Conservation Loan and Weatherization efficiency programs).",2026-09-24
26218,LITTLE OCMULGEE EL MEMBER CORP,GA,11812,Little Ocmulgee EMC,SERC-nonRTO,Cooperative,Unknown,,No,https://www.loemc.com/,Unknown,,Unknown,,"Oglethorpe Power member, checked individually. No rates/tariff page found in nav. Residential section reviewed (Budget Billing, Prepay Service, Home Energy Suite, Lowering Your Bill, Levelized Billing) - no thermostat/switch dispatch program - res_dispatch=No. Business section only has Applying for Service, Irrigation Application, and GATE (economic-development card program) - Irrigation Application page not fetched so cannot confirm/deny a load-management switch component; ci_dispatch left Unknown rather than guessing.",2026-09-24
2903,CANOOCHEE ELECTRIC MEMBER CORP,GA,23889,Canoochee EMC,SERC-nonRTO,Cooperative,Unknown,,No,https://www.canoocheeemc.com/,Unknown,,No,https://www.canoocheeemc.com/,"Oglethorpe Power member but sets own rates. Full site nav checked (Member Services: solar, capital credits, fees, prepay, ag tax exemption) - no rates/tariff schedule page, no TOU, no thermostat/load-management program found anywhere",2026-09-24
3081,CARROLL ELECTRIC MEMBER CORP - (GA),GA,54547,Carroll EMC,SERC-nonRTO,Cooperative,Yes,https://carrollemc.com/time-of-use-rate/,Unknown,,Unknown,,Unknown,,"Oglethorpe Power member but sets own rates (this is the Georgia Carroll EMC, not Carroll Electric Cooperative of Arkansas - different entity, confirmed by carrollemc.com domain and EIA ID/state). Residential Time-of-Use Rate confirmed on own site. No dispatch/thermostat/C&I program found on carrollemc.com nav (Products & Programs page checked)",2026-09-24
31833,OKEFENOKE RURAL EL MEMBER CORP,GA,39828,Okefenoke REMC,SERC-nonRTO,Cooperative,No,https://www.oremc.com/rates,No,https://www.oremc.com/,No,https://www.oremc.com/rates,No,https://www.oremc.com/,"Oglethorpe Power member but sets own rates. Full site nav checked (Energy Services: Cooperative/Rooftop Solar, Energy Calculators; Member Services: Generator Program, Outdoor Lighting) - no TOU, thermostat, or load-management program found anywhere on oremc.com",2026-09-24
3248,CENTRAL GEORGIA EL MEMBER CORP,GA,64134,Central Georgia EMC,SERC-nonRTO,Cooperative,No,https://www.cgemc.com/rates,Yes,https://www.cgemc.com/load-management,No,https://www.cgemc.com/rates,Unknown,,"Oglethorpe Power member but sets own rates. Rates page shows flat Rate 1 (residential) and Rate 2 (small commercial), no TOU. Load Management program cycles AC/water heater for bill credit = res_dispatch. No C&I curtailable/load-management rider found distinct from residential program",2026-09-24
3843,COASTAL ELECTRIC MEMBER CORP,GA,22559,Coastal Electric Cooperative,SERC-nonRTO,Cooperative,Yes,https://coastalelectric.coop/download/time-of-use-plug-in-electric-vehicle-rate-tou-pev-2-pdf/,No,https://coastalelectric.coop/your-service/programs-services/,No,https://coastalelectric.coop/your-service/billing-payments/rates-schedules/,Unknown,,"Oglethorpe Power member but sets own rates. Rate Schedules list includes a Time-of-Use Plug-in EV rate (TOU-3/TOU-PEV-2) = res_habit via EV TOU. General/Industrial Service are flat, no TOU. Programs & Services (Co-op Connections, Surge Guard, Home Plus Loans, Outdoor Lighting) has no thermostat/load-management dispatch program",2026-09-24
3916,COBB ELECTRIC MEMBERSHIP CORP,GA,219358,Cobb EMC,SERC-nonRTO,Cooperative,Yes,https://www.cobbemc.com/smart-choice-rate,Yes,https://www.cobbemc.com/smart-thermostat-incentive,Yes,https://www.cobbemc.com/sites/default/files/documents/rates/Commercial/2026/0126_Rate14T_Rate%20Schedule.pdf,Unknown,,Oglethorpe Power member but sets own rates. Smart Choice Rate (residential TOU/CPP) + smart thermostat incentive; Commercial CS-14-TOU/CPP schedule. No curtailable/interruptible C&I rider found on cobbemc.com; negotiated rates exist for loads >=900kW but terms not published,2026-09-24
40212,COLQUITT ELECTRIC MEMBERSHIP CORP,GA,71559,Colquitt EMC,SERC-nonRTO,Cooperative,No,https://colquittemc.com/energy-management,No,https://colquittemc.com/energy-management,No,https://colquittemc.com/about-us/service-rules-regulations,Unknown,,"Oglethorpe Power member but sets own rates. Full site nav checked (Energy section: Energy Audits, Energy Management, Energy Tips, Rooftop Solar) - no TOU, thermostat, or load-management program listed. No public PSC tariff; rates set via Service Rules & Regulations not published as TOU schedule",2026-09-24
407,ALTAMAHA ELECTRIC MEMBER CORP,GA,21411,Altamaha EMC,SERC-nonRTO,Cooperative,Unknown,,No,https://www.altamahaemc.com/services.html,Unknown,,No,https://www.altamahaemc.com/services.html,"Oglethorpe Power member but sets own rates. Services page lists PowerUp Lending, Cable Location, Free Home Energy Audits, Generators, Retail Rate Adjustment, GenerLink - no rate schedule/TOU page published and no thermostat/load-management program found",2026-09-24
4432,COWETA-FAYETTE EL MEMBER CORP,GA,86794,Coweta-Fayette EMC,SERC-nonRTO,Cooperative,Yes,https://utility.org/electric-rates/,No,https://utility.org/smart-choice-home/,No,https://utility.org/electric-rates/,Unknown,,"Oglethorpe Power member but sets own rates. Residential TOU rate confirmed on own rate page (On-Peak/Off-Peak/Super Off-Peak pricing periods). SmartChoice Home thermostat rebate is a one-time purchase incentive only, no utility control language. Commercial (Small/Large) rates are flat/demand-tier, no TOU found",2026-09-24
4433,CITY OF COVINGTON - (GA),GA,13250,Covington Utilities,SERC-nonRTO,Municipal,No,,Unknown,,Unknown,,Unknown,,"Own Residential Rate Information page shows a flat seasonal tiered rate (base charge + kWh tiers by season), no TOU/CPP/demand rate. Commercial rate page and any LM/DR program page not reached within budget.",2026-09-26
4538,CRISP COUNTY POWER COMM,GA,12099,Crisp County Power Commission,SERC-nonRTO,Municipal,Unknown,,No,https://crispcountypower.com/energy-management,Unknown,,Unknown,,"Municipal utility (MEAG Power member, listed in own site footer links). No rates/tariff page found anywhere in nav (Billing/Payments pages cover payment methods, not rate schedules). Energy Management page reviewed - only generic energy-saving tips, a Home Energy Suite efficiency portal, and free energy audits; no thermostat/switch/curtailable dispatch program - res_dispatch=No. No dedicated commercial rates or C&I program page found.",2026-09-24
4744,DALTON UTILITIES,GA,17155,Dalton Utilities,SERC-nonRTO,Municipal,No,https://www.dutil.com/electric/,No,https://www.dutil.com/electric/,No,https://www.dutil.com/electric/,No,https://www.dutil.com/electric/,"MEAG Power member. Electric page's own rate info is a plain 'Electric Demand Rate' for >=20,000 kWh/month accounts (not a shifting-oriented TOU/RTP design, so does not count per schema). No TOU, thermostat, or C&I curtailable program found anywhere on dutil.com",2026-09-24
5582,CITY OF EAST POINT - (GA),GA,17644,East Point Power & Water,SERC-nonRTO,Municipal,No,,Unknown,,Unknown,,Unknown,,"Own Customer Care page (billing riders: Customer Care Fee, ECCR, PCA Rider, Senior Citizen Discount) reviewed in full -- no TOU/CPP/demand rate or LM/DR program mentioned anywhere on the utility's billing/rates content. ci_habit/res_dispatch/ci_dispatch not covered (a separate commercial rate schedule page was not located).",2026-09-26
562,AMICALOLA ELECTRIC MEMBER CORP,GA,53657,Amicalola EMC,SERC-nonRTO,Cooperative,No,https://www.amicalolaemc.com/uploads/files/a1/b7/a1b73728dc7dea91e950f826220fef83.pdf,Unknown,https://www.amicalolaemc.com/members/water-heater-maintenance-program,No,https://www.amicalolaemc.com/uploads/files/b8/10/b8101b0d3da889b1a972aef206771f59.pdf,Unknown,,"Oglethorpe Power member (with Georgia Energy Cooperative, per Vogtle mention) but sets own rates. Own Residential and General Service rate PDFs are flat seasonal rates only, no TOU/demand-shifting or interruptible schedules published. Water Heater Maintenance Program name suggests a repair plan (like neighboring BRMEMC) rather than confirmed utility-controlled dispatch - not verified either way",2026-09-24
5905,EXCELSIOR ELECTRIC MEMBER CORP,GA,24766,Excelsior EMC,SERC-nonRTO,Cooperative,Unknown,,No,https://excelsioremc.com/,Unknown,,No,https://excelsioremc.com/,"Oglethorpe Power member but sets own rates. Site has no rates/tariff page in its nav at all (Quick Links: Solar, EVs, Pre-Pay vs Monthly, newsletters, bylaws/SRR docs). No thermostat or load-management program found; could not verify TOU either way",2026-09-24
6411,FLINT ELECTRIC MEMBERSHIP CORP,GA,92481,Flint Energies,SERC-nonRTO,Cooperative,No,https://www.flintenergies.com/residential-rates,Yes,https://www.flintenergies.com/co-op-comfort,Unknown,,Yes,https://www.flintenergies.com/ag-load-management,Oglethorpe Power member but sets own rates. Residential rate is flat kWh (no TOU). Smart Select (AC/water heater/pool pump switch) + Co-op Comfort (smart thermostat DR) = res_dispatch. Agricultural Load Management switch program on irrigation/ag loads = ci_dispatch (ag-specific). No general C&I TOU rate confirmed,2026-09-24
7090,GREYSTONE POWER CORPORATION,GA,144196,GreyStone Power Corporation,SERC-nonRTO,Cooperative,Yes,https://www.greystonepower.com/sites/default/files/PDF/Rates/010522_from%20David/Rate%20300-Residential%20EV%20Effective%206.1.2021.pdf,No,https://www.greystonepower.com/sites/default/files/documents/GSP-0218-1.pdf,Yes,https://www.greystonepower.com/sites/default/files/PDF/Rates/010522/General%20Service%20Seasonal%20Off%20Peak.pdf,Yes,https://greystonepower.com/sites/default/files/PDF/Rates/010522/Load%20Management%20Service.pdf,"Oglethorpe Power member but sets own rates. Rate 300 Residential EV schedule has super-off-peak/off-peak/on-peak time-differentiated pricing (res_habit). Smart Thermostat Rebate (GSP-0218-1) is a one-time purchase rebate with no utility control language, not a dispatch program. Commercial schedules (Small Commercial, General Service, GS-SON/GS-SOFF seasonal) are flat/demand-tier, not TOU-designed",2026-09-24
7140,GEORGIA POWER CO,GA,2712780,Georgia Power Company,SERC-nonRTO,IOU,Yes,https://www.georgiapower.com/residential/rate-plans/nights-weekends.html,Yes,https://georgiapowermarketplace.com/s/GeorgiaPower/programs/content_drpe_info.html,Yes,https://www.georgiapower.com/content/dam/georgia-power/pdfs/business-pdfs/tariffs/2025/rtp-da-12.pdf,Yes,https://www.georgiapower.com/content/dam/georgia-power/pdfs/business-pdfs/DRC-1_Tariff.pdf,res_habit: Smart Usage/Nights & Weekends/Overnight Advantage TOU rates; res_dispatch: Temp Check smart-thermostat DR + HEIP thermostat rebates; ci_habit: RTP-DA/RTP-HA hourly pricing tariffs and TOU-FD; ci_dispatch: Curtailable Load (CL-1) and C&I REDI rider,2026-09-24
7450,GRADY ELECTRIC MEMBERSHIP CORP,GA,20246,Grady EMC,SERC-nonRTO,Cooperative,Unknown,,No,https://gradyemc.com/rebates-services/,Unknown,,No,https://gradyemc.com/,"Oglethorpe Power member but sets own rates. Site has no published rates/tariff page in nav at all (Member Services: Apply, Billing, Outage, Forms, Capital Credits; Energy Savings page is EV rebates + free audit only). No thermostat/load-management program found",2026-09-24
7679,CITY OF GRIFFIN - (GA),GA,16175,City of Griffin Electric,SERC-nonRTO,Municipal,Unknown,,Unknown,,Unknown,,Unknown,,MEAG Power member. cityofgriffin.com electric department page returned no readable content (JS-rendered or blocked); could not verify any cell,2026-09-24
7887,HABERSHAM ELECTRIC MEMBERSHIP CORP,GA,36474,Habersham EMC,SERC-nonRTO,Cooperative,No,https://www.habershamemc.com/member-services/rates/,No,https://www.habershamemc.com/energy-efficiency/energy-management/,No,https://www.habershamemc.com/member-services/rates/,Unknown,,"Oglethorpe Power member but sets own rates. Only two flat seasonal rate schedules published (Farm & Home Rate 1, Seasonal Rate 2), no TOU. Energy Management section (Audit, Tips, Loans, Rebates) has no thermostat DR or load-management program",2026-09-24
8210,HART ELECTRIC MEMBER CORP,GA,38425,Hart EMC,SERC-nonRTO,Cooperative,Unknown,,No,https://www.hartemc.com/safety-education/energy-conservation/,Unknown,,Unknown,,"Oglethorpe Power member but sets own rates. hartemc.com has no published rates/tariff page in its nav at all (Energy Conservation page has only generic efficiency tips, no DR/thermostat/load-management program). Could not verify TOU or C&I programs due to absence of a rates section on the site",2026-09-24
9431,IRWIN ELECTRIC MEMBERSHIP CORP,GA,12765,Irwin EMC,SERC-nonRTO,Cooperative,No,https://www.irwinemc.com/sites/default/files/documents/Irwin%20EMC%20Rates%202026%20for%20website_0.pdf,No,https://www.irwinemc.com/load-management,Yes,https://www.irwinemc.com/sites/default/files/documents/Irwin%20EMC%20Rates%202026%20for%20website_0.pdf,Yes,https://www.irwinemc.com/load-management,"Oglethorpe Power member, checked individually. Full 2026 rate tariff PDF reviewed: Single Phase (residential) rate is flat energy-tier only, no TOU/RTP/demand charge - res_habit=No. No residential dispatch program found (Load Management page applies only to large irrigation/agricultural accounts, not residential) - res_dispatch=No. 'Multi-Phase Load Management Service' (Rate 10) is a voluntary reduced flat rate for C&I loads >50kW able to interrupt 50%+ load on <=30min notice - counts as ci_habit (shifting-oriented rate design) and ci_dispatch (utility radio-switch-controlled curtailment, same mechanism also used for large irrigation accounts per the Load Management page).",2026-09-24
9601,JACKSON ELECTRIC MEMBER CORP - (GA),GA,249506,Jackson EMC,SERC-nonRTO,Cooperative,Yes,https://www.jacksonemc.com/my-cooperative/rates/residential-rates/residential-time-of-use-service,Yes,https://www.jacksonemc.com/member-services/home-services/products-services/sync-to-save,Yes,https://www.jacksonemc.com/my-cooperative/rates/commercial-rates/general-service-terms-of-use,Yes,https://www.jacksonemc.com/my-cooperative/rates/commercial-rates/load-management-service,Oglethorpe Power member but sets own rates. Residential TOU + Sync to Save smart-thermostat DR; General Service TOU (GSTOU) and Load Management Service (LMS) for commercial,2026-09-24
9689,JEFFERSON ELECTRIC MEMBER CORP,GA,36420,Jefferson EMC,SERC-nonRTO,Cooperative,Yes,https://www.jec.coop/member-services/rates/,Unknown,,Unknown,,Unknown,,Own Rates page lists 'Cooperative Flex Service - Schedule CFS': 'Ideal for members with electric vehicles or any member who can shift their energy use to discounted times while avoiding high consumption during peak hours' -- a residential EV/shifting TOU-style rate (res_habit=Yes). ci_habit/ci_dispatch/res_dispatch not found within budget.,2026-09-26
1149,BALDWIN COUNTY EL MEMBER CORP,AL,85803,Baldwin EMC,SERC-nonRTO,Cooperative,Unknown,,Yes,https://southaec.com/energy-savings/water-heater-program/,Unknown,,Unknown,,"PowerSouth Energy Cooperative G&T member (powersouth.com; member list corroborated via businessalabama.com); no PowerSouth G&T-wide or member-specific TOU/DR program page found within search budget  PowerSouth (G&T) runs a coordinated water-heater peak-shaving/cycling program (""H2O Plus"") for its member co-ops -- South Alabama Electric's own page explicitly states 'our power supplier -- PowerSouth Energy Cooperative -- [cycles] the [water heater] off for short periods'; applied as res_dispatch=Yes per G&T-run-program shortcut. Member's own equivalent program page not independently re-confirmed for every co-op.",2026-09-26
11714,MARSHALL-DE KALB ELECTRIC COOP,AL,20770,Marshall-DeKalb Electric Cooperative,TVA,Cooperative,Unknown,,Yes,https://energyright.com/residential/rebates/smartthermostat/,Unknown,,Yes,https://energyright.com/business-industry/demand-response/powerflex/,TVA local power company; TVA runs EnergyRight Smart Thermostat Rewards (res_dispatch) and PowerFlex (ci_dispatch >=1MW) system-wide per TVA's own program pages (cited once per skill shortcut); residential/C&I TOU rate adoption varies by individual LPC and was not verified per-LPC within search budget,2026-09-24
13669,NORTH ALABAMA ELECTRIC COOP,AL,19159,North Alabama Electric Cooperative,TVA,Cooperative,Unknown,,Yes,https://energyright.com/residential/rebates/smartthermostat/,Unknown,,Yes,https://energyright.com/business-industry/demand-response/powerflex/,TVA local power company; TVA runs EnergyRight Smart Thermostat Rewards (res_dispatch) and PowerFlex (ci_dispatch >=1MW) system-wide per TVA's own program pages (cited once per skill shortcut); residential/C&I TOU rate adoption varies by individual LPC and was not verified per-LPC within search budget,2026-09-24
14146,CITY OF OPELIKA - (AL),AL,14730,Opelika Power Services,SERC-nonRTO,Municipal,Unknown,,Unknown,,Unknown,,Unknown,,AMEA wholesale member; own site (opelika-al.gov/930/Opelika-Power-Services) reviewed but no dedicated rates/programs subpage surfaced within search budget,2026-09-24
14602,PEA RIVER ELECTRIC COOP,AL,19540,Pea River Electric Cooperative,SERC-nonRTO,Cooperative,Unknown,,Yes,https://southaec.com/energy-savings/water-heater-program/,Unknown,,Unknown,,"PowerSouth Energy Cooperative G&T member (powersouth.com; member list corroborated via businessalabama.com); no PowerSouth G&T-wide or member-specific TOU/DR program page found within search budget  PowerSouth (G&T) runs a coordinated water-heater peak-shaving/cycling program (""H2O Plus"") for its member co-ops -- South Alabama Electric's own page explicitly states 'our power supplier -- PowerSouth Energy Cooperative -- [cycles] the [water heater] off for short periods'; applied as res_dispatch=Yes per G&T-run-program shortcut. Member's own equivalent program page not independently re-confirmed for every co-op.",2026-09-26
1640,CITY OF BESSEMER UTILITIES,AL,11347,Bessemer Electric Service,TVA,Municipal,Unknown,,Yes,https://energyright.com/residential/rebates/smartthermostat/,Unknown,,Yes,https://energyright.com/business-industry/demand-response/powerflex/,TVA local power company; TVA runs EnergyRight Smart Thermostat Rewards (res_dispatch) and PowerFlex (ci_dispatch >=1MW) system-wide per TVA's own program pages (cited once per skill shortcut); residential/C&I TOU rate adoption varies by individual LPC and was not verified per-LPC within search budget,2026-09-24
16629,SAND MOUNTAIN ELECTRIC COOP,AL,32733,Sand Mountain Electric Cooperative,TVA,Cooperative,Unknown,,Yes,https://energyright.com/residential/rebates/smartthermostat/,Unknown,,Yes,https://energyright.com/business-industry/demand-response/powerflex/,TVA local power company; TVA runs EnergyRight Smart Thermostat Rewards (res_dispatch) and PowerFlex (ci_dispatch >=1MW) system-wide per TVA's own program pages (cited once per skill shortcut); residential/C&I TOU rate adoption varies by individual LPC and was not verified per-LPC within search budget,2026-09-24
17033,SHEFFIELD UTILITIES,AL,19328,Sheffield Utilities,TVA,Municipal,Unknown,,Yes,https://energyright.com/residential/rebates/smartthermostat/,Unknown,,Yes,https://energyright.com/business-industry/demand-response/powerflex/,TVA local power company; TVA runs EnergyRight Smart Thermostat Rewards (res_dispatch) and PowerFlex (ci_dispatch >=1MW) system-wide per TVA's own program pages (cited once per skill shortcut); residential/C&I TOU rate adoption varies by individual LPC and was not verified per-LPC within search budget,2026-09-24
17534,"SOUTH ALABAMA ELEC COOP, INC",AL,17288,South Alabama Electric Cooperative,SERC-nonRTO,Cooperative,Unknown,,Yes,https://southaec.com/energy-savings/water-heater-program/,Unknown,,Unknown,,PowerSouth Energy Cooperative G&T member (powersouth.com; member list corroborated via businessalabama.com); no PowerSouth G&T-wide or member-specific TOU/DR program page found within search budget South Alabama Electric's own Water Heater Program page: H2O Plus device lets PowerSouth (G&T) cycle water heaters off 2-4 hrs during peak. Directly confirmed on this member's own site (Primary).,2026-09-26
17646,"SOUTHERN PINE ELEC COOP, INC",AL,22291,Southern Pine Electric Cooperative,SERC-nonRTO,Cooperative,Unknown,,Yes,https://southaec.com/energy-savings/water-heater-program/,Unknown,,Unknown,,"PowerSouth Energy Cooperative G&T member (powersouth.com; member list corroborated via businessalabama.com); no PowerSouth G&T-wide or member-specific TOU/DR program page found within search budget  PowerSouth (G&T) runs a coordinated water-heater peak-shaving/cycling program (""H2O Plus"") for its member co-ops -- South Alabama Electric's own page explicitly states 'our power supplier -- PowerSouth Energy Cooperative -- [cycles] the [water heater] off for short periods'; applied as res_dispatch=Yes per G&T-run-program shortcut. Member's own equivalent program page not independently re-confirmed for every co-op.",2026-09-26
1780,BLACK WARRIOR ELEC MEMBER CORP,AL,26759,Black Warrior EMC,SERC-nonRTO,Cooperative,Unknown,,Unknown,,Unknown,,Unknown,,Wholesale supplier not confirmed -- not on PowerSouth's published member list and not a confirmed TVA local power company; own site (blackwarrioremc.com) has no visible rates/programs page in nav,2026-09-24
18203,TALLAPOOSA RIVER ELEC COOP INC,AL,29412,Tallapoosa River Electric Cooperative,SERC-nonRTO,Cooperative,Unknown,,Yes,https://southaec.com/energy-savings/water-heater-program/,Unknown,,Unknown,,"PowerSouth Energy Cooperative G&T member (powersouth.com; member list corroborated via businessalabama.com); no PowerSouth G&T-wide or member-specific TOU/DR program page found within search budget  PowerSouth (G&T) runs a coordinated water-heater peak-shaving/cycling program (""H2O Plus"") for its member co-ops -- South Alabama Electric's own page explicitly states 'our power supplier -- PowerSouth Energy Cooperative -- [cycles] the [water heater] off for short periods'; applied as res_dispatch=Yes per G&T-run-program shortcut. Member's own equivalent program page not independently re-confirmed for every co-op.",2026-09-26
195,ALABAMA POWER CO,AL,1526836,Alabama Power Company,SERC-nonRTO,IOU,Yes,https://www.alabamapower.com/content/dam/alabama-power/pdfs-docs/Rates/RTA.pdf,Yes,https://smartpeak.alabamapowerprograms.com/,Yes,https://www.alabamapower.com/content/dam/alabama-power/pdfs-docs/Rates/RTP.pdf,Yes,https://www.alabamapower.com/content/dam/alabama-power/pdfs-docs/business/pricing-and-rates-/rules-and-regulations/ic.pdf,"Time Advantage Rate RTA (residential TOU, energy/demand options); Smart Peak Rewards smart-thermostat DR; Rate RTP real-time pricing (industrial); Rider IC interruptible capacity",2026-09-24
20841,"WIREGRASS ELECTRIC COOP, INC",AL,26292,Wiregrass Electric Cooperative,SERC-nonRTO,Cooperative,Unknown,,Yes,https://southaec.com/energy-savings/water-heater-program/,Unknown,,Unknown,,"PowerSouth Energy Cooperative G&T member (powersouth.com; member list corroborated via businessalabama.com); no PowerSouth G&T-wide or member-specific TOU/DR program page found within search budget  PowerSouth (G&T) runs a coordinated water-heater peak-shaving/cycling program (""H2O Plus"") for its member co-ops -- South Alabama Electric's own page explicitly states 'our power supplier -- PowerSouth Energy Cooperative -- [cycles] the [water heater] off for short periods'; applied as res_dispatch=Yes per G&T-run-program shortcut. Member's own equivalent program page not independently re-confirmed for every co-op.",2026-09-26
241,ALBERTVILLE MUNICIPAL UTILITIES BOARD,AL,10501,Albertville Municipal Utilities Board,TVA,Municipal,Unknown,,Yes,https://energyright.com/residential/rebates/smartthermostat/,Unknown,,Yes,https://energyright.com/business-industry/demand-response/powerflex/,TVA local power company; TVA runs EnergyRight Smart Thermostat Rewards (res_dispatch) and PowerFlex (ci_dispatch >=1MW) system-wide per TVA's own program pages (cited once per skill shortcut); residential/C&I TOU rate adoption varies by individual LPC and was not verified per-LPC within search budget,2026-09-24
30517,"PIONEER ELECTRIC COOP, INC - (AL)",AL,12911,Pioneer Electric Cooperative,SERC-nonRTO,Cooperative,Yes,https://www.pioneerelectric.com/time-of-use,Yes,https://southaec.com/energy-savings/water-heater-program/,Unknown,,Unknown,,"PowerSouth Energy Cooperative G&T member (powersouth.com; member list corroborated via businessalabama.com); no PowerSouth G&T-wide or member-specific TOU/DR program page found within search budget  PowerSouth (G&T) runs a coordinated water-heater peak-shaving/cycling program (""H2O Plus"") for its member co-ops -- South Alabama Electric's own page explicitly states 'our power supplier -- PowerSouth Energy Cooperative -- [cycles] the [water heater] off for short periods'; applied as res_dispatch=Yes per G&T-run-program shortcut. Member's own equivalent program page not independently re-confirmed for every co-op. | Follow-up pass: confirmed AL Pioneer Electric Cooperative's OWN Time-of-Use Rate page (pioneerelectric.com/time-of-use; Greenville/Selma AL, area code 334 -- NOT to be confused with the unrelated 'Pioneer Electric Cooperative' of southwest Kansas at pioneerelectric.coop, a different entity checked and ruled out this pass). Off-Peak $0.09/kWh, On-Peak $0.42/kWh, $60/mo access charge, 6-month commitment -> res_habit=Yes. ci_habit/ci_dispatch still Unknown: rate-schedules page is JS-rendered and could not be fetched; no C&I TOU/interruptible program independently confirmed this pass.",2026-09-26
3222,CENTRAL ALABAMA ELECTRIC COOP,AL,46293,Central Alabama Electric Cooperative,SERC-nonRTO,Cooperative,No,,Yes,https://caec.coop/member-benefits-services/peak-shaving-program/,No,,Unknown,,"Own Rates & Availability page reviewed (Residential, Small Power, Medium Power, Outdoor Light schedules) -- all flat per-kWh, no TOU/demand-shifting design (res_habit=No, ci_habit=No). Own Peak Shaving Program page confirms free utility-installed water-heater PSD that delays reheating to off-peak (res_dispatch=Yes). ci_dispatch not found within budget.",2026-09-26
3426,CHEROKEE ELECTRIC COOP,AL,25576,Cherokee Electric Cooperative,TVA,Cooperative,Unknown,,Yes,https://energyright.com/residential/rebates/smartthermostat/,Unknown,,Yes,https://energyright.com/business-industry/demand-response/powerflex/,TVA local power company; TVA runs EnergyRight Smart Thermostat Rewards (res_dispatch) and PowerFlex (ci_dispatch >=1MW) system-wide per TVA's own program pages (cited once per skill shortcut); residential/C&I TOU rate adoption varies by individual LPC and was not verified per-LPC within search budget,2026-09-24
40127,CLARKE-WASHINGTON E M C,AL,20545,Clarke-Washington EMC,SERC-nonRTO,Cooperative,Unknown,,Yes,https://southaec.com/energy-savings/water-heater-program/,Unknown,,Unknown,,"PowerSouth Energy Cooperative G&T member (powersouth.com; member list corroborated via businessalabama.com); no PowerSouth G&T-wide or member-specific TOU/DR program page found within search budget  PowerSouth (G&T) runs a coordinated water-heater peak-shaving/cycling program (""H2O Plus"") for its member co-ops -- South Alabama Electric's own page explicitly states 'our power supplier -- PowerSouth Energy Cooperative -- [cycles] the [water heater] off for short periods'; applied as res_dispatch=Yes per G&T-run-program shortcut. Member's own equivalent program page not independently re-confirmed for every co-op.",2026-09-26
4327,COOSA VALLEY ELECTRIC COOP INC,AL,17835,Coosa Valley Electric Cooperative,SERC-nonRTO,Cooperative,Unknown,,Yes,https://southaec.com/energy-savings/water-heater-program/,Unknown,,Unknown,,"PowerSouth Energy Cooperative G&T member (powersouth.com; member list corroborated via businessalabama.com); no PowerSouth G&T-wide or member-specific TOU/DR program page found within search budget  PowerSouth (G&T) runs a coordinated water-heater peak-shaving/cycling program (""H2O Plus"") for its member co-ops -- South Alabama Electric's own page explicitly states 'our power supplier -- PowerSouth Energy Cooperative -- [cycles] the [water heater] off for short periods'; applied as res_dispatch=Yes per G&T-run-program shortcut. Member's own equivalent program page not independently re-confirmed for every co-op.",2026-09-26
4430,"COVINGTON ELECTRIC COOP, INC",AL,24214,Covington Electric Cooperative,SERC-nonRTO,Cooperative,Unknown,,Yes,https://southaec.com/energy-savings/water-heater-program/,Unknown,,Unknown,,"PowerSouth Energy Cooperative G&T member (powersouth.com; member list corroborated via businessalabama.com); no PowerSouth G&T-wide or member-specific TOU/DR program page found within search budget  PowerSouth (G&T) runs a coordinated water-heater peak-shaving/cycling program (""H2O Plus"") for its member co-ops -- South Alabama Electric's own page explicitly states 'our power supplier -- PowerSouth Energy Cooperative -- [cycles] the [water heater] off for short periods'; applied as res_dispatch=Yes per G&T-run-program shortcut. Member's own equivalent program page not independently re-confirmed for every co-op.",2026-09-26
4618,"CULLMAN ELECTRIC COOP, INC",AL,46870,Cullman Electric Cooperative,TVA,Cooperative,Unknown,,Yes,https://energyright.com/residential/rebates/smartthermostat/,Unknown,,Yes,https://energyright.com/business-industry/demand-response/powerflex/,TVA local power company; TVA runs EnergyRight Smart Thermostat Rewards (res_dispatch) and PowerFlex (ci_dispatch >=1MW) system-wide per TVA's own program pages (cited once per skill shortcut); residential/C&I TOU rate adoption varies by individual LPC and was not verified per-LPC within search budget,2026-09-24
4958,DECATUR UTILITIES,AL,26786,Decatur Utilities,TVA,Municipal,Unknown,,Yes,https://energyright.com/residential/rebates/smartthermostat/,Unknown,,Yes,https://energyright.com/business-industry/demand-response/powerflex/,TVA local power company; TVA runs EnergyRight Smart Thermostat Rewards (res_dispatch) and PowerFlex (ci_dispatch >=1MW) system-wide per TVA's own program pages (cited once per skill shortcut); residential/C&I TOU rate adoption varies by individual LPC and was not verified per-LPC within search budget,2026-09-24
5204,DIXIE ELECTRIC COOP,AL,25826,Dixie Electric Cooperative,SERC-nonRTO,Cooperative,Unknown,,Yes,https://southaec.com/energy-savings/water-heater-program/,Unknown,,Unknown,,"PowerSouth Energy Cooperative G&T member (powersouth.com; member list corroborated via businessalabama.com); no PowerSouth G&T-wide or member-specific TOU/DR program page found within search budget  PowerSouth (G&T) runs a coordinated water-heater peak-shaving/cycling program (""H2O Plus"") for its member co-ops -- South Alabama Electric's own page explicitly states 'our power supplier -- PowerSouth Energy Cooperative -- [cycles] the [water heater] off for short periods'; applied as res_dispatch=Yes per G&T-run-program shortcut. Member's own equivalent program page not independently re-confirmed for every co-op.",2026-09-26
5309,CITY OF DOTHAN - (AL),AL,31799,Dothan Utilities (Dothan Electric Department),SERC-nonRTO,Municipal,Unknown,,Unknown,,Unknown,,Unknown,,"AMEA wholesale member (plus SEPA); own site (dothan.org/154/Electric) is JS-rendered/unreachable via fetch, not individually verified",2026-09-24
6422,CITY OF FLORENCE - (AL),AL,50481,Florence Utilities,TVA,Municipal,Unknown,,Yes,https://energyright.com/residential/rebates/smartthermostat/,Unknown,,Yes,https://energyright.com/business-industry/demand-response/powerflex/,TVA local power company; TVA runs EnergyRight Smart Thermostat Rewards (res_dispatch) and PowerFlex (ci_dispatch >=1MW) system-wide per TVA's own program pages (cited once per skill shortcut); residential/C&I TOU rate adoption varies by individual LPC and was not verified per-LPC within search budget,2026-09-24
6491,FOLEY BOARD OF UTILITIES,AL,54659,Riviera Utilities,SERC-nonRTO,Municipal,No,https://www.rivierautilities.com/services/rates,No,https://www.rivierautilities.com/electric,No,https://www.rivierautilities.com/services/rates,No,https://www.rivierautilities.com/services/rates,"AMEA (Alabama Municipal Electric Authority) wholesale member; reviewed own Electric Service and rates pages -- only flat/standard rate schedules (residential, general service, industrial), no TOU/DR/smart-thermostat program found",2026-09-24
750,ARAB ELECTRIC COOP INC,AL,16344,Arab Electric Cooperative,TVA,Cooperative,Unknown,,Yes,https://energyright.com/residential/rebates/smartthermostat/,Unknown,,Yes,https://energyright.com/business-industry/demand-response/powerflex/,TVA local power company; TVA runs EnergyRight Smart Thermostat Rewards (res_dispatch) and PowerFlex (ci_dispatch >=1MW) system-wide per TVA's own program pages (cited once per skill shortcut); residential/C&I TOU rate adoption varies by individual LPC and was not verified per-LPC within search budget,2026-09-24
9094,CITY OF HUNTSVILLE - (AL),AL,193502,Huntsville Utilities,TVA,Municipal,Unknown,,Yes,https://energyright.com/residential/rebates/smartthermostat/,Unknown,,Yes,https://energyright.com/business-industry/demand-response/powerflex/,TVA local power company; TVA runs EnergyRight Smart Thermostat Rewards (res_dispatch) and PowerFlex (ci_dispatch >=1MW) system-wide per TVA's own program pages (cited once per skill shortcut); residential/C&I TOU rate adoption varies by individual LPC and was not verified per-LPC within search budget,2026-09-24
944,CITY OF ATHENS - (AL),AL,53633,Athens Utilities,TVA,Municipal,Unknown,,Yes,https://energyright.com/residential/rebates/smartthermostat/,Unknown,,Yes,https://energyright.com/business-industry/demand-response/powerflex/,TVA local power company; TVA runs EnergyRight Smart Thermostat Rewards (res_dispatch) and PowerFlex (ci_dispatch >=1MW) system-wide per TVA's own program pages (cited once per skill shortcut); residential/C&I TOU rate adoption varies by individual LPC and was not verified per-LPC within search budget,2026-09-24
9739,JOE WHEELER ELEC MEMBER CORP,AL,45098,Joe Wheeler EMC,TVA,Cooperative,Unknown,,Yes,https://energyright.com/residential/rebates/smartthermostat/,Unknown,,Yes,https://energyright.com/business-industry/demand-response/powerflex/,TVA local power company; TVA runs EnergyRight Smart Thermostat Rewards (res_dispatch) and PowerFlex (ci_dispatch >=1MW) system-wide per TVA's own program pages (cited once per skill shortcut); residential/C&I TOU rate adoption varies by individual LPC and was not verified per-LPC within search budget,2026-09-24
10226,"UTILITY BOARD OF THE CITY OF KEY WEST, F",FL,31542,Keys Energy Services,FRCC-nonRTO,Municipal,Yes,https://www.keysenergy.com/time-of-use-pilot-program,Unknown,,Yes,https://www.keysenergy.com/time-of-use-pilot-program,Unknown,,"kwutilities.com and kwboard.org rates pages returned empty content (JS-rendered/unreachable via fetch); WebSearch budget exhausted before this utility (known as Keys Energy Services) could be researched | Follow-up pass: correct own domain is keysenergy.com (NOT kwutilities.com/kwboard.org, which were the wrong URLs tried in the prior pass and returned empty). Own 'Time-of-Use Pilot Program' page confirms a voluntary Residential + Small Commercial TOU rate: Summer/Winter On-Peak (M-F 4-6pm) $0.40632/$0.16392 per kWh, Off-Peak $0.11420/kWh, Super Off-Peak (11pm-5am) $0.02338/kWh -> res_habit=Yes; page also links KEYS' Electric Rate Tariff PDF showing Small Commercial TOU (p.14) and Small Commercial Government TOU (p.19) schedules -> ci_habit=Yes. res_dispatch/ci_dispatch still Unknown -- no device-control or interruptible/curtailable program found this pass.",2026-09-26
10376,KISSIMMEE UTILITY AUTHORITY,FL,85744,Kissimmee Utility Authority,FRCC-nonRTO,Municipal,No,,No,,Yes,https://kua.com/wp-content/uploads/2026/01/KUA-Electric-Service-Rates.pdf,No,,"Read full Electric Service Rates PDF (eff Jan 2026): Residential (RS) is flat two-tier rate, no TOU. GS/GSD are plain demand-charge schedules. GSDT (General Service Time of Day, mandatory 500kW+/optional) has on/off-peak periods = ci_habit Yes. No interruptible/curtailable rider or residential device-control/DR program found anywhere in the tariff",2026-09-24
10620,CITY OF LAKE WORTH BEACH - (FL),FL,27649,Lake Worth Beach Electric Utility,FRCC-nonRTO,Municipal,Unknown,,Unknown,,Unknown,,Unknown,,lakeworthbeachfl.gov utilities/electric page returned empty content (JS-rendered/unreachable via fetch); WebSearch budget exhausted before this utility could be researched further,2026-09-24
10623,CITY OF LAKELAND - (FL),FL,133118,Lakeland Electric,FRCC-nonRTO,Municipal,Yes,https://lakelandelectric.com/billing-and-payment/pricing-plans,No,,Yes,https://lakelandelectric.com/billing-and-payment/pricing-plans-commercial,No,,"Residential RSD demand rate + Shift-to-Save TOU pricing plan confirmed on own site; commercial Shift-to-Save TOU confirmed with published on/off-peak rates. Web search found explicit statement Lakeland Electric does not currently operate a formal demand response program (no AC/WH switch, smart thermostat DR, or curtailable/interruptible C&I rider found on own commercial rates page)",2026-09-24
10857,"LEE COUNTY ELECTRIC COOP, INC",FL,237333,Lee County Electric Cooperative (LCEC),FRCC-nonRTO,Cooperative,No,,Yes,https://www.lcec.net/my-account/rates/,No,,Yes,https://www.lcec.net/wp-content/uploads/Rate-Tariff-Sheet-2026.pdf,"Not a Seminole member. Own Rates page: residential RS is a flat 3-tier inverted-block rate, no TOU. Own page confirms Load Management Credits (monthly billing rebate for customers enrolled in LCEC demand-side management program, min 500kWh) = res_dispatch; and Interruptible Credit for larger industrial customers plus IS-GSD Interruptible General Service-Demand tariff = ci_dispatch. No C&I TOU rate found (GS/GSD are plain demand charge)",2026-09-24
10868,CITY OF LEESBURG - (FL),FL,28605,Leesburg Electric,FRCC-nonRTO,Municipal,Unknown,,Unknown,,Unknown,,Unknown,,leesburgflorida.gov electric department page unreachable/timed out; WebSearch budget exhausted before this utility could be researched further,2026-09-24
1300,CITY OF BARTOW - (FL),FL,12713,City of Bartow Electric,FRCC-nonRTO,Municipal,Unknown,,Unknown,,Unknown,,Unknown,,WebSearch budget exhausted before this utility could be researched; not yet checked against own site,2026-09-24
13485,NEW SMYRNA BEACH CITY OF,FL,30711,Utilities Commission of New Smyrna Beach,FRCC-nonRTO,Municipal,Unknown,,Unknown,,Unknown,,Unknown,,cityofnsb.com electric rates page returned empty content (JS-rendered/unreachable via fetch); WebSearch budget exhausted before this utility could be researched further,2026-09-24
13955,CITY OF OCALA,FL,55997,Ocala Electric Utility,FRCC-nonRTO,Municipal,Unknown,,No,https://ocalafl.prod.govaccess.org/government/city-departments-a-h/electric-utility/public-education/beat-the-peak,Unknown,,Unknown,,"ocalafl.gov site homepage loads but Electric Utility rates/tariffs subpages return empty content (JS-rendered, unreachable via fetch); WebSearch budget exhausted before this utility could be researched via search | Follow-up pass: ocalafl.gov's own domain remains JS-rendered/unfetchable directly, but a govaccess.org mirror of the city's own 'Beat the Peak' program page was readable via search snippet: it is described as a voluntary conservation/reduce-usage-during-peak program with no mention of utility device control -- consistent with the 'Beat the Peak' pattern marked No elsewhere in this dataset (e.g. Blue Ridge EMC NC) -> res_dispatch=No at Secondary confidence (own-domain content read via mirror/snippet, not independently re-fetched). res_habit/ci_habit/ci_dispatch still Unknown -- rates/tariff subpages remain unreachable.",2026-09-26
14606,"PEACE RIVER ELECTRIC COOP, INC",FL,57090,Peace River Electric Cooperative,FRCC-nonRTO,Cooperative,Yes,https://www.preco.coop/wp-content/uploads/PRECO-Rate-Book-Final-Eff-2025.pdf,Yes,https://www.preco.coop/energy/cooperative-rewards/,Unknown,,Yes,https://www.preco.coop/wp-content/uploads/PRECO-Rate-Book-Final-Eff-2025.pdf,"Buys wholesale from Seminole Electric Cooperative; PRECOs own Cooperative Rewards BYOT page confirms res_dispatch (Primary). Secondary sources (OpenEI/PSC filings) describe an RS-TOU residential schedule and Interruptible Service tied to availability of interruptible supply from Seminole; could not directly render current PRECO rate book PDF to verify status/current sheet numbers, so res_habit and ci_dispatch marked Yes at Secondary tier pending direct confirmation; ci_habit not found, Unknown",2026-09-24
14610,ORLANDO UTILITIES COMM,FL,269172,Orlando Utilities Commission,FRCC-nonRTO,Municipal,Yes,https://www.ouc.com/about/news/ouc-approve-peakshift-plan/,No,,Yes,https://www.ouc.com/wp-content/uploads/2025/09/2025_10-OUC-and-St.-Cloud-Tariff-Book.pdf,Yes,https://www.ouc.com/wp-content/uploads/2025/09/2025_10-OUC-and-St.-Cloud-Tariff-Book.pdf,"Read full tariff PDF: RS-T res TOU pilot capped at 600 customers, closed to new since 6/1/2022 (still serves enrolled); GSD-SEC Option B is open TOU for C&I; GSD-CR is open curtailable rider (.85/kW credit); no residential device-control (AC/WH switch, smart thermostat DR) program found in tariff or web search",2026-09-24
18304,"SUMTER ELECTRIC COOP, INC",FL,230909,SECO Energy,FRCC-nonRTO,Cooperative,Yes,https://secoenergy.com/wp-content/uploads/SECO_Energy_Rate_Tariff_Current.pdf,Yes,https://www.seminole-electric.com/cooperative-rewards/,No,,Yes,https://secoenergy.com/wp-content/uploads/SECO_Energy_Rate_Tariff_Current.pdf,"Buys wholesale from Seminole Electric Cooperative; Cooperative Rewards BYOT applies. Tariff includes optional Residential TOU (Schedule R, sheets 9.1-9.2); GSD is plain demand charge (no shifting design, ci_habit=No); GSDI is interruptible C&I rate (3.50/kW penalty demand charge if fails to curtail)",2026-09-24
18360,SUWANNEE VALLEY ELEC COOP INC,FL,28636,Suwannee Valley Electric Cooperative,FRCC-nonRTO,Cooperative,No,,Yes,https://www.seminole-electric.com/cooperative-rewards/,Yes,https://www.svec-coop.com/faqs/time-of-use/,Unknown,,Buys wholesale from Seminole Electric Cooperative; Cooperative Rewards BYOT applies (SVEC also runs own Smart Thermostat Program page). General Service Time-of-Use optional rate confirmed on own site for <=100kW commercial loads (on-peak bash.185/kWh vs off-peak bash.112/kWh); no residential TOU or C&I interruptible/curtailable rider found,2026-09-24
18445,CITY OF TALLAHASSEE - (FL),FL,122045,City of Tallahassee Utilities,FRCC-nonRTO,Municipal,Yes,https://www.talgov.com/you/you-customer-helpful-rates,No,,No,,Yes,https://www.talgov.com/you/you-account-plans-index,"Residential Nights & Weekends TOU pricing plan confirmed with published on/off-peak rates. Commercial page states in addition to Non-Demand/Demand/Large Demand there are also tariffs for Curtailable, Interruptible, Standby services (ci_dispatch=Yes) but no commercial TOU found (ci_habit=No). Older 2015 DOE report describes automated DR w/ smart thermostats at commercial/institutional sites only; no current residential device-control program found on official pricing page",2026-09-24
18449,"TALQUIN ELECTRIC COOP, INC",FL,56253,Talquin Electric Cooperative,FRCC-nonRTO,Cooperative,No,,Yes,https://www.seminole-electric.com/cooperative-rewards/,No,,No,,"Buys wholesale from Seminole Electric Cooperative (WPCA references Seminole); Cooperative Rewards BYOT applies. Current official Rate Schedules page (checked directly, effective Oct 2026) lists only RS, OL, GS, GSD, GSLD, RPS, NM, CEV — no TOU or Interruptible schedule despite older secondary sources mentioning them (may be discontinued)",2026-09-24
18454,TAMPA ELECTRIC CO,FL,819767,Tampa Electric Company,FRCC-nonRTO,IOU,Yes,https://www.tampaelectric.com/residential/saveenergy/energyplanner/,Yes,https://www.tampaelectric.com/residential/saveenergy/energyplanner/,Yes,https://www.tampaelectric.com/business/billing-options/time-of-day-service/,Yes,https://www.tampaelectric.com/48fbcc/siteassets/files/tariff/tariffSection3.pdf,Energy Planner covers both res_habit (CPP tiers) and res_dispatch (device control) via same program; Interruptible/GSLM programs for C&I 500kW+,2026-09-24
19161,"TRI-COUNTY ELECTRIC COOP, INC (FL)",FL,19918,Tri-County Electric Cooperative (FL),FRCC-nonRTO,Cooperative,No,,Yes,https://www.seminole-electric.com/cooperative-rewards/,No,,Unknown,,"Buys wholesale from Seminole Electric Cooperative; Cooperative Rewards BYOT applies (own Smart Thermostat Program page at tcec.com/smart-thermostat-program). Own rates page (tcec.com/rates) shows only Basic Facility Charge/WPCA structure, no TOU or interruptible schedule visible; PDF rate sheet is from 2018 and may be outdated",2026-09-24
20371,"WEST FLORIDA EL COOP ASSN, INC",FL,29191,West Florida Electric Cooperative,SERC-nonRTO,Cooperative,Unknown,,Yes,https://southaec.com/energy-savings/water-heater-program/,Unknown,,Unknown,,"Graceville, FL — panhandle territory west of the Apalachicola River, tentatively Southern Company balancing-area footprint per region-plan guidance (likely PowerSouth Energy Cooperative G&T member); rto is an inference, not directly verified. wfeca.coop/rates page returned empty content; WebSearch budget exhausted before this utility could be researched further Confirmed PowerSouth Energy Cooperative (Andalusia, AL) G&T member -- PowerSouth is a Southeast non-RTO utility (Southern Company transmission footprint), so rto=SERC-nonRTO is verified, not inferred. PowerSouth (G&T) H2O Plus water-heater cycling program applied per G&T shortcut (own dedicated WFEC program page not independently re-fetched this pass).",2026-09-26
20885,WITHLACOOCHEE RIVER ELEC COOP,FL,238270,Withlacoochee River Electric Cooperative,FRCC-nonRTO,Cooperative,No,,Yes,https://www.seminole-electric.com/cooperative-rewards/,No,,Unknown,,"Buys wholesale from Seminole Electric Cooperative (G&T); Cooperative Rewards BYOT DR program runs across all 9 Seminole members incl. WREC; no TOU/demand-shifting rate design found in tariff (RR/GS/LP schedules are flat + fuel adj per customer report); C&I interruptible/curtailable rider not found, marked Unknown",2026-09-24
3245,"CENTRAL FLORIDA ELEC COOP, INC",FL,35781,Central Florida Electric Cooperative,FRCC-nonRTO,Cooperative,No,,Yes,https://www.seminole-electric.com/cooperative-rewards/,No,,Unknown,,Buys wholesale from Seminole Electric Cooperative; Cooperative Rewards BYOT applies. Own bill-explainer page shows only flat residential energy charge (no TOU); no interruptible/curtailable C&I rider found in search of own site,2026-09-24
3502,"CHOCTAWHATCHE ELEC COOP, INC",FL,60413,Choctawhatchee Electric Cooperative,SERC-nonRTO,Cooperative,Unknown,,Yes,https://www.chelco.com/switch-to-save,Unknown,,Unknown,,"DeFuniak Springs, FL — panhandle territory west of the Apalachicola River, tentatively Southern Company balancing-area footprint per region-plan guidance (likely PowerSouth Energy Cooperative G&T member); rto is an inference, not directly verified. Own site (wfeca.coop attempted for wrong co-op) not reached; WebSearch budget exhausted before this utility could be researched Confirmed PowerSouth Energy Cooperative (Andalusia, AL) G&T member -- PowerSouth is a Southeast non-RTO utility (Southern Company transmission footprint), so rto=SERC-nonRTO is verified, not inferred. Own 'Switch to Save' page confirms a water-heater load-control switch program (Primary).",2026-09-26
3757,"CLAY ELECTRIC COOPERATIVE, INC",FL,187066,"Clay Electric Cooperative, Inc.",FRCC-nonRTO,Cooperative,No,,Yes,https://www.seminole-electric.com/cooperative-rewards/,No,,No,,"Buys wholesale from Seminole Electric Cooperative; Cooperative Rewards BYOT applies. Full rate summary PDF shows only flat R (residential), GS (non-demand), GSD (plain demand charge, not shifting-oriented) — no TOU, CPP, or curtailable/interruptible rider found",2026-09-24
58124,CITY OF WINTER PARK - (FL),FL,14864,Winter Park Electric Utility,FRCC-nonRTO,Municipal,Unknown,,Unknown,,Unknown,,Unknown,,WebSearch budget exhausted before this utility could be researched; not yet checked against own site,2026-09-24
5964,"ESCAMBIA RIVER ELEC COOP, INC",FL,12385,Escambia River Electric Cooperative,SERC-nonRTO,Cooperative,Unknown,,Yes,https://www.erec.com/energy-efficiency/rebates/efficiency-programs/beat-the-peak-savings-progam/,Unknown,,Unknown,,"Jay, FL — far western panhandle, tentatively Southern Company balancing-area footprint per region-plan guidance (likely PowerSouth Energy Cooperative G&T member); rto is an inference, not directly verified. WebSearch budget exhausted before this utility could be researched Confirmed PowerSouth Energy Cooperative (Andalusia, AL) G&T member -- PowerSouth is a Southeast non-RTO utility (Southern Company transmission footprint), so rto=SERC-nonRTO is verified, not inferred. Own 'Beat the Peak Savings Program' page confirms a water-heater load-control device (LCM) program (Primary).",2026-09-26
6443,"FLORIDA KEYS EL COOP ASSN, INC",FL,33935,Florida Keys Electric Cooperative,FRCC-nonRTO,Cooperative,Unknown,,Unknown,,Unknown,,Unknown,,"fkec.com/rates page returned empty content (JS-rendered/unreachable via fetch); not a Seminole member (own G&T arrangement, likely Florida Municipal Power Agency or direct FPL wholesale purchase, unverified); WebSearch budget exhausted before this utility could be researched further",2026-09-24
6452,FLORIDA POWER & LIGHT CO,FL,5739183,Florida Power & Light Company,FRCC-nonRTO,IOU,Yes,https://www.fpl.com/rates/time-of-use.html,Yes,https://www.fpl.com/save/programs/on-call-program.html,Yes,https://www.fpl.com/content/dam/fplgp/us/en/rates/pdf/bus-eff-jan-2026.pdf,Yes,https://www.fpl.com/business/save/programs/oncall.html,Largest IOU in FL; On Call is largest residential DLC program in US; GSDT-1 TOU and CS-1/CS-2 curtailable confirmed on tariff,2026-09-24
6455,"DUKE ENERGY FLORIDA, LLC",FL,1943962,"Duke Energy Florida, LLC",FRCC-nonRTO,IOU,Yes,https://www.duke-energy.com/home/billing/rates/time-of-use,Yes,https://www.duke-energy.com/home/products/energywise-home/switch,Yes,https://p-scapi.duke-energy.com/-/media/pdfs/for-your-home/rates/rates-fl/gsd-1-01-01-2022-rate-schedule.pdf?la=en,Yes,https://www.duke-energy.com/_/media/pdfs/for-your-home/bill-inserts-2020/06june/201326-fl-all-non-res-rate-update-june-2020.pdf?la=en,"FL jurisdiction (jur=FL01); offers General Service, Curtailable Service, Interruptible Service C&I rate categories plus TOU",2026-09-24
6457,FLORIDA PUBLIC UTILITIES CO,FL,29970,Florida Public Utilities Company,FRCC-nonRTO,IOU,No,,No,,No,,No,,"Subsidiary of Chesapeake Utilities Corp (NYSE:CPK), serves small territories incl Marianna, Fernandina Beach, NW FL. Searched full FPU Electric Tariff PDF (own site, fpuc.com/wp-content/uploads/FPU-Electric-Tariff_ADA-2.pdf) for Time-of-Use, Interruptible, Curtailable, Demand Response — no matches found anywhere in the tariff document",2026-09-24
6616,FORT PIERCE UTILITIES AUTHORITY,FL,29066,Fort Pierce Utilities Authority,FRCC-nonRTO,Municipal,No,,No,,No,,No,,"Checked own Rates and Resolutions page and current Residential and Commercial Electric Rate PDFs (eff 03/01/2026 and 05/01/2026): Residential is flat inverted-block, no TOU; Commercial schedules (Non-Demand, Demand, GSLD, GSHLF) are flat energy+demand only, no TOU, no interruptible/curtailable rider, no smart-thermostat/AC-switch program found",2026-09-24
6909,GAINESVILLE REGIONAL UTILITIES,FL,101050,Gainesville Regional Utilities,FRCC-nonRTO,Municipal,No,,No,,Yes,https://www.gru.com/Portals/0/GS-Time%20of%20Demand.pdf,Yes,https://www.gru.com/Portals/0/FY2026%20Adopted%20Utility%20Fees%20Rates%20Charges.pdf,"Read full FY26 Adopted Fees/Rates/Charges PDF (City Code Sec 27-27): residential rate section lists only a Non-time-differentiated rate, no TOU/variable option and no thermostat/water-heater/cycling DR program found anywhere in doc; General Service Non-Demand, General Service Demand, and Large Power schedules each have an optional TOU rate; separate Interruptible-Curtailable Service Rider (Sec 27-27j) exists for C&I",2026-09-24
7264,"GLADES ELECTRIC COOP, INC",FL,17664,Glades Electric Cooperative,FRCC-nonRTO,Cooperative,No,,Yes,https://www.seminole-electric.com/cooperative-rewards/,No,,Unknown,,"Buys wholesale from Seminole Electric Cooperative; Cooperative Rewards BYOT applies. Own Rates category page (news-style, no rate schedule table) shows no TOU or interruptible program; could not locate detailed C&I rate schedule PDF",2026-09-24
7785,"GULF COAST ELECTRIC COOP, INC",FL,21778,Gulf Coast Electric Cooperative,SERC-nonRTO,Cooperative,Unknown,,Yes,https://southaec.com/energy-savings/water-heater-program/,Unknown,,Unknown,,"Wewahitchka, FL — panhandle territory west of the Apalachicola River, tentatively Southern Company balancing-area footprint per region-plan guidance (likely PowerSouth Energy Cooperative G&T member); rto is an inference, not directly verified. WebSearch budget exhausted before this utility could be researched Confirmed PowerSouth Energy Cooperative (Andalusia, AL) G&T member -- PowerSouth is a Southeast non-RTO utility (Southern Company transmission footprint), so rto=SERC-nonRTO is verified, not inferred. PowerSouth (G&T) H2O Plus water-heater cycling program applied per G&T shortcut (own dedicated GCEC program page not independently re-fetched this pass).",2026-09-26
8795,CITY OF HOMESTEAD - (FL),FL,31576,City of Homestead Energy Services,FRCC-nonRTO,Municipal,No,https://www.homesteadfl.gov/DocumentCenter/View/3919/2---Customer-Service---Schedule-of-rates,Unknown,,No,https://www.homesteadfl.gov/DocumentCenter/View/3919/2---Customer-Service---Schedule-of-rates,Unknown,,"homesteadfl.gov rates/electric-utility pages returned empty content (JS-rendered/unreachable via fetch); WebSearch budget exhausted before this utility could be researched | Follow-up pass: fetched the City's own 'Customer Service - Schedule of Rates' PDF directly (homesteadfl.gov DocumentCenter). Residential and Commercial electric rates are both flat ($/kWh + PCA + a single flat KW Demand Charge of $6.37, no on/off-peak differential) -> res_habit=No, ci_habit=No. res_dispatch/ci_dispatch still Unknown -- no dedicated DR/thermostat/switch or interruptible program page located on homesteadfl.gov this pass (a 'Demand Response' portal found via search turned out to belong to an unrelated utility, Hilton Head PSD SC, on the same SmartC vendor platform -- discarded as a false match, not used as evidence for Homestead).",2026-09-26
9616,BEACHES ENERGY SERVICES,FL,36111,Beaches Energy Services,FRCC-nonRTO,Municipal,No,,No,,No,,No,,"FMPA member. Full Residential and Commercial Rates page (own site) shows only flat Electric Service and General Service Demand (plain demand charge with load-factor credit, not shifting-oriented) — no TOU, no interruptible/curtailable rider, no thermostat/switch DR program found",2026-09-24
9617,JEA,FL,506581,JEA,FRCC-nonRTO,Municipal,Yes,https://www.jea.com/my_account/rates/smartsavings/,No,,Yes,https://www.jea.com/business_resources/commercial_electric_rates/,Yes,https://www.jea.com/My_Account/Rates/Electric_Tariff.aspx,"Res TOD rate confirmed; searched for AC-cycling/smart-thermostat DR enrollment (only found 5-50 purchase rebates, not utility-controlled dispatch) so res_dispatch=No; C&I has GSDT/GSLDT TOD rates and ISXLD interruptible + Curtailable Service Rider (both closed to new customers but existing enrollees remain)",2026-09-24
10421,KNOXVILLE UTILITIES BOARD,TN,212691,Knoxville Utilities Board,TVA,Municipal,Yes,https://www.kub.org/uploads/RS-TOU_4.pdf,Yes,https://www.kub.org/uploads/eScore_Smart_Thermostat_Pilot_-_Customer_Participation_Agreement._Final_.pdf,Yes,https://www.kub.org/uploads/GSA-TOU_44.pdf,Yes,https://energyright.com/business-industry/demand-response/powerflex/,TVA LPC (KUB). RS-TOU residential pilot rate (eff. 4/1/2025) and GSA-TOU/TDGSA C&I pilot rate schedules confirmed on kub.org.,2026-09-24
10579,CITY OF LAFOLLETTE,TN,22905,LaFollette Utilities,TVA,Municipal,Unknown,,No,https://greatergrid.com/enroll/programs/thermostats/tvaenergyright/faq/lpc,Unknown,,Yes,https://energyright.com/business-industry/demand-response/powerflex/,TVA local power company; rto/ownership and dispatch cells from TVA EnergyRight Smart Thermostat Rewards participating-LPC list and TVA PowerFlex/Demand Response LPC list (both TVA's own pages). Retail TOU (habit cells) not individually verified this pass -- see scan_SE5_gaps.md.,2026-09-24
10799,CITY OF LAWRENCEBURG,TN,21346,Lawrenceburg Utility Systems,TVA,Municipal,Unknown,,No,https://greatergrid.com/enroll/programs/thermostats/tvaenergyright/faq/lpc,Unknown,,Yes,https://energyright.com/business-industry/demand-response/powerflex/,TVA local power company; rto/ownership and dispatch cells from TVA EnergyRight Smart Thermostat Rewards participating-LPC list and TVA PowerFlex/Demand Response LPC list (both TVA's own pages). Retail TOU (habit cells) not individually verified this pass -- see scan_SE5_gaps.md.,2026-09-24
10906,CITY OF LENOIR - (TN),TN,72885,Lenoir City Utilities Board,TVA,Municipal,Unknown,,Yes,https://greatergrid.com/enroll/programs/thermostats/tvaenergyright/faq/lpc,Unknown,,Yes,https://energyright.com/business-industry/demand-response/powerflex/,TVA local power company; rto/ownership and dispatch cells from TVA EnergyRight Smart Thermostat Rewards participating-LPC list and TVA PowerFlex/Demand Response LPC list (both TVA's own pages). Retail TOU (habit cells) not individually verified this pass -- see scan_SE5_gaps.md.,2026-09-24
10968,CITY OF LEXINGTON - (TN),TN,23077,Lexington Electric System,TVA,Municipal,Unknown,,No,https://greatergrid.com/enroll/programs/thermostats/tvaenergyright/faq/lpc,Unknown,,Yes,https://energyright.com/business-industry/demand-response/powerflex/,TVA local power company; rto/ownership and dispatch cells from TVA EnergyRight Smart Thermostat Rewards participating-LPC list and TVA PowerFlex/Demand Response LPC list (both TVA's own pages). Retail TOU (habit cells) not individually verified this pass -- see scan_SE5_gaps.md.,2026-09-24
11222,LOUDON UTILITIES BOARD,TN,13855,Loudon Utilities,TVA,Municipal,Unknown,,Yes,https://greatergrid.com/enroll/programs/thermostats/tvaenergyright/faq/lpc,Unknown,,Yes,https://energyright.com/business-industry/demand-response/powerflex/,TVA local power company; rto/ownership and dispatch cells from TVA EnergyRight Smart Thermostat Rewards participating-LPC list and TVA PowerFlex/Demand Response LPC list (both TVA's own pages). Retail TOU (habit cells) not individually verified this pass -- see scan_SE5_gaps.md.,2026-09-24
11789,MARYVILLE UTILITIES,TN,22796,Maryville Electric Department,TVA,Municipal,Unknown,,Yes,https://greatergrid.com/enroll/programs/thermostats/tvaenergyright/faq/lpc,Unknown,,Yes,https://energyright.com/business-industry/demand-response/powerflex/,TVA local power company; rto/ownership and dispatch cells from TVA EnergyRight Smart Thermostat Rewards participating-LPC list and TVA PowerFlex/Demand Response LPC list (both TVA's own pages). Retail TOU (habit cells) not individually verified this pass -- see scan_SE5_gaps.md.,2026-09-24
12293,CITY OF MEMPHIS - (TN),TN,420132,"Memphis Light, Gas and Water Division",TVA,Municipal,Yes,https://www.mlgw.com/home/tou,Yes,https://greatergrid.com/enroll/programs/thermostats/tvaenergyright/faq/lpc,Yes,https://www.mlgw.com/about/ElectricVehicles,Yes,https://energyright.com/business-industry/demand-response/powerflex/,TVA LPC (MLGW). RS-TOU residential rate exists but enrollment is currently limited to pilot participants (mlgw.com/tou). C&I TOU/shifting design not confirmed.,2026-09-24
12330,MERIWETHER LEWIS ELECTRIC COOP,TN,35682,Meriwether Lewis Electric Cooperative,TVA,Cooperative,Unknown,,No,https://greatergrid.com/enroll/programs/thermostats/tvaenergyright/faq/lpc,Unknown,,Yes,https://energyright.com/business-industry/demand-response/powerflex/,TVA local power company; rto/ownership and dispatch cells from TVA EnergyRight Smart Thermostat Rewards participating-LPC list and TVA PowerFlex/Demand Response LPC list (both TVA's own pages). Retail TOU (habit cells) not individually verified this pass -- see scan_SE5_gaps.md.,2026-09-24
12470,MIDDLE TENNESSEE E M C,TN,329992,Middle Tennessee Electric,TVA,Cooperative,Yes,https://mte.com/NiteFlex,Yes,https://greatergrid.com/enroll/programs/thermostats/tvaenergyright/faq/lpc,Yes,https://mte.com/service/business/key-accounts/time-use-rates,Yes,https://energyright.com/business-industry/demand-response/powerflex/,TVA LPC (Middle Tennessee Electric). NiteFlex is an optional residential off-peak/on-peak rate; Key Accounts Time of Use Rates page covers large C&I.,2026-09-24
12988,CITY OF MORRISTOWN - (TN),TN,15876,Morristown Utilities Commission,TVA,Municipal,Unknown,,Yes,https://greatergrid.com/enroll/programs/thermostats/tvaenergyright/faq/lpc,Unknown,,Yes,https://energyright.com/business-industry/demand-response/powerflex/,TVA local power company; rto/ownership and dispatch cells from TVA EnergyRight Smart Thermostat Rewards participating-LPC list and TVA PowerFlex/Demand Response LPC list (both TVA's own pages). Retail TOU (habit cells) not individually verified this pass -- see scan_SE5_gaps.md.,2026-09-24
13027,"MOUNTAIN ELECTRIC COOP, INC",TN,35854,Mountain Electric Cooperative,TVA,Cooperative,Unknown,,No,https://greatergrid.com/enroll/programs/thermostats/tvaenergyright/faq/lpc,Unknown,,Yes,https://energyright.com/business-industry/demand-response/powerflex/,TVA local power company; rto/ownership and dispatch cells from TVA EnergyRight Smart Thermostat Rewards participating-LPC list and TVA PowerFlex/Demand Response LPC list (both TVA's own pages). Retail TOU (habit cells) not individually verified this pass -- see scan_SE5_gaps.md.,2026-09-24
13216,NASHVILLE ELECTRIC SERVICE,TN,436995,Nashville Electric Service,TVA,Municipal,Yes,https://www.nespower.com/rates/,Yes,https://greatergrid.com/enroll/programs/thermostats/tvaenergyright/faq/lpc,Yes,https://www.nespower.com/rates/,Yes,https://www.nespower.com/rates/,"TVA LPC (Nashville Electric Service). Checked NES rate schedules: residential Schedule RS is seasonal, not TOU; Schedule TDGSA is a Time-of-Day General Service C&I rate.",2026-09-24
13550,CITY OF NEWPORT,TN,22991,Newport Utilities,TVA,Municipal,Unknown,,Yes,https://greatergrid.com/enroll/programs/thermostats/tvaenergyright/faq/lpc,Unknown,,Yes,https://energyright.com/business-industry/demand-response/powerflex/,TVA local power company; rto/ownership and dispatch cells from TVA EnergyRight Smart Thermostat Rewards participating-LPC list and TVA PowerFlex/Demand Response LPC list (both TVA's own pages). Retail TOU (habit cells) not individually verified this pass -- see scan_SE5_gaps.md.,2026-09-24
13933,CITY OF OAK RIDGE,TN,17217,Oak Ridge Electric Department,TVA,Municipal,Unknown,,No,https://greatergrid.com/enroll/programs/thermostats/tvaenergyright/faq/lpc,Unknown,,Yes,https://energyright.com/business-industry/demand-response/powerflex/,TVA local power company; rto/ownership and dispatch cells from TVA EnergyRight Smart Thermostat Rewards participating-LPC list and TVA PowerFlex/Demand Response LPC list (both TVA's own pages). Retail TOU (habit cells) not individually verified this pass -- see scan_SE5_gaps.md.,2026-09-24
14455,CITY OF PARIS - (TN),TN,22250,Paris Board of Public Utilities,TVA,Municipal,Unknown,,No,https://greatergrid.com/enroll/programs/thermostats/tvaenergyright/faq/lpc,Unknown,,Yes,https://energyright.com/business-industry/demand-response/powerflex/,TVA local power company; rto/ownership and dispatch cells from TVA EnergyRight Smart Thermostat Rewards participating-LPC list and TVA PowerFlex/Demand Response LPC list (both TVA's own pages). Retail TOU (habit cells) not individually verified this pass -- see scan_SE5_gaps.md.,2026-09-24
15016,PICKWICK ELECTRIC COOP,TN,21132,Pickwick Electric Cooperative,TVA,Cooperative,Unknown,,No,https://greatergrid.com/enroll/programs/thermostats/tvaenergyright/faq/lpc,Unknown,,Yes,https://energyright.com/business-industry/demand-response/powerflex/,TVA local power company; rto/ownership and dispatch cells from TVA EnergyRight Smart Thermostat Rewards participating-LPC list and TVA PowerFlex/Demand Response LPC list (both TVA's own pages). Retail TOU (habit cells) not individually verified this pass -- see scan_SE5_gaps.md.,2026-09-24
15141,PLATEAU ELECTRIC COOPERATIVE,TN,17556,Plateau Electric Cooperative,TVA,Cooperative,Unknown,,No,https://greatergrid.com/enroll/programs/thermostats/tvaenergyright/faq/lpc,Unknown,,Yes,https://energyright.com/business-industry/demand-response/powerflex/,TVA local power company; rto/ownership and dispatch cells from TVA EnergyRight Smart Thermostat Rewards participating-LPC list and TVA PowerFlex/Demand Response LPC list (both TVA's own pages). Retail TOU (habit cells) not individually verified this pass -- see scan_SE5_gaps.md.,2026-09-24
15293,POWELL VALLEY ELECTRIC COOP,TN,33995,Powell Valley Electric Cooperative,TVA,Cooperative,Unknown,,No,https://greatergrid.com/enroll/programs/thermostats/tvaenergyright/faq/lpc,Unknown,,Yes,https://energyright.com/business-industry/demand-response/powerflex/,TVA local power company; rto/ownership and dispatch cells from TVA EnergyRight Smart Thermostat Rewards participating-LPC list and TVA PowerFlex/Demand Response LPC list (both TVA's own pages). Retail TOU (habit cells) not individually verified this pass -- see scan_SE5_gaps.md.,2026-09-24
15507,CITY OF PULASKI - (TN),TN,15088,Pulaski Electric System,TVA,Municipal,Unknown,,No,https://greatergrid.com/enroll/programs/thermostats/tvaenergyright/faq/lpc,Unknown,,Yes,https://energyright.com/business-industry/demand-response/powerflex/,TVA local power company; rto/ownership and dispatch cells from TVA EnergyRight Smart Thermostat Rewards participating-LPC list and TVA PowerFlex/Demand Response LPC list (both TVA's own pages). Retail TOU (habit cells) not individually verified this pass -- see scan_SE5_gaps.md.,2026-09-24
1578,BENTON COUNTY,TN,10437,Benton County Electric System,TVA,Municipal,Unknown,,Yes,https://greatergrid.com/enroll/programs/thermostats/tvaenergyright/faq/lpc,Unknown,,Yes,https://energyright.com/business-industry/demand-response/powerflex/,TVA local power company; rto/ownership and dispatch cells from TVA EnergyRight Smart Thermostat Rewards participating-LPC list and TVA PowerFlex/Demand Response LPC list (both TVA's own pages). Retail TOU (habit cells) not individually verified this pass -- see scan_SE5_gaps.md.,2026-09-24
16223,CITY OF ROCKWOOD - (TN),TN,15162,Rockwood Electric Utility,TVA,Municipal,Unknown,,No,https://greatergrid.com/enroll/programs/thermostats/tvaenergyright/faq/lpc,Unknown,,Yes,https://energyright.com/business-industry/demand-response/powerflex/,TVA local power company; rto/ownership and dispatch cells from TVA EnergyRight Smart Thermostat Rewards participating-LPC list and TVA PowerFlex/Demand Response LPC list (both TVA's own pages). Retail TOU (habit cells) not individually verified this pass -- see scan_SE5_gaps.md.,2026-09-24
16930,SEQUACHEE VALLEY ELECTRIC COOP,TN,37974,Sequachee Valley Electric Cooperative,TVA,Cooperative,Unknown,,No,https://greatergrid.com/enroll/programs/thermostats/tvaenergyright/faq/lpc,Unknown,,Yes,https://energyright.com/business-industry/demand-response/powerflex/,TVA local power company; rto/ownership and dispatch cells from TVA EnergyRight Smart Thermostat Rewards participating-LPC list and TVA PowerFlex/Demand Response LPC list (both TVA's own pages). Retail TOU (habit cells) not individually verified this pass -- see scan_SE5_gaps.md.,2026-09-24
16949,SEVIER COUNTY ELECTRIC SYSTEM,TN,60682,Sevier County Electric System,TVA,Municipal,Unknown,,Yes,https://greatergrid.com/enroll/programs/thermostats/tvaenergyright/faq/lpc,Unknown,,Yes,https://energyright.com/business-industry/demand-response/powerflex/,TVA local power company; rto/ownership and dispatch cells from TVA EnergyRight Smart Thermostat Rewards participating-LPC list and TVA PowerFlex/Demand Response LPC list (both TVA's own pages). Retail TOU (habit cells) not individually verified this pass -- see scan_SE5_gaps.md.,2026-09-24
17047,CITY OF SHELBYVILLE - (TN),TN,11079,Shelbyville Power System,TVA,Municipal,Unknown,,No,https://greatergrid.com/enroll/programs/thermostats/tvaenergyright/faq/lpc,Unknown,,Yes,https://energyright.com/business-industry/demand-response/powerflex/,TVA local power company; rto/ownership and dispatch cells from TVA EnergyRight Smart Thermostat Rewards participating-LPC list and TVA PowerFlex/Demand Response LPC list (both TVA's own pages). Retail TOU (habit cells) not individually verified this pass -- see scan_SE5_gaps.md.,2026-09-24
17694,SOUTHWEST TENNESSEE E M C,TN,51602,Southwest Tennessee Electric Membership Corporation,TVA,Cooperative,Unknown,,Yes,https://greatergrid.com/enroll/programs/thermostats/tvaenergyright/faq/lpc,Unknown,,Yes,https://energyright.com/business-industry/demand-response/powerflex/,TVA local power company; rto/ownership and dispatch cells from TVA EnergyRight Smart Thermostat Rewards participating-LPC list and TVA PowerFlex/Demand Response LPC list (both TVA's own pages). Retail TOU (habit cells) not individually verified this pass -- see scan_SE5_gaps.md.,2026-09-24
18643,TENNESSEE VALLEY ELECTRIC COOP,TN,20462,Tennessee Valley Electric Cooperative,TVA,Cooperative,Unknown,,Yes,https://greatergrid.com/enroll/programs/thermostats/tvaenergyright/faq/lpc,Unknown,,Yes,https://energyright.com/business-industry/demand-response/powerflex/,TVA local power company; rto/ownership and dispatch cells from TVA EnergyRight Smart Thermostat Rewards participating-LPC list and TVA PowerFlex/Demand Response LPC list (both TVA's own pages). Retail TOU (habit cells) not individually verified this pass -- see scan_SE5_gaps.md.,2026-09-24
19162,TRI-COUNTY ELEC MEMBER CORP (TN),TN,55408,Tri-County Electric Membership Corporation,TVA,Cooperative,Unknown,,No,https://greatergrid.com/enroll/programs/thermostats/tvaenergyright/faq/lpc,Unknown,,Yes,https://energyright.com/business-industry/demand-response/powerflex/,TVA local power company; rto/ownership and dispatch cells from TVA EnergyRight Smart Thermostat Rewards participating-LPC list and TVA PowerFlex/Demand Response LPC list (both TVA's own pages). Retail TOU (habit cells) not individually verified this pass -- see scan_SE5_gaps.md.,2026-09-24
19266,TULLAHOMA BOARD-PUBLIC UTILS,TN,11110,Tullahoma Utilities Authority,TVA,Municipal,Unknown,,No,https://greatergrid.com/enroll/programs/thermostats/tvaenergyright/faq/lpc,Unknown,,Yes,https://energyright.com/business-industry/demand-response/powerflex/,TVA local power company; rto/ownership and dispatch cells from TVA EnergyRight Smart Thermostat Rewards participating-LPC list and TVA PowerFlex/Demand Response LPC list (both TVA's own pages). Retail TOU (habit cells) not individually verified this pass -- see scan_SE5_gaps.md.,2026-09-24
1936,BOLIVAR ENERGY AUTHORITY,TN,11311,Bolivar Energy Authority,TVA,Municipal,Unknown,,No,https://greatergrid.com/enroll/programs/thermostats/tvaenergyright/faq/lpc,Unknown,,Yes,https://energyright.com/business-industry/demand-response/powerflex/,TVA local power company; rto/ownership and dispatch cells from TVA EnergyRight Smart Thermostat Rewards participating-LPC list and TVA PowerFlex/Demand Response LPC list (both TVA's own pages). Retail TOU (habit cells) not individually verified this pass -- see scan_SE5_gaps.md.,2026-09-24
19574,UPPER CUMBERLAND E M C,TN,52541,Upper Cumberland Electric Membership Corporation,TVA,Cooperative,Unknown,,No,https://greatergrid.com/enroll/programs/thermostats/tvaenergyright/faq/lpc,Unknown,,Yes,https://energyright.com/business-industry/demand-response/powerflex/,TVA local power company; rto/ownership and dispatch cells from TVA EnergyRight Smart Thermostat Rewards participating-LPC list and TVA PowerFlex/Demand Response LPC list (both TVA's own pages). Retail TOU (habit cells) not individually verified this pass -- see scan_SE5_gaps.md.,2026-09-24
19898,VOLUNTEER ELECTRIC COOP,TN,124178,Volunteer Energy Cooperative,TVA,Cooperative,No,https://vec.org/service-products/electric/residential-rates/,Yes,https://greatergrid.com/enroll/programs/thermostats/tvaenergyright/faq/lpc,Unknown,,Yes,https://energyright.com/business-industry/demand-response/powerflex/,"TVA LPC (Volunteer Energy Cooperative). Checked residential rates page: only standard Residential Rate + Supplemental Residential Rate PDFs listed, no TOU schedule found. C&I TOU not confirmed.",2026-09-24
20228,WEAKLEY COUNTY MUN ELEC SYS,TN,20640,Weakley County Municipal Electric System,TVA,Municipal,Unknown,,No,https://greatergrid.com/enroll/programs/thermostats/tvaenergyright/faq/lpc,Unknown,,Yes,https://energyright.com/business-industry/demand-response/powerflex/,TVA local power company; rto/ownership and dispatch cells from TVA EnergyRight Smart Thermostat Rewards participating-LPC list and TVA PowerFlex/Demand Response LPC list (both TVA's own pages). Retail TOU (habit cells) not individually verified this pass -- see scan_SE5_gaps.md.,2026-09-24
2247,CITY OF BRISTOL - (TN),TN,34124,Bristol Tennessee Essential Services,TVA,Municipal,Unknown,,No,https://greatergrid.com/enroll/programs/thermostats/tvaenergyright/faq/lpc,Unknown,,Yes,https://energyright.com/business-industry/demand-response/powerflex/,TVA local power company; rto/ownership and dispatch cells from TVA EnergyRight Smart Thermostat Rewards participating-LPC list and TVA PowerFlex/Demand Response LPC list (both TVA's own pages). Retail TOU (habit cells) not individually verified this pass -- see scan_SE5_gaps.md.,2026-09-24
2960,"CANEY FORK ELECTRIC COOP, INC",TN,34545,Caney Fork Electric Cooperative,TVA,Cooperative,Unknown,,Yes,https://greatergrid.com/enroll/programs/thermostats/tvaenergyright/faq/lpc,Unknown,,Yes,https://energyright.com/business-industry/demand-response/powerflex/,TVA local power company; rto/ownership and dispatch cells from TVA EnergyRight Smart Thermostat Rewards participating-LPC list and TVA PowerFlex/Demand Response LPC list (both TVA's own pages). Retail TOU (habit cells) not individually verified this pass -- see scan_SE5_gaps.md.,2026-09-24
3075,CARROLL COUNTY - (TN),TN,15947,Carroll County Electric Cooperative,TVA,Cooperative,Unknown,,No,https://greatergrid.com/enroll/programs/thermostats/tvaenergyright/faq/lpc,Unknown,,Yes,https://energyright.com/business-industry/demand-response/powerflex/,TVA local power company; rto/ownership and dispatch cells from TVA EnergyRight Smart Thermostat Rewards participating-LPC list and TVA PowerFlex/Demand Response LPC list (both TVA's own pages). Retail TOU (habit cells) not individually verified this pass -- see scan_SE5_gaps.md.,2026-09-24
3408,CITY OF CHATTANOOGA - (TN),TN,194121,EPB (Electric Power Board of Chattanooga),TVA,Municipal,Yes,https://epb.com/energy/energy-rates/,Yes,https://greatergrid.com/enroll/programs/thermostats/tvaenergyright/faq/lpc,Unknown,,Yes,https://energyright.com/business-industry/demand-response/powerflex/,TVA LPC (EPB). Residential Time of Use Rate and Night Shift Plan confirmed. C&I TOU/shifting rate design not confirmed; EPB does offer a business demand-response program (separate from habit).,2026-09-24
3704,CITY OF CLARKSVILLE - (TN),TN,80251,CDE Lightband (Clarksville Dept of Electricity),TVA,Municipal,No,https://cdelightband.com/residential/energy/rates-fees/,Yes,https://greatergrid.com/enroll/programs/thermostats/tvaenergyright/faq/lpc,No,https://cdelightband.com/residential/energy/rates-fees/,Yes,https://energyright.com/business-industry/demand-response/powerflex/,"TVA LPC (CDE Lightband/Clarksville). Checked rates & fees page: residential Schedule RS and commercial GSA schedules are flat energy + demand charges, no TOU option found.",2026-09-24
3758,CITY OF CLEVELAND - (TN),TN,33109,Cleveland Utilities,TVA,Municipal,Unknown,,Yes,https://greatergrid.com/enroll/programs/thermostats/tvaenergyright/faq/lpc,Unknown,,Yes,https://energyright.com/business-industry/demand-response/powerflex/,TVA local power company; rto/ownership and dispatch cells from TVA EnergyRight Smart Thermostat Rewards participating-LPC list and TVA PowerFlex/Demand Response LPC list (both TVA's own pages). Retail TOU (habit cells) not individually verified this pass -- see scan_SE5_gaps.md.,2026-09-24
3812,CITY OF CLINTON - (TN),TN,30717,Clinton Utilities Board,TVA,Municipal,Unknown,,No,https://greatergrid.com/enroll/programs/thermostats/tvaenergyright/faq/lpc,Unknown,,Yes,https://energyright.com/business-industry/demand-response/powerflex/,TVA local power company; rto/ownership and dispatch cells from TVA EnergyRight Smart Thermostat Rewards participating-LPC list and TVA PowerFlex/Demand Response LPC list (both TVA's own pages). Retail TOU (habit cells) not individually verified this pass -- see scan_SE5_gaps.md.,2026-09-24
3855,COLUMBIA POWER SYSTEM,TN,34019,Columbia Power & Water Systems,TVA,Municipal,Unknown,,Yes,https://greatergrid.com/enroll/programs/thermostats/tvaenergyright/faq/lpc,Unknown,,Yes,https://energyright.com/business-industry/demand-response/powerflex/,TVA local power company; rto/ownership and dispatch cells from TVA EnergyRight Smart Thermostat Rewards participating-LPC list and TVA PowerFlex/Demand Response LPC list (both TVA's own pages). Retail TOU (habit cells) not individually verified this pass -- see scan_SE5_gaps.md.,2026-09-24
40166,"CHICKASAW ELECTRIC COOP, INC",TN,22205,Chickasaw Electric Cooperative,TVA,Cooperative,Unknown,,Yes,https://greatergrid.com/enroll/programs/thermostats/tvaenergyright/faq/lpc,Unknown,,Yes,https://energyright.com/business-industry/demand-response/powerflex/,TVA local power company; rto/ownership and dispatch cells from TVA EnergyRight Smart Thermostat Rewards participating-LPC list and TVA PowerFlex/Demand Response LPC list (both TVA's own pages). Retail TOU (habit cells) not individually verified this pass -- see scan_SE5_gaps.md.,2026-09-24
40236,"FORKED DEER ELECTRIC COOP, INC",TN,10078,Forked Deer Electric Cooperative,TVA,Cooperative,Unknown,,No,https://greatergrid.com/enroll/programs/thermostats/tvaenergyright/faq/lpc,Unknown,,Yes,https://energyright.com/business-industry/demand-response/powerflex/,TVA local power company; rto/ownership and dispatch cells from TVA EnergyRight Smart Thermostat Rewards participating-LPC list and TVA PowerFlex/Demand Response LPC list (both TVA's own pages). Retail TOU (habit cells) not individually verified this pass -- see scan_SE5_gaps.md.,2026-09-24
4294,CITY OF COOKEVILLE - (TN),TN,19161,Cookeville Electric Department,TVA,Municipal,Unknown,,No,https://greatergrid.com/enroll/programs/thermostats/tvaenergyright/faq/lpc,Unknown,,Yes,https://energyright.com/business-industry/demand-response/powerflex/,TVA local power company; rto/ownership and dispatch cells from TVA EnergyRight Smart Thermostat Rewards participating-LPC list and TVA PowerFlex/Demand Response LPC list (both TVA's own pages). Retail TOU (habit cells) not individually verified this pass -- see scan_SE5_gaps.md.,2026-09-24
4624,CUMBERLAND ELEC MEMBER CORP,TN,107375,Cumberland Electric Membership Corporation,TVA,Cooperative,No,https://cemc.org/wp-content/uploads/2025/01/RATES-2025-FCA192-202501-002.pdf,Yes,https://greatergrid.com/enroll/programs/thermostats/tvaenergyright/faq/lpc,Yes,https://cemc.org/wp-content/uploads/2025/01/RATES-2025-FCA192-202501-002.pdf,Yes,https://energyright.com/business-industry/demand-response/powerflex/,"TVA LPC (Cumberland EMC). Standard flat Schedule RS for residential; largest C&I accounts (>5,000 kW) billed on TOU/MS schedules per CEMC rate sheet.",2026-09-24
4920,CITY OF DAYTON - (TN),TN,11111,Dayton Electric Department,TVA,Municipal,Unknown,,No,https://greatergrid.com/enroll/programs/thermostats/tvaenergyright/faq/lpc,Unknown,,Yes,https://energyright.com/business-industry/demand-response/powerflex/,TVA local power company; rto/ownership and dispatch cells from TVA EnergyRight Smart Thermostat Rewards participating-LPC list and TVA PowerFlex/Demand Response LPC list (both TVA's own pages). Retail TOU (habit cells) not individually verified this pass -- see scan_SE5_gaps.md.,2026-09-24
5148,CITY OF DICKSON,TN,37492,Dickson Electric System,TVA,Municipal,Unknown,,Yes,https://greatergrid.com/enroll/programs/thermostats/tvaenergyright/faq/lpc,Unknown,,Yes,https://energyright.com/business-industry/demand-response/powerflex/,TVA local power company; rto/ownership and dispatch cells from TVA EnergyRight Smart Thermostat Rewards participating-LPC list and TVA PowerFlex/Demand Response LPC list (both TVA's own pages). Retail TOU (habit cells) not individually verified this pass -- see scan_SE5_gaps.md.,2026-09-24
5399,DUCK RIVER ELEC MEMBER CORP,TN,81883,Duck River Electric Membership Corporation,TVA,Cooperative,Unknown,,Yes,https://greatergrid.com/enroll/programs/thermostats/tvaenergyright/faq/lpc,Unknown,,Yes,https://energyright.com/business-industry/demand-response/powerflex/,TVA local power company; rto/ownership and dispatch cells from TVA EnergyRight Smart Thermostat Rewards participating-LPC list and TVA PowerFlex/Demand Response LPC list (both TVA's own pages). Retail TOU (habit cells) not individually verified this pass -- see scan_SE5_gaps.md.,2026-09-24
5509,CITY OF DYERSBURG,TN,12032,Dyersburg Electric System,TVA,Municipal,Unknown,,No,https://greatergrid.com/enroll/programs/thermostats/tvaenergyright/faq/lpc,Unknown,,Yes,https://energyright.com/business-industry/demand-response/powerflex/,TVA local power company; rto/ownership and dispatch cells from TVA EnergyRight Smart Thermostat Rewards participating-LPC list and TVA PowerFlex/Demand Response LPC list (both TVA's own pages). Retail TOU (habit cells) not individually verified this pass -- see scan_SE5_gaps.md.,2026-09-24
5763,CITY OF ELIZABETHTON - (TN),TN,26773,Elizabethton Electric Department,TVA,Municipal,Unknown,,Yes,https://greatergrid.com/enroll/programs/thermostats/tvaenergyright/faq/lpc,Unknown,,Yes,https://energyright.com/business-industry/demand-response/powerflex/,TVA local power company; rto/ownership and dispatch cells from TVA EnergyRight Smart Thermostat Rewards participating-LPC list and TVA PowerFlex/Demand Response LPC list (both TVA's own pages). Retail TOU (habit cells) not individually verified this pass -- see scan_SE5_gaps.md.,2026-09-24
577,CITY OF ALCOA UTILITIES,TN,31159,Alcoa Electric Department,TVA,Municipal,Unknown,,No,https://greatergrid.com/enroll/programs/thermostats/tvaenergyright/faq/lpc,Unknown,,Yes,https://energyright.com/business-industry/demand-response/powerflex/,TVA local power company; rto/ownership and dispatch cells from TVA EnergyRight Smart Thermostat Rewards participating-LPC list and TVA PowerFlex/Demand Response LPC list (both TVA's own pages). Retail TOU (habit cells) not individually verified this pass -- see scan_SE5_gaps.md.,2026-09-24
6234,CITY OF FAYETTEVILLE,TN,19108,Fayetteville Public Utilities,TVA,Municipal,Unknown,,No,https://greatergrid.com/enroll/programs/thermostats/tvaenergyright/faq/lpc,Unknown,,Yes,https://energyright.com/business-industry/demand-response/powerflex/,TVA local power company; rto/ownership and dispatch cells from TVA EnergyRight Smart Thermostat Rewards participating-LPC list and TVA PowerFlex/Demand Response LPC list (both TVA's own pages). Retail TOU (habit cells) not individually verified this pass -- see scan_SE5_gaps.md.,2026-09-24
6608,FORT LOUDOUN ELECTRIC COOP,TN,34897,Fort Loudoun Electric Cooperative,TVA,Cooperative,Unknown,,Yes,https://greatergrid.com/enroll/programs/thermostats/tvaenergyright/faq/lpc,Unknown,,Yes,https://energyright.com/business-industry/demand-response/powerflex/,TVA local power company; rto/ownership and dispatch cells from TVA EnergyRight Smart Thermostat Rewards participating-LPC list and TVA PowerFlex/Demand Response LPC list (both TVA's own pages). Retail TOU (habit cells) not individually verified this pass -- see scan_SE5_gaps.md.,2026-09-24
6923,CITY OF GALLATIN - (TN),TN,24519,Gallatin Department of Electricity,TVA,Municipal,Unknown,,Yes,https://greatergrid.com/enroll/programs/thermostats/tvaenergyright/faq/lpc,Unknown,,Yes,https://energyright.com/business-industry/demand-response/powerflex/,TVA local power company; rto/ownership and dispatch cells from TVA EnergyRight Smart Thermostat Rewards participating-LPC list and TVA PowerFlex/Demand Response LPC list (both TVA's own pages). Retail TOU (habit cells) not individually verified this pass -- see scan_SE5_gaps.md.,2026-09-24
7174,GIBSON ELECTRIC MEMBERS CORP,TN,38831,Gibson Electric Membership Corporation,TVA,Cooperative,Unknown,,No,https://greatergrid.com/enroll/programs/thermostats/tvaenergyright/faq/lpc,Unknown,,Yes,https://energyright.com/business-industry/demand-response/powerflex/,TVA local power company; rto/ownership and dispatch cells from TVA EnergyRight Smart Thermostat Rewards participating-LPC list and TVA PowerFlex/Demand Response LPC list (both TVA's own pages). Retail TOU (habit cells) not individually verified this pass -- see scan_SE5_gaps.md.,2026-09-24
727,APPALACHIAN ELECTRIC COOP,TN,49676,Appalachian Electric Cooperative,TVA,Cooperative,Unknown,,Yes,https://greatergrid.com/enroll/programs/thermostats/tvaenergyright/faq/lpc,Unknown,,Yes,https://energyright.com/business-industry/demand-response/powerflex/,TVA local power company; rto/ownership and dispatch cells from TVA EnergyRight Smart Thermostat Rewards participating-LPC list and TVA PowerFlex/Demand Response LPC list (both TVA's own pages). Retail TOU (habit cells) not individually verified this pass -- see scan_SE5_gaps.md.,2026-09-24
7625,CITY OF GREENEVILLE - (TN),TN,39860,Greeneville Light & Power System (Greeneville Energy Authority),TVA,Municipal,Unknown,,Yes,https://greatergrid.com/enroll/programs/thermostats/tvaenergyright/faq/lpc,Unknown,,Yes,https://energyright.com/business-industry/demand-response/powerflex/,TVA local power company; rto/ownership and dispatch cells from TVA EnergyRight Smart Thermostat Rewards participating-LPC list and TVA PowerFlex/Demand Response LPC list (both TVA's own pages). Retail TOU (habit cells) not individually verified this pass -- see scan_SE5_gaps.md.,2026-09-24
8147,CITY OF HARRIMAN - (TN),TN,11138,Harriman Utility Board,TVA,Municipal,Unknown,,Yes,https://greatergrid.com/enroll/programs/thermostats/tvaenergyright/faq/lpc,Unknown,,Yes,https://energyright.com/business-industry/demand-response/powerflex/,TVA local power company; rto/ownership and dispatch cells from TVA EnergyRight Smart Thermostat Rewards participating-LPC list and TVA PowerFlex/Demand Response LPC list (both TVA's own pages). Retail TOU (habit cells) not individually verified this pass -- see scan_SE5_gaps.md.,2026-09-24
8764,"HOLSTON ELECTRIC COOP, INC",TN,31723,Holston Electric Cooperative,TVA,Cooperative,Unknown,,No,https://greatergrid.com/enroll/programs/thermostats/tvaenergyright/faq/lpc,Unknown,,Yes,https://energyright.com/business-industry/demand-response/powerflex/,TVA local power company; rto/ownership and dispatch cells from TVA EnergyRight Smart Thermostat Rewards participating-LPC list and TVA PowerFlex/Demand Response LPC list (both TVA's own pages). Retail TOU (habit cells) not individually verified this pass -- see scan_SE5_gaps.md.,2026-09-24
947,ATHENS UTILITY BOARD,TN,13770,Athens Utilities Board,TVA,Municipal,Unknown,,Yes,https://greatergrid.com/enroll/programs/thermostats/tvaenergyright/faq/lpc,Unknown,,Yes,https://energyright.com/business-industry/demand-response/powerflex/,TVA local power company; rto/ownership and dispatch cells from TVA EnergyRight Smart Thermostat Rewards participating-LPC list and TVA PowerFlex/Demand Response LPC list (both TVA's own pages). Retail TOU (habit cells) not individually verified this pass -- see scan_SE5_gaps.md.,2026-09-24
9612,CITY OF JACKSON - (TN),TN,37225,Jackson Energy Authority,TVA,Municipal,Unknown,,No,https://greatergrid.com/enroll/programs/thermostats/tvaenergyright/faq/lpc,Unknown,,Yes,https://energyright.com/business-industry/demand-response/powerflex/,TVA local power company; rto/ownership and dispatch cells from TVA EnergyRight Smart Thermostat Rewards participating-LPC list and TVA PowerFlex/Demand Response LPC list (both TVA's own pages). Retail TOU (habit cells) not individually verified this pass -- see scan_SE5_gaps.md.,2026-09-24
9777,JOHNSON CITY - (TN),TN,82044,BrightRidge (Johnson City Power Board),TVA,Municipal,No,https://brightridge.com/residential-services/billing-payment/electric-rates/,Yes,https://greatergrid.com/enroll/programs/thermostats/tvaenergyright/faq/lpc,Yes,https://brightridge.com/business-services/billing-payment/electric-rates/,Yes,https://energyright.com/business-industry/demand-response/powerflex/,"TVA LPC (BrightRidge/Johnson City). Residential rate page shows only flat kWh/base charge, no TOU. Large C&I customers use TVA TDMSA/TDGSA time-of-day agreements per BrightRidge business rates page.",2026-09-24
13831,CITY OF NORWICH - (CT),CT,20747,Norwich Public Utilities (NPU),ISO-NE,Municipal,Unknown,,No,https://norwichpublicutilities.com/,Unknown,,No,https://norwichpublicutilities.com/,"Checked norwichpublicutilities.com - no demand response, thermostat/battery, or TOU program found on public-facing pages",2026-09-26
19497,UNITED ILLUMINATING CO,CT,343461,United Illuminating Co,ISO-NE,IOU,Yes,https://www.uinet.com/w/time-of-day-rate-rt,Yes,https://www.energizect.com/explore-solutions/smart-thermostat-demand-response,Yes,https://www.uinet.com/w/time-of-day-rate-rt,Yes,https://www.energizect.com/explore-solutions/commercial-demand-response,"Residential/business Rate RT time-of-day (noon-8pm peak); CT statewide Energy Storage Solutions (battery, w/ ConnectedSolutions legacy dispatch $225/kW to 2027); commercial ADR (Active Demand Response) program",2026-09-26
20038,TOWN OF WALLINGFORD - (CT),CT,25219,Wallingford Electric Division,ISO-NE,Municipal,Unknown,,No,https://www.wallingfordct.gov/government/departments/electric-division/,Unknown,,No,https://www.wallingfordct.gov/government/departments/electric-division/,"Checked wallingfordct.gov Electric Division pages - no thermostat/battery dispatch program or C&I DR program found; only general peak-usage advice to customers, no confirmed TOU rate tariff",2026-09-26
4176,CONNECTICUT LIGHT & POWER CO,CT,1276313,Connecticut Light & Power Co (Eversource CT),ISO-NE,IOU,Yes,https://www.eversource.com/residential/account-billing/manage-bill/about-your-bill/rates-tariffs/connecticut-time-of-day-rate-7,Yes,https://www.energizect.com/explore-solutions/smart-thermostat-demand-response,Yes,https://www.eversource.com/business/account-billing/manage-bill/about-your-bill/rates-tariffs/connecticut-variable-peak-pricing,Yes,https://www.energizect.com/explore-solutions/smart-thermostat-demand-response,ConnectedSolutions closed to new CT enrollments 12/2023 (existing paid $225/kW thru 2027); succeeded by Energy Storage Solutions upfront rebate; no C&I interruptible/curtailable tariff found on eversource.com,2026-09-26
7716,GROTON DEPT OF UTILITIES - (CT),CT,13858,Groton Utilities,ISO-NE,Municipal,Unknown,,No,https://www.grotonelectric.org/wp-content/uploads/2024/04/APPA-Time-of-Use-rate-study-2024-Final.pdf,Unknown,,No,https://www.grotonelectric.org/wp-content/uploads/2024/04/APPA-Time-of-Use-rate-study-2024-Final.pdf,Groton Utilities' own APPA case study states prior residential DR/peak-reduction programs were discontinued because cost exceeded savings; TOU rate studied but live status on grotonutilities.com not confirmed; member of CMEEC,2026-09-26
11586,TOWN OF MANSFIELD - (MA),MA,10545,Mansfield Municipal Electric Department (MMED),ISO-NE,Municipal,Unknown,,Yes,https://nextzero.org/mansfield/connected-homes/,Unknown,,Unknown,,"MMWEC NextZero Connected Homes confirmed (thermostat $5-10/mo, battery $30/mo, EV charger); res TOU and C&I not confirmed. Note: this is Mansfield, MA (Bristol Co.) - distinct from any Mansfield elsewhere",2026-09-26
11624,TOWN OF MARBLEHEAD - (MA),MA,10141,Marblehead Municipal Light Department (MMLD),ISO-NE,Municipal,Unknown,,Yes,https://www.danversma.gov/272/Energy-Conservation-and-Rebates,Unknown,,Unknown,,"Marblehead confirmed among MMWEC NextZero Connected Homes participating municipalities (thermostat/EV/battery dispatch, per NextZero's published municipality list); res TOU and C&I not confirmed directly on mmld.com",2026-09-26
12473,TOWN OF MIDDLEBOROUGH - (MA),MA,17783,Middleborough Gas & Electric (MGED),ISO-NE,Municipal,Unknown,,No,https://www.mged.com/256/Home-Energy-Saving-Rebates,Unknown,,No,https://www.mged.com/256/Home-Energy-Saving-Rebates,Checked mged.com - only appliance/weatherization rebates found; Middleborough explicitly NOT among ConnectedSolutions+ eligible communities per Clean Energy Group MA assessment; no thermostat/battery dispatch or C&I DR program found,2026-09-26
13679,TOWN OF NORTH ATTLEBOROUGH - (MA),MA,13804,North Attleborough Electric Department (NAED),ISO-NE,Municipal,Unknown,,No,https://www.naelectric.com/196/Residential-Energy-Efficiency-Program,Unknown,,No,https://www.naelectric.com/196/Residential-Energy-Efficiency-Program,Checked naelectric.com - appliance rebate program only; NAED confirmed NOT among the ~21 MMWEC NextZero/Connected Homes participating municipalities; no other DR/thermostat/battery program found,2026-09-26
13839,CITY OF NORWOOD - (MA),MA,15745,Norwood Light Department,ISO-NE,Municipal,Unknown,,Yes,https://www.norwoodma.gov/departments/norwood_light_rebates___pace_program/index.php,Unknown,,Yes,https://www.norwoodma.gov/departments/norwood_light_rebates___pace_program/index.php,Monthly bill credit for demand response on residential hot water heaters + off-peak EV charging bill credit (res_dispatch); town site describes promoting C&I 'shared savings' demand response programs (ci_dispatch); res/ci TOU rate design not confirmed,2026-09-26
14605,CITY OF PEABODY - (MA),MA,26647,Peabody Municipal Light Plant,ISO-NE,Municipal,Yes,https://www.pmlp.com/DocumentCenter/View/334/Rate-EV-C-,Yes,https://www.pmlp.com/246/RESIDENTIAL-PROGRAMS,Yes,https://www.pmlp.com/DocumentCenter/View/154,No,,Connected Homes thermostat/smart-device DR program ($5-$30/mo incentives); res TOU and C&I programs not confirmed on pmlp.com,2026-09-26
1523,TOWN OF BELMONT - (MA),MA,11818,Belmont Light,ISO-NE,Municipal,Unknown,,Yes,https://www.danversma.gov/272/Energy-Conservation-and-Rebates,Unknown,,Unknown,,"Belmont confirmed among MMWEC NextZero Connected Homes participating municipalities (thermostat/EV/battery dispatch, per NextZero's published municipality list); res TOU and C&I not confirmed directly on belmontlight.com",2026-09-26
15748,TOWN OF READING - (MA),MA,30818,Reading Municipal Light Department,ISO-NE,Municipal,Yes,https://www.rmld.com/198/Shred-the-Peak-Save,Yes,https://www.rmld.com/198/Shred-the-Peak-Save,No,,Yes,https://www.rmld.com/cpdr,Shred the Peak program: TOU/reduced off-peak rate + automated monthly demand-reduction device control + peak alerts; C&I not confirmed,2026-09-26
17127,TOWN OF SHREWSBURY - (MA),MA,16335,Shrewsbury Electric and Cable Operations (SELCO),ISO-NE,Municipal,Unknown,,Yes,https://nextzero.org/shrewsbury/connected-homes/,Unknown,,Unknown,,"MMWEC NextZero Connected Homes program (thermostat $5/mo, battery $30/mo, EV/charger $10/mo); res TOU and C&I programs not confirmed",2026-09-26
18488,CITY OF TAUNTON,MA,39168,Taunton Municipal Lighting Plant,ISO-NE,Municipal,No,https://www.tmlp.com/,No,https://www.tmlp.com/,Unknown,,Unknown,,"Checked tmlp.com - only weatherization/heat-pump loan and appliance rebate programs found; no TOU rate, no thermostat/battery dispatch program, no C&I DR program identified",2026-09-26
19979,TOWN OF WAKEFIELD - (MA),MA,13286,Wakefield Municipal Gas & Light Department (WMGLD),ISO-NE,Municipal,Unknown,,Yes,https://nextzero.org/wp-content/uploads/Summer-2023-NextZero-News.pdf,Unknown,,Unknown,,Wakefield confirmed among MMWEC NextZero Connected Homes participating municipalities (thermostat/EV/battery dispatch); res TOU and C&I not confirmed,2026-09-26
20310,TOWN OF WELLESLEY - (MA),MA,10538,Wellesley Municipal Light Plant (WMLP),ISO-NE,Municipal,Unknown,,Unknown,,Unknown,,Unknown,,"WMLP owns/operates a 4.99MW utility-scale battery storage system (grid asset, not a customer BYOD/dispatch program) plus smart-thermostat rebates (rebate only, not utility-controlled); no confirmed customer-facing dispatch or TOU program on wellesleyma.gov",2026-09-26
20481,CITY OF WESTFIELD - (MA),MA,18283,Westfield Gas & Electric (WG+E),ISO-NE,Municipal,Unknown,,Unknown,,Unknown,,Unknown,,Checked wgeld.org - site lists only weatherization/rebate/outage pages; could not confirm or rule out NextZero/Connected Homes participation (WG+E not explicitly listed among the ~21 MMWEC NextZero members found),2026-09-26
2144,TOWN OF BRAINTREE - (MA),MA,16738,Braintree Electric Light Department (BELD),ISO-NE,Municipal,Unknown,,No,https://www.beld.com/energysavings/,Unknown,,No,https://www.beld.com/energysavings/,"Checked beld.com energy savings page - only rebates for smart thermostats/appliances (rebate only, not utility-dispatched control) found; no confirmed thermostat/battery DR control program or C&I DR program",2026-09-26
3477,CITY OF CHICOPEE - (MA),MA,26014,Chicopee Electric Light,ISO-NE,Municipal,Unknown,,Yes,https://nextzero.org/chicopee/connected-homes/,Unknown,,Unknown,,"MMWEC NextZero Connected Homes program (thermostat, EV charger, water heater, battery dispatch); res TOU and C&I programs not confirmed on celd.com",2026-09-26
5480,TOWN OF DANVERS,MA,13382,Danvers Electric,ISO-NE,Municipal,Unknown,,Yes,https://www.danversma.gov/272/Energy-Conservation-and-Rebates,Unknown,,Unknown,,Danvers Electric's own demand-management program pays direct incentives for enrolling Google Nest smart thermostats on central AC (res_dispatch); not the MMWEC NextZero program; C&I not confirmed,2026-09-26
54913,NSTAR ELECTRIC COMPANY,MA,1514056,NSTAR Electric Co (Eversource MA),ISO-NE,IOU,Yes,https://www.eversource.com/residential/save-money-energy/clean-energy-options/electric-vehicles/ev-charger-managed-charging,Yes,https://www.masssave.com/residential/rebates-offers-services/battery-storage-and-evs/batteries,Yes,https://www.eversource.com/business/account-billing/manage-bill/about-your-bill/rates-tariffs/summary-of-electric-rates,Yes,https://www.masssave.com/residential/rebates-offers-services/battery-storage-and-evs/batteries,ConnectedSolutions battery ~$275/kW-summer avg; C&I ConnectedSolutions Targeted/Daily Dispatch; G-3 TOU for >200kW; TOU-EV rate filed w/ DPU,2026-09-26
8774,CITY OF HOLYOKE - (MA),MA,17888,Holyoke Gas & Electric,ISO-NE,Municipal,No,,Yes,https://www.hged.com/residential/ee-home/tesla-powerwall-demand-response-program.aspx,No,,Yes,https://www.hged.com/commercial/ee-business/com-demand-response.aspx,Res: Tesla Powerwall DR ($1000 rebate + $8/kW/mo) + Connected Homes thermostat/water-heater/heat-pump ($5-8/mo) + Beat the Peak; Commercial Demand Response Pilot Program (CDRP) confirmed for C&I,2026-09-26
8796,CITY OF HINGHAM - (MA),MA,10144,Hingham Municipal Lighting Plant (HMLP),ISO-NE,Municipal,Unknown,,Yes,https://www.danversma.gov/272/Energy-Conservation-and-Rebates,Unknown,,Unknown,,"Hingham confirmed among MMWEC NextZero Connected Homes participating municipalities (thermostat/EV/battery dispatch, per NextZero's published municipality list); res TOU and C&I not confirmed directly on hmlp.com",2026-09-26
8973,TOWN OF HUDSON - (MA),MA,13359,Hudson Light & Power,ISO-NE,Municipal,Unknown,,Unknown,,Unknown,,Unknown,,Hudson Light & Power is an MMWEC member; general NextZero/Connected Homes descriptions found in search but Hudson not explicitly confirmed on hudsonlight.com as an active Connected Homes municipality - could not verify directly on utility's own site,2026-09-26
13214,THE NARRAGANSETT ELECTRIC CO,RI,503017,Rhode Island Energy (Narragansett Electric),ISO-NE,IOU,Yes,https://www.rienergy.com/site/ways-to-save/save-money-with-rebates-and-incentives/connectedsolutions/electric-vehicle-demand-response-program,Yes,https://www.rienergy.com/site/-/media/rie-jss-app/home/ways-to-save/rebates-and-savings-programs/connectedsolutions/battery-program/RIE_Program-Guide_Battery-Energy-Storage-2025.ashx,Yes,https://www.rienergy.com/site/ways-to-save/save-money-with-rebates-and-incentives/connectedsolutions/electric-vehicle-demand-response-program,Yes,https://www.rienergy.com/site/-/media/rie-jss-app/home/ways-to-save/rebates-and-savings-programs/connectedsolutions/battery-program/RIE_Program-Guide_Battery-Energy-Storage-2025.ashx,ConnectedSolutions residential battery (~$1500/yr avg) and thermostat DR active in RI (RIE_program_guide); C&I ConnectedSolutions Daily/Targeted Dispatch for rate classes C-06/G-02/G-32; no RI residential/commercial TOU rate confirmed on rienergy.com,2026-09-26
13441,NEW HAMPSHIRE ELEC COOP INC,NH,83564,New Hampshire Electric Cooperative,ISO-NE,Cooperative,Yes,https://www.nhec.com/time-of-day-rates/,Yes,https://www.nhec.com/energy-management/transactive-energy-rate-program/,Yes,https://www.nhec.com/peak-days/,No,,Optional Time of Day (TOD) rate incl. EV TOD option; checked nhec.com - no BYOD/thermostat/battery dispatch program found (NHEC is not part of the IOU-run NHSaves ConnectedSolutions consortium); C&I programs not confirmed,2026-09-26
15472,PUBLIC SERVICE CO OF NH,NH,533904,Public Service Co of New Hampshire (Eversource NH),ISO-NE,IOU,Yes,https://tou.tools/utilities/public-service-co-of-nh/,Yes,https://www.eversource.com/residential/save-money-energy/energy-efficiency-programs/demand-response/battery-storage-demand-response/nh,Yes,https://www.eversource.com/business/account-billing/manage-bill/about-your-bill/rates-tariffs/electric-supply-rates/nh,Yes,https://www.eversource.com/business/save-money-energy/energy-efficiency-programs/demand-response/large-business-demand-response,ConnectedSolutions thermostat ($50+$20/yr) and NH Clean Energy Fund battery storage; Rate GV/LG demand-metered; Large Business DR program,2026-09-26
24590,UNITIL ENERGY SYSTEMS,NH,80797,Unitil Energy Systems (NH),ISO-NE,IOU,Yes,https://unitil.com/sites/default/files/2024-01/NH-Residential-Electric-Rates.pdf,Yes,https://unitil.com/rebates/connectedsolutions-wi-fi-thermostat-program-nh,Yes,https://unitil.com/sites/default/files/2024-01/NH-Commercial-Electric-Rates.pdf,Yes,https://unitil.com/sites/default/files/2021-05/Program%20Materials%20for%20Connected%20Solutions%20for%20Commercial%20Unitil%20v2-FINAL.pdf,Whole House TOU + EV-TOU res rates; ConnectedSolutions Wi-Fi thermostat ($50+$20/yr); commercial TOU (mid/on/off-peak); ConnectedSolutions C&I via Mass Save/NHSaves,2026-09-26
26510,LIBERTY UTILITIES (GRANITE STATE ELECTRI,NH,45978,Liberty Utilities (Granite State Electric),ISO-NE,IOU,Yes,https://www.puc.nh.gov/,Yes,https://new-hampshire.libertyutilities.com/acworth/residential/smart-energy-use/electric/connected-rewards-residential-new-hampshire-electric-liberty.html,Unknown,,Yes,https://new-hampshire.libertyutilities.com/,"Connected Rewards thermostat DR program (June-Sept); TOU rate available but only via separate submeter (mostly EV-oriented) - Secondary source only, no direct Liberty tariff page confirmed; C&I curtail-on-request program per secondary source, no direct tariff URL found",2026-09-26
6374,FITCHBURG GAS & ELEC LIGHT CO,NH,30580,Fitchburg Gas & Electric Light Co (Unitil MA),ISO-NE,IOU,Yes,https://www.mass.gov/info-details/residential-electric-seasonal-heat-pump-rates,Yes,https://www.masssave.com/residential/rebates-offers-services/connectedsolutions/connectedsolutions-thermostat,Yes,https://unitil.com/sites/default/files/2024-01/MA-Commercial-Electric-Rates.pdf,Yes,https://www.masssave.com/residential/rebates-offers-services/connectedsolutions/connectedsolutions-thermostat,HIFLD lists this record under state=NH but Fitchburg G&E serves north-central Massachusetts (Unitil's MA electric division) - real service state is MA per region notes; Unitil MA files same TOU/ConnectedSolutions programs as Unitil NH,2026-09-26
19791,"VERMONT ELECTRIC COOPERATIVE, INC",VT,40588,Vermont Electric Cooperative,ISO-NE,Cooperative,Yes,https://vermontelectric.coop/flexible-load,Yes,https://vermontelectric.coop/flexible-load,No,,Yes,https://vermontelectric.coop/flexible-load,Whole-premises TOU rates; Flexible Load home battery program (bill credit or upfront payment) + EV charger + water heater load mgmt; Beat the Peak voluntary program; C&I programs not confirmed on vermontelectric.coop,2026-09-26
20151,WASHINGTON ELECTRIC COOP - (VT),VT,11921,Washington Electric Cooperative,ISO-NE,Cooperative,Unknown,,Yes,https://www.washingtonelectric.coop/flexible-load/,Unknown,,Unknown,,"Powershift EV-charger scheduling/DR program ($10/mo bill credit, avoid 3-10pm peak) is live; 'Bring Your Own Battery' program described as 'coming soon' (not yet live) on washingtonelectric.coop; C&I not confirmed",2026-09-26
2548,CITY OF BURLINGTON ELECTRIC - (VT),VT,21447,Burlington Electric Department,ISO-NE,Municipal,Yes,https://www.burlingtonelectric.com/wp-content/uploads/Tariff-Sheet-EV.pdf,No,https://www.burlingtonelectric.com/rates/,Yes,https://www.burlingtonelectric.com/wp-content/uploads/Tariff-Sheet-EV.pdf,Unknown,,"EV TOU rate live; broader AMI-enabled demand-response program (device control of water heaters/AC/thermostats) described on burlingtonelectric.com as forthcoming/future, not yet confirmed live; C&I not confirmed",2026-09-26
7601,GREEN MOUNTAIN POWER CORP,VT,271700,Green Mountain Power,ISO-NE,IOU,Yes,https://static.greenmountainpower.com/tariffs/rates/Rate-11-Residential-Time-of-Use.pdf,Yes,https://static.greenmountainpower.com/tariffs/add-ons/Energy-Storage-System.pdf,Yes,https://static.greenmountainpower.com/tariffs/rates/Rate-63-65-Commercial-Industrial.pdf,Yes,https://static.greenmountainpower.com/tariffs/add-ons/Energy-Storage-System.pdf,"Res TOU rate; ESS Tesla Powerwall lease ($55/mo, 10yr) + BYOD battery incentive up to $10,500 ($850-950/kW); C&I TOU Rate 63/65 (>200kW or 7600kWh/mo); Critical Peak/Curtailable Load/Load Response Riders for C&I",2026-09-26
1179,VERSANT POWER,ME,163798,Versant Power,ISO-NE,IOU,Yes,https://www.versantpower.com/energy-solutions/eco-rates,No,,Yes,https://www.versantpower.com/energy-solutions/eco-rates,Yes,https://www.efficiencymaine.com/demand-response/,"Home Eco TOU res rate (Bangor Hydro District); checked versantpower.com/programs - no res thermostat/battery dispatch found; M-1 business rate is demand-metered but not TOU/shifting design; C&I DRI via Efficiency Maine Trust ($35k/MW-summer, shared w/ CMP). Versant's Maine Public District (northern Maine) is NOT ISO-NE - interconnects via Northern Maine Independent System Administrator (NMISA) to New Brunswick; Bangor Hydro District (majority of customers) IS ISO-NE - rto tagged for majority, flagging split per region notes",2026-09-26
3266,CENTRAL MAINE POWER CO,ME,640354,Central Maine Power Co,ISO-NE,IOU,Yes,https://www.cmpco.com/documents/40117/46387176/atou+2+12.30.22.pdf,No,,Yes,https://www.cmpco.com/documents/40117/46387176/lgsstou_12.30.22.pdf,Yes,https://www.efficiencymaine.com/demand-response/,"Res TOU (Rate A-TOU) opt-in, low enrollment (~4500 customers); res smart-thermostat is a rebate not utility-dispatched control - checked cmpco.com, no BYOD/thermostat DR control program found; C&I Demand Response Initiative (DRI) $35k/MW-summer administered by Efficiency Maine Trust for CMP customers",2026-09-26
5609,EASTERN MAINE ELECTRIC COOP,ME,13006,Eastern Maine Electric Cooperative (EMEC),Other-nonRTO,Cooperative,Unknown,,No,https://emec.com/residential-rate,Unknown,,No,https://www.emec.com/large-commercial-rate,"Checked emec.com residential and large-commercial rate pages - flat rates only, no TOU or DR/dispatch program found; EMEC's service territory in far-eastern/northern Maine borders New Brunswick - flagging per region notes that this utility likely sits outside ISO-NE proper (Maritimes-adjacent), tagged Other-nonRTO though not independently confirmed via NERC/ISO-NE membership list - Unverified on RTO specifically",2026-09-26
10393,PUD NO 1 OF KLICKITAT COUNTY,WA,13933,Klickitat PUD,WECC-nonRTO,Municipal,No,https://klickitatpud.org/services-rates/electric-rates/,No,https://klickitatpud.org/energy-efficiency/,No,https://klickitatpud.org/services-rates/electric-rates/,No,https://klickitatpud.org/energy-efficiency/rebates/,"BA=Klickitat PUD (BPA-supplied). Full rate schedule reviewed: Residential is flat (no demand charge, no TOU); Small/Medium/Large General Service have flat or seasonal (not daily TOD) demand charges. Notably an Irrigation Time-of-Use rate schedule exists (on-peak Mon-Sat 6am-10pm/off-peak) but that is an agricultural-only rate, not a commercial/industrial rate, so does not count as ci_habit. Energy Efficiency section is rebates/loans only, no dispatch program.",2026-09-26
10627,LAKEVIEW LIGHT & POWER,WA,10394,Lakeview Light & Power,WECC-nonRTO,Cooperative,No,https://www.lakeviewlight.com/services/rates-fees/rates/,Unknown,https://www.lakeviewlight.com/save-energy-money/free-google-nest-thermostat/,No,https://www.lakeviewlight.com/services/rates-fees/rates/,No,https://www.lakeviewlight.com/services/rates-fees/rates/,"BA=Lakeview (BPA-supplied, Pierce County). Full rate schedule reviewed (Residential Sched 101/410/420/430, Commercial 810-920): residential demand read is billed at $0/kW (not actually charged) so no functioning demand charge; commercial demand charges are flat kVA-based, not TOD/shifting. No TOU found. A ""Free Google Nest Thermostat"" giveaway exists but the page gives no detail on whether it includes utility dispatch/DR control vs. a plain efficiency giveaway - marked Unverified rather than Yes or No.",2026-09-26
10944,PUD NO 1 OF LEWIS COUNTY,WA,34536,Lewis County PUD,WECC-nonRTO,Municipal,Unknown,,Unknown,,Unknown,,Unknown,,"BA=Lewis County PUD (BPA-supplied). Rates & Fees page rendered only fee schedule (deposits, service charges) and linked out to a PDF rate schedule not fetched; a 3rd-party summary mentions standard 15-minute demand metering (unclear if residential or C&I-only). No TOU/DR program found on Energy Efficiency page (rebates/audits/EV info only), but could not positively rule out - left Unknown for the rate-design cells rather than guess.",2026-09-26
12744,MODERN ELECTRIC WATER COMPANY,WA,10440,Modern Electric Water Company,WECC-nonRTO,Municipal,No,https://www.modernelectricwater.com/customer-information/rates/rate-schedule/,No,https://www.modernelectricwater.com/electric/energy-efficiency/,No,https://www.modernelectricwater.com/customer-information/rates/rate-schedule/,No,https://www.modernelectricwater.com/electric/energy-efficiency/,"BA=Modern Electric Water (BPA-supplied, Spokane Valley). Full rate schedule reviewed (Residential 35/35x/37, Commercial 30/32/38): flat/tiered energy charges with a standard (non-TOD) demand charge over 20kW for commercial classes; no TOU rider. Energy Efficiency page is rebates only, no dispatch program.",2026-09-26
14055,PUD NO 1 OF OKANOGAN COUNTY,WA,21899,Okanogan County PUD,WECC-nonRTO,Municipal,No,https://www.okanoganpud.org/account/electric-policies-rates/electric-rates/,No,https://www.okanoganpud.org/energy-services-incentives/energy-incentive-programs/,No,https://www.okanoganpud.org/account/electric-policies-rates/electric-rates/,No,https://www.okanoganpud.org/energy-services-incentives/energy-incentive-programs/,"BA=Okanogan PUD (BPA-supplied). Full rate schedule reviewed (Residential Sched 2, Small/Large General Service 3A/3B, Industrial 4, Irrigation 6): flat energy+demand only, no TOU tier despite some 3rd-party aggregator sites claiming a TOU option - not found on official schedule pages. Energy Services & Incentives is rebates only.",2026-09-26
14170,ORCAS POWER & LIGHT COOP,WA,15704,Orcas Power & Light Cooperative (OPALCO),WECC-nonRTO,Cooperative,No,https://www.opalco.com/rates-adjustments-explained/,No,https://www.opalco.com/energy-savings-hub/,No,https://www.opalco.com/rates-adjustments-explained/,No,https://www.opalco.com/energy-savings-hub/,"BA=OPALCO (BPA-supplied, San Juan Islands). Detailed 2026 rate-study page confirms no TOU rate; a residential demand charge is informational only for 2026 (no billing impact yet, may be added later); commercial demand charge exists but flat/not shifting-oriented. FAQ explicitly notes islands have ""large hydro resources [so] not much value in energy load shifting within any given day."" No dispatch program found (Decatur Island microgrid is a resilience/solar project, not a customer DR program).",2026-09-26
14324,PUD NO 2 OF PACIFIC COUNTY,WA,18258,Pacific County PUD #2,WECC-nonRTO,Municipal,No,https://www.pacificpud.org/your-account/rates-fees/electric/,No,https://www.pacificpud.org/energy-efficiency/reduce-your-energy-bills/,No,https://www.pacificpud.org/your-account/rates-fees/electric/,No,https://www.pacificpud.org/energy-efficiency/rebate-incentives/,"BA=Pacific County PUD (BPA-supplied). Full rate table checked (Residential/Farm, Small/Large Commercial, Industrial, Irrigation): flat energy + flat demand charge by class, no TOU. Energy Efficiency section is rebates/conservation only, no dispatch program.",2026-09-26
14624,PUD NO 2 OF GRANT COUNTY,WA,54041,Grant County PUD,WECC-nonRTO,Municipal,Unknown,,No,https://www.grantpud.org/media/attachments/2025/12/22/lighthouse-grant-pud-2025-drpa-final-report.pdf,Unknown,,No,https://www.grantpud.org/media/attachments/2025/12/22/lighthouse-grant-pud-2025-drpa-final-report.pdf,"BA=Grant PUD (Grant PUD sells own hydro + BPA). 2025 Demand Response Potential Assessment + IRP describe a planned 28MW DR program for retail customers, not yet implemented (dispatch=No both classes, per own DRPA report). Did not find a current TOU rate on rates-fees page; not conclusively checked so left Unknown rather than No.",2026-09-26
14668,PENINSULA LIGHT COMPANY,WA,35132,Peninsula Light Company,WECC-nonRTO,Cooperative,No,https://www.penlight.org/member-services/rate-schedule/,No,https://www.penlight.org/energy-efficiency/incentives/,No,https://www.penlight.org/member-services/rate-schedule/,No,https://www.penlight.org/energy-efficiency/incentives/,"BA=PenLight (BPA-supplied, Pierce County). Checked own rate schedule (Residential Sched A, General B, Small/Large Commercial C-1/C-2) - all flat energy+demand, no TOU rider; Energy Efficiency/Incentives page is rebates only (heat pump water heater etc), no dispatch program.",2026-09-26
15231,CITY OF PORT ANGELES - (WA),WA,11865,Port Angeles Light Operations,WECC-nonRTO,Municipal,Unknown,,Unknown,,Unknown,,Unknown,,BA=Port Angeles (BPA-supplied). cityofpa.us Current Utility Rates page is JS/dynamic and did not return readable content via fetch; WebSearch found commercial rates use standard demand (kVA) charges but no confirmation of TOU or dispatch program either way. Left Unknown rather than guessing.,2026-09-26
15419,PUD NO 3 OF MASON COUNTY,WA,35525,Mason County PUD No. 3,WECC-nonRTO,Municipal,No,https://www.pud3.org/account-billing/rates-fees/,Unknown,https://www.nwcouncil.org/energy/energy-topics/demand-response/papers/mason-county-pud-no-3-renewable-demand-response-pilot-0/,No,https://www.pud3.org/account-billing/rates-fees/,No,,"BA=Mason PUD 3 (BPA-supplied). Own Clean Energy/CEIP page discusses demand response as a CETA planning target (2026-2029) but no named enrolled program; a 3rd-party NW Power & Conservation Council paper documents a completed water-heater DR pilot (100 units) - Secondary source, not found on own site now, so marked Unverified rather than Yes.",2026-09-26
15500,PUGET SOUND ENERGY INC,WA,1210394,Puget Sound Energy,WECC-nonRTO,IOU,Yes,https://www.pse.com/en/account-and-billing/time-of-use,Yes,https://www.pse.com/en/rebates/PSE-flex,Yes,https://www.pse.com/en/pages/rates,Yes,https://www.pse.com/en/business-incentives/energy-management-programs/flex-for-business,"BA=PSEI. Residential TOU Sched 7 (pilot/opt-in), PSE Flex (thermostat/battery dispatch), commercial TOU Schedule 324 (SMB, eff 2024), Flex for Business C&I DR.",2026-09-26
1579,PUD NO 1 OF BENTON COUNTY,WA,56610,Benton PUD,WECC-nonRTO,Municipal,Yes,https://www.bentonpud.org/manage-my-account/payment-billing/demand-charge/residential-demand-charge,No,https://www.bentonpud.org/about-benton-pud/planning-performance/resource-planning,Unknown,,No,https://www.bentonpud.org/about-benton-pud/planning-performance/resource-planning,"BA=Benton PUD (BPA-supplied). Mandatory residential time-of-day demand charge = res_habit Yes. Utility resource planning docs state DR not found cost-effective/feasible, waiting on BPA post-2028 rate design = no active dispatch program. Did not verify a separate C&I shifting-oriented rate design.",2026-09-26
15979,CITY OF RICHLAND - (WA),WA,26792,Richland Energy Services,WECC-nonRTO,Municipal,Unknown,https://www.richlandwa.gov/departments/energy-services/electric-rates,Unknown,,Unknown,,Unknown,,"BA=Richland Energy Services (own generation share + BPA). Own rates page confirms flat residential/commercial/industrial rate classes but links to PDF rate sheets not rendered in fetch; a 2023 Demand Response Potential Assessment was referenced (planning study, not a confirmed live program). Insufficient to call No confidently - left Unknown pending PDF review.",2026-09-26
1625,BENTON RURAL ELECTRIC ASSN,WA,15685,Benton Rural Electric Association,WECC-nonRTO,Cooperative,Unknown,,Unknown,,Unknown,,Unknown,,"BA=Benton REA (BPA-supplied). Site is JS-rendered and did not return readable rate/program content via fetch; WebSearch found only that they are deploying a Landis+Gyr AMI platform (Revelo/Gridstream Connect) described as enabling future demand flexibility - infrastructure, not a live program. Could not confirm any of the four cells directly on the utility site.",2026-09-26
16868,CITY OF SEATTLE - (WA),WA,493662,Seattle City Light,WECC-nonRTO,Municipal,Yes,https://powerlines.seattle.gov/2026/05/04/introducing-our-new-time-of-use-rate/,Yes,https://hoodline.com/2026/03/seattle-power-play-utilities-quietly-reach-into-your-thermostat/,Yes,https://seattle.gov/city-light/business-solutions/business-billing-and-account-information/time-of-use,Yes,https://www.seattle.gov/city-light/business-solutions/business-billing-and-account-information/business-rates,"BA=SCL. Res TOU launched May 2026 (seattle.gov/powerlines blog is utility own site). Res dispatch = TempWise thermostat DR pilot (source is 3rd-party news, Secondary). SMB TOU confirmed on own site. Large industrial curtailment DR program approved by council, effective Jan 2026 (>=1MW commit).",2026-09-26
17470,PUD 1 OF SNOHOMISH COUNTY,WA,373074,Snohomish County PUD,WECC-nonRTO,Municipal,Yes,https://www.snopud.com/save-energy/residential/flexenergy/flextime/,Yes,https://www.snopud.com/save-energy/residential/flexenergy/flexresponse/,Yes,https://www.publicpower.org/periodical/article/introducing-time-varying-rates-pacific-northwest,Unknown,,"BA=Snohomish PUD (BPA-supplied). FlexTime residential winter TOU rate (20% off-peak discount) = res_habit Yes. FlexResponse (thermostat DR, SMS-notified events, max 15/winter) and FlexEnergy (Nest thermostat + JuiceBox EV charger dispatch, ongoing Year 2+) = res_dispatch Yes, both confirmed on own site. A C&I Time-of-Day pilot for Schedules 20/25/36 ran through at least Dec 2025 (trade press) = ci_habit Yes/Secondary; current status and any C&I dispatch program not verified.",2026-09-26
18429,CITY OF TACOMA - (WA),WA,193912,Tacoma Power,WECC-nonRTO,Municipal,No,https://www.mytpu.org/ways-to-save/for-my-home/,No,https://www.mytpu.org/ways-to-save/for-my-home/heating-cooling/,No,https://www.mytpu.org/ways-to-save/for-my-business/,Unknown,https://www.utilitydive.com/news/tacoma-powers-demand-response-could-support-green-fuels-hydrogen-constraints/597427/,"BA=TPWR. Checked own Ways to Save (home/business) pages: no TOU rate, no thermostat/AC dispatch program, no C&I TOU or curtailable rider listed; utility confirmed (per trade press) it has not yet rolled out TOU, watching SCL/PSE/SnoPUD pilots. One industrial DR pilot reported by Utility Dive (supporting green-hydrogen facility load flexibility) - not found on own site, so Unverified/ci_dispatch.",2026-09-26
19784,VERA IRRIGATION DISTRICT #15,WA,13310,Vera Water and Power,WECC-nonRTO,Municipal,No,https://verawaterandpower.com/services/rates/electric-rates/,No,https://verawaterandpower.com/rebates-savings/residential-incentives/,No,https://verawaterandpower.com/services/rates/electric-rates/,No,https://verawaterandpower.com/rebates-savings/commercial-incentives/,"BA=Vera (BPA-supplied, Spokane Valley). Own rates page describes only a flat, low BPA-pass-through rate structure (full detail in a Policy 400 PDF not rendered); no mention of TOU or dispatch anywhere on site. Rebates & Savings sections are efficiency incentives only.",2026-09-26
20169,AVISTA CORP,WA,410798,Avista,WECC-nonRTO,IOU,Yes,https://www.myavista.com/energy-savings/green-options/time-of-use,No,,Yes,https://www.myavista.com/energy-savings/green-options/time-of-use,No,,"BA=AVA. Serves WA+ID (also OR gas). Res+small-commercial TOU pilot ran 2024-2025 (enrollment closed 5/31/2025) plus Peak Time Rebate Pilot (myavista.com/energy-savings/green-options/peak-time-rebate). No active thermostat/battery dispatch or C&I curtailable tariff found on own site as of today; 40MW of DR (incl. load curtailment, BESS, EV) planned via 2026-2029 buildout per 2025 All-Source RFP, not yet operational.",2026-09-26
3295,CITY OF CENTRALIA - (WA),WA,10653,Centralia City Light,WECC-nonRTO,Municipal,No,https://www.cityofcentralia.com/398/Electric-Rates,No,https://www.cityofcentralia.com/398/Electric-Rates,No,https://www.cityofcentralia.com/398/Electric-Rates,No,https://www.cityofcentralia.com/398/Electric-Rates,"BA=Centralia City Light (BPA-supplied). Own Electric Rates page describes only Residential, Small General (<50kW), and Extra Large General (>1,000kW) demand-based classes with a Power Factor Ratchet - no TOU, no dispatch program mentioned for any class.",2026-09-26
3413,PUD NO 1 OF CHELAN COUNTY,WA,48861,Chelan County PUD,WECC-nonRTO,Municipal,Yes,https://www.chelanpud.org/my-pud-services/rates-and-policies/rate-schedules,No,https://www.chelanpud.org/my-pud-services/rates-and-policies/rate-schedules,Unknown,,No,https://www.chelanpud.org/my-pud-services/rates-and-policies/rate-schedules,"BA=Chelan PUD (own hydro + BPA). Optional TOU Schedule 30 exists for large primary loads (res_habit Yes). Broader TOU/DR infrastructure described as a 2024-2026 roadmap item, not yet broadly available = no active dispatch program today.",2026-09-26
3644,PUD NO 1 OF CLALLAM COUNTY,WA,33639,Clallam County PUD,WECC-nonRTO,Municipal,No,https://www.clallampud.net/services/electric/electric-rates/,No,https://www.clallampud.net/ways-to-save/,No,https://www.clallampud.net/services/electric/electric-rates/,No,https://www.clallampud.net/ways-to-save/rebates-incentives/,"BA=Clallam PUD (BPA-supplied). All 8 rate schedules reviewed in full (Residential/Farm R, Small/Medium/Large General Service CS/CM/CL, Large Industrial I, Seasonal Irrigation, Lighting): flat energy, standard (non-TOD) demand charges for C&I classes, no TOU rider anywhere. Ways to Save is rebates/tips only, no dispatch program.",2026-09-26
3660,PUD NO 1 OF CLARK COUNTY - (WA),WA,229737,Clark Public Utilities,WECC-nonRTO,Municipal,No,https://www.clarkpublicutilities.com/about-cpu/public-documents/current-electric-water-rates/,No,https://www.clarkpublicutilities.com/residential-customers/reduce-energy-waste-and-lower-your-bill/energy-calculators/programmable-thermostat/,No,https://www.clarkpublicutilities.com/about-cpu/public-documents/current-electric-water-rates/,Yes,https://www.clarkpublicutilities.com/wp-content/uploads/2025/11/Clark-Public-Utilities-2025-DRPA-Final-Report.pdf,"BA=Clark PUD (own BA). No residential TOU or ci TOU found on current rates page; smart thermostat program is a rebate only, not utility dispatch (utility itself said as of Aug 2024 DR programs not yet built, AMI pending). Industrial DR program launched 2024 with day-ahead curtailment (per own 2025 DRPA report) = ci_dispatch Yes.",2026-09-26
4442,PUD NO 1 OF COWLITZ COUNTY,WA,52524,Cowlitz PUD,WECC-nonRTO,Municipal,Unknown,,Unknown,,Unknown,,Unknown,,"BA=Cowlitz PUD (BPA-supplied). Own site (rates-fees-policies, CEIP pages) discusses DR/demand-flexibility as a state-mandated planning goal (2027-28 CEIP target) but no named enrolled program or rate found; site did not clearly show current program pages for the four cells. Recommend a deeper per-page check.",2026-09-26
5326,PUD NO 1 OF DOUGLAS COUNTY,WA,17109,Douglas County PUD,WECC-nonRTO,Municipal,Yes,https://douglaspud.org/for-customers/customer-service-policies/,Unknown,,Unknown,,Unknown,,"BA=Douglas PUD (own hydro (Wells Dam) + BPA). Residential rate includes a demand charge (.26/kW for demand above a 45kW threshold per own customer-service-policies page) = res_habit Yes per schema (residential demand charge). Did not find/verify a dispatch program, C&I shifting-oriented rate, or C&I DR program - full site not rendered (fetch too large), left Unknown rather than No.",2026-09-26
5832,ELMHURST MUTUAL POWER & LIGHT CO,WA,15807,Elmhurst Mutual Power & Light,WECC-nonRTO,Cooperative,No,https://www.elmhurstmutual.org/rates-fees/,No,https://www.elmhurstmutual.org/energy-efficiency-programs/,No,https://www.elmhurstmutual.org/rates-fees/,No,https://www.elmhurstmutual.org/energy-efficiency-programs/commercial-rebate-programs/,"BA=Elmhurst Mutual (BPA-supplied, Pierce County). Full rate schedule checked (Residential, General Service 1/2/4): flat energy + flat demand charge (not TOD-based, no shifting design) for C&I; no TOU rider for any class. Energy Efficiency Programs are rebates only, no dispatch program.",2026-09-26
59013,PUD NO 1 OF JEFFERSON COUNTY,WA,20753,Jefferson County PUD,WECC-nonRTO,Municipal,Yes,https://www.publicpower.org/periodical/article/introducing-time-varying-rates-pacific-northwest,Yes,https://www.publicpower.org/periodical/article/introducing-time-varying-rates-pacific-northwest,Unknown,,Unknown,,"BA=Jefferson PUD (BPA-supplied). A documented multi-year TOU + Critical-Peak-Pricing + demand-response-incentive pilot (winter peak periods, day-ahead CPP events) is reported by American Public Power Association trade press citing the utility - Secondary tier since not independently confirmed on jeffpud.org itself. Did not verify current status (may have been a completed pilot) or C&I offerings.",2026-09-26
6149,CITY OF ELLENSBURG - (WA),WA,10451,Ellensburg Energy Services,WECC-nonRTO,Municipal,Unknown,,Unknown,,Unknown,,Unknown,,BA=Ellensburg (BPA-supplied). ci.ellensburg.wa.us Energy Services page is JS-rendered and returned no readable content via fetch; rate schedules are embedded in Municipal Code (Ch. 9.91) which was not opened. Could not confirm any of the four cells.,2026-09-26
6716,PUD NO 1 OF FRANKLIN COUNTY,WA,29229,Franklin PUD,WECC-nonRTO,Municipal,No,https://www.franklinpud.com/rates-power-resources/rate-schedules/,No,https://www.franklinpud.com/programs-services/energy-efficiency/,No,https://www.franklinpud.com/rates-power-resources/rate-schedules/,No,https://www.franklinpud.com/programs-services/energy-efficiency/agriculture-commercial-and-industrial-programs/,"BA=Franklin PUD (BPA-supplied). Full rate schedule reviewed (Residential 1.0, Small/Medium/Large General Service 2.0-2.2, Industrial 2.3/2.4, Irrigation): flat energy+demand by class, no TOU rider. Programs & Services are efficiency rebates only; no DR/dispatch program found.",2026-09-26
7548,PUD NO 1 OF GRAYS HARBOR COUNTY,WA,44157,Grays Harbor PUD,WECC-nonRTO,Municipal,No,https://www.ghpud.org/customer-service/customer-rates-fees/,No,https://www.ghpud.org/energy-efficiency/residential-programs/,Yes,https://www.ghpud.org/customer-service/customer-rates-fees/,No,https://www.ghpud.org/energy-efficiency/industrial-programs/,"BA=Grays Harbor PUD (BPA-supplied). Full rate schedule checked: Schedule 10 residential is flat (no TOU/dispatch). Schedule 55 (Large General Service, 50kW+) includes an optional off-peak demand rate rider (.10/kW for demand shifted 10pm-7am) = shifting-oriented C&I rate = ci_habit Yes. No dispatch/curtailment program found for any class.",2026-09-26
8699,INLAND POWER & LIGHT COMPANY,WA,45692,Inland Power & Light,WECC-nonRTO,Cooperative,No,https://www.inlandpower.com/save-energy,No,https://www.inlandpower.com/save-energy,No,https://www.inlandpower.com/commercial-incentives,No,https://www.inlandpower.com/commercial-incentives,"BA=Inland Power (BPA-supplied, largest WA co-op). Checked own Save Energy / Residential & Commercial Incentives pages: rebates/efficiency only (BEST/CARE bill assistance programs), no TOU rate, no thermostat/AC/battery dispatch, no C&I shifting rate or curtailable rider found.",2026-09-26
10681,LANE ELECTRIC COOP INC,OR,13437,Lane Electric Cooperative,WECC-nonRTO,Cooperative,Unknown,,Unknown,,Unknown,,Unknown,,"Rates page lists schedule names only (GS-1 residential/general single-phase, GS-1C commercial, GS-3 three-phase, Irrigation IS-5) as PDF links without visible rate detail in the page body -- no TOU or demand-charge terminology appeared in the summary text, but the actual PDFs were not opened. Energy Efficiency section lists only rebate/weatherization/heat-pump programs, no DR/dispatch program evident -> all four cells left Unknown pending PDF review.",2026-09-26
12187,CITY OF MCMINNVILLE - (OR),OR,18075,McMinnville Water & Light,WECC-nonRTO,Municipal,No,https://www.mc-power.com/my-account/rates/electric-rates/,No,https://www.mc-power.com/energy-efficiency/,No,https://www.mc-power.com/my-account/rates/electric-rates/,No,https://www.mc-power.com/energy-efficiency/,"Residential rate is flat customer charge + energy charge, no TOU or demand charge -> res_habit=No. General Service (commercial) has a plain demand charge only, not shifting-oriented/TOU -> ci_habit=No. Energy Efficiency section offers only rebates/loans/audits (Residential Energy Program, Commercial Energy Programs) -- no device-control DR/dispatch program found -> res_dispatch/ci_dispatch=No.",2026-09-26
12439,"MIDSTATE ELECTRIC COOP, INC",OR,20872,Midstate Electric Cooperative (MEC),WECC-nonRTO,Cooperative,Yes,https://www.midstateelectric.coop/wp-content/uploads/03-Optional-Residential-Time-of-Use-Rate-Schedule.pdf,Unknown,,No,https://www.midstateelectric.coop/wp-content/uploads/05-General-Service-Three-Phase-Rate-Schedule-1.pdf,Yes,https://www.midstateelectric.coop/wp-content/uploads/15-Small-Industrial-Interruptible-Rate-Schedule.pdf,"Confirmed rate schedule '03 - Optional Residential Time of Use (TOU) Rate Schedule' (res_habit=Yes). Rate schedules '14 - New Large Load Rate Interruptible Option' and '15 - Small Industrial Interruptible Rate Schedule' are explicit C&I curtailable/interruptible tariffs (ci_dispatch=Yes). General Service schedules (04/05) use plain demand charge only, not TOU/shifting -> ci_habit=No. No smart-thermostat/BYOD/water-heater dispatch program found under Energy Efficiency section -> res_dispatch Unknown.",2026-09-26
13788,NORTHERN WASCO COUNTY PUD,OR,10424,Northern Wasco County People's Utility District,WECC-nonRTO,Federal/State,Unknown,,Unknown,,Unknown,,Unknown,,"Site fetch attempts (nwasco.org/rates, nwascopud.org/rates) returned no extractable content, and WebSearch budget was exhausted (200/200 calls used this session) before this utility could be researched. All four cells left Unknown per skill guidance -- notes=search budget exhausted.",2026-09-26
14109,"OREGON TRAIL EL CONS COOP, INC",OR,31574,Oregon Trail Electric Cooperative (OTEC),WECC-nonRTO,Cooperative,No,https://www.otec.coop/rates,Unknown,,No,https://www.otec.coop/irrigation-rates,Yes,https://www.otec.coop/rates,"Residential Rate Calculator page notes it 'does not include state, county, and local taxes or any load management...programs for your particular account,' implying OTEC runs a load-management program (likely irrigation-focused, common for BPA-supplied OR co-ops) but no dedicated program page was found in site navigation -> ci_dispatch=Yes/Unverified pending direct confirmation. Irrigation rate schedule is a seasonal agricultural rate, not a shifting-oriented TOU -> ci_habit(irrigation)=No. res_dispatch unconfirmed either way.",2026-09-26
14354,PACIFICORP,OR,2037121,PacifiCorp (Pacific Power OR / Rocky Mountain Power WY-ID-UT),WECC-nonRTO,IOU,Yes,https://www.pacificpower.net/savings-energy-choices/time-of-use/or-schedule29-pricing.html,Yes,https://www.rockymountainpower.net/savings-energy-choices/wattsmart-battery-program.html,Yes,https://www.pacificpower.net/content/dam/pcorp/documents/en/pacificpower/rates-regulation/oregon/tariffs/rates/029_General_Service_Time-of-Use_Large_Nonresidential_Delivery_Service.pdf,Yes,https://www.pacificpower.net/savings-energy-choices/business/CIDR.html,"One HIFLD record covers 6 states: Pacific Power (OR/WA/CA) TOU Sch 4/29, C&I Demand Response; Rocky Mountain Power (UT/ID/WY) Wattsmart Battery VPP (res_dispatch) - WY-specific incentive changed July 2026. res_habit cited from OR residential Sch 29; RMP also has TOU in WY/UT/ID.",2026-09-26
15248,PORTLAND GENERAL ELECTRIC CO,OR,922478,Portland General Electric,WECC-nonRTO,IOU,Yes,https://portlandgeneral.com/save-money/save-money-home/peak-time-rebates,Yes,https://portlandgeneral.com/home-battery-system-and-peak-time-rebates,Yes,https://portlandgeneral.com/save-money/save-money-business/energy-partner-program,Yes,https://portlandgeneral.com/save-money/save-money-business/energy-partner-program,"Region reference case: Peak Time Rebates + TOU (res_habit), Smart Battery Pilot/Smart Thermostat (res_dispatch), TOU for large C&I + Energy Partner curtailment program (ci_habit/ci_dispatch)",2026-09-26
16555,SALEM ELECTRIC - (OR),OR,20674,Salem Electric,WECC-nonRTO,Cooperative,Unknown,,Unknown,,Unknown,,Unknown,,"Rate schedule is published only as a PDF (Rate-Schedules-2026-04.pdf) that returned no extractable text on fetch; Energy Efficiency section lists only Incentives/Solar/EV pages, no dedicated DR/dispatch program page found in site navigation -> all cells left Unknown pending manual PDF review or direct utility contact.",2026-09-26
17839,CITY OF SPRINGFIELD - (OR),OR,32981,Springfield Utility Board (SUB),WECC-nonRTO,Municipal,No,https://www.subutil.com/customer-service/rates-policies/electric-rates/,No,https://www.subutil.com/conservation/for-your-home/,No,https://www.subutil.com/conservation/for-your-business/,No,https://www.subutil.com/conservation/for-your-business/,"Residential rate is flat basic+tiered usage charge, no TOU/demand charge. Conservation 'For Your Home' offers only energy audits, rebates/loans (incl. heat pump water heater rebate), no device-control DR program. 'For Your Business' offers only BPA-qualified efficiency incentives (HVAC, lighting, refrigeration), no TOU/curtailable rate or load-management/aggregator program.",2026-09-26
18917,TILLAMOOK PEOPLES UTILITY DIST,OR,22025,Tillamook People's Utility District,WECC-nonRTO,Federal/State,No,https://www.tpud.org/customer-service/rate-schedules/residential-service/,Unknown,,Yes,https://www.tpud.org/customer-service/rate-schedules/,Unknown,,"Residential schedule is flat basic+energy charge, no TOU/demand charge -> res_habit=No. Commercial (G-2) and Industrial schedules use plain demand charges, not shifting-oriented -> not counted alone; however main Rate Schedules page states 'Schedules for Large Power, Time of Use, Street Lighting and others are available upon request,' confirming a TOU schedule exists for larger (commercial/industrial) customers -> ci_habit=Yes/Unverified pending the actual TOU schedule PDF. No dispatch/DR program found under Ways to Save (weatherization, heat pump, rebates only).",2026-09-26
19325,UMATILLA ELECTRIC COOP ASSN,OR,16267,Umatilla Electric Cooperative (UEC),WECC-nonRTO,Cooperative,No,https://www.umatillaelectric.com/wp-content/uploads/Rate-Schedule-2025-Schedule-1-FINAL.pdf,Unknown,,No,https://www.umatillaelectric.com/member-services/rates/,Unknown,,"Schedule 1 Residential Rate has no demand charge or TOU, just basic + energy charge -> res_habit=No. Schedules 3/5/6 (Commercial/Industrial, including large data-center loads under Schedule 6 for BPA-designated New Large Single Loads) use plain demand charges, not shifting-oriented -> ci_habit=No. A 'Smart Thermostat Rebate' exists under Residential Rebates & Programs, but page framing (alongside washer/dryer, heat pump rebates) suggests a one-time purchase rebate rather than a utility-controlled dispatch program -> res_dispatch left Unknown pending direct page review. No curtailable/interruptible C&I rate schedule found among Schedules 1-12 -> ci_dispatch Unknown.",2026-09-26
3240,CENTRAL ELECTRIC COOP INC - (OR),OR,37217,Central Electric Cooperative,WECC-nonRTO,Cooperative,No,https://www.cec.coop/your-account/rates/,Yes,https://www.cec.coop/lets-beat-the-peak-together/,No,https://www.cec.coop/your-account/rates/,Yes,https://www.cec.coop/lets-beat-the-peak-together/,"Load Management Program: demand response units (DRU) installed on residential water heaters/AC and irrigation pivots, interrupted during system peaks (res_dispatch + ci_dispatch/irrigation). Rates page: demand charge applies only to industrial/general-service/irrigation, not residential -> res_habit=No; C&I demand charge is a plain charge, not shifting-oriented/TOU -> ci_habit=No.",2026-09-26
3264,CENTRAL LINCOLN PEOPLE'S UT DT,OR,40827,Central Lincoln PUD,WECC-nonRTO,Federal/State,No,https://clpud.org/customer-information/rate-schedules-policies-guidelines-standards/rate-schedules/,Unknown,,No,https://clpud.org/customer-information/rate-schedules-policies-guidelines-standards/rate-schedules/,Unknown,,"Schedule 100 residential is flat Service Availability + Energy Charge (8.91c/kWh), no TOU or residential demand charge -> res_habit=No. Schedules 200/300/350/360 (general/C&I) use plain demand charges only, not shifting-oriented/optional TOU -> ci_habit=No. No dedicated demand-response or load-control program page found on site search; res_dispatch/ci_dispatch left Unknown pending direct utility contact.",2026-09-26
40437,EMERALD PEOPLE'S UTILITY DIST,OR,22697,Emerald People's Utility District (EPUD),WECC-nonRTO,Federal/State,No,https://www.epud.org/news-releases/interested-in-time-of-use-rates/,Unknown,,No,https://www.epud.org/faqs_category/rates/,Unknown,,"EPUD's own news releases ('Interested in Time of Use Rates?', 'Potential Time of Use Study Ahead') confirm TOU is only being studied/considered as a future voluntary option, not currently offered -> res_habit=No. 'Peak Demand Partnership' news item suggests possible C&I dispatch program; not enough detail found to confirm -> ci_dispatch left Unknown pending direct page review.",2026-09-26
40438,COLUMBIA RIVER PEOPLES UT DIST,OR,17124,Columbia River PUD,WECC-nonRTO,Federal/State,No,https://www.crpud.net/customer-service/demand-charge/,No,https://www.crpud.net/customer-service/demand-charge/,Unknown,,No,https://www.crpud.net/my-pud/rates-policies/,"Own site confirms demand charge currently appears only as an informational line item on bills, not yet billed to residential customers, and no TOU rate found -> res_habit=No. Efficiency Services Group offerings are rebate/audit programs, no DR device-control program found -> res_dispatch=No. Commercial rate schedules not fully reviewed (large page) -> ci_habit Unknown.",2026-09-26
4317,"COOS-CURRY ELECTRIC COOP, INC",OR,18421,Coos-Curry Electric Cooperative (CCEC),WECC-nonRTO,Cooperative,No,https://ccec.coop/rates,No,https://ccec.coop/rebates-programs,No,https://ccec.coop/rates,No,https://ccec.coop/rates,"Residential rate is flat base+energy charge with no demand charge or TOU option -> res_habit=No. Small Commercial/Large Power/Commercial High Load rates use plain demand charges only, not shifting-oriented -> ci_habit=No. Rebates & Programs section lists only efficiency rebates, EV charging, net metering -- no load-control/DR/curtailable program -> res_dispatch/ci_dispatch=No.",2026-09-26
4743,"CONSUMERS POWER, INC",OR,23372,Consumers Power Inc (CPI),WECC-nonRTO,Cooperative,Unknown,,Unknown,,Unknown,,Unknown,,cpi.coop rates/service pages returned empty content on fetch (JS-rendered site) and general web search found no specific tariff detail beyond average residential cents/kWh -> all cells Unknown per schema rule for unreachable/JS-only sites. Needs direct site revisit or PUC tariff filing lookup.,2026-09-26
5327,DOUGLAS ELECTRIC COOP - (OR),OR,10480,Douglas Electric Cooperative,WECC-nonRTO,Cooperative,Unknown,,Unknown,,Unknown,,Unknown,,"dec.coop Rate Information page describes a block-rate energy charge structure (cents/kWh per kW of billing demand, e.g. first 100 kWh/kW at 9.39c) for single-phase service, but it is unclear whether this class is residential or general/commercial, and no TOU or dispatch/DR program page was identified in search results -> all four cells left Unknown; search budget exhausted before a direct site navigation could confirm residential vs. commercial applicability.",2026-09-26
6022,CITY OF EUGENE - (OR),OR,97636,Eugene Water & Electric Board (EWEB),WECC-nonRTO,Municipal,No,https://www.eweb.org/my-account/rates-and-billing-information/residential-pricing,No,https://www.eweb.org/your-public-utility/news/eweb-now-offering-a-smart-thermostat-rebate-program,Unknown,,No,https://www.eweb.org/business-customers/commercial-pricing,"Residential pricing is flat basic+delivery+energy charge, no TOU/demand charge. Smart Thermostat program is a subsidized-purchase rebate (General Pacific fulfillment), not utility dispatch control -> res_dispatch=No. EWEB's own Demand Response Potential Assessment (DRPA, 2020s IRP work) is only a study of DR potential, not a live program. Non-residential pricing page checked, no TOU/curtailment tariff found.",2026-09-26
6582,CITY OF FOREST GROVE,OR,11106,Forest Grove Light & Power,WECC-nonRTO,Municipal,Unknown,,Unknown,,Yes,https://www.forestgrove-or.gov/598/Electric-Service-Rates,Unknown,,"Own rates page confirms: 'Time of use service is available to all general service customers at their option,' with heavy load hours (6am-10pm Mon-Sat) and light load hours (all other times) -> ci_habit=Yes (General Service = non-residential class in muni tariff naming). Residential rate schedule and any DR/dispatch program not reviewed (page fetch returned no body text on direct visit) -> res_habit/res_dispatch/ci_dispatch Unknown.",2026-09-26
907,CITY OF ASHLAND - (OR),OR,12224,Ashland Electric Utility (City of Ashland),WECC-nonRTO,Municipal,Unknown,,Unknown,,Unknown,,Unknown,,Electric Rates page (ashlandoregon.gov/234/Electric-Rates) and linked Electric-Rates-PDF both returned no extractable content on fetch (JS-rendered or scanned document). No usable secondary source found describing TOU/demand-charge/DR specifics for Ashland's municipal electric utility -> all four cells Unknown pending manual site visit.,2026-09-26
10454,KOOTENAI ELECTRIC COOPERATIVE,ID,30985,Kootenai Electric Cooperative,WECC-nonRTO,Cooperative,Yes,https://www.kec.com/account-services/billing-payment-options/peak-use-charge/,No,https://www.kec.com/electric-demand/,Unknown,,Unknown,,"BA=BPA-supplied (largest ID co-op, eastern WA/northern ID). Residential Peak Use Charge = mandatory time-of-day demand charge (peak 6-10am/5-9pm) = res_habit Yes. Electric Demand page gives conservation tips only, no utility-dispatch program (a 2011 BPA-era water heater/thermostat DR pilot appears discontinued, not on current site) = res_dispatch No. Did not verify a separate C&I rate/program page.",2026-09-26
13758,"NORTHERN LIGHTS, INC",ID,23350,Northern Lights Inc,WECC-nonRTO,Cooperative,No,https://www.nli.coop/account-services/rates/,No,https://www.nli.coop/save/,No,https://www.nli.coop/account-services/rates/,No,https://www.nli.coop/save/,"BA=Northern Lights (BPA-supplied co-op, serves N. Idaho/NE WA/W. Montana - note: not to be confused with Central Electric Coop or other Northern Lights-named entities). Full rate schedule reviewed (Sched 1 Residential/Small Commercial, Sched 2/3 Large Commercial-Power): flat energy, no TOU. Save Energy section is rebates/tips only, no dispatch program.",2026-09-26
23586,"VIGILANTE ELECTRIC COOP, INC",ID,10991,Vigilante Electric Cooperative,WECC-nonRTO,Cooperative,Yes,https://www.vec.coop/member-services/rates/,No,https://www.vec.coop/member-services/rates/,No,https://www.vec.coop/member-services/rates/,No,https://www.vec.coop/member-services/rates/,"BA=Vigilante Electric (HQ Dillon MT, serves southwest MT/adjacent ID). Rate Schedule A (Residential/Seasonal/Small Commercial) includes a mandatory Demand (Peak) Charge of $1.75/kW = res_habit Yes per schema (residential demand charge). Not time-of-day based. Schedule C commercial demand charge is flat/not shifting-oriented. No dispatch/DR program found.",2026-09-26
3739,CLEARWATER POWER COMPANY,ID,11424,Clearwater Power Co,WECC-nonRTO,Cooperative,No,https://www.clearwaterpower.com/services/rates-charges/,No,https://www.clearwaterpower.com/energy-efficiency/rebate-program/,No,https://www.clearwaterpower.com/services/rates-charges/,No,https://www.clearwaterpower.com/energy-efficiency/rebate-program/,"BA=BPA-supplied (Lewiston ID area). Rates page lists all rate schedule PDFs by name (Residential, Small Commercial, Large Commercial, Industrial, Irrigation) - none titled or described as time-of-use; Energy section is rebates/audits only, no dispatch program found.",2026-09-26
6169,FALL RIVER RURAL ELEC COOP INC,ID,19265,Fall River Rural Electric Cooperative,WECC-nonRTO,Cooperative,Yes,https://fallriverelectric.com/demand-resources,No,https://fallriverelectric.com/demand-resources,Unknown,,Unknown,,"BA=BPA-supplied (also serves MT/WY). Mandatory residential demand charge (/kW, since 2019/2022) = res_habit Yes per schema (residential demand charge qualifies) though utility explicitly states on its own FAQ page that the charge is NOT time-of-day-based (""a time-of-day rate will not benefit members"") = res_dispatch/TOU-styled program No. Did not verify C&I rate design or any dispatch program.",2026-09-26
9187,CITY OF IDAHO FALLS - (ID),ID,31097,Idaho Falls Power,WECC-nonRTO,Municipal,No,https://www.ifpower.org/accounts-and-services/rates-and-policies,No,https://www.ifpower.org/accounts-and-services/energy-efficiency,No,https://www.ifpower.org/accounts-and-services/rates-and-policies,No,https://www.ifpower.org/accounts-and-services/energy-efficiency,"BA=IPCO area (own hydro + BPA). Full rate schedule checked (Residential/Commercial/Industrial/High-Density-Load/Temporary): flat energy + demand charges, no TOU tiers. Energy Efficiency section is rebates only; no dispatch/DR program found for any class.",2026-09-26
9191,IDAHO POWER CO,ID,611598,Idaho Power,WECC-nonRTO,IOU,Yes,https://www.idahopower.com/accounts-service/understand-your-bill/pricing/idaho-pricing/time-use-plan/,Yes,https://www.idahopower.com/energy-environment/ways-to-save/savings-for-your-home/rebates-and-offers/ac-cool-credit/,Yes,https://www.idahopower.com/accounts-service/understand-your-bill/pricing/idaho-pricing/business/schedule-9/,Yes,https://www.idahopower.com/energy-environment/ways-to-save/savings-for-your-business/flex-peak/,"BA=IPCO. Res TOU plan + AC Cool Credit (cycling, $5/mo) confirmed; Flex Peak C&I DR (20kW+ min) confirmed; Schedule 9/19 optional C&I TOU confirmed.",2026-09-26
12692,"MISSOULA ELECTRIC COOP, INC",MT,16116,Missoula Electric Cooperative (MEC),WECC-nonRTO,Cooperative,Yes,https://missoulaelectric.com/member-services/billing-payment/peak/,Unknown,,Yes,https://missoulaelectric.com/member-services/billing-payment/peak/,Unknown,,"Board-approved 'Peak Charge' (since 2022) applies to all residential AND small-commercial rate categories: charge is based on the highest hourly usage during fixed weekday peak windows (7-10am, 6-9pm), a TOU/CPP-style price signal -> res_habit=Yes and ci_habit=Yes (small commercial). Page also references a thermostat rebate program (missoulaelectric.com/thermostat-programs/) as a way to reduce peak, but device-control/dispatch aspect not confirmed -> res_dispatch/ci_dispatch left Unknown.",2026-09-26
12825,NORTHWESTERN ENERGY LLC - (MT),MT,396122,NorthWestern Energy,WECC-nonRTO,IOU,Yes,https://northwesternenergy.com/billing-payment/rates-tariffs/rates-tariffs-montana/electric-rates-tariffs,No,,Unknown,,Unknown,,"res_habit=Sch RSGTOUD-1 residential Time-of-Use Demonstration rate (tariff filed, MT PSC). Checked Ways to Save page (ways-to-save) - lists only efficiency rebates/EnergyCheck audits, no DR device-control or BYOD/thermostat program found -> res_dispatch=No. Could not find dedicated C&I curtailable/interruptible tariff page or TOU rate for C&I in site search; GSEDS demand-metered schedules only show demand charges (not shifting-oriented) -> ci_habit/ci_dispatch Unknown, needs tariff-book lookup.",2026-09-26
19603,USBIA-MISSION VALLEY POWER,MT,22530,Mission Valley Power (CSKT),WECC-nonRTO,Federal/State,Unknown,,Unknown,,No,https://missionvalleypower.org/mission-valley-power/,Unknown,,"Federally-owned utility operated by the Confederated Salish & Kootenai Tribes for the Flathead Indian Reservation. Rate schedule PDF reviewed shows demand-based industrial/commercial classes but no TOU. Operations Manual references a 'curtailment' section (4.8) tied to irrigation water management (FIIP), not confirmed as an electric load-control DR program -> ci_dispatch Unknown. No residential TOU/demand-charge or dispatch program found -> res_habit/res_dispatch Unknown pending direct utility contact (small tribal utility, limited public program pages).",2026-09-26
20997,YELLOWSTONE VALLEY ELEC CO-OP,MT,22385,Yellowstone Valley Electric Cooperative,WECC-nonRTO,Cooperative,No,https://www.yvec.com/your-account/electrical-rates/,Unknown,,No,https://www.yvec.com/your-account/electrical-rates/,Unknown,,"Standard residential rate is flat base+energy charge with no TOU; a $2/kW demand charge applies only to Net-Metering residential accounts (a narrow interconnection-driven case, not general offering) -> res_habit=No. Irrigation/Small/Large Commercial rates carry plain demand charges only, not shifting-oriented/TOU design -> ci_habit=No. No dedicated dispatch/DR program page found under 'Ways to Save' -> res_dispatch/ci_dispatch Unknown.",2026-09-26
26916,"RAVALLI COUNTY ELEC COOP, INC",MT,11725,Ravalli Electric Cooperative (REC),WECC-nonRTO,Cooperative,Yes,https://www.ravallielectric.com/member-center/billing-payments/rates/,No,https://www.ravallielectric.com/programs/,Unknown,,No,https://www.ravallielectric.com/programs/,"Rates page and 2026 rate-adjustment notice explicitly reference a residential 'demand charge' ('the exact increase will vary based on your monthly kWh consumption and demand charge... average residential member') -> res_habit=Yes (residential demand charge), backed by a dedicated 'Demand Rate Information' PDF and 'Understanding Demand' video. Programs page lists only Gift of Electricity, Grassroots round-up, efficiency Rebates (heat pump/water heater), Youth Programs, Power of Change (bill round-up charity, unrelated to DR), and Valley Solar -- no device-control DR/dispatch program -> res_dispatch=No, ci_dispatch=No. Commercial/industrial rate schedule not reviewed in detail -> ci_habit Unknown.",2026-09-26
6395,FLATHEAD ELECTRIC COOP INC,MT,72509,Flathead Electric Cooperative,WECC-nonRTO,Cooperative,Yes,https://www.flatheadelectric.com/my-account-bill/my-bill/demand-charge/,Yes,https://www.flatheadelectric.com/energy-solutions/demand-reduction-programs/ac-smart-thermostat-program/,Unknown,,Unknown,,"Residential rate includes a demand charge (res_habit=Yes per schema's residential-demand-charge criterion). Demand Reduction Programs: AC Smart Thermostat Program (res_dispatch) plus legacy water-heater Demand Response Units (DRU) reported by MT Public Radio (2018, secondary). Site nav did not surface a distinct C&I curtailable/interruptible tariff page -> ci_habit/ci_dispatch Unknown.",2026-09-26
11273,LOWER VALLEY ENERGY INC,WY,30200,Lower Valley Energy,WECC-nonRTO,Cooperative,Yes,https://www.lvenergy.com/2026/07/15/lower-valley-energy-approves-modernized-electric-rate-structure-to-support-long-term-reliability/,Unknown,,Yes,https://www.lvenergy.com/2026/07/15/lower-valley-energy-approves-modernized-electric-rate-structure-to-support-long-term-reliability/,Unknown,,"New residential/small-commercial demand charge approved July 2026, effective Oct 2026 bills (own press release) -> res_habit=Yes (residential demand charge), ci_habit=Yes (small commercial demand charge extension). Large commercial/irrigation already had demand charges. BPA Pacific NW Smart Grid Demonstration Project (2010s, secondary source) funded historic AMI/DR pilot at LVE but current live dispatch program not confirmed on site -> res_dispatch/ci_dispatch Unknown.",2026-09-26
19156,POWDER RIVER ENERGY CORP,WY,27215,Powder River Energy Corporation (PRECorp),WECC-nonRTO,Cooperative,Yes,https://precorp.coop/time-use-rate-tou,Unknown,,Unknown,,Unknown,,"Voluntary residential Time-of-Use rate (T.O.U.) confirmed on own site, evening/overnight off-peak, seasonal. No dedicated res_dispatch (smart thermostat/BYOD/water-heater control) or C&I curtailable/TOU program page found in site navigation (Member Center/Energy Center reviewed) -> left Unknown pending direct utility contact.",2026-09-26
27058,"HIGH WEST ENERGY, INC",WY,10863,High West Energy Cooperative,WECC-nonRTO,Cooperative,Unknown,,Unknown,,Yes,https://www.highwest.coop/sites/default/files/large-power-service-time-of-day-8-hours-on-peak-optional.pdf,Unknown,,"Own tariff (Wyo. P.S.C. Tariff No. 5) includes an optional 'Large Power Service Time of Day' rate with on-peak 1-9pm / off-peak other hours -> ci_habit=Yes. Residential rate schedule and any dispatch/DR program not confirmed (highwest.coop/rates page and rate-summary PDF not reviewed in full) -> res_habit/res_dispatch/ci_dispatch Unknown. Note: distinct entity from High Plains Power, Inc. (highplainspower.org), a separate WY co-op also in this target list -- not conflated.",2026-09-26
7222,CITY OF GILLETTE - (WY),WY,15916,City of Gillette Utilities,WECC-nonRTO,Municipal,Yes,https://www.gillettewy.gov/files/assets/public/v/3/city-attorney/documents/17gccr_09-2025.pdf,Unknown,,Unknown,,Unknown,,"City Code Chapter Seventeen (Public Utilities, rev. 09-2025) establishes a 'Schedule of Rates for Residential Service with a Demand Charge and an Energy Charge,' confirming a residential demand charge -> res_habit=Yes. Electrical Services division page (own site) covers only infrastructure/line-extension, no DR/dispatch program page found; commercial rate class demand-charge and any curtailable option not reviewed in the code PDF (large document) -> res_dispatch/ci_habit/ci_dispatch Unknown.",2026-09-26
8566,HIGH PLAINS POWER INC,WY,13668,High Plains Power,WECC-nonRTO,Cooperative,Unknown,,Unknown,,Unknown,,Unknown,,"Rate Tariff and Rules & Regulations are published only as PDFs linked from the Rules, Regulations, and Rates page; PDF text was not extractable via fetch. Member Services navigation shows no dedicated TOU, demand-response, or load-management program page (only billing/payment and youth/community programs) -> all four cells left Unknown pending manual PDF review or direct utility contact. (Note: distinct from High West Energy, Inc., a separate WY co-op on highwest.coop -- not conflated here.)",2026-09-26
10539,"LA PLATA ELECTRIC ASSN, INC",CO,46027,La Plata Electric Association,WECC-nonRTO,Cooperative,Yes,https://lpea.coop/time-use-rate,Yes,https://lpea.coop/seven-ways-beat-peak-and-reduce-your-lpea-bill,Yes,https://lpea.coop/time-use-rate,Unknown,,Tri-State member; WattWatcher DR program since 1989 controls water heaters/HVAC/EV for TOU-enrolled members (res+commercial per own text); TOU open to residential and commercial members with peak-power demand charge 4-9pm,2026-09-26
11187,CITY OF LONGMONT,CO,42863,Longmont Power & Communications,WECC-nonRTO,Municipal,Yes,https://longmontcolorado.gov/longmont-power-communications/rates-and-fees/residential-rates/,Yes,https://longmontcolorado.gov/news/volunteers-wanted-for-lpc-ecobee-thermostat-program/,Unknown,,Unknown,,"Platte River Power Authority member; no default TOU but Residential Demand Rate (RD) option counts as res_habit; new LPC/ecobee smart-thermostat DR pilot launching fall 2026 (~200 participants), EV charge mgmt to follow; C&I programs not found",2026-09-26
11256,CITY OF LOVELAND - (CO),CO,40083,Loveland Water and Power,WECC-nonRTO,Municipal,No,https://www.lovelandwaterandpower.org/resident/rates-charges-and-fees,Unknown,,Yes,https://www.lovelandwaterandpower.org/business/coincident-peak,Unknown,,"Platte River Power Authority member; residential rate is flat/seasonal only (checked own site, no TOU/demand charge for res); Coincident Peak rate for large commercial/industrial is a shifting-oriented demand design (notifies customers of peak hour to avoid)",2026-09-26
13050,"MOUNTAIN PARKS ELECTRIC, INC",CO,21792,Mountain Parks Electric (MPE),WECC-nonRTO,Cooperative,Yes,https://mpei.com/take-control-your-electric-costs-our-new-time-use-rate,Unknown,,Unknown,,Unknown,,"Exited Tri-State effective Feb 2025, now with Guzman Energy; optional residential TOU rate (5-10pm on-peak Mon-Sat) confirmed on own site; no dispatch/DR program found",2026-09-26
13058,"MOUNTAIN VIEW ELEC ASSN, INC",CO,60568,Mountain View Electric Association,WECC-nonRTO,Cooperative,Yes,https://mvea.coop/my-account/rates/,Unknown,,Unknown,,Unknown,,"Tri-State member (~60% wholesale from Tri-State); introducing member-selectable Demand/Time-of-Day/Flat rate plans effective Oct 2026 usage, Demand as default; no dispatch/thermostat/battery program found on own site",2026-09-26
15257,"POUDRE VALLEY REA, INC",CO,51252,Poudre Valley REA,WECC-nonRTO,Cooperative,Yes,https://nectarclimate.com/utilities/poudre-valley-rea,Yes,https://nectarclimate.com/utilities/poudre-valley-rea,Unknown,,Unknown,,"Tri-State member; TOU rate (4-9pm on-peak) with demand charge option; Power Peak Rewards smart thermostat + Battery Rewards program (enroll home battery in DR events) reported via Nectar aggregator, own-site page not directly confirmed this session - re-verify pvrea.coop directly",2026-09-26
15466,PUBLIC SERVICE CO OF COLORADO,CO,1551731,Xcel Energy Colorado (Public Service Co of Colorado),WECC-nonRTO,IOU,Yes,https://www.xcelenergy.com/company/rates_and_regulations/rates/colorado_residential_time_of_use_rate,Yes,https://co.my.xcelenergy.com/s/renewable/battery-connect,Yes,https://co.my.xcelenergy.com/s/business/rate-plans/peak-partner-rewards,Yes,https://co.my.xcelenergy.com/s/business/rate-plans/peak-partner-rewards,BA=PSCO; default res TOU rolled out 2021-22; also AC Rewards (BYOT) and ISOC interruptible tariff for C&I; most program-rich IOU in region,2026-09-26
16603,"SAN LUIS VALLEY R E C, INC",CO,13066,San Luis Valley Rural Electric Cooperative (SLVREC),WECC-nonRTO,Cooperative,Yes,https://www.slvrec.com/electric-rates-rate-classes,Unknown,,Unknown,,Unknown,,Tri-State member; offers a Time of Day rate (used with ETS - electric thermal storage heating - customers) and demand-based rate structures per own rates page; dispatch program and C&I-specific TOU not confirmed,2026-09-26
16616,"SAN ISABEL ELECTRIC ASSN, INC",CO,25622,San Isabel Electric Association (SIEA),WECC-nonRTO,Cooperative,Yes,https://siea.com/wp-content/uploads/2023/04/TimeOfUseOneSheetAugust25pdf-1.pdf,Yes,https://siea.com/shifttosave/,Unknown,,Unknown,,"Tri-State member; Off-Peak Plus and ETS (electric thermal storage/EV/battery) time-of-day rates; Shift to Save Smart Thermostat DR program (utility requests temporary adjustment, up to 20x/yr, opt-out anytime, first 30 participants get free thermostat)",2026-09-26
16622,"SAN MIGUEL POWER ASSN, INC",CO,14342,San Miguel Power Association (SMPA),WECC-nonRTO,Cooperative,Yes,https://www.smpa.com/time-use-tou-rates,Unknown,,Unknown,,Unknown,,Tri-State member; time-based TOU rate structure launched May 2025 (peak 4-9pm at 25c/kWh vs 11c off-peak); no dispatch/DR program confirmed on own site; C&I TOU not separately confirmed,2026-09-26
16649,SANGRE DE CRISTO ELEC ASSN INC,CO,14042,Sangre de Cristo Electric Association (SDCEA),WECC-nonRTO,Cooperative,Yes,https://www.chaffeecountytimes.com/legals/notice-of-time-of-use-rate-schedule-change-sangre-de-cristo-electric-association-inc/article_02ced674-e0a9-11e9-b9c5-93365420dbb2.html,Unknown,,Yes,https://www.myelectric.coop/boardinfo/bylaws-rates-policies/,Unknown,,Tri-State member (~95% wholesale power); Rate Schedule No. 7 Time-of-Use for single/three-phase premises <=50kVA (covers residential and small commercial); actively researching further demand-based rate design; no dispatch program found,2026-09-26
17592,SOUTHEAST COLORADO POWER ASSN,CO,10749,Southeast Colorado Power Association (SECPA),WECC-nonRTO,Cooperative,Yes,https://secpa.com/sites/default/files/2024-11/td-effective-8-1-2024.pdf,Yes,https://secpa.com/sites/default/files/2024-11/hh-effective-8-1-2024.pdf,Unknown,https://secpa.com/sites/default/files/2024-11/gd-effective-8-1-2024.pdf,Unknown,,Tri-State member; TD (Time of Day Electric Thermal Storage) rate schedule confirms res_habit; HH (Heater & Water Heating) rate schedule implies utility-controlled off-peak storage heating for res_dispatch; GD (General Service/Demand) exists for C&I but not confirmed as shifting-oriented vs plain demand,2026-09-26
19499,"UNITED POWER, INC",CO,106943,United Power,WECC-nonRTO,Cooperative,Yes,https://www.unitedpower.com/residential-rates,Yes,https://www.unitedpower.com/smart-rewards,Unknown,,Unknown,,Left Tri-State (now Guzman Energy/market purchases); res Peak TOU rate (5-9pm on-peak) + Smart Rewards thermostat credit; C&I TOU/curtailment not found on own site,2026-09-26
21081,YAMPA VALLEY ELECTRIC ASSN INC,CO,27957,Yampa Valley Electric Association (YVEA),WECC-nonRTO,Cooperative,Yes,https://www.yvea.com/2026-rate-structure-change/,Unknown,https://www.yvea.com/yvea-smart-plug-program/,Yes,https://www.yvea.com/2026-rate-structure-change/,Unknown,,Not currently Tri-State (transitioning to Guzman Energy by 2028; buys transmission from Xcel); existing rate schedules include TOU Residential and TOU Small Commercial (per own bill calculator) alongside a proposed new Transmission Demand Charge effective spring 2027; YVEA Smart Plug program (Emporia app) gives usage monitoring/control but not confirmed as utility-dispatched DR,2026-09-26
3989,CITY OF COLORADO SPRINGS - (CO),CO,246379,Colorado Springs Utilities,WECC-nonRTO,Municipal,Yes,https://www.csu.org/hubfs/Document-Library/2026-Rate-Case-Filing.pdf?hsLang=en,Yes,https://www.csu.org/peak-energy-rewards,Unknown,,Unknown,,New 'Energy Wise' time-of-day rates rolled out Oct 2025-2026 for res (and business per Peak Energy Rewards eligibility); C&I TOU/curtailment not confirmed on own site,2026-09-26
5086,DELTA MONTROSE ELECTRIC ASSN,CO,35944,Delta-Montrose Electric Association (DMEA),WECC-nonRTO,Cooperative,No,https://www.dmea.com/rates,No,https://www.dmea.com/assistance-programs,No,https://www.dmea.com/rates,Unknown,,"Left Tri-State in 2020 (now buys from Guzman Energy); own rates page shows flat energy charge, no TOU; commercial demand charges (LC30/DMEA4) are plain, not shifting-oriented; only efficiency rebates found (incl $75 smart thermostat rebate, not a DR/dispatch program)",2026-09-26
5862,"EMPIRE ELECTRIC ASSN, INC",CO,16841,Empire Electric Association (EEA),WECC-nonRTO,Cooperative,Yes,https://www.eea.coop/time-use-periods,Unknown,,Unknown,https://www.eea.coop/rate-structure-change-information,Unknown,,"Tri-State member; added Time-of-Use Demand rate structure Sept 2021 (on-peak Mon-Sat 1-9pm, aligned to Tri-State's own peak window); no dispatch/DR program found",2026-09-26
5997,TOWN OF ESTES PARK,CO,10982,Estes Park Power and Communications,WECC-nonRTO,Municipal,Yes,https://estespark.colorado.gov/electricrates,Unknown,,Unknown,,Unknown,,Platte River Power Authority member; own rate schedule includes 'Residential Energy Time-of-Day' and 'Residential Energy Basic Time-of-Day' rate classes; C&I TOU and dispatch program not confirmed,2026-09-26
6604,CITY OF FORT COLLINS - (CO),CO,78450,Fort Collins Utilities,WECC-nonRTO,Municipal,Yes,https://www.fcgov.com/utilities/residential/rates/electric/time-of-day-rates,Yes,https://www.fcgov.com/utilities/residential/conserve/energy-efficiency/peak-partners/program-faqs,Unknown,,Yes,https://www.fcgov.com/utilities/residential/conserve/energy-efficiency/peak-partners/program-faqs,Platte River Power Authority member; default Time-of-Day rate since 2018 (~90% of res customers); Peak Partners AC/water-heater cycling program covers residential and small C&I,2026-09-26
6638,CITY OF FOUNTAIN,CO,17800,Fountain Utilities,WECC-nonRTO,Municipal,No,https://fountain.colorado.gov/electric,No,https://fountain.colorado.gov/electric,Unknown,https://fountain.colorado.gov/sites/g/files/lrnvjt3026/files/documents/Electric%20Rates.pdf,Unknown,,"Wholesale from WAPA/Xcel/Pueblo Dam hydro; own electric page shows only flat rates plus net-metering solar credit, no TOU or DR/dispatch program mentioned; commercial demand-based pricing (15-75kW) exists per linked rate PDF but not confirmed as shifting-oriented design",2026-09-26
7563,GRAND VALLEY POWER,CO,18989,Grand Valley Power,WECC-nonRTO,Cooperative,Yes,https://www.gvp.org/TOU,Unknown,,Yes,https://www.gvp.org/TOU,Unknown,,"Not a Tri-State member (buys wholesale from Xcel); General Service Time-of-Use/Demand (GS-TOU/D) rate open to residential and small-usage general service (<=50kW, covers small commercial) with on-peak 4-9pm; no dispatch program found",2026-09-26
7787,GUNNISON COUNTY ELEC ASSN.,CO,11496,Gunnison County Electric Association (GCEA),WECC-nonRTO,Cooperative,Yes,https://www.gcea.coop/news-releases/gcea-to-implement-rate-design-change-starting-january-1-2026/,Unknown,,Yes,https://www.gcea.coop/gceas-rate-structure-change/,Unknown,,"Tri-State member; new 3-part rate structure (service + energy + peak demand 5-9pm Mon-Sat) effective Jan 1 2026 for residential AND small commercial, explicitly designed to let members shift usage off-peak; no dispatch/thermostat program found; GCEA partners with Tri-State only for efficiency rebates",2026-09-26
8570,HIGHLINE ELECTRIC ASSN,CO,10501,Highline Electric Association (HEA),WECC-nonRTO,Cooperative,Unknown,https://www.hea.coop/sites/default/files/2026-08/2026rates.pdf,Yes,https://www.hea.coop/load-control,Unknown,https://www.hea.coop/understanding-demand-billing,Unknown,,"Tri-State founding member; own site runs a live Load Control program (multiple switchable groups, Option 1/1A and 2/2A) confirming res_dispatch (water heater/irrigation-type load control), plus Electrical Thermal Storage (ETS) product line; TOU/demand rate details are in a rate PDF not line-item reviewed this session",2026-09-26
8773,"HOLY CROSS ELECTRIC ASSN, INC",CO,60174,Holy Cross Energy,WECC-nonRTO,Cooperative,Yes,https://www.holycross.com/member-programs/time-of-use-rate,Yes,https://www.holycross.com/member-programs/powerplus,Unknown,,Unknown,,"Not a Tri-State member (independent); TOU rate + Power+FLEX battery incentive ($10.30/kW/mo x5yr + upfront $500/kW, must pair w/ solar) and alt TOU battery incentive; C&I not confirmed",2026-09-26
9336,CORE ELECTRIC COOPERATIVE,CO,171889,CORE Electric Cooperative,WECC-nonRTO,Cooperative,Yes,https://core.coop/time-of-use-program-available/,Yes,https://core.coop/cool-credits/,Unknown,,Unknown,,Formerly Intermountain REA/CORE; not a Tri-State member; TOU program + demand charge (residential 3-part rate since Jan 2026) + Cool Credits smart thermostat DR; C&I-specific shifting rate not found,2026-09-26
10063,KAYSVILLE CITY CORPORATION,UT,10618,Kaysville City Power and Light,WECC-nonRTO,Municipal,Unknown,,Unknown,,Unknown,,Unknown,,"UMPA member; own Power Dept page has no rate/program detail (rates only in a Consolidated Fee Schedule PDF not reviewed); news coverage says the city 'commission is recommending rate changes' to encourage off-peak use but this appeared to be a proposal, not yet confirmed as adopted - re-verify",2026-09-26
10879,LEHI CITY CORPORATION,UT,28044,Lehi City Power,WECC-nonRTO,Municipal,No,https://www.lehi-ut.gov/living-in-lehi/utilities/power/electric-rates/,No,https://www.lehi-ut.gov/living-in-lehi/utilities/power/electric-rates/,Unknown,,Unknown,,"UAMPS/UMPA member; own rates page shows only flat rate + PPAC (purchased power adjustment) and general efficiency tips/rebates (UAMPS Smart Energy, ThermWise appliance rebate) - no TOU or DR/dispatch program found",2026-09-26
11135,CITY OF LOGAN - (UT),UT,19977,Logan City Light & Power,WECC-nonRTO,Municipal,No,https://www.loganutah.gov/government/departments/light_and_power/rates.php,Unknown,,No,https://www.loganutah.gov/government/departments/light_and_power/rates.php,Unknown,,"UAMPS member; own rate schedule page shows only flat residential energy tiers plus plain 15-min-peak demand charges (with power-factor penalties) for industrial classes - no TOU or shifting-oriented design, no DR program mentioned",2026-09-26
12866,MOON LAKE ELECTRIC ASSN INC,UT,19947,Moon Lake Electric Association,WECC-nonRTO,Cooperative,Yes,https://pscdocs.utah.gov/electric/17docs/17030T01/317550MLEAEx1TrfRts20193-1-2021.pdf,Unknown,,Unknown,https://pscdocs.utah.gov/electric/17docs/17030T01/317550MLEAEx1TrfRts20193-1-2021.pdf,Unknown,,"PSC-filed tariff includes an elective Time-of-Use option (on/off-peak demand billing, consumer opts in by written request); not clear from tariff alone whether uptake is residential or only demand-metered irrigation/industrial accounts - re-verify with own site if available",2026-09-26
13137,CITY OF MURRAY - (UT),UT,19611,Murray City Power,WECC-nonRTO,Municipal,Unknown,,Unknown,,Unknown,,Unknown,,UAMPS member; own electric-rates page (murray.utah.gov/1024/Electric-Rates) returned no readable content this session (JS-rendered/blocked) - could not verify,2026-09-26
15444,PROVO CITY CORP,UT,39684,Provo City Power,WECC-nonRTO,Municipal,No,https://www.provo.org/departments/power/customers/rates-and-fees,Unknown,,No,https://www.provo.org/departments/power/customers/rates-and-fees,Unknown,,"UAMPS/UMPA member; own rate page shows tiered residential (Schedule 1, no TOU) and flat demand charge for C&I (Schedules 2-6, not shifting-oriented); a myshyft.com blog claims a Provo 'Peak Partners' business DR program but this was not found on provo.org - treat as unverified",2026-09-26
17732,SPANISH FORK CITY CORPORATION,UT,14468,Spanish Fork Power & Light,WECC-nonRTO,Municipal,No,https://www.spanishfork.gov/living-in-our-community/utility-billing/utility-rates/,Unknown,,No,https://www.spanishfork.gov/living-in-our-community/utility-billing/utility-rates/,Unknown,,"UMPA member; own utility-rates page confirms residential is flat tiered with no TOU, and commercial rate is plain kW demand charge (not shifting-oriented); no DR/dispatch program found",2026-09-26
17845,CITY OF SPRINGVILLE - (UT),UT,11992,Springville City Power,WECC-nonRTO,Municipal,No,https://www.springvilleutah.gov/power/distribution-transmission/,No,https://www.springvilleutah.gov/power/distribution-transmission/,No,https://www.springvilleutah.gov/power/distribution-transmission/,Unknown,,"UMPA member; own rates page confirms flat tiered residential (no TOU) and plain kW demand charges for small/large commercial and industrial (not shifting-oriented, just power-factor-penalized peak demand); no DR/dispatch program found",2026-09-26
17874,CITY OF ST GEORGE,UT,32586,St. George City Power (Energy Services),WECC-nonRTO,Municipal,No,https://www.sgcityutah.gov/departments/utility_rates.php,No,https://www.sgcityutah.gov/departments/utility_rates.php,No,https://www.sgcityutah.gov/departments/utility_rates.php,Unknown,,"Own utility rates page confirms: no TOU, residential customers pay no demand charge; commercial demand charge is plain 15-min-peak (not shifting-oriented); 'Red Days' are voluntary conservation appeals, not a program with device control or curtailment contracts",2026-09-26
2010,CITY OF BOUNTIFUL,UT,17271,Bountiful City Light & Power (BCLP),WECC-nonRTO,Municipal,Unknown,https://www.bountifulutah.gov/file/970092b4-5f1a-407e-ac4c-5e63a969d9bf,Unknown,,Unknown,,Unknown,,UAMPS member; found a time-varying net-metering EXPORT credit (differs by time of day) but this is not confirmed to be a consumption-side TOU rate for res/C&I; full rate schedule PDF not reviewed line-by-line this session - re-verify,2026-09-26
20135,CITY OF WASHINGTON - (UT),UT,10536,Washington City Power,WECC-nonRTO,Municipal,No,https://washingtonutah.gov/services/power,Unknown,,Unknown,,Unknown,,"Own Power Dept page shows only rebates via UAMPS Smart Energy (efficiency rebates, not TOU/DR) - no TOU or dispatch program mentioned; part of city served instead by Dixie Power co-op (separate row) which does have TOU",2026-09-26
40165,"DIXIE ESCALANTE R E A, INC",UT,29418,Dixie Power,WECC-nonRTO,Cooperative,Yes,https://www.dixiepower.com/time-of-day-rates/,Unknown,https://www.dixiepower.com/smart-thermostat-rebate/,Unknown,,Unknown,,"Time-of-Day rate confirmed (June-Sept, 3:30-7:30pm on-peak) on own site; smart thermostat rebate exists but appears to be a one-time purchase rebate not a utility-controlled DR program - not counted as dispatch without more evidence; C&I not checked in detail",2026-09-26
6957,"GARKANE ENERGY COOP, INC",UT,15042,Garkane Energy Cooperative,WECC-nonRTO,Cooperative,Yes,https://pscdocs.utah.gov/electric/23docs/23028T01/330840Trf11-17-2023.pdf,Unknown,,Yes,https://www.garkaneenergy.com/rates,Unknown,,"Also serves N. AZ; Residential TOU (RES21) and General Service 1 TOU (GS1, <=50 KVA covers small commercial) confirmed via PSC tariff filings/own rates page; no dispatch program found",2026-09-26
8366,HEBER LIGHT & POWER COMPANY,UT,14181,Heber Light & Power,WECC-nonRTO,Municipal,Yes,https://www.heberpower.gov/faqs_category/time-of-use-2026/,Unknown,,Unknown,,Unknown,,"Serves Heber/Midway/Charleston (UMPA-adjacent); TOU rate optional starting 2025, becoming default for ALL residential customers in 2026 (peak 3-10pm weeknights); rebates for thermostats/appliances mentioned but not confirmed as a utility-dispatched program; C&I not checked",2026-09-26
13407,NEVADA POWER CO,NV,1000998,Nevada Power Co (NV Energy - South),WECC-nonRTO,IOU,Yes,https://www.nvenergy.com/account-services/energy-pricing-plans/time-of-use,Yes,https://www.nvenergy.com/save-with-powershift/smart-thermostat,Yes,https://www.nvenergy.com/about-nvenergy/rates-regulatory/electric-schedules-south,Yes,https://www.nvenergy.com/publish/content/dam/nvenergy/brochures_arch/save-with-powershift/commercial-energy-services/program-summaries/Commercial-Energy-Services-Summary.pdf,Optional residential TOU (OD-1) + Critical Peak Pricing = res_habit; PowerShift free smart thermostat DR = res_dispatch; commercial TOU rate schedules = ci_habit; Commercial Demand Response (HVAC/lighting remote control) = ci_dispatch. BA=NEVP (WECC).,2026-09-27
14245,OVERTON POWER DISTRICT NO 5,NV,17580,Overton Power District No. 5 (OPD5),WECC-nonRTO,Federal/State,Unknown,,Unknown,,Unknown,,Unknown,,"OPD5 is a Nevada political subdivision (special district) -- classed Federal/State per limited ownership vocabulary. Current rate schedule (opd5.com/customer-information/rates-fees) is published only as an image-based PDF that could not be parsed for rate structure in this pass; page text only covers billing/reconnect policy and rate-class thresholds (Rate 3/4/8 general service tiers by kWh), no TOU or DR language found via search. All four cells left Unknown pending a direct read/OCR of the 2026 Rate Schedule PDF.",2026-09-27
17166,SIERRA PACIFIC POWER CO,NV,370953,Sierra Pacific Power Co (NV Energy - North),WECC-nonRTO,IOU,Yes,https://www.nvenergy.com/about-nvenergy/rates-regulatory/electric-schedules-north,Yes,https://www.nvenergy.com/save-with-powershift/smart-thermostat,Yes,https://www.nvenergy.com/about-nvenergy/rates-regulatory/electric-schedules-north,Yes,https://www.nvenergy.com/publish/content/dam/nvenergy/brochures_arch/save-with-powershift/commercial-energy-services/program-summaries/Commercial-Energy-Services-Summary.pdf,"Same NV Energy company/programs as Nevada Power (south), separate Northern Nevada tariffs -- TOU rate schedule, PowerShift smart thermostat, commercial TOU, commercial DR all confirmed for north territory. BA=SPPC (WECC).",2026-09-27
19840,"VALLEY ELECTRIC ASSN, INC",NV,24312,Valley Electric Association (VEA),WECC-nonRTO,Cooperative,No,https://www.vea.coop/member-services/service-description-rates/residential/,Unknown,,Yes,https://www.vea.coop/member-services/service-description-rates/commercial/,Unknown,,"Checked VEA's own Residential Service tariff page: flat basic-service + energy charge only, no TOU/demand option offered to residential members (a 2023 news report of an upcoming TOU switch does not appear to have materialized on the current tariff page) = res_habit No. Large Commercial (>250kW) tariff explicitly offers a 'Time of Use Rate Option ... upon request' (case-by-case feasibility study) = ci_habit Yes. No residential DR/device program or C&I curtailment rider found -- res_dispatch/ci_dispatch Unknown.",2026-09-27
12351,CITY OF MESA - (AZ),AZ,17544,City of Mesa Electric Utility,WECC-nonRTO,Municipal,Yes,https://www.mesaaz.gov/Utilities/Energy/Electric/Electric-Vehicle-Time-of-Use-Rate,Yes,https://www.mesaaz.gov/residents/energy/electric/electric-smart-peaks-program,Unknown,,Unknown,,"EV Time-of-Use rate = res_habit (EV TOU counts per schema). Electric Smart Peaks Program (utility-controlled smart thermostat, $50 signup + $50/yr, opt-out per event) = res_dispatch. No general commercial TOU or C&I curtailable rider found on mesaaz.gov in this pass -- ci_habit/ci_dispatch Unknown, needs a check of the full utility rate book PDF for a commercial rate schedule.",2026-09-27
13314,NAVAJO TRIBAL UTILITY AUTHORITY,AZ,43551,Navajo Tribal Utility Authority (NTUA),WECC-nonRTO,Federal/State,Unknown,,Unknown,,Unknown,,Unknown,,"NTUA's own Tariff/Rates page (ntua.com/utility-rates.html) publishes rate schedules only as image files (assets/june-utility-rates-2024-copy.jpg, rate-comparison JPGs), which could not be parsed for TOU/DR content in this pass. Prior search found only General Service and Large Power Service rate descriptions (tiered demand/energy, first 25kW free) with no TOU or DR program mentioned, but this falls short of the 'looked and found nothing' bar for a No -- all four cells left Unknown. NTUA is an Enterprise of the Navajo Nation (tribal utility) -- classed Federal/State per limited ownership vocabulary; verify mapping.",2026-09-27
13318,"NAVOPACHE ELECTRIC COOP, INC",AZ,44839,Navopache Electric Cooperative,WECC-nonRTO,Cooperative,Yes,https://navopache.org/wp-content/uploads/2021/01/1-y-year-round-time-of-use-stamped.pdf,Unknown,,Yes,https://navopache.org/wp-content/uploads/2021/01/2-pt-primary-service-time-of-use-rate-stamped.pdf,Unknown,,"Schedule 1-Y (year-round residential TOU) = res_habit; Schedule 2-PT (primary service TOU, demand charge) and 4-T (irrigation/pumping TOU) = ci_habit. No residential thermostat/device DR program or C&I curtailment program found on navopache.org in this pass -- res_dispatch/ci_dispatch Unknown, needs a direct check of the 'Energy Services' page.",2026-09-27
16572,SALT RIVER PROJECT,AZ,1118823,Salt River Project (SRP),WECC-nonRTO,Federal/State,Yes,https://www.srpnet.com/price-plans/residential-electric/time-of-use,Yes,https://www.srpnet.com/energy-savings-rebates/home/rebates/battery-storage,Yes,https://www.srpnet.com/price-plans/business-electric/time-of-use,Yes,https://www.srpnet.com/energy-savings-rebates/business/rebates/demand-response,"Residential TOU plans plus mandatory E-27 demand rate for new solar = res_habit; SRP battery/storage rebate + BYOB = res_dispatch; Business TOU (E-32) = ci_habit; Business Demand Response (w/ Enel X) = ci_dispatch. SRP is a political subdivision (district), not federal, but classed Federal/State per ownership vocabulary lacking 'district' option -- verify ownership_type mapping. BA=SRP (WECC).",2026-09-27
18280,SULPHUR SPRINGS VALLEY E C INC,AZ,53507,Sulphur Springs Valley Electric Cooperative (SSVEC),WECC-nonRTO,Cooperative,Yes,https://ssvec.org/downloads/services/2020-Rate-Schedule.pdf,Unknown,,Yes,https://ssvec.org/downloads/services/2020-Rate-Schedule.pdf,Unknown,,"Confirmed tariff schedules RT (Residential Time-of-Use) and RD (Residential Demand, experimental, 200-customer cap) = res_habit; SCS-TOU (Small Commercial TOU) and GT/PT (General/Large Power TOU) = ci_habit. No residential device-control DR program or C&I curtailable/aggregator rider found in the tariff document in this pass -- res_dispatch/ci_dispatch left Unknown, needs a check of ssvec.org program pages beyond the rate tariff.",2026-09-27
19189,TRICO ELECTRIC COOPERATIVE INC,AZ,51823,Trico Electric Cooperative,WECC-nonRTO,Cooperative,Yes,https://trico.coop/wp-content/uploads/2025/08/RS2TOU-1.pdf,Yes,https://trico.coop/sustainable-programs/energy-solutions/,Yes,https://trico.coop/wp-content/uploads/2025/08/TODP.pdf,Unknown,,"RS2TOU residential TOU rate = res_habit; smart-thermostat DR program (opt-out allowed, $50 recovery fee) via Energy Solutions page = res_dispatch; TODP (Time Of Day Pricing) commercial tariff = ci_habit. No C&I curtailable/interruptible rider found in this pass -- ci_dispatch Unknown.",2026-09-27
19604,USBIA-SAN CARLOS PROJECT,AZ,13186,San Carlos Irrigation Project - Power Division (BIA),WECC-nonRTO,Federal/State,No,https://www.bia.gov/news/bureau-indian-affairs-adjusts-electric-power-rates-san-carlos-irrigation-project-arizona,Unknown,,No,https://www.bia.gov/news/bureau-indian-affairs-adjusts-electric-power-rates-san-carlos-irrigation-project-arizona,Unknown,,"BIA's own 2022 rate-case announcement describes SCIP moving from tiered to a single flat per-kWh rate for both residential and small-commercial customers, explicitly to simplify pricing -- no TOU, demand-response, or device-control program is mentioned anywhere in the BIA's program materials for this federally-owned irrigation-project utility = res_habit/ci_habit No (checked absence, per job brief). res_dispatch/ci_dispatch Unknown -- no program page found either way.",2026-09-27
19728,"UNS ELECTRIC, INC",AZ,104520,UniSource Energy Services / UNS Electric,WECC-nonRTO,IOU,Yes,https://docs.uesaz.com/wp-content/uploads/2017/03/104-ERRESDT_032017.pdf,No,https://www.uesaz.com/efficiency/,Yes,https://www.uesaz.com/demand-tou/,Yes,https://www.uesaz.com/interruptible-service/,"Residential Demand-TOU tariff = res_habit. A connected-thermostat DR pilot was proposed but removed by ACC (not offered) -- uesaz.com/efficiency lists only AC/duct rebates, no active DR device program = res_dispatch No. SGS Demand TOU / Demand TOU commercial rate = ci_habit. Interruptible Service (>=3000kW, >=1000kW curtailable) = ci_dispatch.",2026-09-27
21538,"MOHAVE ELECTRIC COOPERATIVE, INC.",AZ,44133,Mohave Electric Cooperative,WECC-nonRTO,Cooperative,Yes,https://www.mohaveelectric.com/member-service/rates/,Unknown,,Unknown,,Unknown,,"Confirmed tariff schedule RTOU (Residential Time-of-Use) plus RD (Residential Demand, experimental) = res_habit. Rates page lists SunWatts/DGS (interconnection/solar) and demand/TOU billing but no residential device-control DR program or a clearly load-shifting-oriented C&I rate/curtailment rider was found in this pass -- res_dispatch/ci_habit/ci_dispatch left Unknown pending direct review of full commercial rate schedule PDFs on mohaveelectric.com.",2026-09-27
24211,TUCSON ELECTRIC POWER CO,AZ,445122,Tucson Electric Power (TEP),WECC-nonRTO,IOU,Yes,https://www.tep.com/time-of-use/,Yes,https://www.tep.com/smart-rewards/,Yes,https://www.tep.com/lgs-tou/,Yes,https://www.tep.com/interruptible-service/,Residential TOU + Demand-TOU plans = res_habit; Smart Rewards smart thermostat DR = res_dispatch; LGS-TOU/MGS-TOU commercial TOU = ci_habit; Rider-12 Interruptible Service (>=3000kW) = ci_dispatch. BA=TEPC (WECC).,2026-09-27
30518,ELECTRICAL DIST NO3 PINAL COUNTY,AZ,30082,"Electrical District No. 3 (ED3), Pinal County",WECC-nonRTO,Federal/State,Yes,https://www.ed3online.org/accounts-programs/programs/time-of-use-2-9,Unknown,,Unknown,,Unknown,,"Residential TOU (2-9pm weekday peak) confirmed = res_habit. ED3 is a special taxing district (political subdivision of AZ) -- classed Federal/State per limited ownership vocabulary; verify mapping. No residential DR/device program found; only a pilot commercial EV-charging demand rate was found (not a general C&I TOU/curtailable design) -- res_dispatch/ci_habit/ci_dispatch left Unknown, needs direct check of ed3online.org/accounts-programs/rates-service-guidelines for full rate list.",2026-09-27
803,ARIZONA PUBLIC SERVICE CO,AZ,1344359,Arizona Public Service (APS),WECC-nonRTO,IOU,Yes,https://www.aps.com/en/Utility/Regulatory-and-Legal/Rates-Schedules-and-Adjustors,Yes,https://www.aps.com/en/About/Sustainability-and-Innovation/Technology-and-Innovation/Cool-Rewards,Yes,https://www.aps.com/en/Utility/Regulatory-and-Legal/Rates-Schedules-and-Adjustors,Yes,https://cpowerenergymanagement.com/aps/,Default residential TOU (R-TOU-E) plus Saver Choice Max demand rate = res_habit; Cool Rewards thermostat + Storage Rewards battery = res_dispatch; E-32TOU commercial TOU tiers = ci_habit; APS Peak Solutions (w/ CPower) C&I DR = ci_dispatch. BA=APS (WECC).,2026-09-27
10378,"KIT CARSON ELECTRIC COOP, INC",NM,30284,Kit Carson Electric Cooperative,WECC-nonRTO,Cooperative,Yes,https://kitcarson.com/wp-content/uploads/2018/04/Optional-TOU-Resid-17-12.12.2016.pdf,Unknown,,Yes,https://kitcarson.com/wp-content/uploads/2018/04/Optional-TOU-Commercial-Service-19-12.14.16.pdf,Yes,https://kitcarson.com/wp-content/uploads/2019/07/KCEC-Rate-15-Power-Service.pdf,Rate 17 Optional TOU Residential Service = res_habit. Rate 19 Optional TOU Commercial Service = ci_habit. Rate 15 Interruptible Power Service (interruption after notice) = ci_dispatch. No residential device-control/thermostat DR program found on kitcarson.com in this pass -- res_dispatch Unknown.,2026-09-27
10817,"LEA COUNTY ELECTRIC COOP, INC",NM,16295,Lea County Electric Cooperative (LCEC),SPP,Cooperative,No,https://www.lcecnet.com/rates,Unknown,,No,https://www.lcecnet.com/rates,Unknown,,"LCEC's own Rates page enumerates every tariff by name (Rate 1 Residential, Rate 8 Commercial EV Charging, Rate 10 Small Commercial, Rate 11 Large Commercial, Rates 12-14 Irrigation, Rate 15 Municipal/School, Rates 21/23/25/32/33/34 Secondary/Primary Service by size, Rate 28 Petroleum, Rate 66 Large Power-Grow, Rate 68 STC-22) -- none are labeled Time-of-Use, and the residential bill calculator confirms a flat per-kWh rate (with a flat, non-time-varying EV rider discount, not a TOU rate) = res_habit/ci_habit No. LCEC purchases power via SPP (member since 1983) -- rto=SPP per region plan. No residential DR device program or C&I curtailable rider found -- res_dispatch/ci_dispatch Unknown.",2026-09-27
12901,MORA-SAN MIGUEL ELEC COOP,NM,11266,Mora-San Miguel Electric Cooperative,WECC-nonRTO,Cooperative,Unknown,,Unknown,,Unknown,,Unknown,,"Own site's 'Charges & Rules' page only covers fees/deposits, not the underlying rate schedules (Residential/Commercial/Power Service tariffs referenced but not linked as PDFs on this page). No dedicated 'Rates' page with rate schedules or a TOU/DR program page was found on morasanmiguel.coop in this pass -- all four cells Unknown pending a follow-up search for the cooperative's filed NMPRC tariffs.",2026-09-27
14224,OTERO COUNTY ELECTRIC COOP INC,NM,20269,Otero County Electric Cooperative,WECC-nonRTO,Cooperative,Yes,https://www.ocec-inc.com/rates,Unknown,,Yes,https://www.ocec-inc.com/rates,Unknown,,Own rate summary confirms a 'Residential - Optional Rate' with On-Peak (3-9pm) / Off-Peak (9pm-3pm) energy pricing = res_habit; 'General Service - Optional Rate' and 'Large Power - Optional Rate' with on/off-peak demand+energy = ci_habit. No residential device-control DR program or C&I curtailment rider found on ocec-inc.com in this pass -- res_dispatch/ci_dispatch Unknown.,2026-09-27
15473,PUBLIC SERVICE CO OF NM,NM,543647,Public Service Co of New Mexico (PNM),WECC-nonRTO,IOU,Yes,https://www.pnm.com/rates2,Yes,https://www.pnmpowersaver.com/,Yes,https://www.pnm.com/rates2,Yes,https://www.pnm.com/peaksaver,Residential Saver 12 / Residential Smart Plan TOU rates = res_habit; PNM Power Saver (BYOT thermostat / AC switch) = res_dispatch; Business Saver 12 commercial TOU = ci_habit; PNM Peak Saver commercial curtailment (>=50kW) = ci_dispatch. BA=PNM (WECC).,2026-09-27
17492,"SOCORRO ELECTRIC COOP, INC",NM,13085,Socorro Electric Cooperative,WECC-nonRTO,Cooperative,Unknown,,Unknown,,Unknown,,No,https://www.socorroelectric.com/sites/default/files/downloads/Rates/AN%2072%20%20-%20Rate%2019%20-%20Load%20Management%20Service%20%206.3.2022.pdf,"Rate 19 'Load Management Service' tariff read in full: it is a large-load (>=1,000kW, 80% load-factor) flat NCP-demand rate class with no curtailment, interruption, or utility device-control provisions -- does not meet the ci_dispatch bar despite the name, so ci_dispatch=No against this specific rate. Rate 9 'General Service with ETS' suggests an off-peak storage-heating option exists for C&I but scope/availability to residential was not confirmed -- res_habit/res_dispatch/ci_habit left Unknown pending a read of Rate 6 (Residential) and Rate 9 tariffs.",2026-09-27
3273,"CENTRAL NEW MEXICO EL COOP, INC",NM,18758,Continental Divide Electric Cooperative (CDEC),WECC-nonRTO,Cooperative,Yes,https://www.cdec.coop/rates,Unknown,,Unknown,,Unknown,,Own rates page confirms a 'Time-of-Use Rate' available to consumers <50kVA (special TOU metering) alongside separate Residential and Commercial General Service rates = res_habit Yes. Scope of the TOU rate as offered to the Commercial General Service class (also <50kVA) is not explicit on the page -- ci_habit left Unknown pending a direct read of the TOU tariff document. No DR/curtailment program found -- res_dispatch/ci_dispatch Unknown.,2026-09-27
3287,"CENTRAL VALLEY ELEC COOP, INC",NM,14935,Central Valley Electric Cooperative (CVE),SPP,Cooperative,No,https://www.cvecoop.org/rates,Unknown,,No,https://www.cvecoop.org/rates,Unknown,,"CVE's own Rates page lists every tariff by name: Residential, Irrigation, Small Commercial, Large Commercial (<=1000kW and >1000kW), Oil Well, Cotton Gin, Yard/Street Light -- none labeled Time-of-Use, and no TOU periods mentioned = res_habit/ci_habit No. Power supply is via SPS/WAPA/Western Farmers Electric Coop, an SPP-market utility per the region plan -- rto=SPP. No DR/device-control program found -- res_dispatch/ci_dispatch Unknown.",2026-09-27
4265,CONTINENTAL DIVIDE EL COOP INC,NM,23579,Central New Mexico Electric Cooperative (CNMEC),WECC-nonRTO,Cooperative,Yes,https://cnmec.org/electric-rates,Yes,https://cnmec.org/electric-rates,Yes,https://cnmec.org/electric-rates,Unknown,,"Confirmed on own rate page: Rate 25 Time of Use Residential Service (seasonal on/off-peak) plus Rate 25-ETS/25-OFF variants = res_habit; the ETS (Electric Thermal Storage) off-peak variant = res_dispatch (utility-defined off-peak storage heating). Rate 30 Time of Use Commercial Service (+ 30-ETS/30-OFF, on-peak demand+energy) = ci_habit. No C&I curtailable/interruptible rider found -- ci_dispatch Unknown.",2026-09-27
6198,"FARMERS ELECTRIC COOP, INC - (NM)",NM,13496,Farmers' Electric Cooperative of New Mexico (FEC),SPP,Cooperative,No,https://www.fecnm.org/rates,Unknown,,No,https://www.fecnm.org/rates,No,https://www.fecnm.org/rates,"FEC's own Rates page lists every tariff by name: Residential, Lighting, Irrigation, Commercial, Industrial (incl. Special Contract), Large Power, Industrial Unbundled Rate Service, Standby Service Rider, Commercial/Power Service EV Charger Service -- none labeled Time-of-Use, and the Standby Service Rider is a backup-generation rider, not a curtailable/DR program = res_habit/ci_habit/ci_dispatch No. Purchases from Western Farmers Electric Cooperative (SPP G&T) -- rto=SPP per region plan. No residential device-control DR program found -- res_dispatch Unknown.",2026-09-27
6204,CITY OF FARMINGTON - (NM),NM,45153,Farmington Electric Utility System (FEUS),WECC-nonRTO,Municipal,Unknown,,Unknown,,Unknown,,Unknown,,"FEUS rate schedule PDFs (Residential/Commercial/Industrial Electric Rates eff. 7-1-2022, Rate No. 32 Small General Service Bidirectional Net Metering) are listed on farmingtonnm.gov/fmtn.org but returned empty/unreadable content in this pass (binary PDF fetch issue) -- could not confirm presence of TOU or DR programs. All four cells Unknown pending a direct read of the residential/commercial rate PDFs.",2026-09-27
6930,CITY OF GALLUP - (NM),NM,10109,City of Gallup Joint Utilities (Electric),WECC-nonRTO,Municipal,Unknown,,Unknown,,Unknown,,Unknown,,"gallupnm.gov's Rate Schedules page (and linked rate-schedule PDFs/archive items) returned empty/unreadable content in this pass (JS-rendered or binary-only) -- confirmed only that a Residential Service Rate and a General Service-Small (non-residential) Rate exist by name, no TOU or DR language surfaced via search. All four cells left Unknown pending a direct read of the Joint Utilities rate-schedule PDF.",2026-09-27
9699,"JEMEZ MOUNTAINS ELEC COOP, INC",NM,31565,Jemez Mountains Electric Cooperative,WECC-nonRTO,Cooperative,Yes,https://www.jemezcoop.org/time-use,Yes,https://www.jemezcoop.org/time-use,Unknown,,Unknown,,"Time of Use rate program confirmed on own site, structured around Electric Thermal Storage (ETS) heating units charged off-peak = res_habit; the ETS off-peak storage-heating structure with utility-defined on/off-peak schedule = res_dispatch per schema's 'off-peak storage heating with utility control' category. No C&I TOU or curtailment program found on jemezcoop.org in this pass -- ci_habit/ci_dispatch Unknown.",2026-09-27
5701,EL PASO ELECTRIC CO,TX,455303,El Paso Electric,WECC-nonRTO,IOU,Yes,https://www.epelectric.com/residential/customer-programs/time-of-day-rates/texas,Yes,http://www.basepowercompany.com/EPElectric,No,,No,,"hifld_state=TX per targets file but this row scopes the NM jurisdiction (PRC-regulated) per job brief; Texas-side programs already captured in data/raw/program_chunks/chunk_TX_local.csv. NM residential Time-of-Day rate (3-7pm Jun-Sep) = res_habit; EV Smart Rewards NM managed charging (ev.energy) = res_dispatch (EV device control). Could not confirm an NM-specific commercial TOD/TOU rate distinct from standard General Service Schedule 24 (only an 'Alternative Time-of-Day option' referenced for loads >300kW, and a Demand Adjustment Rider for EV DCFC, not general C&I DR) -- ci_habit/ci_dispatch left Unknown pending a direct read of NM Rate Schedule 24 tariff PDF. BA=EPE (WECC).",2026-09-27
10009,KARNES ELECTRIC COOP INC,TX,22276,"Karnes Electric Cooperative, Inc.",ERCOT,Cooperative,No,https://www.karnesec.org/service/residential-rates/,Unknown,,No,https://www.karnesec.org/service/commercialrates/,Unknown,,"res_habit checked: Residential Service Rate is flat single-phase energy rate, no TOU; ci_habit checked: commercial/industrial demand charge is plain (only power-factor adjusted), no shifting design; site has a 'Load Shed Information' page but it concerns ERCOT emergency load-shed events, not a member DR/curtailment program; no thermostat program found",2026-09-27
1015,AUSTIN ENERGY,TX,533427,Austin Energy,ERCOT,Municipal,Yes,https://austinenergy.com/-/media/project/websites/shared/pdfs/rates/tariff.pdf,Yes,https://austinenergy.com/energy-efficiency/rebates-incentives/residential/cooling-heating/pp-thermostat,Yes,https://austinenergy.com/-/media/project/websites/shared/pdfs/rates/tariff.pdf,Yes,https://savings.austinenergy.com/commercial/offerings/load-management/commercial-demand-response,Muni. res_habit=EV360 residential EV TOU rate (off-peak discount) in tariff; res_dispatch=Power Partner smart-thermostat DR + home battery program; ci_habit=optional commercial TOU rate in tariff; ci_dispatch=Power Saver Load Co-op commercial DR/ADR.,2026-09-27
10625,"LAMB COUNTY ELECTRIC COOP, INC",TX,11621,Lamb County Electric Cooperative,SPP,Cooperative,Unknown,,Unknown,,Unknown,,Unknown,,"Panhandle/South Plains co-op (Lamb, Hockley, Castro, Bailey, Hale, Cochran counties); buys 100% of power from Golden Spread Electric Cooperative (G&T). rto=SPP by regional pattern but not directly confirmed against a balancing-authority source for this specific co-op. lcec.coop was not opened directly in the time available.",2026-09-27
10649,LAMAR COUNTY ELEC COOP ASSN,TX,13417,Lamar County Electric Cooperative Association (Lamar Electric Cooperative),ERCOT,Cooperative,No,https://lamarelectric.coop/member-info/calculating-your-bill,Unknown,,No,https://lamarelectric.coop/member-info/calculating-your-bill,Unknown,,"res_habit/ci_habit checked: billing pages show flat residential energy charge + PCRF, and Large Commercial (Rate 3) has a plain per-kW demand charge ($6.25/kW), no TOU/shifting design for either class; no thermostat/DR program found",2026-09-27
11292,CITY OF LUBBOCK - (TX),TX,109815,Lubbock Power & Light,ERCOT,Municipal,No,,Unknown,,No,,Unknown,,"LP&L completed ERCOT integration Dec 2023 and retail choice began Jan 2024; LP&L is now a TDU (wires-only) like Oncor. res_habit/ci_habit are properties of the REP market (PowerToChoose), not LP&L's territory. Could not find an LP&L-run (EE-rider) residential dispatch program on lpandl.com; ERCOT-level ERS/Load Resource participation likely applies now but not verified against an LP&L-specific page. | retail choice since 2024: time-based pricing comes from retail providers, not LP&L (same rule as ERCOT TDUs)",2026-09-27
11364,"LYNTEGAR ELECTRIC COOP, INC",TX,23569,Lyntegar Electric Cooperative,Unknown,Cooperative,Unknown,,Unknown,,Unknown,,Unknown,,"Lyntegar serves Lubbock/Lynn/Terry/Hockley and other South Plains counties and is a Golden Spread Electric Cooperative (G&T) member; PUC filings reference historical SPP-to-ERCOT load transfer applications for this cluster of co-ops (parallel to Lubbock's 2023-24 ERCOT move and South Plains EC's ERCOT/SPP split), so rto could not be pinned to a single market with confidence in the time available. No rate/DR program info found.",2026-09-27
11501,MAGIC VALLEY ELECTRIC COOP INC,TX,133394,"Magic Valley Electric Cooperative, Inc.",ERCOT,Cooperative,Yes,https://www.magicvalley.coop/residential/,Yes,https://www.magicvalley.coop/myresponse-program/,No,https://www.magicvalley.coop/commercial/rates-pricing/,Unknown,,"res_habit=optional residential TOU plan; res_dispatch=MyResponse Nest thermostat program; ci_habit=only standard demand charges found, no TOU/shifting design for C&I; ci_dispatch=only general mention of ERCOT EEA Level-2 interruption of large accounts, no dedicated program page found",2026-09-27
1175,"BANDERA ELECTRIC COOP, INC",TX,39877,Bandera Electric Cooperative,ERCOT,Cooperative,Yes,https://www.banderaelectric.com/account/payment-billing-options/time-based-usage/,Yes,https://www.banderaelectric.com/energy-services/programs/smart-thermostat/,Unknown,,Unknown,,"res_habit=Time-Based Usage (TBU) voluntary rate; res_dispatch=Smart Thermostat Program (free ecobee, utility-adjusted) plus BYO Smart Thermostat option ($100 credit); could not confirm whether TBU or a curtailment program extends to commercial accounts",2026-09-27
12268,"MEDINA ELECTRIC COOP, INC",TX,36101,"Medina Electric Cooperative, Inc.",ERCOT,Cooperative,No,https://www.medinaec.org/rates,Unknown,,Unknown,,Yes,https://www.medinaec.org/LM,ci_dispatch=Load Management program for irrigation accounts (utility remotely shuts off irrigation motors June-Sept in exchange for reduced demand/energy rate on Rate 310/311; logged dispatch history back to 2015); no residential TOU found; no residential thermostat/DR program found,2026-09-27
12452,MID-SOUTH ELECTRIC COOP ASSN,TX,37349,Mid-South Electric Cooperative Association (Mid-South Synergy),ERCOT,Cooperative,Unknown,,Yes,https://midsouthelectric.com/wp-content/uploads/2024/06/MidSouth-Rewards-TermsandConditions.pdf,Unknown,,Unknown,,"res_dispatch=Rush Hour Rewards (Google Nest, utility/Virtual-Peaker-managed remote setpoint control); could not confirm a residential TOU rate or any C&I load-management/curtailment program on midsouthelectric.com within search budget",2026-09-27
1273,"BARTLETT ELECTRIC COOP, INC",TX,13571,Bartlett Electric Cooperative,ERCOT,Cooperative,Unknown,,No,https://bartlettec.coop/energy-conservation,Unknown,,Unknown,,"res_dispatch checked: energy-conservation page gives generic thermostat-setting advice only (78F cool/68F heat, buy a programmable thermostat), no utility control or incentive program; TOU/C&I not confirmed within budget",2026-09-27
13332,"NAVARRO COUNTY ELEC COOP, INC",TX,19069,"Navarro County Electric Cooperative, Inc.",ERCOT,Cooperative,Unknown,,Unknown,,Unknown,,Unknown,,"navarroec.com has minimal public content (About Us/Contact Us only); no rates, TOU, or program pages surfaced in search within budget — genuinely could not determine",2026-09-27
13418,CITY OF NEW BRAUNFELS - (TX),TX,52503,New Braunfels Utilities,ERCOT,Municipal,No,https://www.nbutexas.com/wp-content/uploads/2023/04/FY-2024-Electric-Rates.pdf,Unknown,,No,https://www.nbutexas.com/wp-content/uploads/2023/04/FY-2024-Electric-Rates.pdf,Unknown,,"NBU's own FY2024 electric rate schedule (effective 8/1/2023) shows only a 2-season (Oct-May / Jun-Sep) generation rate for Residential, Small/Large General Service and Very Large Power -- not a daily TOU rate, despite third-party sites describing NBU as offering a 'time-of-use plan.' No dispatch/DR program page found on nbutexas.com in the time available.",2026-09-27
13830,NUECES ELECTRIC COOPERATIVE,TX,47739,Nueces Electric Cooperative,ERCOT,Cooperative,No,https://nueceselectric.org/sites/nueceselectric/files/images/NEC%20TARIFF%2003082019.pdf,Unknown,,No,https://www.nueceselectric.org/understanding-demand,Unknown,,"Nueces opted INTO retail choice (2004) — one of the few ERCOT co-ops on Power to Choose; energy pricing is via REP (incl. its own NEC Co-op Energy REP), not NEC's delivery tariff, so res_habit/ci_habit marked No for the delivery utility per retail-choice convention; NEC's own site only discusses standard 15-min demand billing and generic thermostat tips, no dispatch/curtailment program found",2026-09-27
14424,"PANOLA-HARRISON ELEC COOP, INC",TX,20564,Panola-Harrison Electric Cooperative,SPP,Cooperative,Unknown,https://www.phec.us/about-us/rates/,Unknown,,Unknown,,Unknown,,"phec.us has a Rates page (PDF-based) but was not opened in the time available. RTO=SPP is Unverified -- inferred from Northeast/East Texas co-op cluster pattern, not confirmed against a balancing-authority source for this specific co-op. Co-op also serves parts of Caddo/DeSoto parishes, LA.",2026-09-27
14626,"PEDERNALES ELECTRIC COOP, INC",TX,417944,"Pedernales Electric Cooperative, Inc.",ERCOT,Cooperative,Yes,https://mypec.com/residential-rates/time-of-use-rate/,No,,Yes,https://mypec.com/large-power-rates/,No,,"checked residential/critical-load/large-power pages: TOU residential rate exists; Critical Load Program is a must-not-interrupt registry, not a dispatch program; Large Power rate has TOU + demand charges (ci_habit) but no formal curtailable rider/incentive program found beyond informal 4CP forecast emails",2026-09-27
1591,"BIG COUNTRY ELECTRIC COOP, INC",TX,13484,Big Country Electric Cooperative,ERCOT,Cooperative,Unknown,,Unknown,,Unknown,,Unknown,,"checked bigcountry.coop rates-and-fees/FAQ pages: no TOU, thermostat, or load-management program details found within search budget",2026-09-27
16057,"RIO GRANDE ELECTRIC COOP, INC",TX,14259,"Rio Grande Electric Cooperative, Inc.",ERCOT,Cooperative,Yes,https://www.riogrande.coop/news-releases/time-of-use-rates-begins-may-1-ends-september-30/,No,https://www.riogrande.coop/news-releases/time-of-use-rates-begins-may-1-ends-september-30/,Unknown,,Unknown,,"res_habit=seasonal Time-of-Use rate (May 1-Sept 30) confirmed on riogrande.coop; res_dispatch checked: only 'super cooling/cool coasting' behavioral tips and SmartHub usage-alert app found, no utility-controlled device program; C&I not confirmed within budget",2026-09-27
16146,"NAVASOTA VALLEY ELEC COOP, INC",TX,20937,"Navasota Valley Electric Cooperative, Inc.",ERCOT,Cooperative,Unknown,,Unknown,,Unknown,,Unknown,,"checked navasotavalley.com Summer Energy Savings and billing-charges pages: only generic thermostat-setting tips and standard billing charge explanations found, no TOU rate and no dispatch/DR program of any kind located within search budget",2026-09-27
16461,"RUSK COUNTY ELECTRIC COOP, INC",TX,23180,Rusk County Electric Cooperative,SPP,Cooperative,Unknown,https://www.rcelectric.org/,Unknown,,Unknown,,Unknown,,"rcelectric.org rate/program pages were not opened in the time available (search budget). RTO=SPP is Unverified -- inferred from Northeast Texas co-op cluster pattern shared with Panola/Rusk-adjacent co-ops, not confirmed against a balancing-authority source for this specific co-op.",2026-09-27
16604,CITY OF SAN ANTONIO - (TX),TX,918463,CPS Energy,ERCOT,Municipal,No,,Yes,https://www.cpsenergy.com/en/my-home/savenow/my-thermostat-rewards.html,Yes,https://commercial-savenow.cpsenergy.com/c-i/info/,Yes,https://www.cpsenergy.com/en/my-home/savenow/my-thermostat-rewards.html,"Muni, not in retail choice; STEP brand. Peak Capacity Charge (Jun-Sep, >600kWh) is a bill surcharge not a TOU rate; no res/CI TOU or RTP rate found on rate schedules.",2026-09-27
16613,SAM HOUSTON ELECTRIC COOP INC,TX,87022,Sam Houston Electric Cooperative,MISO,Cooperative,No,https://www.samhouston.net/purpa/,No,https://www.samhouston.net/purpa/,No,https://www.samhouston.net/member-services/energy-charges-service-rates/,No,https://www.samhouston.net/purpa/,99% of meters on MISO (transmission provider Entergy); <1% ERCOT. Co-op's own PURPA page shows it is still evaluating (soliciting member feedback on) adoption of demand-response/EV-charging standards under IIJA/PURPA 111(d) as of last check -- no live TOU or dispatch program found on samhouston.net.,2026-09-27
16627,SAN PATRICIO ELECTRIC COOP INC,TX,12208,"San Patricio Electric Cooperative, Inc.",ERCOT,Cooperative,Unknown,,No,https://sanpatricioelectric.org/avoiding-energy-rush,Unknown,,Unknown,,"res_dispatch checked: 'Beat the Peak'/'Avoiding the Energy Rush' is an alert + programmable-thermostat-scheduling suggestion only, no utility device control or incentive payment, so does not qualify as dispatch; TOU/C&I not confirmed within budget",2026-09-27
16638,"SAN BERNARD ELECTRIC COOP, INC",TX,31775,"San Bernard Electric Cooperative, Inc.",ERCOT,Cooperative,No,https://www.sbec.org/rate-schedules,Unknown,,No,https://www.sbec.org/rate-schedules,Unknown,,checked rate-schedules/understanding-my-bill pages: plain per-kW demand charge (~$4.50-4.95/kW) with no TOU/shifting design for either class; no residential thermostat/DR program found on sbec.org,2026-09-27
17561,SOUTH PLAINS ELECTRIC COOP INC,TX,69941,South Plains Electric Cooperative,ERCOT,Cooperative,Unknown,,No,https://www.spec.coop/together-we-save,Unknown,,Unknown,,"Co-op explicitly split: Rolling Plains members on ERCOT, Lubbock-area members on SPP (own outage-map page references both grids). Rates page only links a master tariff PDF (not opened in full) and 'Together We Save' EE-tips co-brand page; no TOU or dispatch program advertised on the site itself. | load split ERCOT/SPP",2026-09-27
17718,SOUTHWESTERN PUBLIC SERVICE CO,TX,403678,Southwestern Public Service Co. (Xcel Energy),SPP,IOU,Yes,https://www.xcelenergy.com/company/rates_and_regulations/tou_rate_study,Yes,https://tx.my.xcelenergy.com/s/residential/heating-cooling/savers-switch,Yes,https://www.xcelenergy.com/company/rates_and_regulations/tou_rate_study,Yes,https://interchange.puc.texas.gov/Documents/54634_549_1355340.PDF,"Xcel's own TOU-study page states TOU rate options already exist in TX for certain customer classes (residential Saver's Switch/AC Rewards AC-cycling programs; business TOU rate plan; PUCT-filed Interruptible Service Option Credit tariff for large C&I). 2024 TOU rate study is about expanding/redesigning, not the first TOU offering.",2026-09-27
1892,"BLUEBONNET ELECTRIC COOP, INC",TX,119740,"Bluebonnet Electric Cooperative, Inc.",ERCOT,Cooperative,No,https://www.bluebonnet.coop/rates,Unknown,,Yes,https://www.bluebonnet.coop/rates,Unknown,,"checked rates/tariff/energy-solutions pages: residential and C&I rates are flat energy + tiered demand charges only, no TOU found; a smart-thermostat bill-credit program is referenced by third-party summaries but no active program page found on bluebonnet.coop (energy-solutions page lists solar/EV/tips only, no DR/thermostat program); document center references a 'Critical load program' and rotational load shedding but these are grid-emergency, not a member DR/curtailment offer",2026-09-27
18976,TRINITY VALLEY ELEC COOP INC,TX,83220,"Trinity Valley Electric Cooperative, Inc.",ERCOT,Cooperative,No,https://www.tvec.net/wp-content/uploads/2026/02/TVEC_Tariff_FINALeff-1.27.26.pdf,Unknown,,No,https://www.tvec.net/wp-content/uploads/2026/02/TVEC_Tariff_FINALeff-1.27.26.pdf,Unknown,,"checked rates page and current tariff: residential/commercial single-phase are flat kWh + customer charge; three-phase has plain per-kW demand charge only, no TOU/shifting design; no thermostat/DR program found on tvec.net (search results returned TVA EnergyRight, a different org, not TVEC)",2026-09-27
19159,"TRI-COUNTY ELECTRIC COOP, INC (TX)",TX,131936,"Tri-County Electric Cooperative, Inc. (Texas)",ERCOT,Cooperative,No,https://www.tcectexas.com/sites/default/files/2025-05/rate-schedules-effective-january-2024.pdf,Unknown,,Yes,https://www.tcectexas.com/sites/default/files/2025-05/rate-schedules-effective-january-2024.pdf,Unknown,,"NAME COLLISION CAVEAT: not to be confused with Tri-County Electric Cooperative FL (tcec.com, Seminole G&T member) or Tri-County Rural Electric Cooperative PA (tri-countyrec.com). TX entity is tcectexas.com, north TX (Azle/Granbury/Keller/Seymour). Rate schedule shows Optional TOU only for Large General Service/Public Buildings, not residential (res_habit=No); res_dispatch unclear — found reference to a thermostat rewards enrollment line but could not confirm on tcectexas.com domain with confidence; ci_dispatch not found on site",2026-09-27
19490,UNITED ELECTRIC COOP SERVICE INC - (TX),TX,98632,"United Cooperative Services (United Electric Cooperative Services, Inc.)",ERCOT,Cooperative,No,https://ucs.net/sites/default/files/Tariff%20revised%20_final%2001212022.pdf,Yes,https://ucs.net/thermostat-program,No,https://ucs.net/sites/default/files/Tariff%20revised%20_final%2001212022.pdf,Unknown,,"NAME COLLISION CAVEAT: this is ucs.net (HQ Cleburne/Burleson TX), legal name United Electric Cooperative Services Inc, matching target name exactly. Do not confuse with ueci.coop or uec.coop (different TX 'United' co-ops) or United Electric Coop in PA/Idaho. res_dispatch=Bring Your Own Thermostat (BYOT) program; tariff has plain per-kW demand charges only, no TOU for either class; 'Beat the Peak' is an alert-only voluntary program (no device control, no incentive payment) so not counted as ci_dispatch; no dedicated C&I curtailment/DR program page found",2026-09-27
19579,UPSHUR RURAL ELEC COOP CORP,TX,49327,Upshur Rural Electric Cooperative (URECC),SPP,Cooperative,No,https://urecc.coop/beat-the-peak/,Unknown,,Unknown,,Unknown,,"URECC's own 'Beat The Peak' page is member education about peak-pricing awareness, not a TOU rate -- it explicitly states the member rate 'does not change during the day.' No thermostat/BYOD dispatch or C&I curtailment program found on urecc.coop in the time available.",2026-09-27
19806,"VICTORIA ELECTRIC COOP, INC",TX,24369,"Victoria Electric Cooperative, Inc.",ERCOT,Cooperative,No,https://www.victoriaelectric.coop/content/residential-rates,No,https://www.victoriaelectric.coop/content/beat-peak,No,https://www.victoriaelectric.coop/content/commercial-rates,Unknown,,"res_dispatch checked: 'Beat the Peak' is an alert-only voluntary conservation request (no device control, no incentive payment), so does not qualify as dispatch; residential/commercial rates pages show flat/demand-only structure, no TOU found",2026-09-27
20230,WEATHERFORD MUN UTILITY SYSTEM,TX,16255,Weatherford Municipal Utility System (WMUS),ERCOT,Municipal,Unknown,,Unknown,,Unknown,,Unknown,,"WMUS's own site (weatherfordtx.gov) describes only a Power Cost Adjustment Factor pass-through on cost-based rates; no TOU or DR/dispatch program surfaced via search, and the rate pages were not opened directly in the time available.",2026-09-27
2049,"BOWIE-CASS ELECTRIC COOP, INC",TX,39252,Bowie-Cass Electric Cooperative,SPP,Cooperative,Unknown,https://www.bcec.com/account/rates-fees/residential-rates-fees/,Unknown,,Unknown,https://www.bcec.com/account/rates-fees/commercial-rates/,Unknown,,"Own rate pages exist (bcec.com/account/rates-fees) but page content was not opened in the time available; could not confirm presence/absence of TOU or dispatch programs. RTO=SPP per Northeast-Texas-co-op cluster pattern (Bowie/Cass/Franklin/Morris/Red River/Titus counties, unverified against a specific balancing-authority source).",2026-09-27
20927,"WOOD COUNTY ELECTRIC COOP, INC",TX,39839,Wood County Electric Cooperative,SPP,Cooperative,No,https://www.wcec.org/faqs/i-rates-service-information/,Unknown,,No,https://www.wcec.org/faqs/i-rates-service-information/,Unknown,,WCEC's own FAQ states members have fixed (non-variable) rate plans adjusted via a Power Cost Recovery Factor -- not a TOU rate. Confirmed on SPP (all but one ERCOT meter). No dispatch/DR program page found on wcec.org in the time available.,2026-09-27
20948,WISE ELECTRIC COOP INC,TX,25454,"Wise Electric Cooperative, Inc.",ERCOT,Cooperative,Unknown,,No,https://www.wiseec.com/energy-services/rebates-savings/,Unknown,,Unknown,,"res_dispatch checked: Smart Thermostat program is a $50 purchase rebate only, no utility control of device, so does not qualify as dispatch; could not confirm TOU rate or C&I program within search budget",2026-09-27
2409,BROWNSVILLE PUBLIC UTILITIES BOARD,TX,53485,Brownsville Public Utilities Board (BPUB),ERCOT,Municipal,No,https://www.bpub.com/rates/electric-rates,No,https://www.bpub.com/services/electric/energy-conservation,No,https://www.bpub.com/rates/electric-rates,No,https://www.bpub.com/services/electric/energy-conservation,"BPUB's own rate schedules are declining-block tiered energy + demand charges only (no TOU/CPP/PTR). Energy-conservation page offers only EE rebates (GoGreen), free audits, and ERCOT conservation-appeal awareness -- no utility-controlled dispatch device program or C&I curtailment rider found.",2026-09-27
2442,CITY OF BRYAN - (TX),TX,63337,Bryan Texas Utilities,ERCOT,Municipal,No,https://www.btutilities.com/for-home/residential-rates,No,https://btutilities.com/for-home/powershare-program,Yes,https://btutilities.com/smartbusiness,No,https://btutilities.com/smartbusiness,"BTU's own rate pages show only kW-tier demand-charge schedules (Small/Medium/Large, City/Rural), no TOU or RTP option. PowerShare is a bill-round-up donation program, not dispatch. SmartBUSINESS pays a one-time incentive for permanent demand reduction (efficiency retrofit), not a curtailment/dispatch program.",2026-09-27
27369,TAYLOR ELECTRIC COOP INC - (TX),TX,20129,"Taylor Electric Cooperative, Inc.",ERCOT,Cooperative,Yes,https://taylorelectric.org/time-day-rates-tod,Yes,https://taylorelectric.org/load-management-program,Unknown,,Yes,https://taylorelectric.org/load-management-program,"NAME COLLISION CAVEAT: TX co-op (taylorelectric.org), not Taylor Electric Cooperative WI. res_habit=Time-of-Day (TOD) rate, peak 1-7pm summer; res_dispatch/ci_dispatch=Load Management Program (water-heater load-receiver control via G&T's load management system) with separate Residential and Commercial Load Management Status pages; could not confirm whether a distinct C&I TOU/demand-shifting rate (ci_habit) exists",2026-09-27
28604,KERRVILLE PUBLIC UTILITY BOARD,TX,23927,Kerrville Public Utility Board (KPUB),ERCOT,Municipal,No,https://www.kpub.com/rates/,No,https://www.kpub.com/save-energy-money/,No,https://www.kpub.com/rates/,Unknown,,"KPUB's own rates page shows only power-supply + distribution + customer-charge components for residential and a per-kW demand charge for commercial (not a shifting-oriented TOU/RTP design) -- no TOU. Smart-thermostat rebate on the Save Energy & Money page requires WiFi capability but the page describes it as a one-time efficiency rebate, not a utility-dispatched DR program.",2026-09-27
28978,CITY OF SAN MARCOS - (TX),TX,25492,San Marcos Electric Utility (SMEU),ERCOT,Municipal,Unknown,https://www.sanmarcostx.gov/1434/Electric-Rates,Unknown,,Unknown,,Unknown,,sanmarcostx.gov/1434/Electric-Rates is JS-rendered and returned no readable content via direct fetch; SMEU rate-schedule PDF (Attachment A) was located but not opened in the time available. Could not confirm or rule out TOU/dispatch programs.,2026-09-27
3282,"CENTRAL TEXAS ELEC COOP, INC",TX,44944,Central Texas Electric Cooperative,ERCOT,Cooperative,No,https://www.ctec.coop/about-us/tariff-for-electric-service/,Unknown,,No,https://www.ctec.coop/faqs/general-service-rate-schedule-2/,Unknown,,"checked rates/tariff pages: Small Commercial and General Service/Large Power have plain per-kW demand charges only ($9.75/kW), no TOU/shifting design; no residential TOU; no thermostat/DR program found on ctec.coop (search results returned Central Electric Cooperative, a different org in OR, not CTEC TX)",2026-09-27
3470,CHEROKEE COUNTY ELEC COOP ASSN,TX,22665,Cherokee County Electric Cooperative Association,ERCOT,Cooperative,Unknown,,Unknown,,Unknown,,Unknown,,"checked cceca.net understanding-your-bill page: describes standard energy + demand-meter billing only, no TOU or program details found; no dedicated rates/programs pages located within search budget",2026-09-27
3940,CITY OF COLLEGE STATION - (TX),TX,44577,College Station Utilities,ERCOT,Municipal,Unknown,https://www.cstx.gov/living-here/utilities/energy-conservation-and-rebates/,Yes,https://www.cstx.gov/living-here/utilities/energy-conservation-and-rebates/,Unknown,,Unknown,,"CSU's own Energy Conservation and Rebates page lists a 'Connected Thermostat Program' ($30 rebate for an eligible smart/WiFi thermostat) alongside AC and LED rebates; program name implies connected/dispatchable capability but the page text found does not explicitly confirm utility-controlled DR events, so treat with some caution. No TOU rate or C&I curtailment program confirmed in the time available.",2026-09-27
4146,CONCHO VALLEY ELEC COOP INC,TX,15832,"Concho Valley Electric Cooperative, Inc.",ERCOT,Cooperative,No,https://cvec.coop/services/electric/rates,No,https://cvec.coop/services/faqs,Unknown,,Unknown,,"checked cvec.coop rates/FAQ pages: no TOU rate found; FAQ recommends a programmable thermostat as a generic conservation tip only (no utility control/incentive program), so does not qualify as dispatch; no C&I program found",2026-09-27
4262,COOKE COUNTY ELEC COOP ASSN,TX,17457,Cooke County Electric Cooperative Association,ERCOT,Cooperative,Unknown,,Unknown,,Unknown,,Unknown,,"also does business as PenTex Cooke County Electric Coop; no rates, TOU, or program pages surfaced on the co-op's own domain within search budget — genuinely could not determine",2026-09-27
4295,COMANCHE COUNTY ELEC COOP ASSN,TX,17598,Comanche Electric Cooperative,ERCOT,Cooperative,Unknown,,Unknown,,Unknown,,Unknown,,"checked ceca.coop FAQ page: no TOU, thermostat, or load-management program details found; site content limited within search budget",2026-09-27
4939,"DEAF SMITH ELECTRIC COOP, INC",TX,15189,Deaf Smith Electric Cooperative,SPP,Cooperative,Unknown,,Unknown,,Unknown,,Unknown,,"Confirmed SPP (Texas Panhandle territory, opted out of retail choice in 2002). Multiple sources note DSEC does not publish a public residential rate schedule; deafsmith.coop was not opened directly in the time available, so TOU/DR presence could not be confirmed or ruled out.",2026-09-27
4975,DEEP EAST TEXAS ELEC COOP INC,TX,44546,Deep East Texas Electric Cooperative,SPP,Cooperative,Unknown,,Unknown,,Unknown,,Unknown,,"CORRECTION to cluster notes: Deep East Texas EC (and its G&T, East Texas Electric Cooperative/ETEC) had a partial withdrawal from MISO with transmission assets transferred to SPP, FERC-approved 6/14/2019 effective 7/1/2019 (SPP filing ER19-1137). rto=SPP, not MISO, as of that transition. Did not locate a TOU/DR program page on deepeast.com in the time available.",2026-09-27
5063,CITY OF DENTON - (TX),TX,60081,Denton Municipal Electric,ERCOT,Municipal,No,https://www.cityofdenton.com/331/Denton-Municipal-Electric-DME,No,https://cityofdenton.com/DocumentCenter/View/10308/GreenSense-Incentive-Program-Manual-2025-2026,Yes,https://www.cityofdenton.com/333/Business-Electric-Services,Unknown,,"Residential rate is a 2-tier seasonal (Nov-Apr / May-Oct) volumetric rate, not TOU. DME does publish a commercial TOU schedule (on-peak demand charge ~$13.97/kVA) alongside Medium/Large General Service; GreenSense is an EE rebate program (smart thermostats, HVAC, insulation) with no evidence of utility dispatch control.",2026-09-27
5078,"DENTON COUNTY ELEC COOP, INC",TX,294353,"CoServ Electric (Denton County Electric Cooperative, Inc.)",ERCOT,Cooperative,Yes,https://www.coserv.com/service/residential/residential-rates/,Yes,https://www.coserv.com/service/residential/residential-rates/,Yes,https://www.coserv.com/service/commercial/commercial-rates/,No,,res_dispatch=PeakTime Perks/Rush Hour Rewards thermostat program + Tesla VPP (Powerwall); ci_habit=optional TOU with on/off-peak demand charges for commercial/industrial; no dedicated C&I curtailment/DR program page found,2026-09-27
55982,HEART OF TEXAS ELECTRIC COOP,TX,23816,"Heart of Texas Electric Cooperative, Inc.",ERCOT,Cooperative,Unknown,,Unknown,,Unknown,,Unknown,,"checked hotec.coop 'Our Programs' page (lists Capital Credits, Operation Round Up, Rebates, Rural Friends/ACRE PAC, Solar info) and rates page: no TOU rate, no thermostat/DR program, and no C&I load-management program mentioned anywhere on the site",2026-09-27
6173,FANNIN COUNTY ELECTRIC COOP,TX,11606,"Fannin County Electric Cooperative, Inc.",ERCOT,Cooperative,Unknown,,Unknown,,Unknown,,Unknown,,"fanninec.coop content not surfaced in detail within search budget beyond general billing description (energy, demand, T&D, fuel charges); no TOU, thermostat, or DR program details found — genuinely could not determine",2026-09-27
6182,"FARMERS ELECTRIC COOP, INC - (TX)",TX,88070,Farmers Electric Cooperative (Texas),ERCOT,Cooperative,No,https://farmerselectric.coop/my-account-bill/rates/,Yes,https://farmerselectric.coop/energy-solutions/google-nest-rush-hour-rewards-program/,No,https://farmerselectric.coop/my-account-bill/rates/,Unknown,,NAME COLLISION CAVEAT: HQ Greenville TX (farmerselectric.coop); not Farmers' Electric Cooperative CO (fec-co.com) or Farmers Electric Cooperative KY/NM. res_dispatch=Google Nest Rush Hour Rewards + Base Power battery backup program (both on energy-solutions page); no TOU found for residential or commercial (General Service + Large Power demand-metered only); no C&I curtailment/DR program found,2026-09-27
6183,"FAYETTE ELECTRIC COOP, INC",TX,15710,"Fayette Electric Cooperative, Inc.",ERCOT,Cooperative,Unknown,,Unknown,,Unknown,,Unknown,,"fayette.coop mentions 'energy programs ... including reducing peak demand' in general terms but no specific rate, thermostat, or dispatch program page was found within search budget — genuinely could not determine",2026-09-27
6427,CITY OF FLORESVILLE,TX,17361,Floresville Electric Light & Power System (FELPS),ERCOT,Municipal,Unknown,,Unknown,,Unknown,,Unknown,,"FELPS is a municipal utility (serves Floresville, Elmendorf, Poth, Stockdale, La Vernia) confirmed in ERCOT via PUC non-investor-owned TSP earnings filings. Did not open felps.us rate/program pages directly in the time available; no TOU/DR program found via search.",2026-09-27
6958,CITY OF GARLAND - (TX),TX,74180,Garland Power & Light,ERCOT,Municipal,Yes,https://www.gpltexas.org/residential/residential-rates,No,https://www.gpltexas.org/save-energy-money/energysaver-program,Yes,https://www.gpltexas.org/business/commercial-rates,Unknown,,"gpltexas.org rate pages are JS-rendered and returned no readable content via direct fetch, so TOU presence/absence could not be confirmed. EnergySaver program is an EE-rebate program (AC/heat pump, insulation, window units) with no evidence of utility-controlled thermostat/device dispatch, so res_dispatch=No.",2026-09-27
7129,CITY OF GEORGETOWN - (TX),TX,30999,Georgetown Utility Systems (GUS),ERCOT,Municipal,No,https://georgetowntexas.gov/utilities/customer_care/utility_rates/,Unknown,,No,https://georgetowntexas.gov/utilities/customer_care/utility_rates/,Unknown,,"GUS's own utility-rates page (extensive rate/fee keyword list: tiers, demand, volumetric, net metering, PCA, etc.) does not include time-of-use/TOU among its documented rate concepts, indicating no TOU rate. Did not find a GUS-specific dispatch/DR program page in the time available.",2026-09-27
7559,"GRAYSON-COLLIN ELEC COOP, INC",TX,75221,"Grayson-Collin Electric Cooperative, Inc.",ERCOT,Cooperative,No,https://www.gcec.net/rates,Unknown,,No,https://www.gcec.net/rates,Unknown,,"checked rates/understanding-your-bill pages: small/large commercial use flat per-kW demand charge ($10/kW), no TOU/shifting design; no residential TOU; no thermostat/DR program found on gcec.net (search results returned Graham County EC AZ, a different org, not GCEC TX)",2026-09-27
7634,CITY OF GREENVILLE - (TX),TX,16075,Greenville Electric Utility System (GEUS),ERCOT,Municipal,No,https://www.geus.org/182/Primary-Voltage-Time-of-Use-Options,Unknown,,Yes,https://www.geus.org/182/Primary-Voltage-Time-of-Use-Options,Unknown,,GEUS's own commercial-rates page publishes a Time-of-Use/Primary Voltage option: General Service Demand customers get a 2% discount by establishing lower demand outside 2-6pm weekdays (Jun-Oct). This is a C&I shifting-oriented optional rate (ci_habit=Yes). No equivalent residential TOU or dispatch program found.,2026-09-27
7752,GUADALUPE VALLEY ELEC COOP INC,TX,95781,Guadalupe Valley Electric Cooperative (GVEC),ERCOT,Cooperative,Yes,https://www.gvec.org/electric/time-of-use-billing/,Yes,https://www.gvec.org/peak-time-payback/,No,,No,,"res_habit=TOU billing (requires solar+interconnection agreement); res_dispatch=Peak-Time Payback (Nest thermostat + battery/GVEC X Base Power); commercial rate page shows only plain per-kW demand charges (G-3/G-4/G-5), no TOU/shifting design; C&I demand-response references found only in third-party summaries, no dedicated program page located on gvec.org",2026-09-27
7979,HAMILTON COUNTY ELEC COOP ASSN,TX,19696,Hamilton County Electric Cooperative Association,ERCOT,Cooperative,Unknown,,No,,Unknown,,Unknown,,"res_dispatch checked: 'Thermostat Rebate Program' is a $25 one-time purchase rebate for an energy-efficient thermostat, no utility control of the device, so does not qualify as dispatch; could not confirm TOU rate or C&I program within search budget",2026-09-27
8620,"HILCO ELECTRIC COOPERATIVE, INC.",TX,32757,"HILCO Electric Cooperative, Inc.",ERCOT,Cooperative,No,https://static.spacecrafted.com/b993f461c2024818b0c102c57b4d48fc/r/b9129c1aca994a4fba67d678ca0fe16a/1/HECRateSheet.pdf,No,https://hilco.coop/rebate-programs/smart-thermostat-rebate,No,https://static.spacecrafted.com/b993f461c2024818b0c102c57b4d48fc/r/b9129c1aca994a4fba67d678ca0fe16a/1/HECRateSheet.pdf,Unknown,,"res_dispatch checked: 'Smart Thermostat Rebate' is a one-time purchase rebate only, no utility control of the device, so does not qualify as dispatch; demand charge (FAQ page) is plain, not TOU/shifting-oriented; no C&I curtailment program found",2026-09-27
8898,HOUSTON COUNTY ELEC COOP INC,TX,22526,"Houston County Electric Cooperative, Inc.",ERCOT,Cooperative,Unknown,,No,https://www.houstoncountyelec.com/nest-thermostats,Unknown,,Unknown,,"res_dispatch checked: 'Seasonal Savings' page offers Nest's own auto-schedule/efficiency feature (Auto-Away, Energy History), not a utility-initiated peak-event control/incentive program, so does not qualify as dispatch; no TOU or C&I program found",2026-09-27
9590,"JACKSON ELECTRIC COOP, INC - (TX)",TX,17184,"Jackson Electric Cooperative, Inc.",ERCOT,Cooperative,Unknown,,Unknown,,Unknown,,Unknown,,"NAME COLLISION CAVEAT: this is jecec.com (Ganado, TX, Jackson County); do not confuse with Jackson Energy Cooperative (jacksonenergy.com, KY), Jackson EMC (GA), or jackelec.com (appears to be a different-state Jackson Electric). JEC TX offers discounted Nest thermostats ($199) and a $100 EnergyStar-thermostat rebate that explicitly notes it does 'not require participation in a load management program' — implying JEC has some separate load-management program, but details/URL could not be confirmed within search budget",2026-09-27
9668,"JASPER-NEWTON ELEC COOP, INC",TX,23540,Jasper-Newton Electric Cooperative,SPP,Cooperative,Unknown,,Unknown,,Unknown,,Unknown,,"CORRECTION to cluster notes: Jasper-Newton EC is also a member of East Texas Electric Cooperative (ETEC), the G&T whose transmission assets moved from MISO to SPP in 2019 (see Deep East Texas EC note); some sources describe Jasper-Newton as spanning ERCOT/MISO, so treat rto as Secondary/uncertain pending a direct look at jnec.com. Did not locate a TOU/DR program page on jnec.com in the time available.",2026-09-27
44372,ONCOR ELECTRIC DELIVERY COMPANY LLC,TX,,Oncor Electric Delivery,ERCOT,IOU,No,,Yes,https://www.oncor.com/content/dam/oncorwww/eepm/documents/residential-resources/2026/2026_Residential_LM_Program_Manual.pdf.coredownload.pdf,No,,Yes,https://www.oncor.com/content/dam/oncorwww/eepm/documents/commercial-resources/2026/2026_Commercial_LM_Program_Manual.pdf.coredownload.pdf,"retail choice — time-based pricing offered by retail providers, not the TDU; res_dispatch=Residential Load Mgmt SOP (thermostat), ci_dispatch=Commercial Load Mgmt SOP",2026-09-27
8901,CENTERPOINT ENERGY,TX,,CenterPoint Energy Houston Electric,ERCOT,IOU,No,,Yes,https://visionelements.programprocessing.com/framework/CenterPointTX/2025_Residential_Load_Management_Guidelines.pdf,No,,Yes,https://visionelements.programprocessing.com/framework/CenterPointTX/Program_Manual.pdf,"retail choice — time-based pricing offered by retail providers, not the TDU; res_dispatch=Smart Cycle thermostat DR program; ci_dispatch=Aggregated DR via Enel",2026-09-27
40051,TEXAS-NEW MEXICO POWER CO,TX,,Texas-New Mexico Power,ERCOT,IOU,No,,Yes,https://tnmp.com/residentiallm,No,,Yes,https://tnmp.com/sites/default/files/inline-images/TNMP%202026%20SLM%20Program%20Manual%20-%20Final_0.pdf,"retail choice — time-based pricing offered by retail providers, not the TDU; res_dispatch=Residential Load Management (smart thermostat); ci_dispatch=Commercial Load Management ($40/kW)",2026-09-27
3278,AEP TEXAS CENTRAL COMPANY,TX,,AEP Texas Central,ERCOT,IOU,No,,Yes,https://greatergrid.com/enroll/programs/thermostats/aep-texas-byod/faq,No,,Yes,https://aeptxsaves.com/wp-content/uploads/25-26-LM-Manual.pdf,"retail choice — time-based pricing offered by retail providers, not the TDU; res_dispatch=BYOD smart thermostat program; ci_dispatch=Load Management SOP (500kW+, $/kW incentive); one tariff/AEP Texas Inc. covers both Central and North divisions",2026-09-27
20404,AEP TEXAS NORTH COMPANY,TX,,AEP Texas North,ERCOT,IOU,No,,Yes,https://greatergrid.com/enroll/programs/thermostats/aep-texas-byod/faq,No,,Yes,https://aeptxsaves.com/wp-content/uploads/25-26-LM-Manual.pdf,"retail choice — time-based pricing offered by retail providers, not the TDU; same AEP Texas Inc. programs/tariff as AEP Texas Central (North division)",2026-09-27
10170,"KIAMICHI ELECTRIC COOP, INC",OK,23061,Kiamichi Electric Cooperative (KEC),AECI,Cooperative,No,https://www.kiamichielectric.org/member-services/rate-schedule/,No,https://www.kiamichielectric.org/member-services/rate-schedule/,No,https://www.kiamichielectric.org/member-services/rate-schedule/,Yes,https://www.kiamichielectric.org/wp-content/uploads/Large-Poweer-5-Curtailable-Rate-305.pdf,AECI member per aeci.org. Rate schedule list shows only flat Residential/Commercial/Industrial/Large Power rates (no TOU). 'Large Power Service Curtailable' rider explicitly allows curtailment during periods designated by Western Farmers Electric Cooperative (WFEC) -- a curtailable C&I rider.,2026-09-27
10599,"LAKE REGION ELECTRIC COOP, INC - (OK)",OK,25948,Lake Region Electric Cooperative (LREC),AECI,Cooperative,No,https://www.lrecok.coop/electric-rates,No,https://www.lrecok.coop/electric-rates,Yes,https://www.lrecok.coop/electric-rates,Unknown,https://www.lrecok.coop/electric-rates,AECI member per aeci.org. Residential rate is flat; 'Large General Service (time-of-use)' rate schedule (base demand + on-peak demand charge) is offered for C&I -- optional shifting-oriented TOU. No residential dispatch program or explicit curtailable rider found on rates page.,2026-09-27
13734,NORTHEAST OKLAHOMA ELECTRIC CO,OK,41043,Northeast Oklahoma Electric Cooperative (NOEC),AECI,Cooperative,No,https://www.noec.coop/member-services/rates-fees/,No,https://www.noec.coop/energy-solutions/,No,https://www.noec.coop/member-services/rates-fees/,No,https://www.noec.coop/member-services/rates-fees/,"AECI (Associated Electric Cooperative) member per aeci.org three-tiered system page. Rates page shows only flat residential/commercial/large-power rates; Energy Solutions page offers only rebates + Together We Save efficiency content, no TOU or dispatch program found.",2026-09-27
13807,NORTHWESTERN ELECTRIC COOP INC - (OK),OK,11906,Northwestern Electric Cooperative,SPP,Cooperative,Unknown,https://www.nwecok.coop/rates,Unknown,https://www.nwecok.coop/rates,Unknown,https://www.nwecok.coop/rates,Unknown,https://www.nwecok.coop/rates,"Rates page returned no readable content (JS-only) within search budget. Only clear program found was an EV time-of-use style off-peak charging incentive (10pm-5am) for Level 2 EV chargers -- did not verify structure or if it applies to whole-home usage (would be res_habit if a true TOU rate, not just EV-only).",2026-09-27
14062,OKLAHOMA ELECTRIC COOP INC,OK,61801,Oklahoma Electric Cooperative (OEC),SPP,Cooperative,Yes,https://okcoop.org/time-of-use-rate/,No,https://okcoop.org/rates/,Yes,https://okcoop.org/rates/,Yes,https://okcoop.org/demand-reduction-credit-form/,TOU rate (SMCO2 has on/off-peak for non-residential too); Demand Reduction Credit Form is a C&I curtailable-load credit program; no evidence of utility-controlled residential device program.,2026-09-27
14063,OKLAHOMA GAS & ELECTRIC CO,OK,884780,Oklahoma Gas and Electric Company (OG&E),SPP,IOU,Yes,https://www.oge.com/web/portal/label_ord/residential/pricing-options/smart-hours,Yes,https://www.oge.com/web/portal/label_ord/residential/pricing-options/smart-hours,Yes,https://www.oge.com/web/portal/label_ord/business/pricing-options/smart-hours,Yes,https://www.oge.com/web/portal/hidden/article/business-demand,SmartHours is a CPP/VPP-style thermostat program covering both res_habit (variable peak pricing) and res_dispatch (thermostat control); Load Reduction/Business Demand Response covers ci_dispatch.,2026-09-27
14775,PEOPLE'S ELECTRIC COOPERATIVE,OK,22731,People's Electric Cooperative (PEC),SPP,Cooperative,Unknown,https://www.peopleselectric.coop/,Unknown,https://www.peopleselectric.coop/,Unknown,https://www.peopleselectric.coop/,Unknown,https://www.peopleselectric.coop/,Could not find rate schedule or program pages within search budget; site not deeply reachable via search. WFEC member (per WFEC coverage of two-thirds of OK) -- membership not independently confirmed.,2026-09-27
15202,CITY OF PONCA CITY - (OK),OK,15901,Ponca City Utility Authority,SPP,Municipal,No,https://codelibrary.amlegal.com/codes/poncacityok/latest/poncacity_ok/0-0-0-13362,Yes,https://www.ompa.com/turn-down-the-watts/,Yes,https://codelibrary.amlegal.com/codes/poncacityok/latest/poncacity_ok/0-0-0-13362,No,https://codelibrary.amlegal.com/codes/poncacityok/latest/poncacity_ok/0-0-0-13362,OMPA member. City ordinance 9-8A-2 shows flat/seasonal residential rate (no TOU) but an optional Medium/Large Power Time-of-Use rate (on-peak 2-8pm Jun-Sep) for C&I; OMPA Turn Down the Watts BYOD thermostat DR program covers member cities.,2026-09-27
15474,PUBLIC SERVICE CO OF OKLAHOMA,OK,571013,"Public Service Company of Oklahoma (PSO, AEP)",SPP,IOU,Yes,https://www.psoklahoma.com/account/bills/programs/time-of-day,Yes,https://powerforwardwithpso.com/power-hours,Yes,https://www.psoklahoma.com/lib/docs/ratesandtariffs/Oklahoma/PSOOtherApplicableSchedulesJan2026.pdf,Yes,https://www.psoklahoma.com/lib/docs/ratesandtariffs/Oklahoma/PSOOtherApplicableSchedulesJan2026.pdf,Time of Day residential rate (AMI-only) + Power Hours thermostat DR; PLTOD commercial TOU tariff; Voluntary Curtailment Tariff for C&I >=1000kW curtailable load.,2026-09-27
15746,RED RIVER VALLEY RRL ELEC ASSN,OK,17378,Red River Valley Rural Electric Association (REA),SPP,Cooperative,Unknown,https://rrvrea.com/services-rate-information,Unknown,https://rrvrea.com/energy-efficiency-beat-the-peak,Yes,https://rrvrea.com/services-rate-information,Yes,https://rrvrea.com/services-rate-information,"WFEC member/owner (REA is one of 21 co-ops that own WFEC). Own rate-information page states: 'REA offers time-of-use and curtailable rates to qualifying consumers who demonstrate load-limiting ability during peak times' -- these are described as available to qualifying (typically larger) consumers; full tariff PDF not reviewed to confirm residential eligibility, so res cells left Unknown.",2026-09-27
16382,"RURAL ELECTRIC COOP, INC",OK,12439,"Rural Electric Cooperative (REC), Lindsay OK",SPP,Cooperative,No,https://recok.coop/rates,No,https://recok.coop/rates,No,https://recok.coop/rates,Yes,https://recok.coop/rates,"Not to be confused with Rural Electric Cooperative in other states. WFEC member. Rates page states residential/commercial rates are flat, but notes 'alternative rate options are available for those who can reduce the majority of their power consumption when called to do so' -- a curtailable-load rate (ci_dispatch); appears targeted at larger loads, not standard residential.",2026-09-27
17603,SOUTHEASTERN ELECTRIC COOP INC - (OK),OK,16594,Southeastern Electric Cooperative,SPP,Cooperative,Unknown,,Unknown,,Unknown,,Unknown,,"Reset 2026-09-27: sources (southeasternelectric.com) belong to Southeastern Electric Coop of South Dakota, not the Durant, OK co-op. Needs re-scan.",2026-09-27
18125,STILLWATER UTILITIES AUTHORITY,OK,22047,Stillwater Utilities Authority,SPP,Municipal,No,https://stillwaterok.gov/314/Utility-Rates,Unknown,https://stillwaterok.gov/314/Utility-Rates,Yes,https://stillwaterok.gov/DocumentCenter/View/1223/Electric---Power-and-Light-Time-of-Day---Secondary-Rate-PDF,Unknown,https://stillwaterok.gov/314/Utility-Rates,"Not an OMPA member (self-owned municipal generation/distribution). Residential rate (RP3) is flat/seasonal, no TOU. PL-S/TOD (Power and Light Secondary Time-of-Day) rate schedule exists for large C&I loads (load factor >200) -- ci_habit Yes. No residential or C&I dispatch/curtailable program found within budget.",2026-09-27
18433,TAHLEQUAH PUBLIC WORKS AUTHORITY,OK,11217,Tahlequah Public Works Authority (TPWA),SPP,Municipal,Unknown,https://cityoftahlequah.com/546/Utility-Services,Unknown,https://cityoftahlequah.com/546/Utility-Services,Unknown,https://cityoftahlequah.com/546/Utility-Services,Unknown,https://cityoftahlequah.com/546/Utility-Services,Not an OMPA member. Purchases wholesale power from Grand River Dam Authority (GRDA). Could not locate a published rate schedule or program page within search budget; only found news of a 2025 rate increase tied to GRDA wholesale rate increases.,2026-09-27
19160,"TRI-COUNTY ELECTRIC COOP, INC (OK)",OK,27583,"Tri-County Electric Cooperative (TCEC), Hooker OK",SPP,Cooperative,Unknown,https://www.tcec.coop/,Unknown,https://www.tcec.coop/,Unknown,https://www.tcec.coop/,Unknown,https://www.tcec.coop/,"Name collision risk: distinct from Tri-County Electric Cooperative of Texas (tcectexas.com), Michigan (HomeWorks/tcec.com or tri-countyelectric.net), and other states -- this is the Hooker, OK panhandle co-op (tcec.coop) serving OK/KS/TX-panhandle/CO/NM per OAEC. Rate/program pages did not return readable content within search budget; search budget exhausted for this cluster.",2026-09-27
19785,VERDIGRIS VALLEY ELEC COOP INC,OK,38560,Verdigris Valley Electric Cooperative (VVEC),AECI,Cooperative,No,https://www.vvec.com/rates,No,https://www.vvec.com/rebates,No,https://www.vvec.com/rates,No,https://www.vvec.com/rates,"AECI member per aeci.org three-tiered system page. Rates page: residential/commercial/large power rates are flat or demand-charge only, no time-of-day differentiation; no dispatch program found (only home energy audits/rebates).",2026-09-27
2911,"CANADIAN VALLEY ELEC COOP, INC",OK,26588,Canadian Valley Electric Cooperative (CVEC),SPP,Cooperative,Yes,https://www.mycvec.coop/account-services/rate-information/,Unknown,https://www.mycvec.coop/energy-solutions/beat-the-peak/,No,https://www.mycvec.coop/account-services/rate-information/,No,https://www.mycvec.coop/account-services/rate-information/,"New rate structure effective Nov 2025 adds a residential demand charge based on 2 daily peak windows (6-9am, 3-7pm) -- counts as res_habit price signal. Small commercial demand charge is NOT time-windowed (whole billing cycle), so not a shifting-oriented design. No dispatch/curtailable program found on rates page; did not check Beat the Peak page in depth.",2026-09-27
3226,"CENTRAL RURAL ELECTRIC COOPERATIVE, INC",OK,23526,Central Electric Cooperative (Central Rural Electric Cooperative),AECI,Cooperative,Unknown,https://www.aeci.org/three-tiered-system-service-area,Unknown,https://www.aeci.org/three-tiered-system-service-area,Unknown,https://www.aeci.org/three-tiered-system-service-area,Unknown,https://www.aeci.org/three-tiered-system-service-area,"AECI member per aeci.org (listed there as 'Central Electric Cooperative', Stillwater OK -- matches OAEC's 'Central Rural Electric Cooperative' entry, same address). Own site (mycentral.coop) not checked within search budget; no rate/program page reviewed.",2026-09-27
3478,CIMARRON ELECTRIC COOP,OK,18838,Cimarron Electric Cooperative,SPP,Cooperative,No,https://cimarronelectric.com/home/member-center/rates/,No,https://cimarronelectric.com/home/member-center/rates/,No,https://cimarronelectric.com/home/member-center/rates/,Yes,https://cimarronelectric.com/home/member-center/rates/,"Rates page (effective Oct 2024) shows flat/seasonal residential and general service rates (no TOU); Small Commercial Three-Phase has a plain (non-shifting) demand charge. 'Irrigation with Load Control' rate offers a discounted per-HP charge in exchange for curtailment on called peak days -- a real ci_dispatch/load-control program (agricultural, but utility-dispatched).",2026-09-27
3527,CHOCTAW ELECTRIC COOP INC,OK,20934,Choctaw Electric Cooperative (CEC),SPP,Cooperative,No,https://choctawelectric.net/peak-alerts,No,https://choctawelectric.net/peak-alerts,Unknown,https://drive.google.com/file/d/1gQTJOD0vuvoQ5tWoDmx5QTEgZ1rZYYlW/view,Unknown,https://drive.google.com/file/d/1gQTJOD0vuvoQ5tWoDmx5QTEgZ1rZYYlW/view,"'Peak Alerts' page is a voluntary conservation appeal (Facebook/SmartHub/radio notifications, 4-6pm summer) with no bill credit and no utility device control -- not a price signal or dispatch program. Rate schedule is only in a Google Drive PDF not reviewed for C&I TOU/curtailable riders.",2026-09-27
3647,CITY OF CLAREMORE,OK,12917,Claremore Utilities (Claremore Electric),SPP,Municipal,No,https://claremore.com/wp-content/uploads/2023/12/City-of-Claremore_Utility-rate-sheet-7-2023.pdf,No,https://claremore.com/wp-content/uploads/2023/12/City-of-Claremore_Utility-rate-sheet-7-2023.pdf,No,https://claremore.com/wp-content/uploads/2023/12/City-of-Claremore_Utility-rate-sheet-7-2023.pdf,No,https://claremore.com/wp-content/uploads/2023/12/City-of-Claremore_Utility-rate-sheet-7-2023.pdf,"Not an OMPA member; purchases wholesale power from Grand River Dam Authority (GRDA). Official rate sheet shows flat residential/small commercial/large commercial rates only, no TOU or DR program.",2026-09-27
4296,"COOKSON HILLS ELEC COOP, INC",OK,18732,Cookson Hills Electric Cooperative (CHEC),AECI,Cooperative,No,https://www.cooksonhills.com/rates,No,https://www.cooksonhills.com/rates,No,https://www.cooksonhills.com/rates,No,https://www.cooksonhills.com/rates,"AECI member per aeci.org. Rates page shows only flat/seasonal Farm & Home, Commercial, Irrigation, and Agricultural rates -- no TOU differentiation and no curtailable/dispatch rider found. 'Take Control and Save' link points to AECI's generic efficiency-rebate portal, not a DR program.",2026-09-27
4401,"COTTON ELECTRIC COOP, INC",OK,23278,Cotton Electric Cooperative,SPP,Cooperative,Unknown,https://www.cottonelectric.com/rates,Unknown,https://www.cottonelectric.com/member-resources,Unknown,https://www.cottonelectric.com/member-resources,Unknown,https://www.cottonelectric.com/member-resources,"Rates are published only as an embedded issuu flipbook document, not machine-readable text; could not confirm presence/absence of TOU or dispatch programs within search budget. No smart-thermostat or curtailable-rider program mentioned on main energy-efficiency pages.",2026-09-27
5598,EAST CENTRAL OKLAHOMA ELEC COOP INC,OK,36632,East Central Electric Cooperative (ECOEC),AECI,Cooperative,Yes,https://ecoec.com/sites/default/files/documents/Rates%202026.pdf,No,https://ecoec.com/EnergySavers,Yes,https://ecoec.com/sites/default/files/documents/Rates%202026.pdf,Unknown,https://ecoec.com/sites/default/files/documents/Rates%202026.pdf,"AECI member per aeci.org. Tariff (effective 10/1/2025) includes TOU-R residential and TOU-C/TOU-P/TOU-LP commercial/pumping/large-power time-of-use rate schedules (optional). Energy Savers 'Mission 1' device is member-facing usage monitoring/financing, not utility-controlled dispatch. Did not find an explicit C&I curtailable/interruptible rider in the reviewed TOC; full tariff not exhaustively reviewed for ci_dispatch.",2026-09-27
5661,CITY OF EDMOND - (OK),OK,42791,Edmond Electric,SPP,Municipal,No,https://www.edmondok.gov/1246/Residential-Rates,Yes,https://www.ompa.com/turn-down-the-watts/,Yes,https://www.edmondok.gov/1302/Business-Rates,No,https://www.edmondok.gov/1294/Demand-Energy-Efficiency-Program,"OMPA member; residential rate R-1 is flat/seasonal only (no TOU); OMPA's Turn Down the Watts BYOD smart-thermostat DR program covers member cities (G&T/JAA-style shortcut); GS-TOU/PL-TOU commercial rates exist; DEEP is an efficiency rebate program only, not a curtailable rider.",2026-09-27
60482,CKENERGY ELECTRIC COOPERATIVE,OK,26755,CKenergy Electric Cooperative,SPP,Cooperative,Unknown,https://www.ckenergy.coop/rates,Unknown,https://www.ckenergy.coop/rates,Unknown,https://www.ckenergy.coop/rates,Unknown,https://www.ckenergy.coop/rates,Rates page is JS-only / returned no readable content within search budget; could not confirm or rule out any program. WFEC service territory (per WFEC covering two-thirds of OK) not independently confirmed for this co-op.,2026-09-27
9246,"INDIAN ELECTRIC COOP, INC",OK,20198,Indian Electric Cooperative (IEC),AECI,Cooperative,No,https://www.iecok.com/rate-schedule,Yes,https://www.iecok.com/thermostats,Unknown,https://www.iecok.com/sites/default/files/documents/2026%20Rate%20Book%202.19.26.pdf,Unknown,https://www.iecok.com/sites/default/files/documents/2026%20Rate%20Book%202.19.26.pdf,"AECI member per aeci.org (Indian Electric is listed on AECI's three-tiered system page, though not called out in the region plan's AECI list -- verify). Smart Thermostat Program: IEC controls enrolled thermostats 2-4 degrees during curtailment events (member override allowed), a real res_dispatch program with a $25-$100 bill credit -- Primary. Did not fully review the rate book PDF for a commercial TOU or curtailable rider.",2026-09-27
10005,"EVERGY KANSAS SOUTH, INC",KS,339987,,,,Unknown,,Unknown,,Unknown,,Unknown,,,
10019,FREESTATE ELECTRIC COOP,KS,18731,,,,Unknown,,Unknown,,Unknown,,Unknown,,,
12524,MIDWEST ENERGY INC,KS,50306,,,,Unknown,,Unknown,,Unknown,,Unknown,,,
13799,PRAIRIE LAND ELECTRIC COOP INC,KS,24684,,,,Unknown,,Unknown,,Unknown,,Unknown,,,
15073,"PIONEER ELECTRIC COOP, INC - (KS)",KS,16590,,,,Unknown,,Unknown,,Unknown,,Unknown,,,
16267,ROLLING HILLS ELECTRIC COOP,KS,11336,,,,Unknown,,Unknown,,Unknown,,Unknown,,,
16854,"HEARTLAND RURAL ELEC COOP, INC",KS,11391,,,,Unknown,,Unknown,,Unknown,,Unknown,,,
19820,VICTORY ELECTRIC COOP ASSN INC,KS,20082,,,,Unknown,,Unknown,,Unknown,,Unknown,,,
20476,WESTERN COOP ELECTRIC ASSN INC,KS,12075,,,,Unknown,,Unknown,,Unknown,,Unknown,,,
20510,"WHEATLAND ELECTRIC COOP, INC",KS,32721,,,,Unknown,,Unknown,,Unknown,,Unknown,,,
22500,"EVERGY KANSAS CENTRAL, INC",KS,393984,,,,Unknown,,Unknown,,Unknown,,Unknown,,,
60839,SOUTHERN PIONEER ELECTRIC COMPANY,KS,16985,,,,Unknown,,Unknown,,Unknown,,Unknown,,,
64196,"4 RIVERS ELECTRIC COOPERATIVE, INC.",KS,12649,,,,Unknown,,Unknown,,Unknown,,Unknown,,,
6941,CITY OF GARDEN CITY,KS,11817,,,,Unknown,,Unknown,,Unknown,,Unknown,,,
9996,CITY OF KANSAS CITY - (KS),KS,67009,,,,Unknown,,Unknown,,Unknown,,Unknown,,,
11018,LINCOLN ELECTRIC SYSTEM,NE,147837,,,,Unknown,,Unknown,,Unknown,,Unknown,,,
11251,LOUP RIVER PUBLIC POWER DIST,NE,20442,,,,Unknown,,Unknown,,Unknown,,Unknown,,,
13337,NEBRASKA PUBLIC POWER DISTRICT,NE,93485,,,,Unknown,,Unknown,,Unknown,,Unknown,,,
13664,NORRIS PUBLIC POWER DISTRICT,NE,25578,,,,Unknown,,Unknown,,Unknown,,Unknown,,,
13725,CITY OF NORTH PLATTE,NE,13828,,,,Unknown,,Unknown,,Unknown,,Unknown,,,
14127,OMAHA PUBLIC POWER DISTRICT,NE,401397,,,,Unknown,,Unknown,,Unknown,,Unknown,,,
17642,SOUTHERN PUBLIC POWER DISTRICT,NE,27717,,,,Unknown,,Unknown,,Unknown,,Unknown,,,
40606,CITY OF GRAND ISLAND - (NE),NE,26670,,,,Unknown,,Unknown,,Unknown,,Unknown,,,
4373,CORNHUSKER PUBLIC POWER DIST,NE,10251,,,,Unknown,,Unknown,,Unknown,,Unknown,,,
4671,CUSTER PUBLIC POWER DISTRICT,NE,10887,,,,Unknown,,Unknown,,Unknown,,Unknown,,,
4911,DAWSON POWER DISTRICT,NE,23281,,,,Unknown,,Unknown,,Unknown,,Unknown,,,
5780,ELKHORN RURAL PUBLIC PWR DIST,NE,10065,,,,Unknown,,Unknown,,Unknown,,Unknown,,,
6779,CITY OF FREMONT - (NE),NE,16096,,,,Unknown,,Unknown,,Unknown,,Unknown,,,
8245,CITY OF HASTINGS - (NE),NE,13766,,,,Unknown,,Unknown,,Unknown,,Unknown,,,
