rto,state,utility_name,ownership_type,program_name,program_category,customer_segment,eligible_assets,enrollment_basis,incentive_structure,incentive_value_usd,event_limits,tariff_schedule,on_peak_window,peak_offpeak_rates,export_compensation,storage_eligible,stackable_with,program_status,source_url,last_verified,confidence
MISO,AR,Arkansas Electric Cooperative Corp (AECC) / member co-ops,Cooperative,"Net-Metering Tariff (APSC Rules-based, e.g. Carroll Electric Coop)",Export-Comp,Residential;SmallC&I,Solar+Storage,Opt-in,avoided-cost credit,"$250 one-time interconnection fee (typical); avoided cost = 12-mo average MISO/SPP load-zone LMP, redetermined annually by Feb 1 for March 1 effective date",,,,,avoided cost (MISO/SPP LMP annual average),Yes-restricted,Unknown,Active,https://www.carrollecc.com/upload/net%20metering%20tariff.pdf,2026-08-08,Medium
MISO,AR,Conway Corp,Municipal,Net Metering,Export-Comp,Residential;SmallC&I,Solar+Storage,Opt-in,bill credit for excess generation,,,,,,net metering credit (rate not published in source),Yes-restricted,Unknown,Active,https://conwaycorp.com/solar/,2026-08-08,Low
MISO,AR,Entergy Arkansas LLC,IOU,Optional Interruptible Service Rider (OISR),DR-Curtailment,SmallC&I;LargeC&I,GeneralLoad,Opt-in,$/kW-month credit + bill discount for nonfirm energy,$4.83/kW monthly minimum demand charge offset; nonfirm energy/demand billed at 57.2% of otherwise applicable rate; $224.68/mo additional customer charge,max 35 hrs/month summer (10 days x1 interruption x4 hr) 55 hrs/month other months; LMR: 10 interruptions/yr 4 hr max,Rate Schedule No. 41,Summer 1-8pm weekdays; Other months 7am-6pm weekdays,,,No,Unknown,Active,http://www.entergyarkansas.com/wp-content/uploads/2024/11/eal_ois.pdf,2026-08-08,High
MISO,AR,Entergy Arkansas LLC,IOU,eMobility Solutions - CI Rider / DA Rider (fleet & charging infrastructure riders),EV-Rate,SmallC&I;LargeC&I,EV/EVSE,Opt-in,infrastructure cost recovery + demand adjustment rider,$250 Level 2 rebate; custom DC fast charger rebates,,CI Rider; DA Rider,,,,No,Unknown,Active,https://emobility.entergy.com/assets/images/homepage/eMobility%20Solutions%20Rates%20and%20Riders.pdf,2026-08-08,Medium
MISO,AR,Entergy Arkansas LLC,IOU,Legacy Net Metering (pre-Act 464/pre-9/30/2024),Export-Comp,Residential;SmallC&I,Solar+Storage,Closed to new,1:1 kWh credit at retail rate (grandfathered),,,,,,"1:1 net metering (legacy, grandfathered)",Yes-restricted,Unknown,Closed to new enrollment,https://www.entergyarkansas.com/net-metering,2026-08-08,Medium
MISO,AR,Entergy Arkansas LLC,IOU,Non-Legacy Net-Metering Service (NLN-M),Export-Comp,Residential;SmallC&I;LargeC&I,Solar+Storage,Default,avoided-cost credit for excess generation,avoided cost rate redetermined annually (MISO/SPP LMP-based),,Rate Schedule No. 71,,,avoided cost (annual redetermination); applies to systems interconnected after 9/30/2024 per Arkansas Cost-Shifting Prevention Act of 2023,Yes-restricted,Unknown,Active,https://www.entergyarkansas.com/wp-content/uploads/2025/06/eal_nln-m.pdf,2026-08-08,High
MISO,AR,North Little Rock Electric Department,Municipal,Net Metering (Solar)/Distributed Generation,Export-Comp,Residential;SmallC&I;LargeC&I,Solar+Storage,Opt-in,avoided-cost credit via dual meters; retail-rate credit for demand-billed via bidirectional meter,,,Ordinance No. 9329,,,Avoided Cost rate; not available to customers on interruptible rates,Yes-restricted,Unknown,Active,http://nlrelectric.com/wp-content/uploads/2025/02/NLR-Net-Metering-and-DG-Rules-Ord-9329-.pdf,2026-08-08,Medium
MISO,AR,Ozarks Electric Cooperative,Cooperative,Net Metering,Export-Comp,Residential;SmallC&I,Solar+Storage,Opt-in,avoided-cost credit for exports; retail rate for consumption,avoided cost per prior-year APSC filing; credits roll over monthly and never expire but apply only to energy portion of bill,,,,,avoided cost of energy (for systems installed after 9/29/2024),Yes-restricted,Unknown,Active,https://www.ozarksecc.com/net-metering,2026-08-08,Medium
MISO,AR,Southwestern Electric Power Co (SWEPCO),IOU,Net Metering / Distributed Generation Interconnection,Export-Comp,Residential;SmallC&I,Solar+Storage,Opt-in,avoided-cost or no-compensation depending on settlement classification,,,,,,varies by customer classification; some BTMG not receiving compensation is excluded from net-metering rules per AR settlement,Unclear,Unknown,Active,https://www.swepco.com/company/about/rates/,2026-08-08,Low
MISO,IA,Ames Electric Services (City of Ames),Municipal,Renewable Energy Buyback (Net Metering/Billing),Export-Comp,All,Solar+Storage;Battery,Default,MISO on-peak 3-yr rolling average buyback (systems from 9/1/2025); legacy fixed per-kWh rate for earlier systems,"New (from 9/1/2025): $0.03191/kWh all classes, recalculated each January; Legacy Residential: $0.0735/kWh summer, $0.0652/kWh winter; Legacy Small Commercial: $0.0678/$0.0594; Legacy Commercial: $0.0472 flat; Legacy Industrial: $0.0506 flat",,,,,Buyback credit for delivered renewable energy; rate depends on interconnection date,Yes-restricted,Residential Time-of-Use Rate,Active,https://www.cityofames.org/My-Government/Departments/Electric-Department/Electric-Rates,2026-08-08,High
MISO,IA,Ames Electric Services (City of Ames),Municipal,Residential Time-of-Use Rate,TOU-Rate,Residential,Battery;EV/EVSE;GeneralLoad,Opt-in,Three-period (on/off/super-off-peak) seasonal energy charge,,,Ames Municipal Code Ch. 28 / Appendix H,On-peak 2-6pm Mon-Fri; off-peak 7am-2pm & 6-8pm weekdays; super off-peak all other times incl. weekends and 6 major holidays,Summer On 26.55c/Off 8.77c/Super-Off 7.40c per kWh; Winter On 13.68c/Off 12.68c/Super-Off 6.94c per kWh,,Yes,Renewable Energy Buyback,Active,https://www.cityofames.org/My-Government/Departments/Electric-Department/Electric-Rates,2026-08-08,High
MISO,IA,Cedar Falls Utilities,Municipal,Energy Exchange (Net Metering),Export-Comp,All,Solar+Storage;Battery,Opt-in,kWh netting/exchange for onsite wind or solar generation,,,,,,,Yes-restricted,Unknown,Active,https://www.cfu.net/filesimages/Utilities/Rate%20Schedules/2025%20Electric%20Rate%20Schedules.pdf,2026-08-08,Low
MISO,IA,Interstate Power and Light Company (Alliant Energy),IOU,Rider INT - Interruptible Service Option,DR-Curtailment,LargeC&I,GeneralLoad,Opt-in,Rate discount in exchange for interruptible load commitment,,,Rider INT,,,,Yes-restricted,Unknown,Active,https://www.alliantenergy.com/-/media/alliant/documents/accountandbilling/ratesandtariffs/iowaelectricrates/riderintservinterruptibleserviceoption.pdf,2026-08-08,Medium
MISO,IA,Interstate Power and Light Company (Alliant Energy),IOU,Appliance Cycling (AC and Water Heater DLC),DR-DLC,Residential,Thermostat/AC;ElectricWaterHeater,Opt-in,Flat monthly bill credit Jun-Sep regardless of dispatch,$8/month AC switch (Jun-Sep); $2/month water heater switch (Jun-Sep),"Cycling in 15-min on/off increments, up to 6 hrs/day; triggered when temps forecast 90F+ and/or demand near 90% of peak, typically 1-7pm",Rider (Appliance Cycling),Typically 1-7pm summer,,,No,Unknown,Active,https://www.alliantenergy.com/ways-to-save/appliance-cycling,2026-08-08,High
MISO,IA,Interstate Power and Light Company (Alliant Energy),IOU,Inflow/Outflow Distributed Generation Tariff,Export-Comp,All,Solar+Storage;Battery,Opt-in,Inflow/outflow netting with annual cash-out at avoided cost,,100% capacity cap based on customer's maximum annual demand; annual true-up/cash-out of remaining credits,Inflow/Outflow Tariff,,,Net billing; annual cash-out of excess credits at avoided-cost rate (per SF583/Iowa Code 476.49),Yes-restricted,Unknown,Active,https://www.alliantenergy.com/-/media/alliant/documents/accountandbilling/ratesandtariffs/iowaelectricrates/inflowoutflowtariff.pdf,2026-08-08,High
MISO,IA,Interstate Power and Light Company (Alliant Energy),IOU,Alliant Energy Smart Hours,TOU-Rate,Residential,Battery;EV/EVSE;GeneralLoad,Opt-in,Time-varying retail rate,,,Smart Hours,,,,Yes,Unknown,Active,https://www.alliantenergysmarthours.com/assets/terms-and-conditions/alliant/Alliant_Smart_Hours_Terms_And_Conditions.pdf,2026-08-08,Low
MISO,IA,Linn County Rural Electric Cooperative,Cooperative,Net Metering,Export-Comp,All,Solar+Storage;Battery,Opt-in,Monthly kWh netting with banked dollar credits,,,Electric Tariff Section 24,,,Dollars from net metering credits are banked and carried forward,Yes-restricted,Unknown,Active,https://wcc.efs.iowa.gov/cs/idcplg?IdcService=GET_FILE&allowInterrupt=1&RevisionSelectionMethod=latest&dDocName=1730773&noSaveAs=1,2026-08-08,Medium
MISO,IA,MidAmerican Energy Company,IOU,Curtailment Program,DR-Curtailment,LargeC&I,GeneralLoad;Generator,Opt-in,Contracted curtailable kW commitment; penalty for non-performance,,Max 6 hrs/event; min 2-hr advance warning; min 200 kW curtailable; Summer-only (Jun-Sep) or Year-Round participation options,Rider CS,Typical expected-demand window 3-6pm,,,Yes-restricted,Unknown,Active,https://www.midamericanenergy.com/curtailment,2026-08-08,High
MISO,IA,MidAmerican Energy Company,IOU,SummerSaver (Load Control Receiver AC Cycling),DR-DLC,Residential,Thermostat/AC,Opt-in,Flat seasonal bill credit regardless of dispatch,$20 end-of-season bill credit,"Cycling window 2-7pm; 50% duty-cycle standard LCR or up to 40%-cycle with TrueCycle learning LCR, Jun-Sep",Rider LCR/SummerSaver,2-7pm summer,,,No,Unknown,Active,https://www.midamericanenergy.com/summersaver,2026-08-08,Medium
MISO,IA,MidAmerican Energy Company,IOU,Rate NEM - Net Energy Metering,Export-Comp,All,Solar+Storage;Battery,Default,Energy supply credits banked and used to offset future energy charges,,,Rate NEM,,,Net billing - excess generation credited as banked energy-supply credits (applications on/after 1/1/2025); annual cash-out at avoided cost,Yes-restricted,Unknown,Active,https://www.midamericanenergy.com/customer-interconnection,2026-08-08,Medium
MISO,IA,MidAmerican Energy Company,IOU,Rate NM - Net Metering (Legacy),Export-Comp,All,Solar+Storage;Battery,Closed to new,kWh netting; delivery charges based on total delivered energy if exporting,,,Rate NM,,,Net metering (kWh-for-kWh) for interconnection applications completed before 1/1/2025,Yes-restricted,Unknown,Closed to new enrollment,https://www.midamericanenergy.com/customer-interconnection,2026-08-08,Medium
MISO,IA,MidAmerican Energy Company,IOU,Time-of-Use Rate GET,TOU-Rate,Residential;SmallC&I;LargeC&I,Battery;EV/EVSE;GeneralLoad,Opt-in,Rate differential by on-peak/off-peak/all-other-hours period,,"Available to residential >50,000 kWh/yr and all nonresidential customers; min 12-month commitment",Rate GET,On-peak 1-6pm Mon-Fri (summer premium); no on-peak on major holidays,,,Yes,Unknown,Active,https://www.midamericanenergy.com/time-of-use-rates,2026-08-08,Medium
MISO,IA,MidAmerican Energy Company,IOU,Time-of-Use Rate RST,TOU-Rate,Residential,Battery;EV/EVSE;GeneralLoad,Opt-in,Rate differential by on-peak/off-peak/all-other-hours period,,Min. 12-month commitment; annual savings comparison performed by utility,Rate RST,On-peak 1-6pm Mon-Fri (summer premium); no on-peak on major holidays,,,Yes,Unknown,Active,https://www.midamericanenergy.com/time-of-use-rates,2026-08-08,Medium
MISO,IA,Muscatine Power and Water,Municipal,Net Metering (Distributed Generation),Export-Comp,All,Solar+Storage;Battery,Opt-in,kWh netting per utility Electric Service Rules,,,,,,,Unclear,Unknown,Active,https://mpw.org/wp-content/uploads/Electric-Service-Rules.pdf,2026-08-08,Low
MISO,IA,Waverly Light and Power,Municipal,Net Metering,Export-Comp,All,Solar+Storage;Battery,Opt-in,kWh netting for onsite renewable generation,,,,,,,Unclear,Unknown,Active,https://findenergy.com/providers/waverly-utilities/,2026-08-08,Low
MISO,IL,Ameren Illinois Company d/b/a Ameren Illinois,IOU,Peak Time Rewards,CPP-PTR,Residential,Battery;Thermostat/AC;GeneralLoad,Opt-in,$/kWh bill credit for usage reduced below personal baseline during events,75 cents/kWh reduced (2022-23 program year; credit reset annually based on market prices),"Min 1 event/yr, max 20 event-hours/yr; typically Jun-Sep weekday afternoons; cannot combine with a Retail Electric Supplier DR program","N/A (program, not a rate rider)",Typically weekday summer afternoons,,,Yes,Power Smart Pricing (mutually exclusive with RES demand response programs),Active,https://www.ameren.com/efficiency/programs/peak-time-rewards,2026-08-08,High
MISO,IL,Ameren Illinois Company d/b/a Ameren Illinois,IOU,Peak Time Savings (Smart Thermostat),DR-BYOT,Residential,Thermostat/AC,Opt-in,Flat enrollment bonus + annual appreciation bonus,$50 enrollment + $25/year,"Up to 4 degF adjustment, max 4 hrs/event","N/A (program, not a rate rider)",,,,No,Unknown,Active,https://www.thermostatrewards.com/ameren-il,2026-08-08,Medium
MISO,IL,Ameren Illinois Company d/b/a Ameren Illinois,IOU,Commercial & Industrial Demand Response Program (Enel-administered),DR-Curtailment,LargeC&I,GeneralLoad;Generator,Opt-in,Third-party-administered capacity and performance payment for curtailable load,,,,,,,Yes-restricted,Unknown,Active,https://www.enelnorthamerica.com/solutions/energy-solutions/demand-response/ameren-illinois-demand-response,2026-08-08,Medium
MISO,IL,Ameren Illinois Company d/b/a Ameren Illinois,IOU,Rider EVCP - DS-1 Residential Charging Program,EV-Rate,Residential,EV/EVSE,Opt-in,Monthly bill credit + preferred-period per-kWh credit + peak per-kWh surcharge,"$4/month credit (first 12 months); PCP delivery credit 2.0 cents/kWh summer, 1.0 cents/kWh non-summer; Peak Hourly Delivery Charge $0.65/kWh on peak-period usage",Min 12 consecutive billing periods,Rider EVCP (DS-1),Non-Preferred Charging Period 11am-7pm; Preferred Charging Period 11pm-7am,,Does not affect Rider NM netting,No,Rider NM,Active,https://www.ameren.com/-/media/rates/files/illinois/aiel21rdevcp.ashx,2026-08-08,High
MISO,IL,Ameren Illinois Company d/b/a Ameren Illinois,IOU,Rider EVCP - DS-2/DS-3/DS-4 Non-Residential Charging Program,EV-Rate,SmallC&I;LargeC&I,EV/EVSE,Opt-in,Monthly bill credit + preferred-period credit + peak surcharge; demand charge limited to on-peak demand for DS-3/DS-4; equipment rebates for qualifying facilities,"$15/month credit (DS-2, first 12 months); PCP credit 2.3 cents/kWh summer, 1.2 cents/kWh non-summer; Peak Hourly Delivery Charge $0.46/kWh (DS-2); equipment rebates up to $5,000 (Level II) / $25,000 (Level III/DCFC) for qualifying equity/low-income facilities",Min 12 consecutive billing periods,Rider EVCP (DS-2/DS-3/DS-4),Non-Preferred Charging Period 11am-7pm; Preferred Charging Period 11pm-7am,,,No,Rider NM,Active,https://www.ameren.com/-/media/rates/files/illinois/aiel21rdevcp.ashx,2026-08-08,High
MISO,IL,Ameren Illinois Company d/b/a Ameren Illinois,IOU,Rider NM - Net Metering,Export-Comp,All,Solar+Storage;Battery,Opt-in,kWh netting per 220 ILCS 5/16-107.5,,,Rider NM,,,1:1 net metering; unaffected by concurrent enrollment in Rider EVCP,Yes-restricted,Rider CGR; Rider EVCP,Active,https://www.ameren.com/illinois/residential/supply-choice/renewables/rebates,2026-08-08,Medium
MISO,IL,Ameren Illinois Company d/b/a Ameren Illinois,IOU,Hourly Supply Service (HSS),RTP-Rate,SmallC&I;LargeC&I,Battery;GeneralLoad,Opt-in,Hourly MISO-indexed supply price passthrough for non-residential (DS-3/DS-4/DS-5/DS-6) customers,,,HSS,,,,Yes,Rider CGR,Active,https://www.ameren.com/-/media/illinois-site/files/electricchoice/illinois-distributed-energy-rebate-application.ashx,2026-08-08,Medium
MISO,IL,Ameren Illinois Company d/b/a Ameren Illinois,IOU,Rider PSP - Power Smart Pricing (with Rider RTP),RTP-Rate,Residential,Battery;EV/EVSE;GeneralLoad,Opt-in,Hourly MISO day-ahead-indexed supply price passthrough,$2.25/month participation charge,12-month lockout if customer exits and re-enrolls,Rider PSP / Rider RTP,Hourly prices posted after 5pm prior day; typically highest 1-5pm summer,,,Yes,Rider NM; Rider CGR,Active,https://www.ameren.com/-/media/rates/files/illinois/aiel26rdpsp.ashx,2026-08-08,High
MISO,IL,Ameren Illinois Company d/b/a Ameren Illinois,IOU,Rider CGR - Customer Generation Rebate (Distributed Generation & Storage Rebate),Storage-Incentive,Residential;SmallC&I;LargeC&I,Solar+Storage;Battery,Opt-in,Upfront $/kW (solar) and $/kWh (storage) rebate; storage rebate stackable with DG rebate,$300/kW DG + $300/kWh storage (residential); $250/kW DG + $250/kWh storage (C&I),,Rider CGR (Sec. 16-107.6),,,,Yes,Rider NM; Illinois Shines (Adjustable Block Program),Active,https://www.ameren.com/-/media/illinois-site/files/electricchoice/illinois-distributed-energy-rebate-application.ashx,2026-08-08,High
MISO,IL,City Water Light and Power (Springfield),Municipal,Net Metering (Distributed Generation),Export-Comp,All,Solar+Storage;Battery,Opt-in,kWh netting,,,,,,1:1 retail net metering grandfathered for systems installed on or before 12/31/2024; supply-only net metering for systems interconnected from 1/1/2025 onward,Yes-restricted,Unknown,Active,https://www.cwlp.com/Renewable.aspx,2026-08-08,Medium
MISO,IL,Illinois Municipal Electric Agency,Municipal,IMEA Demand Response Program,DR-Curtailment,SmallC&I;LargeC&I,GeneralLoad;Generator,Opt-in,Billing credit for qualified municipal facility or C&I customer that curtails to a specified level during a DR event,,,,,,,Yes-restricted,Unknown,Active,https://www.imea.org/Demand%20Response%20Program.html,2026-08-08,Medium
MISO,IL,Illinois Power Agency (statewide Adjustable Block Program administrator),Federal/State,Illinois Shines (Adjustable Block Program),Storage-Incentive,Residential;SmallC&I;LargeC&I,Solar+Storage,Opt-in,REC purchase contract ($/REC) for solar; optional storage adder for community solar+storage projects,,,,,,,Yes-restricted,Rider CGR (utility DG/storage rebate stacks with Illinois Shines REC contract),Active,https://illinoisshines.com/about/,2026-08-08,Medium
MISO,IL,Illinois Power Agency (statewide; covers Ameren Illinois territory),Federal/State,Illinois Standalone Energy Storage Procurement (Public Act 103-1066),Storage-Incentive,LargeC&I,Battery,Opt-in,Forward capacity contract via competitive procurement using IPA/ICC model contract,,"Initial procurement event Aug 26 2026 targeting 1,038 MW standalone storage; up to 1,500 MW total authorized; additional procurements possible 2027-2028",,,,,Yes,Unknown,Proposed/pending,https://www.ilga.gov/documents/reports/ReportsSubmitted/5853RSGAEmail12781RSGAAttachEnergy%20Storage%20Procurement%20Report%205.1.2025.pdf,2026-08-08,High
MISO,IL,Prairie Power Inc.,Cooperative,Net Metering and Member Purchase of Excess Consumer-Owned Generation (Policy #504),Export-Comp,Residential;SmallC&I,Solar+Storage;Battery,Opt-in,Net metering administered through PPI's 10 member distribution cooperatives; caps of 10-20 kW per member co-op tariff,,,Policy #504,,,,Yes-restricted,Unknown,Active,https://www.ppi.coop/renewables/,2026-08-08,Low
MISO,IL,Southern Illinois Power Cooperative,Cooperative,Net Metering / Avoided-Cost Interconnection Policy,Export-Comp,All,Solar+Storage;Battery,Closed to new,Legacy 1:1 net metering grandfathered through 5/31/2027; thereafter avoided-cost PPA for excess generation <=5MW,,"Legacy net metering members as of 12/31/2016 grandfathered until 5/31/2027; $5,000 application fee for interconnections >=40kW at <=12.5kV",,,,"Legacy 1:1 net metering through 5/31/2027, converting to avoided-cost PPA thereafter",Yes-restricted,Unknown,Active,https://sipower.org/interconnection-requests/,2026-08-08,Medium
MISO,IN,AES Indiana (formerly IPL),IOU,Rider 14 Interruptible Power,DR-Curtailment,LargeC&I,GeneralLoad;Battery;Generator,Opt-in,rate discount for interruptible demand availability,,min 1500 kW interruptible demand; 100 MW total cap; called for system integrity/MISO emergency,Rider 14,,,,Yes-restricted,Rider 17,Active,https://www.aesindiana.com/sites/default/files/2021-05/Rider-14-Interruptible-Power-50409-Effective-04-07-21.pdf,2026-08-08,High
MISO,IN,AES Indiana (formerly IPL),IOU,Rider 17 Curtailment Energy,DR-Curtailment,LargeC&I,GeneralLoad;Battery,Opt-in,rate discount for curtailable (reliability-only) power,,Curtailed only for system reliability (not economic),Rider 17,,,,Yes-restricted,Rider 14,Active,https://www.aesindiana.com/contract-riders,2026-08-08,Medium
MISO,IN,AES Indiana (formerly IPL),IOU,CoolCents Direct Load Control,DR-DLC,Residential,Thermostat/AC,Opt-in,bill credit for AC cycling switch,,May-Sep peak days; brief cycling periods,,,,,No,Unknown,Active,https://www.aesindiana.com/press-release/manage-heat-wave-ways-save-energy,2026-08-08,Medium
MISO,IN,AES Indiana (formerly IPL),IOU,Rate OES Off-Peak Energy Storage (Separately Metered),Demand-Charge,SmallC&I,Battery;GeneralLoad,Opt-in,TOU energy rate for dedicated storage meter,Customer charge $82/mo; Off-peak 2.50c/kWh; On-peak 10.00c/kWh,3-yr standard term; non-residential only,Rate OES,Weekdays 6am-10pm,"on 10.00c/kWh / off 2.50c/kWh (10pm-6am wkdy, all wknd/holiday)",,Yes,Unknown,Active,https://www.aesindiana.com/sites/default/files/2021-05/Rate-OES-Off-Peak-Energy-Storage-Separately-Metered-50409-Effective-04-07-21.pdf,2026-08-08,High
MISO,IN,AES Indiana (formerly IPL),IOU,Off-Peak EV Charging Rewards,EV-Rate,Residential,EV/EVSE,Opt-in,$/kWh off-peak incentive + signup bonus,$150 signup + $0.05/kWh off-peak up to $100/yr,Off-peak 10pm-6am daily,,,,,No,Unknown,Active,https://www.aesindiana.com/home-ev-charging-rewards,2026-08-08,High
MISO,IN,AES Indiana (formerly IPL),IOU,Excess Distributed Generation (Rider 16 - EDG),Export-Comp,All,Solar+Storage;Battery,Opt-in,avoided-cost export credit ($/kWh) at 125% of prior-year avg marginal price,$0.03935/kWh (annually updated),Annual update,Standard Contract Rider No. 16,,,avoided cost ~3.94c/kWh (125% of prior-yr avg wholesale price),Yes-restricted,Unknown,Active,https://www.aesindiana.com/sites/aesvault.com/files/2024-08/Rider-16-EDG-45504-Effective-07-01-24.pdf,2026-08-08,High
MISO,IN,CenterPoint Energy Indiana South (formerly Vectren),IOU,Rate RS-CPP / Time-of-Use & Critical Peak Pricing Pilot,CPP-PTR,Residential,GeneralLoad;Battery;Thermostat/AC,Pilot,CPP rate multiplier over TOU on-peak with day-ahead notice,CPP rate = 2x summer on-peak TOU / 8x summer off-peak,Year-round events; max 4 consecutive hrs per event,Rate RS-CPP,Summer on-peak per TOU schedule; CPP overlay day-ahead notified,CPP = 2x on-peak TOU rate; 8x off-peak rate,,Yes-restricted,Unknown,Active,https://www.in.gov/iurc/files/ord_46263_121025.pdf,2026-08-08,High
MISO,IN,CenterPoint Energy Indiana South (formerly Vectren),IOU,Aggregated Demand Response Program (via Enel),DR-Curtailment,SmallC&I;LargeC&I,GeneralLoad;Battery;Generator,Opt-in,incentive payment for verified load curtailment during MISO dispatch,,Dispatched by MISO via Enel aggregation,,,,,Yes-restricted,Unknown,Active,https://www.nacleanenergy.com/alternative-energies/centerpoint-energy-enel-launch-program-to-help-southwestern-indiana-businesses-earn-incentives-for-flexible-energy-use,2026-08-08,High
MISO,IN,CenterPoint Energy Indiana South (formerly Vectren),IOU,Smart Cycle Direct Load Control,DR-DLC,Residential,Thermostat/AC,Opt-in,enrollment bonus + monthly bill credit Mar-Nov,$75 one-time enrollment + $7.50/month (Mar-Nov),Mar-Nov participation,,,,,No,Unknown,Active,https://www.centerpointenergy.com/en-us/residential/save-energy-money/saving-energy/smart-cycle?sa=in,2026-08-08,High
MISO,IN,CenterPoint Energy Indiana South (formerly Vectren),IOU,Excess Distributed Generation (Rider EDG),Export-Comp,All,Solar+Storage;Battery,Opt-in,"avoided-cost export credit ($/kWh) via ""instantaneous netting"" at 125% of prior-yr avg wholesale price",,Annual update,Rider EDG (Sheet No. 53),,,avoided cost ~125% of prior-year avg wholesale price,Yes-restricted,Unknown,Active,https://iurc.portal.in.gov/_entity/sharepointdocumentlocation/dc384fad-2fac-eb11-b1ac-001dd801f5ce/bb9c6bba-fd52-45ad-8e64-a444aef13c39?file=45378+Vectren+South+EDG+Compliance+Filing.pdf,2026-08-08,Medium
MISO,IN,Duke Energy Indiana,IOU,Power Manager Smart Thermostat,DR-BYOT,Residential,Thermostat/AC,Opt-in,enrollment bonus + annual bill credit,$75 one-time enrollment + $25/yr,Brief thermostat adjustments on high-demand days/emergencies; opt-out anytime,Power Manager,,,,No,Unknown,Active,https://www.duke-energy.com/home/products/power-manager/smart-thermostat,2026-08-08,High
MISO,IN,Duke Energy Indiana,IOU,Interruptible Demand Response (IDR) Program,DR-Curtailment,LargeC&I,GeneralLoad;Battery;Generator,Opt-in,monthly capacity incentive + energy incentive when curtailed,,>=2 hr notice; MISO reliability or economic dispatch,Standard Contract Rider,,,,Yes-restricted,Unknown,Active,https://www.in.gov/iurc/files/ord_46268_031826.pdf,2026-08-08,Medium
MISO,IN,Duke Energy Indiana,IOU,EV Off-Peak Charging Credit Pilot,EV-Rate,Residential,EV/EVSE,Opt-in,quarterly bill credit for off-peak charging,$50/quarter for 2 years ($400 total),2-year pilot,,Weekdays 9pm-6am + weekends/holidays off-peak,,,No,Unknown,Active,https://illumination.duke-energy.com/articles/how-duke-energy-manages-ev-charging-helps-customers-save,2026-08-08,Medium
MISO,IN,Duke Energy Indiana,IOU,Excess Distributed Generation Tariff,Export-Comp,All,Solar+Storage;Battery,Opt-in,avoided-cost export credit ($/kWh) at 125% of marginal price,$0.042917/kWh (as of 3/1/2024; updated annually),Annual update using prior-year LMP,Standard Contract Rider No. 54,,,avoided cost ~4.29c/kWh (125% of MISO LMP; updated annually),Yes-restricted,Unknown,Active,https://www.in.gov/oucc/electric/key-cases-by-utility/duke-energy-rates/duke-energy-distributed-generation-tariff/,2026-08-08,Medium
MISO,IN,Duke Energy Indiana,IOU,Residential/Business Time-of-Use Rate,TOU-Rate,Residential;SmallC&I,GeneralLoad;Battery;EV/EVSE,Opt-in,rate discount for off-peak/discount-period usage,,Switch-back to base rate locks out of TOU for 12 months,Time-of-Use Rate (IURC-15),Weekdays 5-9pm (non-winter); 6-8am & 5-9pm weekdays (winter); discount 12-4am daily,on-peak / discount (12-4am; lowest) / off-peak tiers,,Yes-restricted,Unknown,Active,https://www.duke-energy.com/business/billing/rates/new-2025-tou-rates-dei,2026-08-08,High
MISO,IN,Hoosier Energy,Cooperative,Cooperative Power Management Program (CPMP),VPP,LargeC&I,GeneralLoad;Battery;Generator,Opt-in,capacity value payment for load flexibility/curtailment,,Launched 2022; incorporates load curtailment and DER access across member co-ops,,,,,Yes-restricted,Unknown,Active,https://www.hoosierenergy.com/news-resources/jackson-county-remc-hoosier-energy-smart-thermostat-pilot-demonstrates-significant-opportunity-for-energy-cost-savings/,2026-08-08,Medium
MISO,IN,Jackson County REMC,Cooperative,Smart Thermostat Demand Response Pilot (with Hoosier Energy/NRECA),DR-BYOT,Residential,Thermostat/AC,Pilot,per-event demand reduction; no published bill credit found,,18-month pilot; 200 members; avg 0.94 kW summer / 1.9 kW winter reduction per home,,,,,No,Unknown,Pilot,https://www.hoosierenergy.com/news-resources/jackson-county-remc-hoosier-energy-smart-thermostat-pilot-demonstrates-significant-opportunity-for-energy-cost-savings/,2026-08-08,Medium
MISO,IN,Northern Indiana Public Service Co (NIPSCO),IOU,Interruptible Industrial Service Rider,DR-Curtailment,LargeC&I,GeneralLoad;Battery;Generator,Opt-in,contract demand curtailment; penalty for noncompliance,,4-hr min notice; noncompliance = 3-contract-year disqualification,Rider 775,,,,Yes-restricted,Unknown,Active,https://www.nipsco.com/docs/librariesprovider11/rates-and-tariffs/electric-rates/current-rates/table-of-contents/rider-775.pdf,2026-08-08,Medium
MISO,IN,Northern Indiana Public Service Co (NIPSCO),IOU,Excess Distributed Generation,Export-Comp,All,Solar+Storage;Battery,Opt-in,avoided-cost export credit ($/kWh),$0.038333/kWh outflow (125% of MISO NIPS.NIPS avg hourly RT price),Annual update of Marginal DG Price,Rider 589,,,avoided cost 3.83c/kWh (125% of MISO NIPS.NIPS node RT LMP),Yes-restricted,Unknown,Active,https://www.nipsco.com/docs/librariesprovider11/rates-and-tariffs/electric-rates/2023-to-current/rider-589.pdf,2026-08-08,High
MISO,IN,Northern Indiana Public Service Co (NIPSCO),IOU,Net Metering (legacy),Export-Comp,Residential;SmallC&I,Solar+Storage,Closed to new,1:1 retail credit,,Closed to new residential/biomass apps after 6/30/2022 per SEA 309,Rider 580,,,1:1 net metering (legacy participants only per Ind. Code ch. 8-1-40 transition),Yes-restricted,Unknown,Closed to new enrollment,https://www.nipsco.com/services/renewable-energy-programs/net-metering,2026-08-08,Medium
MISO,IN,Northern Indiana Public Service Co (NIPSCO),IOU,Rate 831/832 Real-Time Price / Curtailable Industrial Service,RTP-Rate,LargeC&I,GeneralLoad;Battery,Opt-in,MISO day-ahead/real-time market pass-through,min 10 MW Tier 1,Rate 832 curtailed when Rate 831 curtailment insufficient,Rate 831; Rate 832,,,,Yes-restricted,Unknown,Active,https://www.nipsco.com/docs/librariesprovider11/rates-and-tariffs/electric-rates/2020-current-rates/table-of-contents/832.pdf,2026-08-08,Medium
MISO,IN,Richmond Power & Light,Municipal,Net Metering,Export-Comp,Residential;SmallC&I,Solar+Storage,Opt-in,1:1 retail credit up to inverter cap; sell rate ~half retail above cap,~4.5c/kWh for excess (vs ~7.5-8c/kWh retail),Inverter nameplate <=10kW; larger requires IMPA PPA,,,,1:1 net metering to 10kW inverter cap; excess paid at ~half retail (~4.5c/kWh),Yes-restricted,Unknown,Active,https://www.rp-l.com/safety-education/net-metering/,2026-08-08,Medium
MISO,IN,Wabash Valley Power Alliance,Cooperative,Distributed Generation Purchase (G&T avoided-cost PPA),Export-Comp,SmallC&I;LargeC&I,Solar+Storage;Battery,Opt-in,avoided-cost $/kWh + coincident-peak capacity credit,2026: $3.45/kW-mo coincident peak capacity; on-peak energy $0.05696/kWh; off-peak energy $0.03978/kWh,Projects >25kW to 5MW; via local co-op interconnection,DG Purchase Power and Sale Agreement,Weekdays 6am-10pm on-peak,on-peak 5.696c/kWh / off-peak 3.978c/kWh + $3.45/kW-mo capacity,avoided-cost PPA (>25kW; <25kW set by local co-op),Yes-restricted,Unknown,Active,https://www.wvpa.com/power-supply-diversity/distributed-generation/,2026-08-08,High
MISO,KY,Big Rivers Electric,Cooperative,Solar Net Metering (via member co-ops e.g. Kenergy),Export-Comp,Residential;SmallC&I,Solar+Storage,Opt-in,net metering credit; specific $/kWh not published,,Application required prior to interconnection; substation capacity limits apply (first-come first-served),Tariff 46 (Kenergy Interconnection),,,not specified in published materials,Yes-restricted,Unknown,Active,https://www.kenergycorp.com/alternative-energy/,2026-08-08,Low
MISO,KY,Owensboro Municipal Utilities,Municipal,Net Energy Metering for Renewable Generation,Export-Comp,Residential;SmallC&I,Solar+Storage,Opt-in,excess energy credited at OMU's avoided energy cost (FERC Acct 501) applied to next bill,,Facility capacity <=100kW; cumulative cap 1% of OMU all-time single-hour peak load; first-come first-served,,,,avoided cost (FERC Account 501 fuel cost) credit carried to next billing period; forfeited if service discontinued,Yes-restricted,Unknown,Active,https://omu.org/net-metering/,2026-08-08,High
MISO,LA,Cleco Power LLC,IOU,Interruptible Electric Service Rider (IES),DR-Curtailment,SmallC&I;LargeC&I,GeneralLoad,Opt-in,fixed $/kW incentive credit for curtailment,,,LPSC Electric Tariff No. 40 (IES),,,,No,Market Value Demand Response Rider (MVDR),Active,https://www.cleco.com/docs/default-source/rates-and-fees/other-documents/2026/00-index-of-rate-schedules-and-riders-04-01-2026-clean.pdf,2026-08-08,Medium
MISO,LA,Cleco Power LLC,IOU,Market Value Demand Response Rider Schedule (MVDR),DR-Curtailment,LargeC&I,GeneralLoad,Opt-in,share of net MISO market revenue,Participant retains ~95% of net MISO DR settlement revenue (Company retains greater of 5% or $500/billing period),min 1000 kW (DRR Type 1/2) or 100 kW (EDR/LMR); min 1-yr term,LPSC Electric Tariff No. 39 (MVDR),,,,No (BTMG/net-metering customers excluded),Unknown,Active,https://www.cleco.com/docs/default-source/rates-and-fees/rider-schedule/july-2025/39-mvdr-rider-01-01-2025.pdf,2026-08-08,High
MISO,LA,Cleco Power LLC,IOU,"Distributed Generation Service (net billing, post-2020)",Export-Comp,Residential;SmallC&I,Solar+Storage,Default,avoided-cost credit for exported kWh; retail-rate charge for consumption,avoided cost rate published/updated annually in DG tariff,,Distributed Generation Service Tariff No. 22,,,avoided cost (annually updated); residential up to 25kW / commercial up to 300kW,Yes-restricted,Unknown,Active,https://www.cleco.com/docs/default-source/rates-and-fees/rider-schedule/july-2025/22-optional-residential_small-commercial-distributed-generation-03-01-2025.pdf,2026-08-08,High
MISO,LA,Cleco Power LLC,IOU,"Distributed Generation Service (net metering, pre-2020 grandfathered)",Export-Comp,Residential;SmallC&I,Solar+Storage,Closed to new,full retail-rate credit for exported kWh,,,Distributed Generation Service Tariff,,,full retail rate credit through 12/31/2034 for systems interconnected before 1/1/2020,Yes-restricted,Unknown,Closed to new enrollment,https://www.cleco.com/residential-commercial/interconnections/distributed-generation,2026-08-08,High
MISO,LA,Dixie Electric Membership Corp (DEMCO),Cooperative,Net Metering (avoided cost),Export-Comp,Residential;SmallC&I,Solar+Storage,Opt-in,avoided-cost credit for excess generation,avoided cost $0.03847/kWh effective 3/1/2026-2/28/2027 (updated annually each March),,,,,avoided cost (annual redetermination per LPSC Order R-33929),Yes-restricted,Residential Time-of-Use Rate,Active,https://demco.org/solar-energy-center,2026-08-08,High
MISO,LA,Dixie Electric Membership Corp (DEMCO),Cooperative,Residential Time-of-Use Rate,TOU-Rate,Residential,GeneralLoad,Opt-in,rate discount off-peak vs on-peak,,,,,,,No,Net Metering,Active,https://demco.org/residential-time-use-rates,2026-08-08,Low
MISO,LA,Entergy Louisiana LLC,IOU,Rider EIO Option B,DR-Curtailment,SmallC&I;LargeC&I,GeneralLoad,Opt-in,$/kW-month demand credit,$4.50/kW-month,"1 interruption/day, 12 hr max, 300 hr/yr cap, 2 hr advance notice, 7-yr contract, reliability and economic",Rider EIO,,,,No,Unknown,Active,https://www.entergylouisiana.com/wp-content/uploads/ell_elec_eio.pdf,2026-08-08,High
MISO,LA,Entergy Louisiana LLC,IOU,Rider EIO Option C,DR-Curtailment,LargeC&I,GeneralLoad,Opt-in,$/kW-month demand credit,$5.66/kW-month,"up to 2 interruptions/day (2nd reliability-only), 8 hr max, 300 hr/yr cap, 30-min advance notice, 10-yr contract, reliability and economic",Rider EIO,,,,No,Unknown,Active,https://www.entergylouisiana.com/wp-content/uploads/ell_elec_eio.pdf,2026-08-08,High
MISO,LA,Entergy Louisiana LLC,IOU,Rider IES (Interruptible Economic Service),DR-Curtailment,SmallC&I;LargeC&I,GeneralLoad,Opt-in,$/kW-month demand credit,$2.91/kW-month,"1 interruption/day, 12 hr max, 150 hr/yr cap, 2 hr advance notice, 5-yr contract, reliability only",Rider IES,,,,No,Unknown,Active,https://www.entergylouisiana.com/business/interruptible,2026-08-08,High
MISO,LA,Entergy Louisiana LLC,IOU,eMobility Solutions - CI Rider / DA Rider (GST TOU-based EV charging),EV-Rate,SmallC&I;LargeC&I,EV/EVSE,Opt-in,TOU rate + infrastructure rider,$250 Level 2 rebate; custom DC fast charger rebates,,CI Rider; DA Rider; GST,,,,No,Unknown,Active,https://emobility.entergy.com/assets/images/homepage/eMobility%20Solutions%20Rates%20and%20Riders.pdf,2026-08-08,Medium
MISO,LA,Entergy Louisiana LLC,IOU,Net Billing - Rider Schedule DG (post-2019 two-channel billing),Export-Comp,Residential;SmallC&I,Solar+Storage,Default,retail-rate credit for behind-the-meter use; avoided-cost credit for grid export,avoided cost $0.0259331/kWh effective 4/1/2025,,Rider DG,,,avoided cost $0.0259331/kWh for exported surplus energy (post-12/31/2019 installs),Yes-restricted,Unknown,Active,https://www.entergylouisiana.com/wp-content/uploads/ell_elec_dg.pdf,2026-08-08,High
MISO,LA,Entergy Louisiana LLC,IOU,Net Metering - Rider Schedule NM (grandfathered pre-2020 DG),Export-Comp,Residential;SmallC&I,Solar+Storage,Closed to new,1:1 credit at retail rate; excess rolls to next month,,,Rider NM,,,1:1 net metering; grandfathered through 12/31/2034 for systems installed by 12/31/2019,Yes-restricted,Unknown,Closed to new enrollment,https://www.entergylouisiana.com/wp-content/uploads/ell_elec_nm.pdf,2026-08-08,High
MISO,LA,Entergy New Orleans LLC,IOU,Net metering (City Council rules),Export-Comp,Residential;SmallC&I,Solar+Storage,Default,monthly kWh offset; excess credited at avoided cost on final bill,,,,,,net metering to 25kW residential/300kW commercial; avoided cost paid on account closure,Yes-restricted,Unknown,Active,https://www.entergyneworleans.com/net-metering,2026-08-08,Medium
MISO,LA,Entergy New Orleans LLC,IOU,"Citywide Battery Incentive Program (expanded VPP, $28M settlement-funded)",Storage-Incentive,Residential;SmallC&I;LargeC&I,Battery,Proposed/pending,upfront incentive toward battery purchase,"up to $10,000/home; up to $100,000/business; ~1,500 homes and 150 community institutions targeted; 40% of residential funds reserved for LMI",implementation plan due to City Council by 3/1/2026,,,,,Yes,VPP Pilot (EnergyHub),Proposed/pending,https://lailluminator.com/2026/02/25/new-orleans-battery/,2026-08-08,Medium
MISO,LA,Entergy New Orleans LLC,IOU,Virtual Power Plant Pilot (EnergyHub-managed residential batteries),VPP,Residential,Battery,Pilot,$/season or $/event bill credit,up to $600/yr per participating battery,"up to 30 events/yr, 2 hr per event",,,,,Yes,Unknown,Pilot,https://lailluminator.com/2026/02/25/new-orleans-battery/,2026-08-08,Medium
MISO,LA,Lafayette Utilities System,Municipal,Net Metering Program,Export-Comp,Residential;SmallC&I,Solar+Storage,Opt-in,bill credit for excess generation offsetting usage,,,,,,net metering credit (rate not published in source),Yes-restricted,Unknown,Active,https://lus.org/net-metering-revised/,2026-08-08,Low
MISO,LA,Louisiana Energy & Power Authority (LEPA) member municipalities,Municipal,"Net Metering (member-city specific, e.g. Plaquemine)",Export-Comp,Residential;SmallC&I,Solar+Storage,Opt-in,bill credit/avoided cost (varies by member city; not LPSC-regulated),,,,,,varies by member municipality; municipal utilities set own programs per LA statute (not PSC-regulated),Unclear,Unknown,Active,https://programs.dsireusa.org/system/program/detail/2484/city-of-new-orleans-net-metering,2026-08-08,Low
MISO,LA,South Louisiana Electric Cooperative Assn (SLECA),Cooperative,Net Metering / Distributed Generation Rider,Export-Comp,Residential;SmallC&I,Solar+Storage,Opt-in,avoided-cost credit for excess generation; retail-rate credit if pre-2020,avoided cost (SLECA 2025 LMP average) $0.03632/kWh; $100 inspection fee for new/modified systems since 9/1/2018,,Distributed Generation Rider Section V,,,avoided cost (annual LMP average) for post-2020 interconnections; full retail credit if established before 1/1/2020 (Section V.C grandfathering),Yes-restricted,Unknown,Active,https://www.sleca.com/member-services/net-metering/,2026-08-08,High
MISO,LA,Southwestern Electric Power Co (SWEPCO),IOU,Load Management Service Option Program (LMSOP) / Interruptible Service,DR-Curtailment,LargeC&I,GeneralLoad,Opt-in,rate discount for interruptible load,,,,,,,No,Unknown,Active,https://www.swepco.com/lib/docs/ratesandtariffs/Louisiana/LA_Tariff_Book_as_of_06-01-26.pdf,2026-08-08,Low
MISO,MI,Cloverland Electric Cooperative,Cooperative,General Service 1 / General Service 3 Demand Rate,Demand-Charge,SmallC&I,GeneralLoad;Battery,Default,per-kW demand charge based on single highest hourly reading during defined window,GS1 demand rate $5.01/kW (2026) rising to $8.43 (2027)/$12.19 (2028); GS3 demand rate $4.85/kW (2026) rising to $7.76 (2027)/$10.96 (2028); plus energy and energy-capacity charges,Demand determined by single highest one-hour reading in billing cycle 8am-9pm,General Service 1 (GS1) / General Service 3 (GS3),8am-9pm demand window,,,Yes,EV Rate;Distributed Energy Resource Program,Active,https://www.cloverland.com/billing-payments/rates-charges/,2026-08-08,High
MISO,MI,Cloverland Electric Cooperative,Cooperative,EV Rate,EV-Rate,Residential,EV/EVSE,Opt-in,separately available residential rate with lower energy-capacity charge and per-kW demand charge in exchange,Facility charge $28.00/month; energy charge $0.04330/kWh; energy-capacity charge $0.0176/kWh; energy optimization $0.00197/kWh; demand rate $4.33/kW (based on single highest 1-hr reading 8am-9pm),No change to EV rate in 2026-2028 phased general rate adjustment,EV Rate,8am-9pm demand window,energy $0.04330/kWh + capacity $0.0176/kWh (vs. standard residential capacity charge $0.04873/kWh),,Yes,Distributed Energy Resource Program,Active,https://www.cloverland.com/energy-solutions/electric-vehicles/,2026-08-08,High
MISO,MI,Cloverland Electric Cooperative,Cooperative,Distributed Energy Resource (DER) Program,Export-Comp,All,Solar+Storage,Opt-in,net billing; excess generation credited at retail energy rate (Net Excess Generation),"Level 1 (0-20 kWAC) and Level 2 (>20-150 kWAC) DERs receive full retail rate credit on excess generation delivered to grid, excluding facility/demand charges; Level 3-5 (>150kWAC) generation sale negotiated or sold on open market",Generation sized not to exceed member's annual energy needs (Level 1/2); non-refundable application fee for interconnection,DER-F003 Interconnection Application (5-tier DER program per MPSC interconnection rules R460.901-460.992),,,"Net Excess Generation (NEG) credited at full retail energy rate (excludes facility/demand charges); credits roll over indefinitely, do not expire",Yes-restricted,EV Rate,Active,https://www.cloverland.com/energy-solutions/der/,2026-08-08,High
MISO,MI,Consumers Energy Co,IOU,Critical Peak Pricing Program,CPP-PTR,Residential,Any;Battery,Opt-in,discounted off-peak rate + high event-only penalty rate,Off-peak/on-peak 17.0c/23c per kWh (non-event); event rate $1.00/kWh 2-6pm on event days,Max 14 events/yr; Jun 1-Aug 31; weekdays 2-6pm non-holiday; min 12-month commitment,Critical Peak Pricing (CPP),Weekdays 2p-6p (event days only),non-event on 23c/off 17.0c per kWh; event $1.00/kWh,,Yes-restricted,Summer Rate,Active,https://www.consumersenergy.com/residential/account-and-billing/rates/electric-rates-and-programs/rate-plan-options/time-of-use-rate-plans/critical-peak-pricing-program,2026-08-08,High
MISO,MI,Consumers Energy Co,IOU,Peak Time Rewards Program,CPP-PTR,Residential,Any;Battery,Opt-in,peak-time rebate for load reduction/shift,$1/kW (per program hero) or $0.50/kWh (per PTR summary table) credited for usage shifted out of 2-6pm on event days; baseline 17.8c/kWh other hours,Max 14 events/yr; Jun 1-Aug 31; weekdays 2-6pm non-holiday; no penalty for non-participation,Peak Time Rewards (PTR),Weekdays 2p-6p (event days only),baseline 17.8c/kWh; event credit ~$0.50-$1/kWh shifted,,Yes-restricted,Summer Rate,Active,https://www.consumersenergy.com/residential/account-and-billing/rates/electric-rates-and-programs/rate-plan-options/time-of-use-rate-plans/peak-time-rewards-program,2026-08-08,High
MISO,MI,Consumers Energy Co,IOU,Smart Thermostat Program,DR-BYOT,Residential,Thermostat/AC,Opt-in,enrollment bonus + seasonal bill credit,$50 enrollment + $25/summer thereafter,Summer events,N/A (BYOT pilot),Summer event days,,,No,Summer Rate;Critical Peak Pricing,Active,https://www.consumersenergy.com/residential/account-and-billing/rates/electric-rates-and-programs/rate-plan-options/time-of-use-rate-plans,2026-08-08,Medium
MISO,MI,Consumers Energy Co,IOU,AC Peak Cycling Program,DR-DLC,Residential,Thermostat/AC,Closed to new,enrollment gift card + seasonal bill credits,"$32/yr bill credits (Jun-Sep, ~$5/mo) + sign-up Visa gift card",Enrollment currently closed (existing participants continue); cycling on hottest days,N/A (AC cycling switch device),Summer event days,,,No,Unknown,Closed to new enrollment,https://www.michigannewssource.com/2024/07/editorial-consumers-energys-ac-peak-cycling-program-offers-sweating-for-savings/,2026-08-08,Medium
MISO,MI,Consumers Energy Co,IOU,PowerMIDrive Smart Charging Incentive,EV-Rate,Residential,EV/EVSE,Opt-in,monthly bill credit for off-peak charging + mandatory TOU enrollment,$10/mo credit up to $120 over 12 months per EV,Charge 11pm-6am weekdays (anytime weekends); 3 off-schedule exceptions/mo allowed; requires enrollment in Nighttime Savers Rate (RPM_1050),Nighttime Savers Rate RPM_1050 + Smart Charging Incentive,Off-peak credit window 11p-6a weekdays,Nighttime Savers Rate (TOU) - rates not published in source,,No,Nighttime Savers Rate,Active,https://www.consumersenergy.com/residential/savings-and-clean-energy/electric-vehicles/smart-charging-incentive,2026-08-08,High
MISO,MI,Consumers Energy Co,IOU,Distributed Generation Program (Inflow-Outflow),Export-Comp,All,Solar+Storage,Opt-in,retail rate for imported energy; power-supply-only credit for exported energy,Export credit approx 6-12 cents/kWh (power supply component only; no distribution/transmission credit),Replaced full net metering in 2018; DG cap raised to 4% of peak load,Inflow-Outflow Distributed Generation Tariff,,,"Exported kWh credited at power-supply component of retail rate only (~6-12c/kWh), not full retail rate",Yes-restricted,Unknown,Active,https://planetdetroit.org/2023/05/legislators-introduce-bills-to-lift-solar-cap-restore-net-metering-and-establish-fair-value-tariff-for-distributed-generation/,2026-08-08,Medium
MISO,MI,Consumers Energy Co,IOU,Summer Rate (Default Residential TOU),TOU-Rate,Residential,Any,Default,rate discount off-peak (default plan),On-peak $0.245/kWh; off-peak $0.197/kWh (summer); flat $0.176/kWh non-summer,Jun 1-Sep 30 summer season,Summer Rate (default),Weekdays 2p-7p Jun-Sep,on $0.245/kWh / off $0.197/kWh (summer); flat $0.176/kWh rest of year,,Yes,Peak Time Rewards;Critical Peak Pricing;PowerMIDrive,Active,https://consumersenergy.com/summerrate,2026-08-08,High
MISO,MI,DTE Electric Co,IOU,Dynamic Peak Pricing Rate,CPP-PTR,Residential,Any;Battery,Closed to new,three-tier TOU plus critical peak event pricing,Peak 10.800c non-capacity+6.398c capacity; mid-peak 5.579c+3.305c; off-peak 2.878c+1.705c; critical-peak event rate 84.200c/kWh total,"Max 14 critical peak weekday events/yr, 3p-7p; requires advanced meter",Rate D1.8,Weekdays peak 3p-7p; mid-peak 7a-3p & 7p-11p; critical events called within peak window,peak ~17.2c; mid-peak ~8.9c; off-peak ~4.6c; critical-peak event 84.2c per kWh,,Yes-restricted,Unknown,Closed to new enrollment,https://www.dteenergy.com/content/dam/dteenergy/deg/website/residential/Service-Request/pricing/residential-pricing-options/ResidentialElectricRateCard.pdf,2026-08-08,High
MISO,MI,DTE Electric Co,IOU,Smart Savers (BYOT Thermostat / Rush Hour Rewards / eco+),DR-BYOT,Residential,Thermostat/AC,Opt-in,annual bill credit for automated thermostat event participation,$50 bill credit per year participated,"Adjustments up to 4degF; max ~4 hrs; non-holiday weekdays throughout year; Nest customers = Rush Hour Rewards, ecobee = eco+",N/A (Wi-Fi thermostat DR program),Event days (non-holiday weekdays),,,No,CoolCurrents;DTE Smart Charge,Active,https://www.dteenergy.com/us/en/residential/save-money-energy/get-started-with/demand-response.html,2026-08-08,High
MISO,MI,DTE Electric Co,IOU,Capacity Release Rider (Rider 12),DR-Curtailment,SmallC&I;LargeC&I,GeneralLoad,Opt-in,discount for interruptible load capacity release,Discounted rate (amount unpublished),Customers able to interrupt at least 100 kWh at a single location,Rider 12,,,,Yes-restricted,Unknown,Active,https://www.dteenergy.com/us/en/business/service-request/pricing/demand-response.html,2026-08-08,Medium
MISO,MI,DTE Electric Co,IOU,Interruptible General Service Rate,DR-Curtailment,SmallC&I,GeneralLoad,Opt-in,discounted rate for voluntary temporary load shift,Discounted vs standard D3 rate (amount unpublished),Low-to-moderate energy use businesses; shift usage when requested during Demand Response Events,Rate D3.3,,,,Yes-restricted,Unknown,Active,https://www.dteenergy.com/us/en/business/service-request/pricing/demand-response.html,2026-08-08,Medium
MISO,MI,DTE Electric Co,IOU,Interruptible Supply Rate,DR-Curtailment,LargeC&I,GeneralLoad,Opt-in,discounted primary-supply rate for contracted interruptible load,Discounted vs standard D11/D6.2 rate (amount unpublished),Businesses voluntarily shift contracted interruptible load upon request,Rate D8,,,,Yes-restricted,Unknown,Active,https://www.dteenergy.com/us/en/business/service-request/pricing/demand-response.html,2026-08-08,Medium
MISO,MI,DTE Electric Co,IOU,Interruptible Supply Rider (Rider 10),DR-Curtailment,LargeC&I,GeneralLoad,Opt-in,discounted rate for large contracted load reduction,Discounted vs D11/D6.2 (amount unpublished),Customers reduce between 50000 and 400000 kWh at a single location during Demand Response Events,Rider 10,,,,Yes-restricted,Unknown,Active,https://www.dteenergy.com/us/en/business/service-request/pricing/demand-response.html,2026-08-08,Medium
MISO,MI,DTE Electric Co,IOU,Metal Melting Rider (Rider 1.1),DR-Curtailment,LargeC&I,GeneralLoad,Opt-in,discounted rate for interruptible electric furnace load,Discounted vs D3/D4/D8/D11 (amount unpublished),Electric furnaces for metal melting/reducing ores/holding operations; separate interruptible meter required,Rider 1.1,,,,Yes-restricted,Unknown,Active,https://www.dteenergy.com/us/en/business/service-request/pricing/demand-response.html,2026-08-08,Medium
MISO,MI,DTE Electric Co,IOU,CoolCurrents (Interruptible Space Conditioning Rate),DR-DLC,Residential,Thermostat/AC;HeatPump,Opt-in,discounted flat rate for interruptible AC/heat pump circuit,"Jun-Oct 7.367c/kWh; Nov-May 5.237c/kWh (power supply, combined capacity+non-capacity), vs Time of Day 3-7pm on-peak rate; up to 29% savings claimed",Separately metered central AC/air-source heat pump circuit; utility may briefly interrupt during high peak demand,Rate D1.1,,,,No,DTE Smart Savers,Active,https://www.dteenergy.com/content/dam/dteenergy/deg/website/residential/Service-Request/pricing/residential-pricing-options/CoolCurrents.pdf,2026-08-08,High
MISO,MI,DTE Electric Co,IOU,Water Heating Service Rate (Controlled/Interruptible),DR-DLC,Residential,ElectricWaterHeater,Opt-in,discounted flat rate for interruptible water heater circuit,"4.902c/kWh (power supply, capacity+non-capacity combined) vs standard rates",Up to 4 hrs/day interruption; separately metered water heater circuit,Rate D5,,,,No,Unknown,Active,https://www.dteenergy.com/content/dam/dteenergy/deg/website/residential/save-money-and-energy/rebates-and-offers/water-heaters/WaterHeatingServiceRate.pdf,2026-08-08,High
MISO,MI,DTE Electric Co,IOU,DTE Smart Charge (managed EV charging),EV-Rate,Residential,EV/EVSE,Opt-in,monthly enrollment/participation incentive for managed off-peak charging,$5/month incentive,Opt-out of any event anytime; requires enrollment in a qualifying TOU rate,N/A (managed charging platform),Charging scheduled/shifted off-peak automatically,,,No,Time of Day rates;Overnight Savers,Active,https://www.dteenergy.com/content/dam/dteenergy/deg/website/residential/Service-Request/pev/plug-in-electric-vehicles-pev/SmartChargeBrochure.pdf,2026-08-08,High
MISO,MI,DTE Electric Co,IOU,Electric Vehicle Rate,EV-Rate,Residential,EV/EVSE,Closed to new,discounted flat TOU rate on separately metered EV circuit,"Peak (9a-11p weekdays) 17.359c/kWh; off-peak 4.340c/kWh (power supply, capacity+non-capacity)",Fully subscribed - new enrollment closed,Rate D1.9,Weekdays 9a-11p,on 17.359c / off 4.340c per kWh (power supply component),,No,Unknown,Closed to new enrollment,https://www.dteenergy.com/content/dam/dteenergy/deg/website/residential/Service-Request/pricing/residential-pricing-options/ResidentialElectricRateCard.pdf,2026-08-08,High
MISO,MI,DTE Electric Co,IOU,Distributed Generation (post-2019),Export-Comp,All,Solar+Storage,Opt-in,credit for electricity exported to grid (post-Net-Metering successor tariff),Unpublished exact c/kWh (power-supply-component credit per MI PA 342 framework),Available to on-site renewable generation customers after May 9 2019,Distributed Generation Rider,,,Credit for exported kWh at power-supply-component rate (not full retail),Yes-restricted,Unknown,Active,https://www.dteenergy.com/content/dam/dteenergy/deg/website/residential/Service-Request/pricing/residential-pricing-options/ResidentialElectricRateCard.pdf,2026-08-08,Medium
MISO,MI,DTE Electric Co,IOU,Net Metering (legacy),Export-Comp,All,Solar+Storage,Closed to new,full retail-rate credit for exported energy (legacy program),Full retail rate credit,Closed to new customers; existing sites continue for 10 years from initial billing date,Net Metering Rider,,,1:1 retail-rate net metering (legacy; grandfathered 10 yrs),Yes-restricted,Unknown,Closed to new enrollment,https://www.dteenergy.com/content/dam/dteenergy/deg/website/residential/Service-Request/pricing/residential-pricing-options/ResidentialElectricRateCard.pdf,2026-08-08,High
MISO,MI,DTE Electric Co,IOU,Overnight Savers Rate,TOU-Rate,Residential,Any,Opt-in,three-tier rate discount with super off-peak overnight window,"Jun-Sep on 15.991c, off 10.784c, super-off-peak 6.852c per kWh (power supply); Oct-May on 9.274c, off 8.214c, super-off-peak 6.852c",,Rate D1.13,Weekdays peak 3p-7p; super off-peak 1a-7a daily,summer on 15.991c/off 10.784c/super-off-peak 6.852c; non-summer on 9.274c/off 8.214c/super-off-peak 6.852c per kWh,,Yes,DTE Smart Charge,Active,https://www.dteenergy.com/content/dam/dteenergy/deg/website/residential/Service-Request/pricing/residential-pricing-options/ResidentialElectricRateCard.pdf,2026-08-08,High
MISO,MI,DTE Electric Co,IOU,Time of Day 11am-7pm Rate,TOU-Rate,Residential,Any,Opt-in,rate discount off-peak,"Jun-Oct on 16.203c/kWh, off 5.456c/kWh; Nov-May on 13.687c/kWh, off 5.241c/kWh (power supply only)",,Rate D1.2,Weekdays 11a-7p,summer on 16.203c / off 5.456c; non-summer on 13.687c / off 5.241c per kWh (power supply component),,Yes,DTE Smart Charge;Smart Savers,Active,https://www.dteenergy.com/content/dam/dteenergy/deg/website/residential/Service-Request/pricing/residential-pricing-options/ResidentialElectricRateCard.pdf,2026-08-08,High
MISO,MI,DTE Electric Co,IOU,Time of Day 3pm-7pm Rate,TOU-Rate,Residential,Any,Opt-in,rate discount off-peak,"Summer (Jun-Sep) on 14.407c/kWh (capacity+non-capacity), off 8.709c/kWh; Oct-May on 10.319c/kWh, off 8.709c/kWh (power supply only, excl. distribution/RIA)",,Rate D1.11,Weekdays 3p-7p,summer on 14.407c / off 8.709c; non-summer on 10.319c / off 8.709c per kWh (power supply component),,Yes,DTE Smart Charge;Smart Savers,Active,https://www.dteenergy.com/content/dam/dteenergy/deg/website/residential/Service-Request/pricing/residential-pricing-options/ResidentialElectricRateCard.pdf,2026-08-08,High
MISO,MI,Great Lakes Energy Cooperative,Cooperative,Buy-All / Sell-All Program,Export-Comp,All,Solar+Storage,Opt-in,cooperative purchases 100% of on-site generation at a fixed per-kWh rate (customer remains a full retail purchaser separately),$0.065/kWh for all electricity generated and placed on the grid,20-year agreement; 100kW system size cap; system must be on customer premises,Buy-All/Sell-All (BASA) Tariff,,,Cooperative buys 100% of generation at $0.065/kWh flat (not net metering — customer is a distinct generator/seller),Yes-restricted,Distributed Renewable Energy Program;Large Renewable Energy,Active,https://www.gtlakes.com/wp-content/uploads/2026/03/BASA-Tariff-begins-12-1-25.pdf,2026-08-08,High
MISO,MI,Great Lakes Energy Cooperative,Cooperative,Distributed Renewable Energy Program,Export-Comp,All,Solar+Storage,Opt-in,inflow billed at retail rate; outflow (excess generation) credited at fixed per-kWh rate,Credit of $0.056/kWh for excess generation placed on the grid; retail offset for kWh produced and used onsite,10-year agreement; 20kW system size cap; self-supplied energy not flowing onto grid is not displayed/credited separately,Distributed Renewable Energy (DRE) Tariff,,,Net billing; excess generation credited at $0.056/kWh (below full retail rate); self-consumed solar offsets usage 1:1,Yes-restricted,Buy-All/Sell-All;Large Renewable Energy,Active,https://www.gtlakes.com/wp-content/uploads/2026/03/DRE-Tariff-begins-12-1-25.pdf,2026-08-08,High
MISO,MI,Great Lakes Energy Cooperative,Cooperative,Large Renewable Energy Program,Export-Comp,LargeC&I,Solar+Storage,Opt-in,cooperative purchases excess/self-supplied generation at market value (production-weighted average LMP),Annual credit paid at production-weighted average LMP for excess electricity purchased,10-year agreement; 1MW system size cap; on-premises generation only,Large Renewable Energy (LRE) Program Tariff,,,"Excess generation credited annually at production-weighted average LMP (wholesale market-indexed, not fixed retail rate)",Yes-restricted,Distributed Renewable Energy Program;Buy-All/Sell-All,Active,https://www.gtlakes.com/wp-content/uploads/2026/05/Large-Renewable-Energy-Program-Tariff-LRE.pdf,2026-08-08,High
MISO,MI,Holland Board of Public Works,Municipal,Time-of-Use Rate for Residential EV Owners,EV-Rate,Residential,EV/EVSE,Opt-in,three-tier TOU rate for whole-home service,On-peak $0.1200/kWh; mid-peak $0.0480 (Nov-Apr)/$0.0589 (May-Oct); off-peak $0.0301/kWh; plus delivery $0.0422/kWh,Must own/lease a plug-in EV,Rate for PEV owners (Electric Rate Book),Weekdays on-peak 10a-6p; mid-peak 8a-10a & 6p-10p; off-peak 10p-8a; weekends/holidays off-peak,on $0.1200 / mid $0.0480-0.0589 / off $0.0301 per kWh (plus delivery $0.0422/kWh all hours),,Yes,Distributed Generation Program,Active,https://www.hollandbpw.com/en/customer-service/rates/residential,2026-08-08,High
MISO,MI,Holland Board of Public Works,Municipal,Distributed Generation Program - Rate A,Export-Comp,Residential,Solar+Storage,Opt-in,inflow billed at retail rate; outflow credited at Distributed Energy Value,Distributed Energy Value $0.0524/kWh (Nov-Apr) / $0.0725/kWh (May-Oct),Outflow credit can offset energy/delivery/capacity/readiness charges same billing period only; no credit carryover to future billings,Rate A (Distributed Generation),,,"Inflow-outflow billing; export credited at Distributed Energy Value (~5.2-7.3c/kWh), no banking of unused credits",Yes-restricted,Time-of-Use EV Rate,Active,https://www.hollandbpw.com/en/customer-service/rates/residential,2026-08-08,High
MISO,MI,Indiana Michigan Power - Michigan,IOU,Residential PEV Off-Peak Charging (RS-PEV Options 1/2/3),EV-Rate,Residential,EV/EVSE,Opt-in,"discounted off-peak per-kWh rate for EV charging (whole-house TOU, separately-metered TOU, or submetered TOU options) plus one-time incentive","$500 signup incentive; Option 1 (Tariff 057) on-peak 26.687 cents/kWh, off-peak 7.796 cents/kWh; Option 2 (Tariff 058) same rates + $7.58/mo meter fee; Option 3 (Tariff 059, most common) standard rate 16.424 cents/kWh daytime + discounted 8.424 cents/kWh overnight submetered rate",Must own/lease MI-registered PEV acquired after Jan 2020; Level 2 charger required; submeter installed free by I&M (customer pays electrician for submeter base),Tariff 057 / Tariff 058 / Tariff 059 (RS Tariff 015 base),Option 1/2: weekdays 7am-9pm on-peak; 9pm-7am + weekends off-peak. Option 3: 11pm-6am daily off-peak,"Option 1/2: on 26.687 cents / off 7.796 cents per kWh; Option 3: standard 16.424 cents daytime / off-peak 8.424 cents overnight (EV only, submetered)",,Yes,DG Rider;Net Metering Service Rider 1 (NMS-1),Active,https://www.indianamichiganpower.com/clean-energy/electric-cars/charge-at-home-michigan,2026-08-08,High
MISO,MI,Indiana Michigan Power - Michigan,IOU,Distributed Generation (DG) Rider / Net Metering Service Rider 1 (NMS-1),Export-Comp,All,Solar+Storage,Opt-in,"inflow-outflow billing (DG Rider, current) or legacy 1:1 net metering (NMS-1, grandfathered, closed to new systems >=20kW)",Rate/credit figures not published in accessible pages; NMS-1 available only for generation systems <20kW as grandfathered legacy option,Can be combined with RS-PEV off-peak EV charging tariffs,DG Rider / NMS-1,,,"Current customers use inflow-outflow DG Rider; legacy NMS-1 net metering available only for <20kW systems, closed to larger/new participants",Yes-restricted,RS-PEV Options 1/2/3,Active,https://www.indianamichiganpower.com/clean-energy/electric-cars/charge-at-home-michigan,2026-08-08,Low
MISO,MI,Lansing Board of Water & Light,Municipal,Peak Power Partner Demand Response Program,DR-BYOT,Residential;SmallC&I,Thermostat/AC,Opt-in,flat enrollment bonus plus annual performance bonus for smart thermostat participation,$50 check upon enrollment; $25 check at year-end if opted-in to at least 50% of yearly energy events,Events triggered weekdays only during high-cost periods; thermostat adjusted 2-4 degrees for up to 4 hours; customer can override/opt-out of individual events,Peak Power Partner Program,,,,Unclear,RES1;RESTOU;Distributed Generation Program,Active,https://www.lbwl.com/customers/save-money-energy/peak-power-partner-demand-response-program,2026-08-08,High
MISO,MI,Lansing Board of Water & Light,Municipal,Standard Midsize Commercial Electric Service (MC1),Demand-Charge,SmallC&I,GeneralLoad;Battery,Default,flat energy rate plus per-kW demand charge with power-factor penalty,$15.50/kW Max Demand for all kW above 15 kW (summer) or $14.00/kW for all kW of Maximum Demand (winter); power factor penalty 0-10% below 0.900 PF; plus $75.00/month basic service charge,Applies to three-phase secondary-voltage commercial customers,Rate MC1,,,,Yes,Unknown,Active,https://www.lbwl.com/documents/2025-business-electric,2026-08-08,High
MISO,MI,Lansing Board of Water & Light,Municipal,Separately Metered Plug-In Electric Vehicle Charging Residential Electric Service (RES22),EV-Rate,Residential,EV/EVSE,Opt-in,separately metered EV charging rate (structure/rate not published in accessible tariff excerpt),Rate figures not published in extracted tariff text; requires separate EV meter,,Rate RES22,,,,Yes,RES1;RESTOU,Active,https://www.lbwl.com/documents/2025-residential-electric,2026-08-08,Low
MISO,MI,Lansing Board of Water & Light,Municipal,Distributed Generation Program (Solar Outflow Credit),Export-Comp,All,Solar+Storage,Opt-in,inflow billed at retail rate; outflow credited via itemized outflow credit combining energy/capacity/REC value,"Total outflow credit $0.075/kWh (Average on-peak energy cost $0.050 + MISO capacity credit avg $0.012 + REC value $0.013, based on 2021-2023 averages); plus solar installation rebate $500/kW up to $2,000 (4kW max)",Interconnection Application and Rules & Regulations compliance required; installations may include storage per interconnection application,Renewable Energy Distributed Generation Rider (DG),,,Outflow credited at $0.075/kWh (energy + capacity + REC components); inflow billed at standard retail rate,Yes-restricted,Peak Power Partner;RES1;RESTOU,Active,https://www.lbwl.com/customers/save-money-energy/install-my-own-solar,2026-08-08,High
MISO,MI,Lansing Board of Water & Light,Municipal,Off-Peak Savers Rate (RESTOU),TOU-Rate,Residential,GeneralLoad;Battery;EV/EVSE,Opt-in,optional seasonal time-of-use rate with wider on/off-peak spread than default RES1,"Summer: on-peak $0.3047/kWh, off-peak $0.1171/kWh; Winter: on-peak $0.1826/kWh, off-peak $0.1194/kWh; plus $25.00/month basic service charge",Summer Jun-Sep; Winter Oct-May,Rate RESTOU,Weekdays 1pm-8pm on-peak; all other hours plus weekends/holidays off-peak,summer on $0.3047/off $0.1171; winter on $0.1826/off $0.1194 per kWh,,Yes,Peak Power Partner;Distributed Generation Program,Active,https://www.lbwl.com/documents/2025-residential-electric,2026-08-08,High
MISO,MI,Lansing Board of Water & Light,Municipal,Off-Peak Savers Standard Midsize Commercial Electric Service (MCTOU),TOU-Rate,SmallC&I,GeneralLoad;Battery,Opt-in,optional seasonal time-of-use rate for three-phase secondary-voltage commercial customers with demand charge,"Summer: on-peak $0.2771/kWh, off-peak $0.0742/kWh; Winter: on-peak $0.1516/kWh, off-peak $0.0768/kWh; plus $14.00/kW demand charge (all kW) and $75.00/month basic service charge",Summer Jun-Sep; Winter Oct-May,Rate MCTOU,Weekdays 10am-6pm on-peak; all other hours off-peak,summer on $0.2771/off $0.0742; winter on $0.1516/off $0.0768 per kWh (plus $14/kW demand),,Yes,Unknown,Active,https://www.lbwl.com/documents/2025-business-electric,2026-08-08,High
MISO,MI,Lansing Board of Water & Light,Municipal,Off-Peak Savers Standard Small Commercial Electric Service (SCTOU),TOU-Rate,SmallC&I,GeneralLoad;Battery,Opt-in,optional seasonal time-of-use rate for small secondary-voltage commercial customers,"Summer: on-peak $0.2976/kWh, off-peak $0.1388/kWh; Winter: on-peak $0.1901/kWh, off-peak $0.1410/kWh; plus $38.00/month basic service charge",Summer Jun-Sep; Winter Oct-May,Rate SCTOU,Weekdays 10am-6pm on-peak; all other hours off-peak,summer on $0.2976/off $0.1388; winter on $0.1901/off $0.1410 per kWh,,Yes,Unknown,Active,https://www.lbwl.com/documents/2025-business-electric,2026-08-08,High
MISO,MI,Lansing Board of Water & Light,Municipal,Standard Residential Electric Service (RES1),TOU-Rate,Residential,GeneralLoad;Battery;EV/EVSE,Default,default time-of-use energy rate; flat year-round (no seasonal differential),On-peak $0.1740/kWh; off-peak $0.1504/kWh; plus $22.50/month basic service charge,Rates do not vary by season,Rate RES1,Weekdays 1pm-8pm on-peak; all other hours plus weekends/6 NERC/MISO holidays off-peak,on $0.1740 / off $0.1504 per kWh (year-round),,Yes,Peak Power Partner;Distributed Generation Program,Active,https://www.lbwl.com/customers/pay-bill/understanding-time-use-rates,2026-08-08,High
MISO,MI,Traverse City Light & Power,Municipal,Demand Response Program (via Voltus),DR-Curtailment,SmallC&I;LargeC&I,GeneralLoad;Battery;Generator,Opt-in,$/kW-yr performance payment for load curtailment during grid-stress events,"Up to $5,000 per 100kW per year (~$50/kW-yr); no cost to enroll",Standby payment even if event never called; exact event frequency/duration set by Voltus/MISO,Third-party aggregator agreement (Voltus),,,,Yes,Time of Use rates;Customer Generation Program,Active,https://www.tclp.org/demand-response-program/,2026-08-08,Medium
MISO,MI,Traverse City Light & Power,Municipal,Customer Generation Program (DER Interconnection / Net Billing),Export-Comp,All,Solar+Storage,Opt-in,net billing; interconnection application-based,$100 one-time application fee; additional study fee if installation >500kW; export credit rate not published in accessible program description,Installations >500kW may require in-depth interconnection study with added fees; legacy Net Metering Program closed to new applicants,DER Interconnection Agreement (formerly Net Metering),,,"Net billing (successor to Net Metering, closed to new); export credit mechanism/rate not published in fetched materials",Yes-restricted,Time of Use rates;Demand Response Program,Active,https://www.tclp.org/der-2/,2026-08-08,Medium
MISO,MI,Traverse City Light & Power,Municipal,Residential Eco Champion,TOU-Rate,Residential,GeneralLoad;Battery;EV/EVSE,Default,time-of-use energy charge plus fixed customer charge,$13.50/month customer charge plus on/off-peak per-kWh energy rates (exact cents/kWh not published in text; shown only as graphic on utility site),Shorter on-peak window than Eco Steady; on-peak rate lowest Oct-May; customers locked in for 12 consecutive months once selected,Residential Eco Champion (Phase-In and Non-Phase-In options),Weekdays: summer on-peak after 1pm-5pm excluded (on-peak roughly 1p-5p not on-peak); winter on-peak 8a-8p excluded as off-peak (i.e. on-peak outside those windows); weekends/holidays off-peak,Not published in accessible text (rate graphic only),,Yes,Customer Generation Program;Demand Response Program,Active,https://www.tclp.org/time-of-use-rates/residential/eco-champion/,2026-08-08,Medium
MISO,MI,Traverse City Light & Power,Municipal,Residential Eco Steady,TOU-Rate,Residential,GeneralLoad;Battery;EV/EVSE,Opt-in,time-of-use energy charge plus fixed customer charge,$13.50/month customer charge plus on/off-peak per-kWh energy rates (exact cents/kWh not published in accessible text; shown only as graphic on utility site),More moderate on-peak window than Eco Champion; on-peak rate lowest Oct-May; customers locked in for 12 consecutive months once selected,Residential Eco Steady (Phase-In and Non-Phase-In options),Weekdays summer on-peak 11a-6p excluded as off-peak; winter on-peak 8a-8p excluded as off-peak; weekends/holidays off-peak,Not published in accessible text (rate graphic only),,Yes,Customer Generation Program;Demand Response Program,Active,https://www.tclp.org/time-of-use-rates/residential/eco-steady/,2026-08-08,Medium
MISO,MI,Upper Michigan Energy Resources (UMERC),IOU,Large Commercial & Industrial Service Interruptible Rider (Cp-I),DR-Curtailment,LargeC&I,GeneralLoad;Battery;Generator,Opt-in,bill credit/discount in exchange for agreeing to curtail load on request,Rate figures not published in extracted MPSC No. 1 tariff excerpt (index/table-of-contents level only),,"Rider Cp-I (MPSC No. 1 - Electric, WEPCo and WPSC Rate Zones)",,,,Yes,Distributed Generation Program (DG-1),Active,https://www.uppermichiganenergy.com/rates/umerc-electric-rates.pdf,2026-08-08,Low
MISO,MI,Upper Michigan Energy Resources (UMERC),IOU,Distributed Generation Program (DG-1),Export-Comp,All,Solar+Storage,Opt-in,inflow billed at retail rate; outflow credited at Power Supply Energy Charges (not full retail),Outflow credited at underlying base rate's Power Supply Energy Charges including PSCR Factor (not full retail rate); $50 application fee (waived if transitioning from legacy net metering),"Category 1 <=20kWac / Category 2 20-550kWac; generation <=110% of trailing 12-mo usage; combined DG + Net Metering + Modified Net Metering program capped at 10% of Company's 5-yr avg in-state peak load (>=50% for Category 1, <=50% for Category 2)","Rider DG-1 (MPSC No. 1, Case No. U-21790)",,,"Inflow-outflow metering; outflow credited at Power Supply Energy Charges + PSCR only (not full retail); unused credit carried forward, non-transferable; customer retains RECs",Yes-restricted,Rg2;Cp-I,Active,https://www.we-energies.com/services/pdf/customer_owned_generation_dg1.pdf,2026-08-08,High
MISO,MI,Upper Michigan Energy Resources (UMERC),IOU,Residential Full Requirements Time-of-Use Rate (Rg2),TOU-Rate,Residential,GeneralLoad;Battery;EV/EVSE,Opt-in,time-of-use energy rate mirroring parent We Energies/WPS Wisconsin tariff structure,Rate figures not published in extracted MPSC No. 1 tariff excerpt (index/table-of-contents level only),,"Rate Rg2 (MPSC No. 1 - Electric, WEPCo and WPSC Rate Zones)",,,,Yes,Distributed Generation Program (DG-1),Active,https://www.uppermichiganenergy.com/rates/umerc-electric-rates.pdf,2026-08-08,Low
MISO,MI,Upper Peninsula Power Company (UPPCO),IOU,Large Light and Power Response Rewards (CP-RR),CPP-PTR,LargeC&I,GeneralLoad;Battery,Opt-in,voluntary TOU rate with critical-peak pricing adder,"On-peak $0.08080-0.09031/kWh + demand $7.20-8.04/kW; off-peak $0.04891-0.05467/kWh; critical-peak $0.44734-0.50000/kWh (up to 300 hrs/yr at company discretion, 2-8 hr events, 1hr notice)",Limited to 10 participating customers; min 1-yr commitment; must qualify for Cp-U rate,Rate CP-RR (MPSC Vol No. 8-Electric),Weekdays 7a-11p (on-peak); critical-peak called anytime within on/off-peak,on $0.081-0.090/kWh / off $0.049-0.055/kWh; critical-peak $0.447-0.500/kWh,,Yes-restricted,Unknown,Active,https://d2x43qaqyo0a2i.cloudfront.net/Large-Light-and-Power-Response-Rewards-_-CP-RR.pdf,2026-08-08,High
MISO,MI,Upper Peninsula Power Company (UPPCO),IOU,Capacity Buyback Rider (CP-IB),DR-Curtailment,LargeC&I,GeneralLoad,Opt-in,bid-based demand credit for short-term (up to 24-month) interruptible capacity,Demand credit per kW per customer bid (company selects lowest effective demand credit bids first),Special contract up to 24 months; capped at or below customer's normal Cp-I demand credit; acceptance at company discretion,Rider CP-IB (MPSC Vol No. 8-Electric),,,,Yes-restricted,Commercial Power Interruptible Rider (CP-I),Active,https://d2x43qaqyo0a2i.cloudfront.net/Capacity-Buyback-Rider-_-CP-IB.pdf,2026-08-08,High
MISO,MI,Upper Peninsula Power Company (UPPCO),IOU,Commercial Power Interruptible Rider (CP-I),DR-Curtailment,SmallC&I;LargeC&I,GeneralLoad,Opt-in,demand charge credit for contracted interruptible load; economic + emergency interruptions,Demand credit per contracted interruptible kW (amount set via Cp-U system demand charge less credit; not separately published),"Min 5-yr contract, 2-yr cancellation notice; max 600 hrs interruption/yr; EITP >= $0.06/kWh or 1.25x gas-fired cost; penalty $90/kW for non-compliance",Rider CP-I (MPSC Vol No. 8-Electric),Applies to WP-3 or Cp-U customers,,,Yes-restricted,Capacity Buyback Rider (CP-IB),Active,https://d2x43qaqyo0a2i.cloudfront.net/Commercial-Power-Interruptible-Rider-_-CP-I.pdf,2026-08-08,High
MISO,MI,Upper Peninsula Power Company (UPPCO),IOU,Distributed Generation Rider (DG),Export-Comp,All,Solar+Storage,Opt-in,inflow billed at retail rate; outflow (export) credited separately,Outflow credit rate not published in available tariff excerpt (billed via Inflow-Outflow mechanism per rate schedule attached),Category 1 <=20kW / Category 2 20-550kW; generation <=110% of trailing 12-mo consumption; combined DG+Net Metering program capped at 10% of Company's 5-yr avg peak demand (50%/50% split by category); customer retains RECs,Rider DG (MPSC Vol No. 8-Electric),,,"Inflow-Outflow metering; outflow (export) credited to next bill, unused credit carried forward; RECs remain with customer",Yes-restricted,Unknown,Active,https://d2x43qaqyo0a2i.cloudfront.net/D.-Distributed-Generation-Rider_-DG-_-Apr-29-2025.pdf,2026-08-08,Medium
MISO,MI,Upper Peninsula Power Company (UPPCO),IOU,Parallel Generation Net Metering Program (PG-NM/PG-1M),Export-Comp,All,Solar+Storage,Closed to new,full retail-rate credit for monthly net excess generation,Full retail rate (distribution + power supply) credit; $25 one-time application fee,Generator <=20 kW; program capped at 1% of prior-year system peak demand (0.5% for <=20kW / 0.5% for >20kW); closed to new participants per DG Rider (legacy participants continue 10 yrs from participation date),Rate PG-NM (MPSC Vol No. 8-Electric),,,1:1 full retail-rate net metering (legacy; grandfathered 10 yrs from participation date),Yes-restricted,Distributed Generation Rider,Closed to new enrollment,https://d2x43qaqyo0a2i.cloudfront.net/D.-Parallel-Generation-Net-Metering-Program_Sep-27-2023.pdf,2026-08-08,High
MISO,MI,Upper Peninsula Power Company (UPPCO),IOU,Real-Time Market Pricing (RTMP),RTP-Rate,LargeC&I,GeneralLoad;Battery,Opt-in,hourly LMP-indexed energy price plus adder,Real-time or day-ahead MISO LMP plus applicable MISO fees/credits plus $1.00/MWh; generation credited at LMP less $1/MWh for customer generation exceeding load,"Customer must interconnect directly with ATC and have demand >1,000 kW; min 1-yr contract; penalty $40/kW for non-compliant interruption",Rate RTMP (MPSC Vol No. 8-Electric),,,,Yes-restricted,Unknown,Active,https://d2x43qaqyo0a2i.cloudfront.net/D.-RTMP-Real-Time-Market-Pricing-_-Jul-06-2023.pdf,2026-08-08,High
MISO,MI,Upper Peninsula Power Company (UPPCO),IOU,Residential Service (A-1),TOU-Rate,Residential,Any,Default,flat energy rate; no time-of-use option offered,Distribution $0.13567/kWh flat + optional power supply $0.08567 non-capacity + $0.00623 capacity per kWh,No TOU rate schedule found for residential; flat rate year-round,Rate A-1 (MPSC Vol No. 8-Electric),None (flat rate; no on/off-peak differentiation),Flat $0.13567/kWh distribution + $0.0919/kWh power supply (combined),,No,Unknown,Active,https://d2x43qaqyo0a2i.cloudfront.net/D.-A-1-_-Residential-Service-_-Dec-20-2024.pdf,2026-08-08,High
MISO,MN,Austin Utilities,Municipal,Residential Load Control (Cycled AC),DR-DLC,Residential,Thermostat/AC,Opt-out,embedded rate discount / opt-out fee,Avoid $15/month opt-out fee (Jun-Sep),Default enrollment; $15/mo charge to opt out during peak months,Load Control,June-September,,,No,Unknown,Active,https://www.austinutilities.com/pages/LoadControlFAQ/,2026-08-08,Medium
MISO,MN,Austin Utilities,Municipal,Net Metering,Export-Comp,Residential;SmallC&I,Solar+Storage,Opt-in,net metering per MN Stat. 216B.164,,,Net Metering (MN Stat. 216B.164),,,<40kW: avg retail energy rate; muni/coop cap 100kW; excess credited/banked per statute,Yes-restricted,Unknown,Active,https://mn.gov/puc/activities/economic-analysis/distributed-energy/net-metering/,2026-08-08,Low
MISO,MN,Connexus Energy,Cooperative,Air Source Heat Pump Interruptible Rate,DR-DLC,Residential,HeatPump,Opt-in,reduced rate,$0.0766/kWh heating (Oct-May),max 200 hrs/yr AC control; outdoor thermostat lockout below ~15-20F,Section III - Air Source Heat Pump,Peak system demand periods,,,No,Unknown,Active,https://www.connexusenergy.com/download_file/view/82b43e23-b577-44a9-9e10-614c04a9e826,2026-08-08,High
MISO,MN,Connexus Energy,Cooperative,Controlled Off-Peak Heating,DR-DLC,Residential,SpaceHeat,Opt-in,flat off-peak rate,$0.0577/kWh,~8 hrs/day recharge 11pm-7am (May-Sep) or 10pm-6pm (Oct-Apr per member terms),Section III - Controlled Off-Peak Heating,11pm-7am,off-peak $0.0577/kWh vs standard $0.129-0.139/kWh,,No,Unknown,Active,https://www.connexusenergy.com/download_file/view/82b43e23-b577-44a9-9e10-614c04a9e826,2026-08-08,High
MISO,MN,Connexus Energy,Cooperative,Interruptible Space Heating / Cycled Air Conditioning,DR-DLC,Residential,SpaceHeat;Thermostat/AC,Opt-in,reduced rate / bill credit,$0.0766/kWh space heating (Oct-May); unmetered AC credit $7.50/mo (closed 2016),"max 400 hrs/yr space heating, 200 hrs/yr cycled AC",Section III - Interruptible Space Heating,Peak system demand periods,off-peak (heating) $0.0766/kWh,,No,Unknown,Active,https://www.connexusenergy.com/download_file/view/82b43e23-b577-44a9-9e10-614c04a9e826,2026-08-08,High
MISO,MN,Connexus Energy,Cooperative,EV Subscription,EV-Rate,Residential,EV/EVSE,Opt-in,free off-peak energy subscription,"Tier 1 $30/mo incl. 600 kWh off-peak; Tier 2 $50/mo incl. 1,200 kWh off-peak; overage at peak rate",Off-peak 9pm-9am free; peak 9am-9pm $0.2250/kWh,Section III - Electric Vehicle Subscription,9am-9pm,off-peak $0.0000/kWh (free); peak $0.2250/kWh,,No,Unknown,Active,https://www.connexusenergy.com/download_file/view/82b43e23-b577-44a9-9e10-614c04a9e826,2026-08-08,High
MISO,MN,Connexus Energy,Cooperative,Controlled Off-Peak Energy Storage (C&I),TOU-Rate,SmallC&I;LargeC&I,Battery;GeneralLoad;EV/EVSE,Opt-in,flat off-peak rate,$0.0577/kWh,~8 hrs overnight 11pm-7am; exempt from Power Cost Adjustment,Controlled Off-Peak Energy Storage,11pm-7am,off-peak $0.0577/kWh,,Yes,Unknown,Active,https://nectarclimate.com/utilities/connexus-energy,2026-08-08,Medium
MISO,MN,Connexus Energy,Cooperative,Residential Time-of-Day,TOU-Rate,Residential,GeneralLoad,Opt-in,rate discount,Peak $0.2250/kWh; Intermediate $0.1330/kWh; Off-peak $0.0725/kWh,12-month min before penalty-free exit,Section III - Residential Time-of-Day,Weekdays 4pm-8pm,on $0.2250/kWh (12% of hrs) / mid $0.1330/kWh (38%) / off $0.0725/kWh (50%),,No,Unknown,Active,https://www.connexusenergy.com/download_file/view/82b43e23-b577-44a9-9e10-614c04a9e826,2026-08-08,High
MISO,MN,Dakota Electric Association,Cooperative,Cycled Air Conditioning,DR-DLC,Residential,Thermostat/AC,Opt-in,flat summer bill credit OR rate discount,$39 summer bill credit (or reduced AC electricity price),"15-min on/off cycling, activated hottest days only",Energy Wise Load Management,Hottest summer days,,,No,Unknown,Active,https://www.dakotaelectric.com/member-services/programs-rebates/for-your-home/energy-wise-load-management/,2026-08-08,High
MISO,MN,Dakota Electric Association,Cooperative,Electric Heat Storage / Interruptible,DR-DLC,Residential,SpaceHeat,Opt-in,rate discount,Reduced rate for ETS or interruptible electric heat,Interrupted on coldest days for interruptible variant; ETS charges off-peak,Energy Wise Load Management,Coldest winter days,,,No,Unknown,Active,https://www.dakotaelectric.com/member-services/programs-rebates/for-your-home/energy-wise-load-management/,2026-08-08,High
MISO,MN,Dakota Electric Association,Cooperative,Heat Pump Load Control,DR-DLC,Residential,HeatPump,Opt-in,rate discount,Reduced price on heat pump electricity,Cycled/interrupted on high wholesale-cost days; backup heat during winter interruptions,Energy Wise Load Management,High-demand days,,,No,Unknown,Active,https://www.dakotaelectric.com/member-services/programs-rebates/for-your-home/energy-wise-load-management/,2026-08-08,High
MISO,MN,Dakota Electric Association,Cooperative,Hot Tubs and Swimming Pools Load Control,DR-DLC,Residential,GeneralLoad,Opt-in,rate discount,Reduced price on pool/hot tub electricity,Interrupted on high wholesale-cost days,Energy Wise Load Management,High-demand days,,,No,Unknown,Active,https://www.dakotaelectric.com/member-services/programs-rebates/for-your-home/energy-wise-load-management/,2026-08-08,High
MISO,MN,Dakota Electric Association,Cooperative,Water Heater Interruptible Program,DR-DLC,Residential,ElectricWaterHeater,Opt-in,upfront rebate + reduced rate,$200 first-time enrollment rebate,"≥50 gal tank, at least 1 control period/month",Interruptible Water Heating,Periods of high energy cost,,,No,Unknown,Active,https://www.dakotaelectric.com/member-services/programs-rebates/for-your-home/energy-wise-load-management/,2026-08-08,High
MISO,MN,Dakota Electric Association,Cooperative,Water Heater Storage Program,DR-DLC,Residential,ElectricWaterHeater,Opt-in,upfront rebate + lowest off-peak rate,$500 first-time enrollment rebate,"≥80 gal tank, EF ≥0.9, member pays metering/control equipment",Off-Peak Storage Water Heating,Night recharge,,,No,Unknown,Active,https://www.dakotaelectric.com/member-services/programs-rebates/for-your-home/energy-wise-load-management/,2026-08-08,High
MISO,MN,Dakota Electric Association,Cooperative,EV Off-Peak Storage Rate,EV-Rate,Residential,EV/EVSE,Opt-in,off-peak flat rate + charger rebate,4.87c/kWh off-peak + up to $500 charger install rebate,Charging only available 11pm-7am; dedicated circuit required,Schedule 51,11pm-7am,off-peak 4.87c/kWh; no charging outside window,,No,Unknown,Active,https://www.dakotaelectric.com/wp-content/uploads/2021/10/Electric-Vehicle-Packet.pdf,2026-08-08,High
MISO,MN,Dakota Electric Association,Cooperative,EV Time-of-Use Rate,EV-Rate,Residential,EV/EVSE,Opt-in,TOU rate + charger rebate,7.55c/kWh off-peak; up to $500 charger install rebate,Dedicated submetered circuit required,Schedule EV-1,Weekday mid-peak 8am-4pm & 9pm-midnight ~12.38-13.77c; on-peak 4pm-9pm 44.2c,off-peak 7.55c/kWh; on-peak 44.2c/kWh weekdays 4-9pm,,No,Unknown,Active,https://www.dakotaelectric.com/wp-content/uploads/2021/10/Electric-Vehicle-Packet.pdf,2026-08-08,High
MISO,MN,Great River Energy,Cooperative,Interruptible Irrigation,DR-Curtailment,Residential;SmallC&I,IrrigationPump,Opt-in,rate discount (set by member distribution co-op),Varies by member cooperative,up to 4 hrs/day May-Sep,Member Cooperative Load Management,May-September,,,No,Unknown,Active,https://greatriverenergy.com/transmission-and-delivery/demand-response/member-cooperative-load-management-programs/,2026-08-08,High
MISO,MN,Great River Energy,Cooperative,Interruptible Metered C&I,DR-Curtailment,LargeC&I,GeneralLoad,Opt-in,rate discount (set by member distribution co-op),Varies by member cooperative,full or partial interruption up to 6 hrs/occurrence; max 300 hrs/yr; 30-min advance notice available on request,Member Cooperative Load Management,Peak load conditions,,,No,Unknown,Active,https://greatriverenergy.com/transmission-and-delivery/demand-response/member-cooperative-load-management-programs/,2026-08-08,High
MISO,MN,Great River Energy,Cooperative,Cycled Air Conditioning (member co-op programs),DR-DLC,Residential,Thermostat/AC;HeatPump,Opt-in,rate discount (set by member distribution co-op),Varies by member cooperative,"15 min off / 15 min on cycling; up to 6 hrs/day, 200 hrs/cooling season (May-Sep)",Member Cooperative Load Management,May-September,,,No,Unknown,Active,https://greatriverenergy.com/transmission-and-delivery/demand-response/member-cooperative-load-management-programs/,2026-08-08,High
MISO,MN,Great River Energy,Cooperative,Dual Fuel,DR-DLC,Residential,SpaceHeat,Opt-in,rate discount (set by member distribution co-op),Varies by member cooperative,"up to 12 hrs/day, 400 hrs/heating season (Sep-May)",Member Cooperative Load Management,Sep-May,,,No,Unknown,Active,https://greatriverenergy.com/transmission-and-delivery/demand-response/member-cooperative-load-management-programs/,2026-08-08,High
MISO,MN,Great River Energy,Cooperative,ETS Space Heating,DR-DLC,Residential,SpaceHeat,Opt-in,off-peak rate (set by member distribution co-op),Varies by member cooperative,8-hr nightly recharge 22:00-06:00 CPT + 2 hrs optional,Member Cooperative Load Management,22:00-06:00 CPT,,,No,Unknown,Active,https://greatriverenergy.com/transmission-and-delivery/demand-response/member-cooperative-load-management-programs/,2026-08-08,High
MISO,MN,Great River Energy,Cooperative,ETS Water Heating,DR-DLC,Residential,ElectricWaterHeater,Opt-in,off-peak rate (set by member distribution co-op),Varies by member cooperative,"≥100 gal tank; 8-hr nightly recharge 22:00-06:00 CPT, +2 hrs optional",Member Cooperative Load Management,22:00-06:00 CPT,,,No,Unknown,Active,https://greatriverenergy.com/transmission-and-delivery/demand-response/member-cooperative-load-management-programs/,2026-08-08,High
MISO,MN,Great River Energy,Cooperative,Interruptible Water Heating,DR-DLC,Residential,ElectricWaterHeater,Opt-in,rate discount (set by member distribution co-op),Varies by member cooperative,4 or 8 hrs/day interruption; 4-hr option closed to new loads Nov. 2007,Member Cooperative Load Management,Any month as needed,,,No,Unknown,Active,https://greatriverenergy.com/transmission-and-delivery/demand-response/member-cooperative-load-management-programs/,2026-08-08,High
MISO,MN,Great River Energy,Cooperative,ChargeWise (Residential EV),EV-Rate,Residential,EV/EVSE,Opt-in,off-peak rate (set by member distribution co-op),Varies by member cooperative,"8-hr nightly recharge 23:00-07:00 CPT, +2 hrs optional; proof of PEV/battery size required",Member Cooperative Load Management,23:00-07:00 CPT,,,No,Unknown,Active,https://greatriverenergy.com/transmission-and-delivery/demand-response/member-cooperative-load-management-programs/,2026-08-08,High
MISO,MN,Minnesota Power (ALLETE),IOU,Dual Fuel Plus,DR-DLC,Residential,SpaceHeat,Opt-in,flat discounted rate,$0.05564/kWh (vs $0.10772/kWh standard),"up to 20 hrs/day interruption, min 2 hrs between, max 1,000 hrs/yr",Dual Fuel Plus,Interruptions when load and market price both high,interruptible $0.05564/kWh,,No,Unknown,Active,https://www.mnpower.com/ProgramsRebates/DualFuel,2026-08-08,High
MISO,MN,Minnesota Power (ALLETE),IOU,Dual Fuel Standard,DR-DLC,Residential,SpaceHeat;ElectricWaterHeater;EV/EVSE;Thermostat/AC,Opt-in,flat discounted rate,$0.07949/kWh (vs $0.10772/kWh standard),"up to 2 interruptions/day, 4 hrs each, min 2 hrs between, max 300 hrs/yr",Dual Fuel Standard,Interruptions when load and market price both high,off-peak/interruptible $0.07949/kWh,,No,Unknown,Active,https://www.mnpower.com/ProgramsRebates/DualFuel,2026-08-08,High
MISO,MN,Minnesota Power (ALLETE),IOU,Time-of-Day Rate,TOU-Rate,Residential,GeneralLoad,Opt-in,rate discount,On-peak standard+$0.048/kWh; Off-peak standard-$0.00293/kWh; Super off-peak standard-$0.03416/kWh (standard=$0.10772/kWh),12-month min commitment before removal without penalty,Time-of-Day Rate,Weekday late afternoon/early evening,on-peak ~$0.1557/kWh; off-peak ~$0.1048/kWh; super off-peak ~$0.0736/kWh,,No,Unknown,Active,https://www.mnpower.com/timeofday,2026-08-08,High
MISO,MN,Moorhead Public Service,Municipal,Thrifty Watts,DR-DLC,Residential,Thermostat/AC;ElectricWaterHeater,Opt-in,flat monthly bill credit,"$5.50/mo (AC, May-Sep) + $3.00/mo (water heater, year-round)",AC cycled ~12 min on/12 min off; water heater off up to 4 hrs/control period,Thrifty Watts,May-September (AC portion),,,No,Unknown,Active,https://www.mpsutility.com/index.php/en/?option=com_content&view=category&id=40,2026-08-08,Medium
MISO,MN,Moorhead Public Service,Municipal,Net Metering,Export-Comp,Residential;SmallC&I,Solar+Storage,Opt-in,net metering per MN Stat. 216B.164,,,Net Metering (MN Stat. 216B.164),,,per Minn. Stat. 216B.164 statewide rules,Yes-restricted,Unknown,Active,https://mn.gov/puc/activities/economic-analysis/distributed-energy/net-metering/,2026-08-08,Low
MISO,MN,Northern States Power Co - Minnesota (Xcel Energy),IOU,AC Rewards for Business,DR-BYOT,SmallC&I,Thermostat/AC,Opt-in,free smart thermostat + annual incentive,Free ecobee3 lite installed + annual incentive (amount not published),Customer may opt out of individual events; excessive opt-outs may result in removal,AC Rewards for Business,Hot summer days,,,No,Unknown,Active,https://www.xcelenergy.com/staticfiles/xe/Marketing/Files/MN-Business-Program-Summary.pdf,2026-08-08,Medium
MISO,MN,Northern States Power Co - Minnesota (Xcel Energy),IOU,Electric Rate Savings (Interruptible ≥50kW),DR-Curtailment,LargeC&I,GeneralLoad,Opt-in,reduced demand charge,Contact for details,min 50 kW reducible/interruptible demand,Interruptible Tariff,Utility-called events,,,No,Unknown,Active,https://www.xcelenergy.com/staticfiles/xe/Marketing/Files/MN-Business-Program-Summary.pdf,2026-08-08,Medium
MISO,MN,Northern States Power Co - Minnesota (Xcel Energy),IOU,Peak Flex Credit,DR-Curtailment,LargeC&I,GeneralLoad,Opt-in,monthly bill credit,Not published (custom by commitment),"min 50 kW interruptible, response 10 min or 1 hr, 60 or 100 hr/yr cap, 1-yr min commitment",Rate A14/A15/A25,Utility-called events,,,No,Unknown,Active,https://www.xcelenergy.com/staticfiles/xe/Marketing/Files/MN-Business-Program-Summary.pdf,2026-08-08,High
MISO,MN,Northern States Power Co - Minnesota (Xcel Energy),IOU,Peak Partner Rewards,DR-Curtailment,SmallC&I,GeneralLoad,Opt-in,$/kW monthly reservation + $/kWh event performance,$2.00/kW-month reservation + $1.35/kWh event performance,min 25 kW interruptible demand June-September,Peak Partner Rewards,Summer peak events,,,No,Unknown,Active,https://mn.my.xcelenergy.com/s/business/rate-plans/peak-partner-rewards,2026-08-08,High
MISO,MN,Northern States Power Co - Minnesota (Xcel Energy),IOU,Saver's Switch (Business),DR-DLC,SmallC&I,Thermostat/AC,Opt-in,$/ton monthly bill credit,$5.00/ton/month June-September,"activated avg 5-15 days/summer, 15-20 min on/off cycling",Saver's Switch Business Rider,Late morning-early evening on peak summer days,,,No,Unknown,Active,https://www.xcelenergy.com/staticfiles/xe/PDF/Marketing/MN-ND-SD-Bus-Savers-Switch-Info-Sheet.pdf,2026-08-08,High
MISO,MN,Northern States Power Co - Minnesota (Xcel Energy),IOU,Saver's Switch (Residential),DR-DLC,Residential,Thermostat/AC,Opt-in,flat annual bill credit + enrollment bonus,$40/yr bill credit (Oct) + $100 one-time enrollment credit,"max 300 control hours/yr, typically weekdays ~2-7pm summer",Saver's Switch Rider,Weekdays ~2pm-7pm summer,,,No,Unknown,Active,https://www.xcelenergy.com/staticfiles/xe-responsive/Company/Rates%20&%20Regulations/Regulatory%20Filings/CO-DSM/Residential%20Demand%20Response.pdf,2026-08-08,Medium
MISO,MN,Northern States Power Co - Minnesota (Xcel Energy),IOU,EV Accelerate At Home,EV-Rate,Residential,EV/EVSE,Opt-in,rate discount + subscription option,"Pay-as-you-go: $6.73/mo + 3.8c/kWh off-peak; Subscription: $38.81/mo incl. 1,000 kWh off-peak, then 3.8c/kWh",Off-peak window midnight-6am daily,EV Accelerate At Home,Midnight-6am daily,off-peak 3.8c/kWh; on-peak standard rate,,No,Unknown,Active,https://mn.my.xcelenergy.com/s/residential/ev-charging/incentives/evaah,2026-08-08,Medium
MISO,MN,Northern States Power Co - Minnesota (Xcel Energy),IOU,Optimize Your Charge (Fleet EV),EV-Rate,LargeC&I,EV/EVSE,Opt-in,annual per-charger incentive,$50/yr per registered charger or vehicle for off-peak charging,Two low-cost charging schedules available,Optimize Your Charge,Off-peak hours,,,No,Unknown,Active,https://www.xcelenergy.com/staticfiles/xe/Marketing/Files/MN-Business-Program-Summary.pdf,2026-08-08,Medium
MISO,MN,Northern States Power Co - Minnesota (Xcel Energy),IOU,Solar*Rewards / Net Metering,Export-Comp,Residential;SmallC&I,Solar+Storage,Opt-in,upfront + production credit + net metering,Solar*Rewards $0.03/kWh production paid annually (systems ≤20kW),System ≤120% of on-site annual consumption,Solar*Rewards / Net Metering Rider,,,"1:1 net metering, monthly rollover, excess credited at cogeneration/avoided-cost rate, check issued if credit balance >$25",Yes-restricted,Unknown,Active,https://www.xcelenergy.com/staticfiles/xe/Marketing/Files/MN-Res-SR-Meter-Billing-Guide.pdf,2026-08-08,High
MISO,MN,Northern States Power Co - Minnesota (Xcel Energy),IOU,Battery Storage Incentive Program,Storage-Incentive,Residential;SmallC&I,Battery;Solar+Storage,Opt-in,upfront $/kWh rebate,"$175/kWh up to $5,000 standard; $370/kWh income-qualified","system ≤50 kWh, must be grid-tied with solar",Battery Storage Incentive Program,,,,Yes,Unknown,Active,https://mn.my.xcelenergy.com/s/renewable/battery-storage-incentive-program,2026-08-08,Medium
MISO,MN,Northern States Power Co - Minnesota (Xcel Energy),IOU,Dynamic Thermal Storage,Storage-Incentive,LargeC&I,GeneralLoad,Opt-in,upfront % of install cost + annual bill credit,10% of install cost upfront + 5% of project cost annual bill credit,Shift load 4 hrs/weekday,Dynamic Thermal Storage,4 hrs weekdays,,,Yes-restricted,Unknown,Active,https://www.xcelenergy.com/staticfiles/xe/Marketing/Files/MN-Business-Program-Summary.pdf,2026-08-08,High
MISO,MN,Northern States Power Co - Minnesota (Xcel Energy),IOU,Residential Time-of-Use Rate,TOU-Rate,Residential,GeneralLoad,Opt-in,rate discount,On-peak +; off-peak -; ratio ~2.7x summer / 2.2x winter,,MN-A02,Weekdays 6pm-9pm (highest); off-peak 12am-6am,"on-peak higher / off-peak lower, ~2.7x spread summer, 2.2x winter",,No,Unknown,Active,https://www.startribune.com/xcel-utility-mn-time-of-use/601862144,2026-08-08,Medium
MISO,MN,Otter Tail Power Company,IOU,Cycled Air Conditioning (Dual Fuel Heat Pump Add-on),DR-DLC,Residential,Thermostat/AC;HeatPump,Opt-in,rate discount,Included with Dual Fuel Rate,"15 min on/15 min off cycling, max 300 hrs/cooling season",Dual Fuel Rate,Summer peak periods,,,No,Unknown,Active,https://www.otpco.com/rebates-and-efficiency-programs/programs/dual-fuel/,2026-08-08,High
MISO,MN,Otter Tail Power Company,IOU,Deferred Load Rate (Off-Peak Storage Heating/Cooling),DR-DLC,Residential,SpaceHeat,Opt-in,rate discount,up to 30% savings vs standard heating/cooling cost,Energy delivered/stored during off-peak hours,Deferred Load Rate,Off-peak hours,,,No,Unknown,Active,https://www.otpco.com/rebates-and-efficiency-programs/programs/,2026-08-08,Medium
MISO,MN,Otter Tail Power Company,IOU,Dual Fuel Rate,DR-DLC,Residential,SpaceHeat;ElectricWaterHeater;EV/EVSE,Opt-in,rate discount,~50% of standard per-kWh rate,heating loads controlled up to 24 hrs/day; water heating up to 14 hrs/day; heat pumps cycled 15 min on/off summer peak events,Dual Fuel Rate,System peak/emergency conditions,,,No,Unknown,Active,https://www.otpco.com/rebates-and-efficiency-programs/programs/dual-fuel/,2026-08-08,High
MISO,MN,Owatonna Public Utilities,Municipal,Load Management Program,DR-DLC,Residential,Thermostat/AC,Opt-in,% bill credit,5% credit on commodity charge (June-September),,Load Management,June-September,,,No,Unknown,Active,https://findenergy.com/providers/owatonna-public-utilities/,2026-08-08,Low
MISO,MN,Owatonna Public Utilities,Municipal,Net Metering,Export-Comp,Residential;SmallC&I,Solar+Storage,Opt-in,net metering per MN Stat. 216B.164,,,Net Metering (MN Stat. 216B.164),,,per Minn. Stat. 216B.164 statewide rules,Yes-restricted,Unknown,Active,https://mn.gov/puc/activities/economic-analysis/distributed-energy/net-metering/,2026-08-08,Low
MISO,MN,Owatonna Public Utilities,Municipal,Residential Time-of-Use Program,TOU-Rate,Residential,GeneralLoad,Opt-in,rate discount,Not published (see enrollment form for current $/kWh),12-month min before penalty-free exit; excludes solar and electric-heat customers,Residential TOU,Critical-peak 2-6pm weekdays; on-peak 8am-2pm & 6pm-8pm weekdays,off-peak 8pm-8am + weekends/holidays,,No,Unknown,Active,https://www.owatonnautilities.com/residential-customers/time-of-use-program/,2026-08-08,Medium
MISO,MN,Rochester Public Utilities,Municipal,Net Metering,Export-Comp,Residential;SmallC&I,Solar+Storage,Opt-in,net metering / avoided cost,,,Net Metering Tariff,,,"<40kW: retail energy rate, monthly reconciled, check or bill credit; 40kW-1MW: avoided cost, annual reimbursement",Yes-restricted,Unknown,Active,https://findenergy.com/providers/rochester-public-utilities/,2026-08-08,Medium
MISO,MN,Rochester Public Utilities,Municipal,Residential Time-of-Use Rate,TOU-Rate,Residential,GeneralLoad,Opt-in,rate discount,Not published,45-day notice to leave; no return once removed within notice period,Residential TOU,Weekdays,off-peak 10pm-8am + weekends/holidays,,No,Unknown,Active,https://www.rpu.org/my-account/residential-time-of-use-rate-program.php,2026-08-08,Medium
MISO,MN,Willmar Municipal Utilities,Municipal,Net Metering,Export-Comp,Residential;SmallC&I,Solar+Storage,Opt-in,net metering per MN Stat. 216B.164,,,Net Metering (MN Stat. 216B.164),,,per Minn. Stat. 216B.164 statewide rules; muni/coop cap 100kW,Yes-restricted,Unknown,Active,https://mn.gov/puc/activities/economic-analysis/distributed-energy/net-metering/,2026-08-08,Low
MISO,MO,City Utilities of Springfield,Municipal,Net Metering - Avoided Variable Cost of Energy (systems >100kW),Export-Comp,LargeC&I,Solar+Storage;Battery,Opt-in,Avoided variable cost of energy credit for excess generation,,,,,,Avoided variable cost of energy (systems over 100 kW),Yes-restricted,Unknown,Active,https://www.cityutilities.net/DocumentCenter/View/652,2026-08-08,Medium
MISO,MO,City Utilities of Springfield,Municipal,Net Metering - Avoided Variable Cost of Generation (systems <=100kW),Export-Comp,Residential;SmallC&I,Solar+Storage;Battery,Opt-in,Avoided variable cost credit for excess generation,,,,,,Avoided variable cost of generation (systems 100 kW or less),Yes-restricted,Unknown,Active,https://www.cityutilities.net/DocumentCenter/View/650,2026-08-08,Medium
MISO,MO,Columbia Water and Light,Municipal,Net Metering,Export-Comp,All,Solar+Storage;Battery,Opt-in,Monthly kWh netting with 12-month rolling credit,,,,,,Over-production credited at retail rate on a 12-month rolling basis,Yes-restricted,Unknown,Active,https://www.como.gov/utilities/columbia-power-partners/solar/net-metering/,2026-08-08,Medium
MISO,MO,Independence Power and Light Department,Municipal,Schedule NM-1 Customer-Generator Net Metering,Export-Comp,All,Solar+Storage;Battery,Opt-in,Avoided-cost credit; unused credits expire after 12 months,,Generator capacity capped at 100 kW; cumulative program cap 0.1% of prior-year system peak load,Schedule NM-1,,,"Avoided cost 2.51 cents/kWh (May-Sep on-peak season), 2.64 cents/kWh (Oct-Apr off-peak season); recalculated annually each April",Yes-restricted,Unknown,Active,https://www.independencemo.gov/media/809,2026-08-08,High
MISO,MO,Union Electric Company d/b/a Ameren Missouri,IOU,Peak Time Savings (Smart Thermostat),DR-BYOT,Residential,Thermostat/AC,Opt-in,Flat enrollment bonus + annual appreciation bonus,$50 enrollment + $25/year,Up to 4-hr events; Summer May-Sep (cooling-only homes) or year-round Oct-Apr also for heat-pump homes; excludes weekends/holidays; net metering customers ineligible,"N/A (program, not a rate rider)",,,,No,TOU rate plans,Active,https://www.ameren.com/efficiency/programs/peak-time-savings,2026-08-08,High
MISO,MO,Union Electric Company d/b/a Ameren Missouri,IOU,Residential Ultimate Saver Service,Demand-Charge,Residential,Battery;GeneralLoad,Opt-in,TOU energy charge plus monthly per-kW demand charge on highest 1-hr usage 6am-10pm,"Demand charge $9.28/kW summer, $3.83/kW winter",Excludes net metering customers,"MO.P.S.C. Schedule No. 6, Sheet 54.13",Summer on-peak 3-7pm Mon-Fri; Winter on-peak 6-8am & 6-8pm Mon-Fri,Summer On 34.13c/Off 5.78c per kWh; Winter On 18.56c/Off 5.11c per kWh,Excludes net metering customers,Yes,Unknown,Active,https://www.ameren.com/-/media/rates/files/missouri/uecsheet54rate1mres.ashx,2026-08-08,High
MISO,MO,Union Electric Company d/b/a Ameren Missouri,IOU,Peak Time Savings - Electric Vehicles (Optiwatt managed charging),EV-Rate,Residential,EV/EVSE,Opt-in,Flat enrollment bonus + annual appreciation bonus for managed/paused charging during events,$50 enrollment + $100/year,Up to 4-hr events; charging paused unless it conflicts with customer Ready-By time; ineligible on Overnight/Smart/Ultimate Saver TOU rates or net metering,"N/A (program, not a rate rider)",,,,No,Unknown,Active,https://www.ameren.com/efficiency/programs/peak-time-savings-ev,2026-08-08,High
MISO,MO,Union Electric Company d/b/a Ameren Missouri,IOU,Rider NM - Net Metering,Export-Comp,All,Solar+Storage;Battery,Opt-in,Avoided-cost credit at annual true-up,,"Avoided-cost rate updated during odd-numbered years, effective ~Feb 15",Rider NM,,,"Avoided cost approx. 3.15 cents/kWh summer, 2.90 cents/kWh winter (annual true-up)",Yes-restricted,Unknown,Active,https://www.ameren.com/-/media/missouri-site/files/environment/solar/net-metering-tariff.pdf,2026-08-08,Medium
MISO,MO,Union Electric Company d/b/a Ameren Missouri,IOU,Grandfathered Optional TOD (Time-of-Day) Rate Pilot,TOU-Rate,Residential,GeneralLoad;Battery,Closed to new,Legacy two-period seasonal energy charge,,No longer offered to new enrollees; converts to Smart Saver rate upon AMI meter install,"MO.P.S.C. Schedule No. 6, Sheet 54.3",On-peak 2-7pm Mon-Fri,Summer On 40.15c/Off 9.42c per kWh; Winter first 750 kWh 10.62c/over 750 kWh 7.14c,Excludes net metering customers,Yes,Unknown,Closed to new enrollment,https://www.ameren.com/-/media/rates/files/missouri/uecsheet54rate1mres.ashx,2026-08-08,High
MISO,MO,Union Electric Company d/b/a Ameren Missouri,IOU,Residential Evening/Morning Saver Service (default TOU),TOU-Rate,Residential,GeneralLoad;Battery;EV/EVSE,Default,Flat energy charge plus per-kWh adjustment for on-peak usage,,Default rate for new AMI-metered accounts; customers may switch up to 3x/yr,"MO.P.S.C. Schedule No. 6, Sheet 54.4","9am-9pm all days, summer and winter",Summer all kWh 15.24c/kWh + 0.57c/kWh on-peak adder; Winter first 750 kWh 10.45c/over 750 kWh 7.01c + 0.28c/kWh on-peak adder,Net metering customers placed on this rate by default 6 months after AMI meter install,Yes,Unknown,Active,https://www.ameren.com/-/media/rates/files/missouri/uecsheet54rate1mres.ashx,2026-08-08,High
MISO,MO,Union Electric Company d/b/a Ameren Missouri,IOU,Residential Overnight Saver Service,TOU-Rate,Residential,EV/EVSE;Battery;GeneralLoad,Opt-in,Two-period (on/off-peak) seasonal energy charge favoring overnight use,,Excludes net metering customers; marketed for EV charging,"MO.P.S.C. Schedule No. 6, Sheet 54.10",On-peak 6am-10pm all days; off-peak 10pm-6am,Summer On 18.39c/Off 7.32c per kWh; Winter On 10.34c/Off 6.31c per kWh,Excludes net metering customers,Yes,Unknown,Active,https://www.ameren.com/-/media/rates/files/missouri/uecsheet54rate1mres.ashx,2026-08-08,High
MISO,MO,Union Electric Company d/b/a Ameren Missouri,IOU,Residential Smart Saver Service,TOU-Rate,Residential,Battery;EV/EVSE;GeneralLoad,Opt-in,Three-period (on/intermediate/off-peak) seasonal energy charge,,Excludes net metering customers; customers may switch plans up to 3x/yr,"MO.P.S.C. Schedule No. 6, Sheet 54.7",Summer on-peak 3-7pm Mon-Fri (excl. holidays); Winter on-peak 6-8am & 6-8pm Mon-Fri,Summer On 40.51c/Intermediate 12.16c/Off 7.67c per kWh; Winter On 21.69c/Intermediate 7.78c/Off 6.35c per kWh,Not available to net metering customers,Yes,Unknown,Active,https://www.ameren.com/-/media/rates/files/missouri/uecsheet54rate1mres.ashx,2026-08-08,High
MISO,MS,Coast Electric Power Association,Cooperative,Community/Subscribed Solar Renewable Energy Rate,Export-Comp,Residential,Solar+Storage,Opt-in,$/kW-month subscription with kWh production credit (20-yr rate lock),$18.10 per solar kW/month; up to 4 kW; ~164 kWh/kW/month expected production credited against usage,,,,,subscribed-solar kWh production credit against usage (not customer-sited generation),No,Net Metering,Active,https://coastepa.com/renewable-energy/new-renewable-energy-rate-available/,2026-08-08,High
MISO,MS,Coast Electric Power Association,Cooperative,Net Metering (rooftop solar),Export-Comp,Residential;SmallC&I,Solar+Storage,Opt-in,kWh offset (net metering) for customer-owned rooftop solar,,,,,,net metering; self-installed systems not permitted; must use MS-registered solar contractor,Yes-restricted,Community Solar Subscription,Active,https://coastelectric.coop/renewable-energy/,2026-08-08,Low
MISO,MS,East Mississippi Electric Power Association,Cooperative,Net Metering,Export-Comp,Residential;SmallC&I,Solar+Storage,Opt-in,bill credit for excess generation fed to grid,,,,,,net metering credit per MS Distributed Generation Rule (rate not published in source),Yes-restricted,Unknown,Active,https://www.emepa.com/services/,2026-08-08,Low
MISO,MS,Entergy Mississippi LLC,IOU,eMobility Solutions - EVCI / DA Rider,EV-Rate,SmallC&I;LargeC&I,EV/EVSE,Opt-in,infrastructure cost recovery + demand adjustment rider,$250 Level 2 rebate; custom DC fast charger rebates,,EVCI; DA Rider,,,,No,Unknown,Active,https://emobility.entergy.com/assets/images/homepage/eMobility%20Solutions%20Rates%20and%20Riders.pdf,2026-08-08,Medium
MISO,MS,Entergy Mississippi LLC,IOU,Net Energy Metering Rate Schedule NEM-2,Export-Comp,Residential;SmallC&I;LargeC&I,Solar+Storage,Default,Total Value of Distributed Generation credit = avoided cost + DG value adder (+ LMI adder),"Total Value of DG = 6.1 cents/kWh (5.5 non-LMI + adder note: 3.6c avoided cost + 2.5c DG value; 8.1c/kWh for LMI-eligible incl. 2.0c adder), effective billing cycles from Feb 2026",,Schedule NEM-2 (P.S.C. Schedule No. I-27.20),,,avoided cost (3.6c/kWh) + 2.5c/kWh DG value adder + 2.0c/kWh LMI adder (25-yr term); cap = 3% of system peak demand,Yes-restricted,Residential Demand Response Battery Incentive Program,Active,https://www.entergymississippi.com/wp-content/uploads/eml_nem.pdf,2026-08-08,High
MISO,MS,Entergy Mississippi LLC,IOU,Low-to-Moderate Income Energy Independence Incentive Program,Storage-Incentive,Residential,Solar+Storage,Opt-in,one-time upfront cash incentive,"$3,000 one-time for qualifying LMI customers installing eligible DGF (min 4 kWDC)",budget-limited annually ($6M/yr); program ends 2027,Schedule NEM-2 Section IV.A,,,,Yes-restricted,Schedule NEM-2 net metering,Active,https://www.entergymississippi.com/wp-content/uploads/eml_nem.pdf,2026-08-08,High
MISO,MS,Entergy Mississippi LLC,IOU,Residential Demand Response Battery Incentive Program,Storage-Incentive,Residential,Battery,Opt-in,one-time upfront cash incentive,"$2,000 one-time; min. 8 kWh battery required; $2M/yr program budget 2023-2027",budget-limited annually; program ends 2027,Schedule NEM-2 Section IV.B,,,,Yes,Schedule NEM-2 net metering,Active,https://www.entergymississippi.com/wp-content/uploads/eml_nem.pdf,2026-08-08,High
MISO,MS,Mississippi Power Co (Southern Co),IOU,Large General Service Time of Use Electric Service (LGS-TOU),Demand-Charge,SmallC&I,GeneralLoad,Opt-in,demand-charge-based TOU rate,,,LGS-TOU-17 (Schedule 45),,,,Yes,Unknown,Active,https://www.mississippipower.com/content/dam/mississippi-power/pdfs/business/pricing-and-rates/index/2023/Index.pdf,2026-08-08,Low
MISO,MS,Mississippi Power Co (Southern Co),IOU,Large Power Time of Use Electric Service (LPO-TOU),Demand-Charge,LargeC&I,GeneralLoad,Opt-in,demand-charge-based TOU rate,"Summer on-peak kVA $13.00, kWh 3.704c; Winter on-peak kVA $10.00, kWh 3.215c (2021 vintage; current version LPO-TOU-16 eff. 6/20/2022)",5-yr contract term,LPO-TOU-16 (Schedule 47),Apr-Oct 12pm-8pm weekdays; Nov-Mar 6-10am & 6-10pm weekdays,on 3.2-3.7c / shoulder 1.9c / off 0.75c per kWh (2021 vintage rates),,Yes,Unknown,Active,https://www.mississippipower.com/content/dam/mississippi-power/pdfs/business/pricing-and-rates/standard-application-rates/2021/LPO-TOU-15I.pdf,2026-08-08,Medium
MISO,MS,Mississippi Power Co (Southern Co),IOU,Residential/Commercial EV Charger Rebate,EV-Rate,Residential;SmallC&I,EV/EVSE,Opt-in,upfront rebate on Level 2 charger,rebate varies by product via Mississippi Power Marketplace instant rebates,,,,,,No,Unknown,Active,https://www.mississippipower.com/residential/products-and-services/electric-vehicles.html,2026-08-08,Medium
MISO,MS,Mississippi Power Co (Southern Co),IOU,Renewable Energy Net Metering (RENM-3),Export-Comp,Residential;LargeC&I,Solar+Storage,Default,Basic Avoided Energy Cost + Distributed Generation Value adder,Option A/B avoided cost 2.83-4.26c/kWh + 2.5c/kWh DG Value adder (25-yr) + 2.0c/kWh LMI adder where eligible; e.g. total 5.33-8.76c/kWh depending on season/option,,RENM-3 (MPSC Schedule No. 59),Option B On-Peak: 10am-9pm Jul-Oct weekdays; 7am-9pm Nov-Jun weekdays,,avoided cost + 2.5c/kWh DG Value + 2.0c/kWh LMI adder; cap = 3% of system peak demand,Yes-restricted,Unknown,Active,https://www.mississippipower.com/content/dam/mississippi-power/business/pricing-and-rates/2025/special-application-rates/RENM-3.pdf,2026-08-08,High
MISO,ND,Montana-Dakota Utilities Co.,IOU,Demand Response Resources (DRR) via CPower,DR-Curtailment,LargeC&I,GeneralLoad,Opt-in,performance-based per-event payment,Not published,Handful of events per power year across MT/ND/SD,Demand Response Resources,Utility-called events,,,No,Unknown,Active,https://www.montana-dakota.com/rates-services/,2026-08-08,Medium
MISO,ND,Montana-Dakota Utilities Co.,IOU,Interruptible Large Power Demand Response (Rate 38),DR-Curtailment,LargeC&I,GeneralLoad,Opt-in,demand charge + demand response credit,basic $300/mo + demand $16.14/kW + DR credit $2.75/interruptible kW + energy $0.00479/kWh,≥500 kW demand with ≥75% interruptible; max 100 hrs/yr,Rate 38,System peak periods,,,No,Unknown,Active,https://www.montana-dakota.com/rates-services/,2026-08-08,Medium
MISO,ND,Northern States Power Co - North Dakota (Xcel Energy),IOU,Saver's Switch (Business),DR-DLC,SmallC&I,Thermostat/AC,Opt-in,$/ton monthly bill credit,$5.00/ton/month June-September,"activated avg 5-15 days/summer, 15-20 min on/off cycling",Saver's Switch Business Rider,Late morning-early evening on peak summer days,,,No,Unknown,Active,https://www.xcelenergy.com/staticfiles/xe/PDF/Marketing/MN-ND-SD-Bus-Savers-Switch-Info-Sheet.pdf,2026-08-08,High
MISO,SD,East River Electric Power Cooperative,Cooperative,Load Management Program (member cooperatives),DR-DLC,Residential;SmallC&I,ElectricWaterHeater;Thermostat/AC;IrrigationPump;GeneralLoad,Opt-in,"embedded rate discount (avoided wholesale cost pass-through),Not published at G&T level; savings passed through 24 member distribution co-ops",>75,500 controlled loads across eastern SD/western MN; radio-switch dispatch on peak days,Load Management Program,Hot summer / cold winter peak days,,,No,Unknown,Active,https://www.eastriver.coop/save-energy-save-money/,2026-08-08,Medium
MISO,SD,Missouri River Energy Services,Municipal,Coordinated Demand Response (hosted DLC),DR-DLC,Residential,Thermostat/AC;ElectricWaterHeater,Opt-in,hosted direct load control (implemented via member municipal utilities),Not published at joint-action-agency level,RF Mesh network shared with AMI; deployed by 61 member municipalities in IA/MN/ND/SD,Coordinated Demand Response,Peak demand periods,,,No,Unknown,Active,https://www.mrenergy.com/services/coordinated-demand-response,2026-08-08,Medium
MISO,SD,Northern States Power Co - South Dakota (Xcel Energy),IOU,Saver's Switch (Business),DR-DLC,SmallC&I,Thermostat/AC,Opt-in,$/ton monthly bill credit,$5.00/ton/month June-September,"activated avg 5-15 days/summer, 15-20 min on/off cycling",Saver's Switch Business Rider,Late morning-early evening on peak summer days,,,No,Unknown,Active,https://www.xcelenergy.com/staticfiles/xe/PDF/Marketing/MN-ND-SD-Bus-Savers-Switch-Info-Sheet.pdf,2026-08-08,High
MISO,TX,Entergy Texas Inc,IOU,eMobility Solutions - CI Rider / DA Rider / EVCI (fleet & charging infrastructure riders),EV-Rate,SmallC&I;LargeC&I,EV/EVSE,Opt-in,infrastructure cost recovery + demand adjustment rider,$250 Level 2 rebate; custom DC fast charger rebates,,CI Rider; DA Rider; EVCI,,,,No,eTech rebate program,Active,https://emobility.entergy.com/assets/images/homepage/eMobility%20Solutions%20Rates%20and%20Riders.pdf,2026-08-08,Medium
MISO,TX,Entergy Texas Inc,IOU,Net Metering - Schedule SQF (Small Qualifying Facilities <=100kW),Export-Comp,Residential;SmallC&I,Solar+Storage,Default,avoided-cost credit for grid-exported kWh (Option 2C),2026 Summer avoided cost $0.03866/kWh; 2026 Winter avoided cost $0.035865/kWh,,Schedule SQF,,,"avoided cost (seasonal: summer May-Sep, winter Oct-Apr); no 1:1 buyback",Yes-restricted,Unknown,Active,https://www.entergytexas.com/net-metering,2026-08-08,High
MISO,TX,Entergy Texas Inc,IOU,Time-of-Use Rate (GS-TOD / eMobility TOU for C&I EV charging),TOU-Rate,SmallC&I,EV/EVSE,Opt-in,rate discount off-peak vs on-peak,,,GS-TOD,Winter 6-10am & 6-10pm weekdays; Summer 1-9pm weekdays (May15-Oct15),,,No,Unknown,Active,https://www.entergytexas.com/wp-content/uploads/eti_gs-tod.pdf,2026-08-08,Medium
MISO,TX,Entergy Texas Inc,IOU,Entergy Texas Battery Storage Solutions (FranklinWH/Tesla VPP),VPP,Residential,Battery,Opt-in,annual $/yr performance payment for dispatch access,up to $325/yr,enrollment deadline ~Sept 15 annually for full-year payout; automated dispatch during peak demand,,,,,Yes,Unknown,Active,https://greatergrid.com/enroll/programs/batteries/entergytxbattery,2026-08-08,Medium
MISO,WI,Madison Gas and Electric Co (MGE),IOU,Interruptible Service Rider (Is-3),DR-Curtailment,LargeC&I,GeneralLoad,Opt-in,$/kW-day demand charge credit + buy-through option,$0.12329/kW per day credit on interruptible portion of on-peak demand,"Min 500 kW on-peak interruptible load; 3-yr contract; max 300 combined hrs interruption+buy-through/yr, interruptions capped at 150 hrs; buy-through triggered when day-ahead LMP >$150/MWh for 2+ consecutive hrs (LMP+10%)","Rate Is-3 (applies to Cg-2, Cg-6, Sp-3)",,,,Yes-restricted,Unknown,Active,https://www.mge.com/MGE/media/MGE-Library/documents/rates-electric/e10-1-0-is3-20240326.pdf,2026-08-08,High
MISO,WI,Madison Gas and Electric Co (MGE),IOU,Direct Control Interruptible Service Rider (Is-4),DR-DLC,SmallC&I,GeneralLoad,Opt-in,demand charge credit for direct-control interruptible load,Unpublished $/kW credit (see tariff sheet E-10.2),Min 75 kW interruptible load,Rate Is-4,,,,Yes-restricted,Unknown,Active,https://www.mge.com/my-account/rates/electric-rates/business-electric-rates,2026-08-08,Medium
MISO,WI,Madison Gas and Electric Co (MGE),IOU,Charge Ahead (managed EV charging),EV-Rate,Residential,EV/EVSE,Opt-in,monthly bill credit for managed off-peak charging,Up to $8/mo (summer) and $4/mo (rest of year) for standard-rate customers; TOU customers get savings via rate instead of credit,No credit for customers already on TOU rate,N/A (ev.energy platform pilot),Charging shifted to off-peak/renewable-rich hours,,,No,Time-of-Use,Active,https://www.mge.com/smart-energy/electric-vehicles/ev-programs/charge-ahead,2026-08-08,High
MISO,WI,Madison Gas and Electric Co (MGE),IOU,Parallel Generation (PG-2) Net Metering,Export-Comp,All,Solar+Storage,Opt-in,monthly kWh credit carryover; annual buy-back rate for net sellers,Retail rate credit for monthly net excess (rolls to next month); net sellers (generate more than consumed annually) paid buy-back rate ~$0.038/kWh (Sheet E-2.2),"Applies to solar, wind, CHP customer generation",Rate PG-2,,,Monthly netting at retail rate; annual net excess for net sellers paid ~3.8c/kWh avoided-cost buyback,Yes-restricted,Unknown,Active,https://www.mge.com/smart-energy/clean-energy/solar-energy/net-metering,2026-08-08,High
MISO,WI,Madison Gas and Electric Co (MGE),IOU,Residential/Small Time-of-Use,TOU-Rate,Residential;SmallC&I,Any,Opt-in,rate discount off-peak,,Min 1-year commitment once enrolled,Rate Cg-3 (closed to new since 1/1/2021 - existing only); residential TOU also offered,Weekdays 9p-10a off-peak window referenced for EV charging shift,Save >20% on shifted usage per MGE marketing,,Yes,Charge Ahead,Closed to new enrollment,https://www.mge.com/my-account/rates/electric-rates/time-of-use,2026-08-08,Medium
MISO,WI,Northern States Power Co - Wisconsin (Xcel Energy),IOU,Interruptible Service Option Credit,DR-Curtailment,LargeC&I,GeneralLoad,Opt-in,bill credit for curtailable/interruptible load,Unpublished (not verifiable from public pages),Unknown,Interruptible Service Option,,,,Yes-restricted,Unknown,Active,https://my.xcelenergy.com/s/business/rate-plans/interruptible-service-option,2026-08-08,Low
MISO,WI,Northern States Power Co - Wisconsin (Xcel Energy),IOU,Residential Electric Vehicle Service (Time-of-Use whole-home),EV-Rate,Residential,EV/EVSE,Opt-in,whole-home billed on existing residential TOU rate,Unknown exact c/kWh (uses standard residential TOU schedule),For customers with on-site solar or existing TOU rate; whole home incl. EV billed under TOU,Residential EV Program (PSCW-approved),,,,No,Unknown,Active,https://www.renewwisconsin.org/psc-approves-xcel-energys-electric-vehicle-programs/,2026-08-08,Medium
MISO,WI,Northern States Power Co - Wisconsin (Xcel Energy),IOU,Parallel Generation Pg-1 Net Energy Billing,Export-Comp,All,Solar+Storage,Opt-in,net metering at full retail rate; year-end excess paid at Pg-2B LMP rates,"Year-end excess paid at forecast LMP: peak summer $0.04007/kWh, peak winter $0.03548/kWh, off-peak $0.02595/kWh",System <=100 kW-AC,Rate Pg-1,,,"1:1 net metering at retail rate, monthly banking; year-end excess at avoided-cost LMP (no capacity/transmission credit)",Yes-restricted,Unknown,Active,https://www.xcelenergy.com/staticfiles/xe-responsive/Working%20With%20Us/Renewable%20Developers/WI%20Parallel%20Generation%20Tariff%20Info%20Sheet%202024_FINAL.pdf,2026-08-08,High
MISO,WI,Northern States Power Co - Wisconsin (Xcel Energy),IOU,Parallel Generation Pg-2A Sale to Company,Export-Comp,LargeC&I,Solar+Storage;Generator,Opt-in,standard-offer contract; LMP energy + term-based capacity credit + transmission credit,"Capacity credit $/kW-month by contract term: 1yr $0.00, 5yr $5.83, 10yr $6.09, 15yr $6.34 (starts 2026); transmission credit $0.00718/kWh all hours","QF <=5,000 kW-AC; all energy sold to company under contract",Rate Pg-2A,,,All output sold at wholesale LMP (loss-adjusted) plus capacity and transmission credits,Yes-restricted,Unknown,Active,https://www.xcelenergy.com/staticfiles/xe-responsive/Working%20With%20Us/Renewable%20Developers/WI%20Parallel%20Generation%20Tariff%20Info%20Sheet%202024_FINAL.pdf,2026-08-08,High
MISO,WI,Northern States Power Co - Wisconsin (Xcel Energy),IOU,Parallel Generation Pg-2B Sale to Company After Self Supply,Export-Comp,SmallC&I;LargeC&I,Solar+Storage,Opt-in,no-contract sale of excess at LMP,"Excess kWh credited at forecast LMP: peak summer $0.04007/kWh, peak winter $0.03548/kWh, off-peak $0.02595/kWh; transmission credit $0.00718/kWh; no capacity credit","QF <=1,000 kW-AC",Rate Pg-2B,,,"Self-supply then sell excess at avoided-cost LMP, no capacity credit",Yes-restricted,Unknown,Active,https://www.xcelenergy.com/staticfiles/xe-responsive/Working%20With%20Us/Renewable%20Developers/WI%20Parallel%20Generation%20Tariff%20Info%20Sheet%202024_FINAL.pdf,2026-08-08,High
MISO,WI,Superior Water Light & Power Co (ALLETE),IOU,Controlled Space Heating (ED1/CSHS),DR-DLC,Residential,SpaceHeat,Opt-in,discounted flat energy rate for interruptible space-heating circuit,$0.0837/kWh vs standard $0.1393/kWh,Non-electric backup heat source required; subject to interruption,Rate ED1/CSHS,,,,No,Unknown,Active,https://www.swlp.com/CustomerService/ElectricRatesExtensionRules,2026-08-08,High
MISO,WI,Superior Water Light & Power Co (ALLETE),IOU,Controlled Water Heating (EW1),DR-DLC,Residential,ElectricWaterHeater,Opt-in,discounted flat energy rate for utility-controlled water heater circuit,$0.0906/kWh vs standard $0.1393/kWh (~35% discount),Separately metered water heater circuit; subject to utility control,Rate EW1,,,,No,Unknown,Active,https://www.swlp.com/CustomerService/ElectricRatesExtensionRules,2026-08-08,High
MISO,WI,Superior Water Light & Power Co (ALLETE),IOU,General/Large Power Service Time-of-Day (EC5/EP3/EP5),Demand-Charge,SmallC&I;LargeC&I,Battery;GeneralLoad,Default,demand charge (seasonal) + TOU energy,Demand $10.00-12.35/kW (summer/winter varies by schedule) + distribution demand $3.00/kW,"Mandatory >=500 kW (EC5/EP3) or >=10,000 kW / Washburn Co. (EP5)",Rate EC5/EP3/EP5,On-peak 9a-9p weekdays (per rate book); winter Nov-Feb,"on winter ~$0.0684-0.0893/kWh, summer ~$0.0684-0.0856/kWh / off-peak ~$0.0516-0.0646/kWh",,Yes,Unknown,Active,https://www.swlp.com/CustomerService/ElectricRatesExtensionRules,2026-08-08,High
MISO,WI,Superior Water Light & Power Co (ALLETE),IOU,Residential Service Time-of-Day (ERTD),TOU-Rate,Residential,Any,Opt-in,rate discount off-peak,,,Rate ERTD,On-peak 9a-9p weekdays,"on winter $0.1514/kWh, summer $0.1598/kWh / off-peak $0.0760/kWh",,Yes,Unknown,Active,https://www.swlp.com/CustomerService/ElectricRatesExtensionRules,2026-08-08,High
MISO,WI,WPPI Energy,Municipal,Power Partner Rewards (formerly Bring Your Own Device/BYOT),DR-BYOT,Residential;SmallC&I,Thermostat/AC,Opt-in,enrollment bonus + annual bill credit,$25 enrollment bill credit + $25/summer participated (up to $50 total),Opt-out of any event permitted; administered by WPPI Energy (EnergyHub/GreaterGrid) on behalf of participating member municipal utilities,N/A (PSCW-approved BYOD docket originating with Village of Waunakee),Summer peak events,,,No,Unknown,Active,https://www.renewwisconsin.org/psc-approves-wppis-bring-your-own-device-demand-response-program/,2026-08-08,High
MISO,WI,Wisconsin Electric Power Co (We Energies),IOU,Smart Thermostat Rewards,DR-BYOT,Residential,Thermostat/AC,Opt-in,enrollment bonus + monthly summer bill credit,$25 enrollment + $6.25/mo Jun-Sep ($50 yr 1); $25/yr thereafter,Max 20 events/summer season; weekdays Jun-Sep mostly 1p-7p; 4hr max; up to 4degF adjustment,N/A (EnergyHub/GreaterGrid pilot),Weekdays Jun-Sep mostly 1p-7p,,,No,Time-of-Use;Residential EV Pilot,Pilot,https://www.we-energies.com/services/smart-thermostat-rewards-program,2026-08-08,High
MISO,WI,Wisconsin Electric Power Co (We Energies),IOU,General Primary Combined Firm and Non-Firm,DR-Curtailment,LargeC&I,GeneralLoad;Battery,Opt-in,reduced demand/energy charge for interruptible load block,Non-firm demand ~$12.05-12.22/kW vs firm ~$17.41-17.58/kW; non-firm energy ~$0.056-0.081/kWh vs firm ~$0.061-0.087/kWh,Min 1000 kW interruptible load beyond contracted firm level,Rate CPFN,8a-8p & 10a-10p (General Primary on-peak),,,Yes-restricted,Unknown,Active,https://www.we-energies.com/olb/25/2025-01-we-electric-rates.pdf,2026-08-08,High
MISO,WI,Wisconsin Electric Power Co (We Energies),IOU,General Primary Curtailable,DR-Curtailment,LargeC&I,GeneralLoad,Closed to new,$/kWh on-peak curtailable credit,$0.01970-0.02028/kWh on-peak curtailable energy by voltage level,Min 500 kW curtailable load; contract-specified firm demand,Rate Cp3,8a-8p & 10a-10p,,,Yes-restricted,Unknown,Closed to new enrollment,https://www.we-energies.com/olb/25/2025-01-we-electric-rates.pdf,2026-08-08,High
MISO,WI,Wisconsin Electric Power Co (We Energies),IOU,General Primary Seasonal Curtailable,DR-Curtailment,LargeC&I,GeneralLoad,Closed to new,$/kW seasonal curtailable service credit,$2.00/kW curtailable demand (Apr 1-Sep 30),Min 100 kW curtailable demand; pre-season contract,Rate Cp3S,8a-8p & 10a-10p,,,Yes-restricted,Unknown,Closed to new enrollment,https://www.we-energies.com/olb/25/2025-01-we-electric-rates.pdf,2026-08-08,High
MISO,WI,Wisconsin Electric Power Co (We Energies),IOU,General Secondary Curtailable,DR-Curtailment,SmallC&I,GeneralLoad,Closed to new,$/kWh on-peak curtailable service credit,$0.02080/kWh on-peak curtailable energy,Min 100 kW curtailable load; contract-specified firm demand level,Rate Cg3C,Weekdays 9a-9p,,,Yes-restricted,Unknown,Closed to new enrollment,https://www.we-energies.com/olb/25/2025-01-we-electric-rates.pdf,2026-08-08,High
MISO,WI,Wisconsin Electric Power Co (We Energies),IOU,General Secondary Seasonal Curtailable,DR-Curtailment,SmallC&I,GeneralLoad,Closed to new,$/kW seasonal curtailable service credit,$2.00/kW curtailable demand (Apr 1-Sep 30),Min 100 kW curtailable demand; pre-season contract,Rate Cg3S,Weekdays 9a-9p,,,Yes-restricted,Unknown,Closed to new enrollment,https://www.we-energies.com/olb/25/2025-01-we-electric-rates.pdf,2026-08-08,High
MISO,WI,Wisconsin Electric Power Co (We Energies),IOU,General Secondary Demand Time-of-Use,Demand-Charge,SmallC&I;LargeC&I,Battery;GeneralLoad,Default,on-peak demand charge,$19.681/kW on-peak demand; $3.305/kW customer demand,Mandatory if >=986 kWh/day for any 3 months in 12-month period,Rate Cg3,Weekdays 9a-9p,on $0.08969/kWh / off $0.05511/kWh,,Yes,Unknown,Active,https://www.we-energies.com/olb/25/2025-01-we-electric-rates.pdf,2026-08-08,High
MISO,WI,Wisconsin Electric Power Co (We Energies),IOU,Business EV Pilot Program (EV-C),EV-Rate,SmallC&I;LargeC&I,EV/EVSE,Opt-in,utility infrastructure cost allowance (no rate discount; standard rate applies),Case-by-case allowance; cost estimates include 20% cushion,Min 150 kW of new Level 2/DCFC charging committed,Rate EV-C,,,,No,Unknown,Active,https://www.we-energies.com/services/electric-vehicles/ev-business-charger-pilot,2026-08-08,High
MISO,WI,Wisconsin Electric Power Co (We Energies),IOU,Residential EV Pilot Program (EV-R),EV-Rate,Residential,EV/EVSE,Opt-in,off-peak per-kWh bill credit,$0.04/kWh on Rg-1 or $0.01/kWh on Rg-2 for midnight-8a usage; capped at 400 kWh/mo,Max 400 kWh/mo credited; all-electric BEV only; owner-occupied WI residence,Rate EV-R,Credit window 12a-8a daily,Rg-1 flat $0.19342/kWh; Rg-2 on $0.30084 / off $0.10028,,No,Wisconsin Time-of-Use,Pilot,https://www.we-energies.com/services/electric-vehicles/ev-charger-pilot,2026-08-08,High
MISO,WI,Wisconsin Electric Power Co (We Energies),IOU,Customer Generation Service - Net Metered (CGS-NM),Export-Comp,All,Solar+Storage,Opt-in,avoided energy cost bill credit for net excess generation,Flat $0.03177/kWh; TOU on-peak $0.04064 (summer)/$0.03411 (non-summer); off-peak $0.02852/$0.02931,Aggregate nameplate <300 kW; paid by check when accumulated credit exceeds $100,Rate CGS-NM,Per customer's underlying purchase rate schedule,See incentive_value_usd,Net metering to 300 kW nameplate; excess credited at avoided energy cost only (no capacity/transmission credit),Yes-restricted,Unknown,Active,https://www.we-energies.com/olb/25/2025-01-we-customer-generation-rates.pdf,2026-08-08,High
MISO,WI,Wisconsin Electric Power Co (We Energies),IOU,Real Time Market Pricing / Day Ahead Market Pricing riders,RTP-Rate,LargeC&I,GeneralLoad;Battery,Opt-in,day-ahead LMP-indexed energy price plus adder,$5.50/MWh adder over day-ahead market price (RTMP for incremental load),Unknown,RTMP/NLMP/DAMP riders,,,,Yes-restricted,Unknown,Active,https://wieg.org/regulatory-legislative/,2026-08-08,Medium
MISO,WI,Wisconsin Electric Power Co (We Energies),IOU,General Secondary Time-of-Use,TOU-Rate,SmallC&I,Any,Opt-in,rate discount off-peak,,,Rate Cg6,Weekdays 9a-9p,on $0.25388/kWh / off $0.09765/kWh,,Yes,Unknown,Active,https://www.we-energies.com/services/time-of-use-wi,2026-08-08,High
MISO,WI,Wisconsin Electric Power Co (We Energies),IOU,Wisconsin Time-of-Use (Residential),TOU-Rate,Residential,Any,Opt-in,rate discount off-peak,on $0.27006-0.30084/kWh; off $0.10028-0.10387/kWh,Mandatory above 60000 kWh/yr but customer may opt out,Rate Rg2,"Weekdays; customer selects 7a-7p, 8a-8p, 9a-9p or 10a-10p",on ~27.0-30.1c/kWh / off ~10.0-10.4c/kWh,,Yes,Smart Thermostat Rewards;Residential EV Pilot,Active,https://www.we-energies.com/services/time-of-use-wi,2026-08-08,High
MISO,WI,Wisconsin Power & Light Co (Alliant Energy),IOU,Smart Hours - Electric Water Heaters,DR-BYOD,Residential,ElectricWaterHeater,Opt-in,enrollment bonus + seasonal bill credit,$25 enrollment (virtual Visa) + $25/season participated,"Max 15 events/season; summer Jun1-Sep30, winter Dec1-Mar31; rarely >4hrs",N/A (Aquanta/AutoGrid pilot),Event days only,,,No,Smart Hours Thermostat;Smart Hours EV,Active,https://www.alliantenergy.com/ways-to-save/smart-hours/wisconsin,2026-08-08,High
MISO,WI,Wisconsin Power & Light Co (Alliant Energy),IOU,Smart Hours - Smart Thermostats,DR-BYOT,Residential,Thermostat/AC,Opt-in,enrollment bonus + seasonal bill credit,$25 enrollment (virtual Visa) + $25/season participated,"Max 15 events/season; summer Jun1-Sep30, winter Dec1-Mar31; rarely >4hrs; no weekends/holidays",N/A (AutoGrid FlexSaver pilot),Event days only (pre-cool/heat then reduce),,,No,Nights and Weekends;Smart Hours EV;Smart Hours Water Heater,Active,https://www.alliantenergy.com/ways-to-save/smart-hours/wisconsin,2026-08-08,High
MISO,WI,Wisconsin Power & Light Co (Alliant Energy),IOU,Electric Interruptible Program (Cp-1/Cp-2),DR-Curtailment,LargeC&I,GeneralLoad,Opt-in,annual rate discount for curtailable load,Discount on electricity price for entire year (amount set in Cp-1/Cp-2 tariff),Min 200 kW curtailable for >=6 months/yr; max 50 hrs economic + 150 hrs reliability interruption/yr; 1-hr or instantaneous (10-min) response options,Rate Cp-1/Cp-2 Interruptible Rider,,,,Yes-restricted,Unknown,Active,https://www.alliantenergy.com/ways-to-save/interruptible-program/wisconsin-electric,2026-08-08,High
MISO,WI,Wisconsin Power & Light Co (Alliant Energy),IOU,Smart Hours - Electric Vehicles/Chargers,EV-Rate,Residential,EV/EVSE,Opt-in,enrollment bonus + seasonal bill credit,$25 enrollment (virtual Visa) + $25/season participated,"Max 15 events/season; summer Jun1-Sep30, winter Dec1-Mar31; rarely >4hrs",N/A (AutoGrid pilot),Event days only (charging paused/shifted),,,No,Smart Hours Thermostat;Smart Hours Water Heater,Active,https://www.alliantenergy.com/ways-to-save/smart-hours/wisconsin,2026-08-08,High
MISO,WI,Wisconsin Power & Light Co (Alliant Energy),IOU,Net Metering / Power Partnership,Export-Comp,All,Solar+Storage,Opt-in,retail-rate monthly net credit; avoided-cost true-up for annual excess,Retail rate for monthly net excess; avoided cost ~$0.04254/kWh average (2026) for surplus/true-up; Power Partnership min charge $10/mo (<=20kW) or $15/mo (20-75kW),Legacy net metering customers grandfathered to 2032; new customers after 2025 default to Power Partnership,Net Metering / Power Partnership tariff,,,1:1 retail credit monthly net excess; annual true-up / new customers at avoided cost ~4.25c/kWh,Yes-restricted,Smart Hours Battery Storage,Active,https://www.renewwisconsin.org/the-power-of-partnership/,2026-08-08,Medium
MISO,WI,Wisconsin Power & Light Co (Alliant Energy),IOU,Nights and Weekends,TOU-Rate,Residential,Any,Opt-in,rate discount off-peak,,,Rate Rg-5,Weekdays 7a-7p (full price); discount after 7pm weekdays and all weekend,Unknown exact c/kWh split,,Yes,Smart Hours,Active,https://www.alliantenergy.com/ways-to-save/residential-rate-options/wisconsin,2026-08-08,Medium
MISO,WI,Wisconsin Power & Light Co (Alliant Energy),IOU,Smart Hours - Battery Storage Systems,VPP,Residential,Battery,Opt-in,upfront enrollment incentive + annual performance payment,$100/kWh of battery nameplate capacity at enrollment + annual performance payment (amount unpublished),Limited number of events/yr; battery pre-charges ahead of event then discharges during event,N/A (AutoGrid pilot),Event days only,,,Yes,Nights and Weekends;Net Metering/Power Partnership,Active,https://www.alliantenergy.com/ways-to-save/smart-hours/wisconsin,2026-08-08,High
MISO,WI,Wisconsin Public Service Corp (WPS),IOU,Lg Comm'l & Indus-Interruptible Rider,DR-Curtailment,LargeC&I,GeneralLoad,Opt-in,$/kW interruptible demand credit vs charge,"Credit $8.039/kW summer, $4.020/kW winter (secondary); charge reduced accordingly by voltage level",Min 200 kW interruptible demand for >=8 billing periods/yr; max 600 contracted interruption hrs/yr; 5-yr contract,Rate Cp-I2,Economic interruption triggered when Day-Ahead LMP exceeds EITP (>= $0.06/kWh or 1.2x gas-fired cost),,,Yes-restricted,Unknown,Active,https://www.wisconsinpublicservice.com/company/wi_tariffs/CPI2.pdf,2026-08-08,High
MISO,WI,Wisconsin Public Service Corp (WPS),IOU,Residential EV Pilot Program (EV-R),EV-Rate,Residential,EV/EVSE,Opt-in,off-peak per-kWh bill credit,$0.04/kWh (Rg-1) or $0.01/kWh (Rg-3) or $0.005/kWh (Rg-5) for midnight-8a usage; capped at 400 kWh/mo,Max 400 kWh/mo credited; all-electric BEV only,Rate EV-R,Credit window 12a-8a daily,Rg-1 flat $0.14802/kWh,,No,Time-of-Use rates,Pilot,https://www.wisconsinpublicservice.com/services/electric-vehicles/ev-charger-pilot,2026-08-08,High
MISO,WI,Wisconsin Public Service Corp (WPS),IOU,Parallel Generation-Purchase (PG-2C),Export-Comp,All,Solar+Storage,Opt-in,negotiated buy-back rate for QF generation,Negotiated per PSCW guidelines; renewable premium at company discretion,Generating capacity <=20000 kW (<=5000 kW may choose PG-2C or PG-2B LMP-indexed),Rate PG-2C,,,Negotiated buy-back; customer retains REC rights unless premium accepted,Yes-restricted,Unknown,Active,https://www.wisconsinpublicservice.com/company/wi_tariffs/PG-2C.pdf,2026-08-08,High
MISO,WI,Wisconsin Public Service Corp (WPS),IOU,Residential Service Three-Tier Optional Time-of-Use,TOU-Rate,Residential,Any,Opt-in,rate discount off-peak/shoulder,,Min 3-month commitment; capped at 1500 participants,Rate Rg5-OTOU,Winter: weekdays 4p-8p; Summer: weekdays 1p-7p,on $0.33689/kWh / shoulder $0.14802/kWh / off $0.08353/kWh,,Yes,Residential EV Pilot,Active,https://www.wisconsinpublicservice.com/company/wi_tariffs/rg5otou.pdf,2026-08-08,High
MISO,WI,Wisconsin Public Service Corp (WPS),IOU,Residential Service Two-Tier Time-of-Use,TOU-Rate,Residential,Any,Opt-in,rate discount off-peak,,,Rate Rg-3,,on $0.26730/kWh / off $0.08353/kWh,,Yes,Residential EV Pilot,Active,https://www.wisconsinpublicservice.com/services/electric-vehicles/ev-charger-pilot,2026-08-08,Medium
PJM,DC,Potomac Electric Power Co (Pepco DC),IOU,Energy Wise Rewards (AC/heat pump cycling),DR-DLC,Residential,Thermostat/AC;HeatPump,Opt-in,flat annual bill credit,,,,,,,No,Unknown,Active,https://energywiserewards.pepco.com/,2026-08-08,Medium
PJM,DC,Potomac Electric Power Co (Pepco DC),IOU,Net Metering (DC),Export-Comp,All,Solar+Storage;Battery;GeneralLoad,Opt-in,1:1 retail credit,,Systems <=100 kW,,,,NEG credited at full retail rate on next bill and carried forward indefinitely; December remaining NEG compensated at generation rate only,Yes-restricted,"DC SREC market (DC PSC-administered, 15-yr SREC eligibility)",Active,https://doee.dc.gov/service/solar-district,2026-08-08,Medium
PJM,DE,Delaware Electric Cooperative,Cooperative,Beat the Peak,DR-Curtailment,All,GeneralLoad;Thermostat/AC,Opt-in,voluntary curtailment,,,,,,,Unclear,Unknown,Active,https://www.delaware.coop/btp,2026-08-08,Medium
PJM,DE,Delaware Electric Cooperative,Cooperative,Net Metering / Solar Interconnection,Export-Comp,All,Solar+Storage;Battery;GeneralLoad,Opt-in,1:1 retail credit,,DE statewide net metering rules,,,,1:1 monthly retail credit with rollover,Yes-restricted,Unknown,Active,https://www.delaware.coop/energy-savings-programs/solar-interconnections,2026-08-08,Medium
PJM,DE,Delaware Municipal Electric Corp (DEMEC) - member municipal utilities,Municipal,Net Metering (DE municipal members),Export-Comp,All,Solar+Storage;Battery;GeneralLoad,Opt-in,1:1 retail credit,,"Net-metering cap increased to 8% of peak load (per member policy updates); members: Clayton, Dover, Lewes, Middletown, Milford, New Castle, Newark, Seaford, Smyrna",,,,,Yes-restricted,Unknown,Active,https://www.lewesbpwde.gov/wp-content/uploads/2022/12/15-NEM-Policy-Update-BOARD-Only-1.pdf,2026-08-08,Medium
PJM,DE,Delmarva Power & Light Co (Delmarva DE),IOU,Energy Wise Rewards (AC/heat pump cycling),DR-DLC,Residential,Thermostat/AC;HeatPump,Closed to new,flat annual bill credit,,Program paused May 31 2026 pending Delaware PSC review of proposed changes,,June-October (historical),,,No,Unknown,Closed to new enrollment,https://depsc.delaware.gov/?p=28510,2026-08-08,Medium
PJM,DE,Delmarva Power & Light Co (Delmarva DE),IOU,Net Metering (DE statewide),Export-Comp,All,Solar+Storage;Battery;GeneralLoad,Opt-in,1:1 retail credit,,DE statewide net metering rules,,,,1:1 monthly retail credit with rollover,Yes-restricted,Unknown,Active,https://programs.dsireusa.org/system/program/detail/43,2026-08-08,Medium
PJM,IL,Commonwealth Edison Company (ComEd),IOU,Peak Time Savings,CPP-PTR,Residential,GeneralLoad;Any,Opt-in,$/kWh bill credit for usage reduction vs baseline,$1.00/kWh saved during event hours,"Events called May 1-Oct 31 typically 10am-9pm, day-ahead notice, multiple events/summer, no enrollment cost or penalty",Not a separate rate schedule (opt-in program on standard rate),"Event days ~10am-9pm, announced day-ahead",,,Yes-restricted,Hourly Pricing;Unknown,Active,https://www.comed.com/WaysToSave/ForYourHome/Pages/PeakTimeSavings.aspx,2026-08-08,High
PJM,IL,Commonwealth Edison Company (ComEd),IOU,C&I Voluntary Load Reduction (VLR) / PJM Curtailment Service Provider Programs,DR-Curtailment,LargeC&I,GeneralLoad;Generator;Battery,Opt-in,$/kW-yr capacity payment via Curtailment Service Provider,$50-150/kW-yr (typical CSP-enrolled PJM DR value),Per PJM Emergency/Economic DR program rules; historically ~3000 participants and ~1 GW enrolled capacity,PJM CSP enrollment (no ComEd-specific rider number published),,,,Yes,Unknown,Active,https://olivineinc.com/project/commonwealth-edisons-c-i-vlr-program/,2026-08-08,Medium
PJM,IL,Commonwealth Edison Company (ComEd),IOU,Electric Vehicle Charger and Installation Rebate,EV-Rate,Residential,EV/EVSE,Opt-in,upfront rebate for Level 2 charger purchase and installation,"$1,000 standard rebate; up to $2,500 for income-qualified or Equity Investment Eligible Community households",,,,,,No,Hourly Pricing;DTOD,Active,https://www.comed.com/about-us/clean-energy/electric-vehicle-charger-and-installation-rebate,2026-08-08,High
PJM,IL,Commonwealth Edison Company (ComEd),IOU,Net Metering / CEJA Net Billing Transition,Export-Comp,Residential;SmallC&I,Solar+Storage,Default,volumetric bill credit for exported energy,,,Rider POG (Parallel Operation of Generation) / Net Metering,,,"1:1 full retail net metering for systems interconnected before 1/1/2025 (credits now roll over indefinitely under CEJA); supply-only net billing (credited at supply rate only, no delivery-charge offset) for systems interconnected on/after 1/1/2025",Yes-restricted,Illinois Shines SREC;Illinois DG Rebate,Active,https://www.illinoissfa.com/wp-content/uploads/2024/11/Net-Metering-Changes-in-Illinois-%E2%80%93-Frequently-Asked-Questions-for-Approved-Vendors-and-Designees_Updated.pdf,2026-08-08,High
PJM,IL,Commonwealth Edison Company (ComEd),IOU,Hourly Pricing (Residential Real-Time Pricing Program),RTP-Rate,Residential,Battery;EV/EVSE;GeneralLoad;Any,Opt-in,hourly market-indexed supply price passthrough (no markup),,"No event limits; hourly price updates all 8760 hrs/yr, day-ahead hourly forecast posted daily",Rate BESH; Rider RRTP,Varies hourly - no fixed on-peak window,"Price = PJM real-time hourly LMP (avg of twelve 5-min prices), no utility markup",N/A - electric supply rate only,Yes,Peak Time Savings;Illinois DG Rebate;SDVPP,Active,https://hourlypricing.comed.com/about/,2026-08-08,High
PJM,IL,Commonwealth Edison Company (ComEd),IOU,Illinois Distributed Generation Rebate (Solar + Storage),Storage-Incentive,Residential;SmallC&I;LargeC&I,Solar+Storage;Battery,Opt-in,upfront $/kW (solar) and $/kWh (storage) rebate,$300/kW solar + $300/kWh storage (residential/small C&I); $250/kW + $250/kWh (large C&I),Must interconnect on/after 8/11/22; smart inverter from IL Approved Inverter List required; storage-rebate recipients must enroll in Hourly Pricing and join SDVPP for required term,Rider DGR (Distributed Generation Rebate),,,,Yes,Hourly Pricing;SDVPP;Illinois Shines SREC,Active,https://www.comed.com/SmartEnergy/MyGreenPowerConnection/Pages/SolarRebates.aspx,2026-08-08,High
PJM,IL,Commonwealth Edison Company (ComEd),IOU,Delivery Time of Day (DTOD) Rate with EV Bill Credit,TOU-Rate,Residential,GeneralLoad;EV/EVSE,Opt-in,TOU delivery rate plus per-vehicle EV enrollment bill credit,"$2/vehicle/month bill credit for up to 24 months, max 2 vehicles/household",,Rider DTOD,,,,Unclear,Hourly Pricing;Unknown,Active,https://www.barchart.com/story/news/160444/comed-launches-new-delivery-time-of-day-rate-to-help-customers-manage-energy-costs,2026-08-08,Medium
PJM,IL,Commonwealth Edison Company (ComEd),IOU,Scheduled Dispatch Virtual Power Plant (SDVPP),VPP,Residential,Battery;Solar+Storage,Opt-in,capacity/dispatch payment for scheduled battery dispatch (rate design pending),,Program approved by ICC; launch targeted 2027; EV inclusion targeted ~2029,Rider SDVPP,,,,Yes,Illinois DG Rebate;Hourly Pricing,Proposed/pending,https://icc.illinois.gov/downloads/public/filing/4/399541.pdf,2026-08-08,Medium
PJM,IN,Indiana Michigan Power (AEP),IOU,Demand Response Service - Emergency (Curtailment Demand Credit),DR-Curtailment,LargeC&I,GeneralLoad;Battery;Generator,Opt-in,capacity credit tied to PJM Base Residual Auction price,,Applies to Rates GS/GSTOD/LGS/LGS-TOD/IP/MS/WSS/EGH customers with curtailable load,Rider D.R.S.1,,,,Yes-restricted,Voluntary Curtailment Service;Rider DLMS,Active,https://www.utilitydive.com/news/how-indiana-michigan-power-helps-ci-customers-bring-their-flexibility-to-m/442891/,2026-08-08,Medium
PJM,IN,Indiana Michigan Power (AEP),IOU,Voluntary Curtailment Service Program,DR-Curtailment,LargeC&I,GeneralLoad;Battery,Opt-in,PJM capacity price-linked credit when dispatched,,min 1000 kW curtailable per account; via CSP or direct enrollment,,,,,Yes-restricted,Rider D.R.S.1,Active,https://www.utilitydive.com/news/how-indiana-michigan-power-helps-ci-customers-bring-their-flexibility-to-m/442891/,2026-08-08,Medium
PJM,IN,Indiana Michigan Power (AEP),IOU,Residential EV Time-of-Use Rate,EV-Rate,Residential,EV/EVSE,Opt-in,TOU rate discount for EV charging + charger rebate,$500 rebate for L2 charger/pre-wire; ~$0.08/kWh off-peak vs ~$0.11/kWh on-peak,Requires separate EV sub-metering,EV TOU Rider,Weekdays 7am-9pm (off-peak nights/weekends),off-peak ~8c/kWh / on-peak ~11c/kWh,,No,Unknown,Active,https://www.in.gov/iurc/files/Indiana-Michigan-Power-Tariffs.pdf,2026-08-08,Medium
PJM,IN,Indiana Michigan Power (AEP),IOU,Excess Distributed Generation Rider (EDG),Export-Comp,All,Solar+Storage;Battery,Opt-in,avoided-cost export credit ($/kWh) at 125% of prior-year LMP,$0.090476/kWh (Marginal DG Price per 2023 compliance filing),Annual 30-day filing update on/before Mar 1,Rider EDG,,,avoided cost ~9.05c/kWh (125% of prior-year LMP),Yes-restricted,Unknown,Active,https://iurc.portal.in.gov/_entity/sharepointdocumentlocation/0d67dec5-accc-ed11-b596-001dd8070a7e/bb9c6bba-fd52-45ad-8e64-a444aef13c39?file=45506_Indiana+Michigan+Power_Compliance+Filing+and+Submission+of+Tariff_03272023.pdf,2026-08-08,Medium
PJM,KY,Duke Energy Kentucky,IOU,Net Metering I (legacy; closed),Export-Comp,Residential;SmallC&I,Solar+Storage,Closed to new,full retail 1:1 credit (grandfathered),,Closed to new as of 1/1/2025; grandfathered for 25 years for pre-2025 systems,Rider Net Metering I,,,1:1 full retail (grandfathered legacy participants only),Yes-restricted,Unknown,Closed to new enrollment,https://www.kyrc.org/news/solar/fighting-for-fair-solar-compensation,2026-08-08,Medium
PJM,KY,Duke Energy Kentucky,IOU,Net Metering II Rider (NMII) / Avoided Cost Excess Generation Credit,Export-Comp,Residential;SmallC&I,Solar+Storage,Opt-in,avoided-cost per-kWh bill credit,$0.062924/kWh residential; $0.063255/kWh non-residential (effective 1/1/2025),Applies to systems not operational by 12/31/2024; NM I grandfathered 25 yrs for earlier systems,Rider Net Metering II (Tariff Sheet No. 84),,,avoided cost ~6.29c/kWh (residential),Yes-restricted,Unknown,Active,https://psc.ky.gov/pscecf/2025-00258/e.rolfes-adkins@duke-energy.com/09172025043306/DEK_R_PSCDR1_091725.pdf,2026-08-08,High
PJM,KY,Duke Energy Kentucky,IOU,Time-of-Day Rate (Rate DT),TOU-Rate,SmallC&I;LargeC&I,GeneralLoad;Battery,Opt-in,rate discount for off-peak usage,,,Rate DT (Time-of-Day Rate for Service at Distribution Voltage),,,,Yes-restricted,Unknown,Active,https://psc.ky.gov/tariffs/electric/duke%20energy%20kentucky/cancelled%20tariff%20pages/2018/rate%20dt-time-of-day%20rate%20for%20service%20at%20distribution%20voltage/04-14.pdf,2026-08-08,Low
PJM,KY,East Kentucky Power Cooperative,Cooperative,Interruptible Industrial Power Service,DR-Curtailment,LargeC&I,GeneralLoad;Battery;Generator,Opt-in,rate discount/credit for interruptible demand,,Up to 400 hrs/yr annual interruption; PJM delivery year mandatory test once/yr; ~170 MW/84 customers on interruptible+TOD rates; buy-through available for economic (not reliability) interruptions,Industrial Power Agreement with Interruptible Service,,,,Yes-restricted,Unknown,Active,"https://psc.ky.gov/tariffs/electric/east%20kentucky%20power%20cooperative,%20inc/contracts/Jackson%20Energy%20Cooperative%20Corporation/BlockZ%20Holdings,%20LLC/Green%20Hall/2023-12-01_Industrial%20Power%20Agreement_w_Interruptable%20Service.pdf",2026-08-08,Medium
PJM,KY,East Kentucky Power Cooperative,Cooperative,Net Metering / Distributed Generation (member co-op level),Export-Comp,Residential;SmallC&I,Solar+Storage,Opt-in,avoided-cost credit set per member cooperative,,Rates vary by member distribution cooperative filing (EKPC or co-op individually files with KY PSC),,,,avoided-cost basis (varies by member co-op),Yes-restricted,Unknown,Active,https://psc.ky.gov/agencies/psc/press/092019/0910_r01.pdf,2026-08-08,Low
PJM,KY,Kentucky Power (AEP),IOU,Interruptible/Curtailable Service (Discretionary Interruption),DR-Curtailment,LargeC&I,GeneralLoad;Battery;Generator,Opt-in,PJM day-ahead price-linked credit for curtailment,,min 1 MW curtailable load,,,,,Yes-restricted,Unknown,Active,https://www.piclo.com/organisations/kentucky-power,2026-08-08,Medium
PJM,KY,Kentucky Power (AEP),IOU,Net Metering II (NMS II),Export-Comp,Residential;SmallC&I,Solar+Storage,Opt-in,avoided-cost per-kWh bill credit,$0.09746/kWh (effective Jan 2025),Applies to new systems from 1/1/2025; NM I grandfathered 25 yrs for earlier systems,Tariff NMS II,,,avoided cost ~9.75c/kWh,Yes-restricted,Unknown,Active,https://dailyenergyinsider.com/featured/30331-kentucky-power-considers-path-forward-following-net-metering-order/,2026-08-08,Medium
PJM,MD,Baltimore Gas and Electric Co (BGE),IOU,Energy Savings Days (Peak Time Rebate / CPP add-on to Connected Rewards),CPP-PTR,Residential,Thermostat/AC;Battery;GeneralLoad,Opt-in,$/kWh performance rebate on event days,~$1.25/kWh saved during peak events (legacy Smart Energy Rewards structure),Event days called during summer peak conditions,,,,,Yes-restricted,Connected Rewards,Active,https://bgesmartenergy.com/residential/earn-incentives/eventscentral/energy-savings-days,2026-08-08,Medium
PJM,MD,Baltimore Gas and Electric Co (BGE),IOU,Connected Rewards (residential BYOT),DR-BYOD,Residential,Thermostat/AC;HeatPump,Opt-in,$/month bill credit per enrolled thermostat,"$10/month per thermostat (up to 3); up to $50/yr (central AC/furnace, May-Sep) or up to $120/yr (heat pump, year-round)","Adjustments <=4 degrees, <=4 hrs, weekdays only unless PJM emergency",,,,,No,Energy Savings Days,Active,https://bgesmartenergy.com/residential/earn-incentives/connectedrewards,2026-08-08,High
PJM,MD,Baltimore Gas and Electric Co (BGE),IOU,Connected Rewards for Business,DR-BYOD,SmallC&I;LargeC&I,Thermostat/AC;GeneralLoad,Opt-in,bill credit per enrolled device,,,,,,,No,Unknown,Active,https://bgesmartenergy.com/business/business-programs/connected-rewards,2026-08-08,Medium
PJM,MD,Baltimore Gas and Electric Co (BGE),IOU,PeakRewards Air Conditioning Cycling Program,DR-DLC,Residential,Thermostat/AC,Closed to new,"flat annual bill credit,",Closed to new participants since April 1 2020; ~250,000 legacy participants remain,,June-September,,,No,Unknown,Closed to new enrollment,https://bgesmartenergy.com/residential/earn-incentives/peak-rewards,2026-08-08,High
PJM,MD,Baltimore Gas and Electric Co (BGE),IOU,Net Metering (MD statewide),Export-Comp,All,Solar+Storage;Battery;GeneralLoad,Opt-in,1:1 retail credit with annual true-up,,System capped at 2 MW and 200% of baseline annual usage (MD statute),,,,Monthly banked credit at retail value; unused credit cashed out in April at generation-only rate,Yes-restricted,Unknown,Active,https://psc.maryland.gov/wp-content/uploads/2025-Net-Metering-Report-4.pdf,2026-08-08,Medium
PJM,MD,Baltimore Gas and Electric Co (BGE),IOU,DRIVE Act Opt-in Time-of-Use Tariff,TOU-Rate,Residential;LargeC&I,GeneralLoad;EV/EVSE;Battery,Opt-in,rate discount (opt-in TOU),,Filed per July 1 2025 Commission directive; pending approval,,,,,Unclear,Unknown,Proposed/pending,https://psc.maryland.gov/wp-content/uploads/Order-91917_ML-323522-9761-1.pdf,2026-08-08,Medium
PJM,MD,Baltimore Gas and Electric Co (BGE),IOU,DRIVE Act Electric Distribution System Support Services (EDSSS) Pilot / VPP,VPP,Residential;LargeC&I,Battery;EV/EVSE;V2G;GeneralLoad,Pilot,upfront + ongoing incentive for dispatchable customer-owned devices,Proposed to bring up to 188 MW of flexible load,Filed per July 1 2025 Commission directive; pending Commission approval,,,,,Yes,Unknown,Proposed/pending,https://psc.maryland.gov/wp-content/uploads/Order-91917_ML-323522-9761-1.pdf,2026-08-08,Medium
PJM,MD,Choptank Electric Cooperative,Cooperative,Beat the Peak,DR-Curtailment,All,GeneralLoad;Thermostat/AC,Opt-in,voluntary curtailment (no direct bill credit specified),,Notification via email/text during system peak periods,,,,,Unclear,Unknown,Active,https://choptankelectric.coop/beat-peak,2026-08-08,Medium
PJM,MD,Choptank Electric Cooperative,Cooperative,Load Control Rider,DR-Curtailment,SmallC&I;LargeC&I,GeneralLoad,Opt-in,financial incentive for demand reduction,,,,,,,Unclear,Unknown,Active,https://choptankelectric.coop/save-money-reducing-electric-use-during-peak-periods,2026-08-08,Medium
PJM,MD,Choptank Electric Cooperative,Cooperative,Net Metering / Aggregated Net Metering / Storage Interconnection,Export-Comp,All,Solar+Storage;Battery;GeneralLoad,Opt-in,1:1 retail credit with annual true-up (or optional monthly payout at generation rate),,"System capped at 2 MW and 200% of baseline annual usage; interconnect app fees: Level 2 $50+$1/kW, Level 3/4 $100+$2/kW",Level 1-4 interconnection tiers,,,Monthly banked credit at retail value; April cash-out (or optional monthly payout) at Generation-rate portion of Supplier Charge,Yes,Aggregated Net Metering (ANM) for agriculture/municipal/nonprofit accounts,Active,https://choptankelectric.coop/sites/choptankelectric/files/documents/Net%20Metering%20and%20Solar%20Printer%20Friendly%20FAQ.pdf,2026-08-08,High
PJM,MD,Delmarva Power & Light Co (Delmarva MD),IOU,Energy Wise Rewards Bring-Your-Own-Device (BYOD),DR-BYOD,Residential,Thermostat/AC;HeatPump,Opt-in,$/month bill credit per enrolled smart thermostat,,,,,,,No,Unknown,Active,https://homeenergysavings.delmarva.com/sites/default/files/public/16346_Delmarva_2018_EWR_TCs_v10_web_Release.pdf,2026-08-08,Medium
PJM,MD,Delmarva Power & Light Co (Delmarva MD),IOU,Energy Wise Rewards (AC/heat pump cycling),DR-DLC,Residential,Thermostat/AC;HeatPump,Opt-in,flat annual bill credit,"$80/yr, split $16/month June-October",Generally June-October,,,,,No,Unknown,Active,https://homeenergysavings.delmarva.com/energywiserewards/md/residential/overview,2026-08-08,High
PJM,MD,Delmarva Power & Light Co (Delmarva MD),IOU,Net Metering (MD statewide),Export-Comp,All,Solar+Storage;Battery;GeneralLoad,Opt-in,1:1 retail credit with annual true-up,,System capped at 2 MW and 200% of baseline annual usage,,,,Monthly banked credit at retail value; April cash-out at generation rate,Yes-restricted,Unknown,Active,https://psc.maryland.gov/wp-content/uploads/2025-Net-Metering-Report-4.pdf,2026-08-08,Medium
PJM,MD,Delmarva Power & Light Co (Delmarva MD),IOU,DRIVE Act Opt-in Time-of-Use Tariff,TOU-Rate,Residential;LargeC&I,GeneralLoad;EV/EVSE;Battery,Opt-in,rate discount (opt-in TOU),,Filed per July 1 2025 Commission directive; pending approval,,,,,Unclear,Unknown,Proposed/pending,https://psc.maryland.gov/wp-content/uploads/Order-91917_ML-323522-9761-1.pdf,2026-08-08,Medium
PJM,MD,Delmarva Power & Light Co (Delmarva MD),IOU,DRIVE Act EDSSS Pilot / VPP,VPP,Residential;LargeC&I,Battery;EV/EVSE;V2G;GeneralLoad,Pilot,upfront + ongoing incentive for dispatchable customer-owned devices,Proposed to bring up to 34 MW of flexible load,Filed per July 1 2025 Commission directive; pending approval,,,,,Yes,Unknown,Proposed/pending,https://psc.maryland.gov/wp-content/uploads/Order-91917_ML-323522-9761-1.pdf,2026-08-08,Medium
PJM,MD,Easton Utilities Commission,Municipal,Net Metering,Export-Comp,All,Solar+Storage;Battery;GeneralLoad,Opt-in,1:1 retail credit,3.49 MW net-metered solar capacity installed as of 6/30/2025,MD statewide caps (2MW / 200% baseline); no charge to install net meter; aggregate NEM allows single host + child account,,,,,Yes-restricted,Unknown,Active,https://eastonutilities.com/solar-and-net-metering/,2026-08-08,Medium
PJM,MD,Maryland Energy Administration (statewide),Federal/State,Maryland Energy Storage Income Tax Credit,Storage-Incentive,Residential;LargeC&I,Battery,Closed to new,tax credit % of system cost,"30% of cost or $5,000 (residential) whichever is less; $750,000 total annual certificates",Program year cap; certificates issued first-come first-served,,,,,Yes,Unknown,Terminated,https://energy.maryland.gov/business/Pages/EnergyStorage.aspx,2026-08-08,High
PJM,MD,Maryland Energy Administration (statewide),Federal/State,Residential and Commercial Energy Storage (RCES) Program,Storage-Incentive,Residential;LargeC&I,Battery,Opt-in,upfront grant,"$2,000,000 total from Strategic Energy Investment Fund (SEIF); FY2026",Applications accepted until June 5 2026 or funds exhausted; 2-step application; first-come first-served,,,,,Yes,Unknown,Active,https://energy.maryland.gov/Pages/Energy-Storage-Grant-Program.aspx,2026-08-08,Medium
PJM,MD,Maryland Public Service Commission (statewide pilot - BGE/Pepco/Delmarva),Federal/State,Maryland Energy Storage Pilot Program,Storage-Incentive,Residential;LargeC&I,Battery,Pilot,utility-run pilot incentive (structure varies by utility),,Established under 2019 legislation; interim report tracks deployed BESS pilots,,,,,Yes,Unknown,Pilot,https://www.psc.state.md.us/wp-content/uploads/Energy-Storage-Pilot-Program-Interim-Report.pdf,2026-08-08,Medium
PJM,MD,Potomac Edison Co (FirstEnergy - Maryland),IOU,EV Driven - EV Time-of-Use Rate,EV-Rate,Residential,EV/EVSE,Opt-in,rate discount/surcharge vs standard supply charge,$0.02/kWh discount off Electric Supply Charge for off-peak EV charging; $0.02/kWh surcharge on-peak,"No enrollment cap (uncapped since 2023 relaunch, replacing 500-customer EV Credit Rider pilot)",EV Driven / EV TOU Rider (Potomac Edison MD),On-peak: Mon-Fri 6am-11pm excluding holidays; Off-peak: all other hours,off-peak supply -2c/kWh vs standard; on-peak supply +2c/kWh vs standard,"Not applicable (EV-specific rider, not full net metering rate)",No,Not stackable with Residential TOU rate,Active,https://www.firstenergycorp.com/newsroom/news_articles/potomac-edison-incentivizes-electric-vehicle-charging-during-off.html,2026-08-08,High
PJM,MD,Potomac Edison Co (FirstEnergy - Maryland),IOU,Residential Time-of-Use Pricing,TOU-Rate,Residential,GeneralLoad;Battery;EV/EVSE,Opt-in,"rate design (2-period TOU, seasonal)",Summer on-peak $0.13824/kWh / off-peak $0.07824/kWh; Non-summer on-peak ~$0.128-0.132/kWh / off-peak ~$0.068-0.072/kWh (electric supply charge only); plus TOU distribution charge on-peak $0.02787 / off-peak $0.01787/kWh; fixed distribution $6.00/mo,Cannot combine with EV Driven EV TOU rider; 12-billing-cycle lockout after opt-out,Residential TOU Rate (Potomac Edison MD),On-peak 4-9pm daily (EDT) / 3-8pm (EST) year-round; weekends off-peak year-round,summer on 13.8c/off 7.8c; non-summer on ~13.0c/off ~7.0c per kWh (supply only),Net-metered customers get quad-register meter; banked kWh tracked separately by on/off-peak; one-time true-up or on-peak-first application option at enrollment,Yes,Not stackable with EV Driven EV TOU rate,Active,https://www.firstenergycorp.com/help/md-time-of-use-pricing.html,2026-08-08,High
PJM,MD,Potomac Electric Power Co (Pepco MD),IOU,Energy Wise Rewards Bring-Your-Own-Device (BYOD),DR-BYOD,Residential,Thermostat/AC;HeatPump,Opt-in,$/month bill credit per enrolled smart thermostat,"$8/month June-Oct per thermostat, up to $40/yr","Up to 30 Peak Savings Days/yr called (typically <=5); events 3-6 hrs (max 4 unless emergency, extendable +4hrs); may opt out of up to 2 events/yr; cannot opt out of PJM Priority Peak Day",,"8am-9pm typical noon-8pm, May 1-Sept 30",,,No,Unknown,Active,https://homeenergysavings.pepco.com/sites/default/files/public/26963_Pepco_EWR_BYOD_TC_v4_RELEASE-508.pdf,2026-08-08,High
PJM,MD,Potomac Electric Power Co (Pepco MD),IOU,Energy Wise Rewards for Business,DR-Curtailment,SmallC&I;LargeC&I,GeneralLoad;Thermostat/AC,Opt-in,performance-based incentive,,Open to all metered MD business/nonprofit accounts regardless of rate class,,,,,Unclear,Unknown,Active,https://homeenergysavings.pepco.com/commercial/,2026-08-08,Medium
PJM,MD,Potomac Electric Power Co (Pepco MD),IOU,Energy Wise Rewards (AC/heat pump cycling),DR-DLC,Residential,Thermostat/AC;HeatPump,Opt-in,flat annual bill credit,up to $16/month (June-Oct),"~5 events/yr, 3-6 hrs, weekday afternoons June-September",,,,,No,Unknown,Active,https://homeenergysavings.pepco.com/energywiserewards/md/residential/overview,2026-08-08,High
PJM,MD,Potomac Electric Power Co (Pepco MD),IOU,Net Metering (MD statewide),Export-Comp,All,Solar+Storage;Battery;GeneralLoad,Opt-in,1:1 retail credit with annual true-up,,System capped at 2 MW and 200% of baseline annual usage,,,,Monthly banked credit at retail value; April cash-out at generation rate,Yes-restricted,Unknown,Active,https://psc.maryland.gov/wp-content/uploads/2025-Net-Metering-Report-4.pdf,2026-08-08,Medium
PJM,MD,Potomac Electric Power Co (Pepco MD),IOU,DRIVE Act Opt-in Time-of-Use Tariff,TOU-Rate,Residential;LargeC&I,GeneralLoad;EV/EVSE;Battery,Opt-in,rate discount (opt-in TOU),,Filed per July 1 2025 Commission directive; pending approval,,,,,Unclear,Unknown,Proposed/pending,https://psc.maryland.gov/wp-content/uploads/Order-91917_ML-323522-9761-1.pdf,2026-08-08,Medium
PJM,MD,Potomac Electric Power Co (Pepco MD),IOU,DRIVE Act EDSSS Pilot / VPP,VPP,Residential;LargeC&I,Battery;EV/EVSE;V2G;GeneralLoad,Pilot,upfront + ongoing incentive for dispatchable customer-owned devices,Proposed to bring up to 185 MW of flexible load,Filed per July 1 2025 Commission directive; pending approval,,,,,Yes,Unknown,Proposed/pending,https://psc.maryland.gov/wp-content/uploads/Order-91917_ML-323522-9761-1.pdf,2026-08-08,Medium
PJM,MD,Southern Maryland Electric Cooperative (SMECO),Cooperative,SmartTemp,DR-BYOT,Residential,Thermostat/AC,Opt-in,enrollment bonus + annual bill credit,$100 enrollment + up to $50/yr,"Temperature adjusted 1-4F for up to 4 hrs during peak events, summer months",,,,,No,Unknown,Active,https://www.smeco.coop/energy-efficiency/residential-programs/smarttemp/,2026-08-08,Medium
PJM,MD,Southern Maryland Electric Cooperative (SMECO),Cooperative,Net Metering (MD statewide),Export-Comp,All,Solar+Storage;Battery;GeneralLoad,Opt-in,1:1 retail credit with annual true-up,"Avg April 2025 credit $58.08 across 3,612 residential accounts",System capped at 2 MW and 200% baseline usage,,,,Monthly banked credit at retail value; April cash-out at generation rate,Yes-restricted,Unknown,Active,https://www.smeco.coop/services/solar-net-metering/,2026-08-08,High
PJM,MD,Southern Maryland Electric Cooperative (SMECO),Cooperative,Time-of-Use Rate,TOU-Rate,Residential;SmallC&I;LargeC&I,GeneralLoad;Battery;EV/EVSE,Opt-in,"rate discount (opt-in TOU vs SOS),",Requires smart meter; rate selectable per billing period,,Summer weekdays 2-7pm; Winter weekdays 6-9am & 5-8pm,,Resi (as of 8/1/26): Summer on 25.781c/off 9.019c; Winter on 23.642c/off 10.628c per kWh (plus Power Cost Adjustment),,Yes-restricted,Unknown,Active,https://www.smeco.coop/my-account/general-information/rates-fees/time-of-use-rates/,2026-08-08,High
PJM,NJ,Atlantic City Electric Co (ACE),IOU,Residential Net Metering (RNEM) Tariff,Export-Comp,All,Solar+Storage;Battery;GeneralLoad,Opt-in,1:1 retail credit with annual true-up,,NJ statewide system size tiers,RNEM,,,1:1 monthly retail credit; annual true-up at avoided-cost (wholesale),Yes-restricted,Unknown,Active,https://nj.gov/bpu/pdf/boardorders/2022/20220713/2F%20ORDER%20ACE%20RNEM%20Tariff.pdf,2026-08-08,High
PJM,NJ,Jersey Central Power & Light Co (JCP&L),IOU,Rider EV Off-Peak Credit + BGS EV Time-of-Use Credit,EV-Rate,Residential,EV/EVSE,Opt-in,$/kWh bill credit for off-peak charging,$0.02 per kWh Net Off-Peak kWh usage at smart charger,Net off-peak kWh usage capped at customer's metered/billed kWh in billing month,Rider EV / Residential Time of Day (RT),,,,Unclear,Unknown,Active,https://www.nj.gov/bpu/pdf/boardorders/2023/20230524/2E%20ORDER%20JCP%26L%20BGS%20EV%20TOU%20Tariff.pdf,2026-08-08,High
PJM,NJ,Jersey Central Power & Light Co (JCP&L),IOU,Net Metering (NJ statewide),Export-Comp,All,Solar+Storage;Battery;GeneralLoad,Opt-in,1:1 retail credit with annual true-up,,Level 1 (<=10kW resi) / Level 2 (<=2000kW) / Level 3 tiers,,,,1:1 monthly retail credit; annual true-up at avoided-cost (wholesale),Yes-restricted,Unknown,Active,https://www.firstenergycorp.com/help/smart-meters/nj-smartmeter/nj-net-metering.html,2026-08-08,Medium
PJM,NJ,New Jersey Board of Public Utilities (statewide - applies in PSE&G/JCP&L/ACE/RECO territories),Federal/State,Garden State Energy Storage Program (GSESP) Phase 1 - Storage as a Transmission Asset (SATA),Storage-Incentive,LargeC&I,Battery,Opt-in,"$/MW-year fixed capacity payment, pay-as-bid, 15-year term,Tranche 1 target 350-750 MW of a 1,000 MW Phase 1 goal (2",000 MW by 2030 statutory target),"PJM-interconnected, transmission-scale only; COD required within 30 months of application close (+150-day grace)",,,,,Yes,Unknown,Active,https://www.nj.gov/bpu/pdf/boardorders/2025/20250618/8E%20ORDER%20Garden%20State%20Energy%20Storage%20Program.pdf,2026-08-08,High
PJM,NJ,Public Service Electric and Gas Co (PSE&G),IOU,Central Air Conditioning Cycling Program,DR-DLC,Residential;SmallC&I,Thermostat/AC,Opt-in,bill credit for enrollment,,~100000 participants; cycling reduces AC runtime (e.g. 40min/hr to 20min/hr) during conservation events,,Summer weekday afternoons (event-based),,,No,Unknown,Active,https://patch.com/new-jersey/wyckoff/pseg-help-conserve-energy-during-heat-wave,2026-08-08,Low
PJM,NJ,Public Service Electric and Gas Co (PSE&G),IOU,Net Metering (NJ statewide),Export-Comp,All,Solar+Storage;Battery;GeneralLoad,Opt-in,1:1 retail credit with annual true-up,,Level 1/2/3 system size tiers per NJ BPU rules,,,,1:1 monthly retail credit; year-end excess (NEG) trued up at supplier avoided-cost/wholesale rate,Yes-restricted,Unknown,Active,https://nj.pseg.com/saveenergyandmoney/solarandrenewableenergy/netmetering,2026-08-08,High
PJM,NJ,Public Service Electric and Gas Co (PSE&G),IOU,Residential Service Time-of-Use (RS-TOU),TOU-Rate,Residential,GeneralLoad;EV/EVSE;Battery,Opt-in,rate discount / risk-free 12-month trial,,,RS-TOU (3-period),Weekdays 4-9pm on-peak; midnight-6am off-peak; all other hours mid-peak (excl. PJM holidays),on ~35.2c high / mid / off ~6.7c per kWh (range across all residential plans),,Yes-restricted,Unknown,Active,https://nj.myaccount.pseg.com/myservicepublic/time-of-use,2026-08-08,High
PJM,NJ,Rockland Electric Co (RECO),IOU,Demand Response Program,DR-Curtailment,SmallC&I;LargeC&I,GeneralLoad,Opt-in,capacity-based incentive (legacy BPU goal-driven program),,Historic BPU goal: 6 MW year-1 / 12 MW 3-yr target (2008 program design; current parameters unverified),,,,,Unclear,Unknown,Active,https://nj.gov/bpu/pdf/energy/Rocklanddemandresponse.pdf,2026-08-08,Low
PJM,NJ,Rockland Electric Co (RECO),IOU,Net Metering (NJ statewide),Export-Comp,All,Solar+Storage;Battery;GeneralLoad,Opt-in,1:1 retail credit with annual true-up,,NJ statewide system size tiers,,,,1:1 monthly retail credit; annual true-up at avoided-cost (wholesale),Yes-restricted,Unknown,Active,https://justenergy.com/blog/new-jersey-net-metering/,2026-08-08,Low
PJM,OH,AES Ohio (Dayton Power and Light Company),IOU,EVSE Charger Rebate Program,EV-Rate,Residential;SmallC&I;LargeC&I,EV/EVSE,Opt-in,upfront capital rebate for charger installation,"Level 2: 80% of eligible project cost, up to $10,000/station; DC Fast Charger: 100% of eligible project cost, up to $75,000/station","$5.1M program budget, first-come-first-served; all Level 2 and DCFC funds currently reserved (not accepting new applications as of program status check)",EVSE Rebate Program,,,,No,Off-Peak Charging Rewards,Active,https://www.aes-ohio.com/evse-rebate-program,2026-08-08,High
PJM,OH,AES Ohio (Dayton Power and Light Company),IOU,Home EV Charging (Off-Peak Charging Rewards) Program,EV-Rate,Residential,EV/EVSE,Opt-in,flat enrollment + annual off-peak charging bill credit,"$150 one-time enrollment incentive + up to $100/yr recurring reward for off-peak charging, up to $350 total",New enrollments paused; expected to reopen Sept 2026 with limited spots,Off-Peak Charging Rewards,,,,No,EVSE Rebate Program,Active,https://www.aes-ohio.com/home-ev-charging-rewards,2026-08-08,High
PJM,OH,AES Ohio (Dayton Power and Light Company),IOU,Net Metering,Export-Comp,Residential;SmallC&I,Solar+Storage,Default,generation credit for excess energy at Standard Offer generation rate,,Bidirectional meter installed; monthly excess generation credited unless customer has alternate generation supplier net-meter contract,Net metering tariff,,,Excess generation credited at Standard Offer Rate (generation-only) unless customer has separate CRES net-meter agreement,Yes-restricted,Unknown,Active,https://www.aes-ohio.com/net-metering,2026-08-08,High
PJM,OH,American Municipal Power Inc. (AMP),Municipal,Community Energy Savings: Smart Thermostat Program,DR-BYOT,Residential,Thermostat/AC,Opt-in,DERMS-managed thermostat adjustment for system peak reduction; incentive varies by member utility,"varies by participating AMP Member (e.g., prepaid card or bill credit); administered centrally via thermostatrewards.com/amp","Thermostat adjustment up to 4 degrees during summer peak events, May 1-Sep 30, events typically <=4 hrs; customer can opt out of individual events without penalty","Program serves ~10+ AMP Member municipal utilities including Bowling Green, Westerville (Nest Rush Hour/Community Energy Savings), Wadsworth, and others",,,,No,Unknown,Active,https://www.amppartners.org/services/community-energy-savings-smart-thermostat-program/,2026-08-08,High
PJM,OH,Bowling Green Municipal Utilities,Municipal,Net Metering,Export-Comp,Residential;SmallC&I,Solar+Storage,Opt-in,negotiated treatment of net excess generation,,"Available for wind, solar, hydro, fuel cells, microgenerators up to 25 kW (larger sites negotiated); no cap on overall program enrollment",Standard Interconnection Permit / Net Metering,,,Net excess generation (NEG) treatment individually negotiated with BGMU (not statutory generation-only credit since municipal utility),Yes-restricted,Unknown,Active,https://openei.org/wiki/Bowling_Green_Municipal_Utilities_-_Net_Metering_(Ohio),2026-08-08,Medium
PJM,OH,Buckeye Power Inc. (G&T for Ohio's Electric Cooperatives),Cooperative,Qualifying Facility / Net-Billed Generation Purchase Rate,Export-Comp,Residential;SmallC&I;LargeC&I,Solar+Storage;Generator,Default,avoided-cost energy/capacity purchase rate for net-billed QFs,"for QFs >5 MVA design capacity, purchase rate reflects at least Buckeye's actual avoided costs; smaller QF/net-billed rates set per member co-op tariffs",24 Ohio-based member distribution cooperatives; rural electric co-ops exempt from Ohio's statutory net metering rule and set own rates/system-size limits,Buckeye Power PURPA/net-billing purchase rate policy,,,"Net billing at G&T avoided-cost rate, not retail; varies by member co-op and facility size",Yes-restricted,Unknown,Active,https://www.buckeyerec.coop/index.php/service-policies/,2026-08-08,Medium
PJM,OH,City of Cuyahoga Falls (Cuyahoga Falls Electric),Municipal,Schedule GSL/GSD On-Peak Demand Ratchet,Demand-Charge,LargeC&I,GeneralLoad;Battery,Default,demand charge with on-peak/off-peak demand ratchet relevant to BESS peak shaving,"GSL: demand $17.95/KW + energy $0.06802/KWH, $100/mo customer charge; GSD: demand $16.15/KW + energy $0.06632/KWH, $325/mo customer charge","Billing demand = greatest of: highest 15-min KW in month, 60% of highest demand in preceding 11 months, or 50 KW minimum; when on/off-peak metering used, demand = greater of on-peak demand or 25% of off-peak demand",Schedule GSL (933.05); Schedule GSD (933.06),On-peak: 8:00am-9:00pm normal business days; all other hours off-peak,,,Yes,Unknown,Active,https://www.cityofcf.com/departments/electric/commercial-rates,2026-08-08,High
PJM,OH,City of Wadsworth (Wadsworth Electric),Municipal,Wadsworth Community Energy Savings Program (Smart Thermostat DR),DR-BYOT,Residential,Thermostat/AC,Opt-in,upfront enrollment incentive plus efficiency rebate,$55 prepaid Mastercard for enrolling (via Energy Hub); $100 rebate from Efficiency Smart for purchasing qualifying smart thermostat; legacy Peak Rewards members eligible for up to additional $100 bill credit,Program replaced Wadsworth's earlier Peak Rewards thermostat program (expired 2022); temporary thermostat adjustments during peak demand days June-October,Community Energy Savings Program (via AMP),,,,No,Efficiency Smart rebates,Active,https://www.wadsworthcity.com/990/Thermostat-Rebate,2026-08-08,High
PJM,OH,City of Westerville (Westerville Electric Division),Municipal,Community Energy Savings Program (Smart Thermostat DR),DR-BYOT,Residential;SmallC&I,Thermostat/AC,Opt-in,upfront enrollment reward for thermostat participation,$55 Visa e-gift card upon enrollment/approval,Not available to Nest thermostat owners (they use separate Nest Rush Hour Rewards program instead); requires wi-fi connected qualifying smart thermostat,Community Energy Savings Program (via AMP),,,,No,Nest Rush Hour Rewards;PowerUp EV Program,Active,https://www.westerville.org/services/electric/programs/community-energy-savings-program,2026-08-08,High
PJM,OH,City of Westerville (Westerville Electric Division),Municipal,PowerUp Residential EV Off-Peak Charging Program,EV-Rate,Residential,EV/EVSE,Opt-in,upfront rebate plus off-peak charging bill credit,$300 one-time rebate + $0.04/kWh bill credit for off-peak EV charging,Requires dedicated 240V circuit and exterior meter base (WED installs meter head free); 3-year program participation commitment,PowerUp Residential EV Off-Peak Charging Program,Off-peak: 8pm-6am Mon-Fri and all day Sat-Sun,off-peak EV credit $0.04/kWh,,No,Community Energy Savings Program,Active,https://www.westerville.org/services/electric/programs/powerup-residential-ev-off-peak-charging-program,2026-08-08,High
PJM,OH,City of Westerville (Westerville Electric Division),Municipal,Commercial Solar Rebate Program,Storage-Incentive,SmallC&I;LargeC&I,Solar+Storage,Opt-in,upfront $/Watt-AC rebate,"$0.10/Watt-AC, up to $10,000 (systems <=100 kW)",Rebate paid via check after system confirmed operational and program requirements met,Commercial Solar Rebate Program,,,,Unclear,Unknown,Active,https://www.westerville.org/services/electric/programs/commercial-solar-rebate-program,2026-08-08,High
PJM,OH,Cleveland Public Power,Municipal,Capacity Enhancement Incentive Rate Schedules,Demand-Charge,LargeC&I,GeneralLoad;Battery,Closed to new,fixed 10-yr demand/energy rate schedule for capacity-enhancement-zone customers,"e.g. demand $14.269/KWD (first 200 KWD, summer) down to $11.723/KWD (excess, >=650kW class); energy declining-block $0.06709 to $0.01362/KWH depending on block and class","Required peak demand >=150kW and 10-year contract; no longer available for new commercial customers entering contracts on/after 1/1/2025 (available for contracts signed before 12/31/2024, remains in effect for contract duration)",Cleveland Codified Ordinances Sec. 523.049,Summer: Jun-Sep; Winter: Oct-May,,,Yes,Unknown,Closed to new enrollment,https://codelibrary.amlegal.com/codes/cleveland/latest/cleveland_oh/0-0-0-27273,2026-08-08,High
PJM,OH,Cleveland Public Power,Municipal,Net Metering Service,Export-Comp,Residential;SmallC&I;LargeC&I,Solar+Storage,Opt-in,kWh credit for net excess generation fed back to grid,,Bidirectional single meter installed/owned by Division; remaining credit balance zeroed out with no liability to Division upon service termination,Cleveland Codified Ordinances Sec. 523.26 - Net Metering Service,,,Customer credited in kWh for generation in excess of kWh supplied during billing period; net metering not bound by PUCO IOU generation-only rule since municipal utility,Yes,Unknown,Active,https://codelibrary.amlegal.com/codes/cleveland/latest/cleveland_oh/0-0-0-27494,2026-08-08,High
PJM,OH,Duke Energy Ohio,IOU,Rate TD-CPP - Optional Time-of-Day Rate for Residential Service with Critical Peak Pricing,CPP-PTR,Residential,GeneralLoad;Any,Opt-in,critical peak event pricing overlay on TOU rate,,,"Rate TD-CPP (P.U.C.O. No. 19, Sheet 32)",,,,Unclear,Unknown,Active,"https://puco.ohio.gov/static/empliibrary/files/docketing/tariffs/Electric/Duke%20Energy%20Ohio%20-%20Electric/PUCO%2019%20Schedules%20of%20Rates,%20Classifications,%20Rules%20andRegulations.pdf",2026-08-08,Low
PJM,OH,Duke Energy Ohio,IOU,Rider LM - Load Management Rider,DR-Curtailment,LargeC&I,GeneralLoad;Generator,Opt-in,bill credit/discount for curtailable/controllable load (rate detail not published in available sources),,,"Rider LM (P.U.C.O. No. 19, Sheet 76)",,,,Unclear,Unknown,Active,"https://puco.ohio.gov/static/empliibrary/files/docketing/tariffs/Electric/Duke%20Energy%20Ohio%20-%20Electric/PUCO%2019%20Schedules%20of%20Rates,%20Classifications,%20Rules%20andRegulations.pdf",2026-08-08,Low
PJM,OH,Duke Energy Ohio,IOU,Rider PLM - Peak Load Management Program,DR-DLC,Residential;SmallC&I,Thermostat/AC;ElectricWaterHeater,Opt-in,switch-based direct load control incentive (rate detail not published in available sources),,,"Rider PLM (P.U.C.O. No. 19, Sheet 87)",,,,No,Unknown,Active,"https://puco.ohio.gov/static/empliibrary/files/docketing/tariffs/Electric/Duke%20Energy%20Ohio%20-%20Electric/PUCO%2019%20Schedules%20of%20Rates,%20Classifications,%20Rules%20andRegulations.pdf",2026-08-08,Low
PJM,OH,Duke Energy Ohio,IOU,Rider NM - Net Metering Rider,Export-Comp,Residential;SmallC&I,Solar+Storage,Default,volumetric bill credit at avoided-cost/generation rate,avoided-cost rate ~3-5c/kWh (post-HB6) vs ~13-14c/kWh full retail,credits roll over monthly within 12-month cycle; annual cash-out option for surplus credits; no separate NM rider fee,"Rider NM (P.U.C.O. No. 19, Sheet 47-48); Rider NM-H for hospitals",,,"Net metering credited at generation-only rate (avoided cost ~3-5c/kWh), no delivery credit; annual true-up with cash payout option",Yes-restricted,Unknown,Active,"https://puco.ohio.gov/static/empliibrary/files/docketing/tariffs/Electric/Duke%20Energy%20Ohio%20-%20Electric/PUCO%2019%20Schedules%20of%20Rates,%20Classifications,%20Rules%20andRegulations.pdf",2026-08-08,Medium
PJM,OH,Duke Energy Ohio,IOU,Rate RTP / Rider RTP II - Real Time Pricing Program,RTP-Rate,LargeC&I,GeneralLoad;Battery,Opt-in,hourly market-indexed supply price,,,"Rate RTP / Rider RTP II (P.U.C.O. No. 19, Sheet 90)",Varies hourly,,,Yes,Unknown,Active,"https://puco.ohio.gov/static/empliibrary/files/docketing/tariffs/Electric/Duke%20Energy%20Ohio%20-%20Electric/PUCO%2019%20Schedules%20of%20Rates,%20Classifications,%20Rules%20andRegulations.pdf",2026-08-08,Medium
PJM,OH,Duke Energy Ohio,IOU,Rider TES - Thermal Energy Storage Rider,Storage-Incentive,SmallC&I;LargeC&I,Battery;GeneralLoad,Opt-in,rate/rider supporting thermal energy storage equipment (rate detail not published in available sources),,,"Rider TES (P.U.C.O. No. 19, Sheet 78)",,,,Unclear,Unknown,Active,"https://puco.ohio.gov/static/empliibrary/files/docketing/tariffs/Electric/Duke%20Energy%20Ohio%20-%20Electric/PUCO%2019%20Schedules%20of%20Rates,%20Classifications,%20Rules%20andRegulations.pdf",2026-08-08,Low
PJM,OH,Duke Energy Ohio,IOU,Rate TD - Optional Time-of-Day Rate,TOU-Rate,Residential,GeneralLoad;Any,Opt-in,rate discount off-peak vs on-peak,"on-peak ~18.0c/kWh, off-peak ~8.0c/kWh (per secondary source aggregation of Duke OH TOU tariffs)",,"Rate TD (P.U.C.O. No. 19, Sheet 33)",Weekdays ~1pm-7pm Jun-Sep (approx per secondary source),on ~18.0c/kWh / off ~8.0c/kWh,,Unclear,Unknown,Active,"https://puco.ohio.gov/static/empliibrary/files/docketing/tariffs/Electric/Duke%20Energy%20Ohio%20-%20Electric/PUCO%2019%20Schedules%20of%20Rates,%20Classifications,%20Rules%20andRegulations.pdf",2026-08-08,Medium
PJM,OH,Ohio Edison Company,IOU,Net Energy Metering Rider,Export-Comp,Residential;SmallC&I,Solar+Storage,Default,1:1 kWh offset then generation-only credit for excess,,Residential net metering capped at 10 kW AC; excess energy credited at applicable generation component of customer's rate schedule,Net Energy Metering Rider,,,1:1 energy offset up to delivered amount per billing period; excess exported credited at generation-only rate (no T&D credit),Yes-restricted,Unknown,Active,https://www.firstenergycorp.com/feconnect/ohio-interconnection/OH-retail-interconnection/frequentlyaskedquestions.html,2026-08-08,Medium
PJM,OH,Ohio Edison Company,IOU,Time-of-Day Option (Residential) (feature of Rider GEN),TOU-Rate,Residential,GeneralLoad;Any,Opt-in,rate discount off-peak vs on-peak; three-period TOU,"Summer: midday peak ~$0.21/kWh, shoulder ~$0.17/kWh, off-peak ~$0.15/kWh (illustrative rates, vary by SSO auction)",Requires FirstEnergy-installed smart meter; must take SSO generation (not shopping with CRES); voluntary opt-in/opt-out anytime,Rider GEN - Time-of-Day Option (Residential),Midday peak 2-6pm weekdays; shoulder 6am-2pm & 6-8pm weekdays; off-peak all other hours/weekends; excludes 6 major holidays,on ~$0.21/kWh mid-peak / shoulder ~$0.17/kWh / off ~$0.15/kWh,,Unclear,Unknown,Active,https://www.firstenergycorp.com/help/smart-meters/oh-smartmeter/time-varying-rate-option.html,2026-08-08,High
PJM,OH,Ohio Power Company (AEP Ohio),IOU,Power Rewards: Smart Thermostat Program,DR-BYOT,Residential,Thermostat/AC,Opt-in,upfront rebate/enrollment reward plus annual participation incentive,$75 instant rebate on eligible smart thermostat purchase + enroll; OR $50 enrollment reward for existing eligible thermostat; $25/yr for participating in >=75% of events,"Events up to 4 hours; summer cooling season May-Sep, winter heating season Oct-Apr; thermostat setpoint adjusted up to 3 degrees during events",Power Rewards Smart Thermostat Program,,,,No,Unknown,Active,https://www.occ.ohio.gov/content/aep-ohios-power-rewards-smart-thermostat-program,2026-08-08,High
PJM,OH,Ohio Power Company (AEP Ohio),IOU,Interruptible Power Rider - Expanded,DR-Curtailment,LargeC&I,GeneralLoad;Generator,Opt-in,bill credit/discount for curtailable load,,,Sheet No. 471-1 to 471-3 (AEP Ohio Tariff Book),,,,Unclear,Unknown,Active,https://www.aepohio.com/lib/docs/ratesandtariffs/Ohio/April_2026_AEP_Ohio_Tariff_Book.pdf,2026-08-08,Medium
PJM,OH,Ohio Power Company (AEP Ohio),IOU,Plug-In Electric Vehicle (PEV) Rate,EV-Rate,Residential,EV/EVSE,Opt-in,TOU distribution-charge rate discount for EV charging,"Whole Home (Tariff 048/807): on-peak 4.94410c/kWh, off-peak 1.64869c/kWh distribution charge, $13.50/mo customer fee; Separately Metered (Tariff 049/808): on-peak 3.47738c/kWh, off-peak 2.08643c/kWh, super off-peak 1.04321c/kWh",AMI meter required; rates apply to distribution charge only (generation/transmission billed separately); 2 billing cycles to take effect,Tariff 048/807 (Whole Home); Tariff 049/808 (Separately Metered),Nov-Apr: 6-10am & 4-10pm weekdays; May-Oct: 1-11pm; super off-peak (separately metered only) 12-4am daily,"on 4.94/3.48c, off 1.65/2.09c, super-off 1.04c per kWh (distribution component only)",,Unclear,Unknown,Active,https://www.aepohio.com/clean-energy/electric-cars/plug-in-electric-vehicle-rate,2026-08-08,High
PJM,OH,Ohio Power Company (AEP Ohio),IOU,Net Energy Metering Service / Excess Generation Credit,Export-Comp,Residential;SmallC&I,Solar+Storage,Default,volumetric credit at generation rate (not full retail),~$0.11/kWh (2025 Generation Energy Rider rate) for excess generation credit,System limited to 120% of customer's average annual usage (PUCO net metering rule); excess credit carries forward as monetary credit on future bills,Net Energy Metering Service tariff,,,Net billing at unbundled generation rate only (~11c/kWh); no credit for T&D charges; excess rolls forward as monetary credit,Yes-restricted,Unknown,Active,https://www.aepohio.com/lib/docs/cleanenergy/renewable/NetEnergyMeteringService2-10-2020.pdf,2026-08-08,Medium
PJM,OH,Ohio Power Company (AEP Ohio),IOU,Residential Time-of-Use Rate,TOU-Rate,Residential,GeneralLoad;Any,Opt-in,rate discount off-peak vs on-peak,,Only available to Residential Standard Service Offer (SSO) customers with AMI smart meter; excludes major holidays; up to 2 billing cycles to take effect,Tariff 015,Summer (May 1-Oct 31): weekdays 2pm-6pm; Winter (Nov 1-Apr 30): weekdays 6am-9am,,,Unclear,Unknown,Active,https://www.aepohio.com/account/bills/programs/time-of-use,2026-08-08,High
PJM,OH,South Central Power Company,Cooperative,Net Billing (Excess Generation Purchase via Buckeye Power),Export-Comp,Residential;SmallC&I,Solar+Storage,Default,hourly net-billed purchase of excess generation at cooperative-determined rate,"rate set annually by Buckeye Power reflecting ""true cost of energy to the Cooperative's membership"" (not published as fixed c/kWh)","Effective since March 1, 2022 (transitioned from net metering to net billing); settled hourly - excess only credited for hours where generation exceeds home usage",Net billing (no traditional NM rider - governed by G&T purchase agreement with Buckeye Power),,,"Net billing settled hourly at Buckeye Power's annually-set avoided-cost-like rate, not full retail; co-op exempt from Ohio's statutory net metering rule",Yes-restricted,Unknown,Active,https://www.southcentralpower.com/faqs/does-south-central-power-company-use-net-billing-or-net-metering/,2026-08-08,High
PJM,OH,The Cleveland Electric Illuminating Company,IOU,Net Energy Metering Rider,Export-Comp,Residential;SmallC&I,Solar+Storage,Default,1:1 kWh offset then generation-only credit for excess,,Residential net metering capped at 10 kW AC; excess energy credited at applicable generation component of customer's rate schedule,Net Energy Metering Rider,,,1:1 energy offset up to delivered amount per billing period; excess exported credited at generation-only rate (no T&D credit),Yes-restricted,Unknown,Active,https://www.firstenergycorp.com/feconnect/ohio-interconnection/OH-retail-interconnection/frequentlyaskedquestions.html,2026-08-08,Medium
PJM,OH,The Cleveland Electric Illuminating Company,IOU,Time-of-Day Option (Residential) (feature of Rider GEN),TOU-Rate,Residential,GeneralLoad;Any,Opt-in,rate discount off-peak vs on-peak; three-period TOU,"Midday peak ~$0.22/kWh, shoulder ~$0.17/kWh, off-peak ~$0.15/kWh (illustrative rates, vary by SSO auction)",Requires FirstEnergy-installed smart meter; must take SSO generation (not shopping with CRES); voluntary opt-in/opt-out anytime,Rider GEN - Time-of-Day Option (Residential),Midday peak 2-6pm weekdays; shoulder 6am-2pm & 6-8pm weekdays; off-peak all other hours/weekends; excludes 6 major holidays,on ~$0.22/kWh mid-peak / shoulder ~$0.17/kWh / off ~$0.15/kWh,,Unclear,Unknown,Active,https://www.firstenergycorp.com/help/smart-meters/oh-smartmeter/time-varying-rate-option.html,2026-08-08,High
PJM,OH,Toledo Edison Company,IOU,Net Energy Metering Rider,Export-Comp,Residential;SmallC&I,Solar+Storage,Default,1:1 kWh offset then generation-only credit for excess,,excess energy credited at applicable generation component of customer's rate schedule (statewide PUCO net metering rule),Net Energy Metering Rider,,,1:1 energy offset up to delivered amount per billing period; excess exported credited at generation-only rate (no T&D credit),Yes-restricted,Unknown,Active,https://www.firstenergycorp.com/feconnect/ohio-interconnection/OH-retail-interconnection/frequentlyaskedquestions.html,2026-08-08,Medium
PJM,OH,Toledo Edison Company,IOU,Time-of-Day Option (Residential) (feature of Rider GEN),TOU-Rate,Residential,GeneralLoad;Any,Opt-in,rate discount off-peak vs on-peak; three-period TOU,Same three-period TOU structure as Ohio Edison/Illuminating Co.; specific c/kWh not separately published,Requires FirstEnergy-installed smart meter; must take SSO generation (not shopping with CRES); voluntary opt-in/opt-out anytime,Rider GEN - Time-of-Day Option (Residential),Midday peak 2-6pm weekdays; shoulder 6am-2pm & 6-8pm weekdays; off-peak all other hours/weekends; excludes 6 major holidays,,,Unclear,Unknown,Active,https://www.firstenergycorp.com/help/smart-meters/oh-smartmeter/time-varying-rate-option.html,2026-08-08,Medium
PJM,PA,Duquesne Light Co,IOU,Net Metering,Export-Comp,All,Solar+Storage;Battery;GeneralLoad,Opt-in,1:1 retail credit,,Bi-directional meter measures monthly net flow,Tariff No. 24 Supplement 30,,,Monthly net excess generation credited,Yes-restricted,Unknown,Active,https://duquesnelight.com/docs/default-source/wattchoice/act-129/supplement30totariffno24.pdf?sfvrsn=4c4ba142_2,2026-08-08,Medium
PJM,PA,Duquesne Light Co,IOU,Default Service Hourly Pricing (Hourly SOS),RTP-Rate,LargeC&I,GeneralLoad;Battery,Default,hourly LMP-indexed default service price passthrough,,Applies to default-service customers above ~100 kW peak demand who have not chosen an alternate supplier; cutoff thresholds subject to ongoing PUC proceedings,Hourly SOS,,,,Yes-restricted,Unknown,Active,https://www.energychoicematters.com/stories/20250220c.html,2026-08-08,Medium
PJM,PA,Metropolitan Edison Co (Met-Ed),IOU,Commercial & Industrial Demand Response Program,DR-Curtailment,SmallC&I;LargeC&I,GeneralLoad;Generator,Opt-in,financial incentive for curtailment (administered via CPower/EnerNOC),,Act 129; June-September program season,,,,,Unclear,Unknown,Active,https://www.firstenergycorp.com/save_energy/save_energy_pennsylvania/for_your_business_pa/firstenergy-s-pennsylvania-utilities-offer-demand-response-progr.html,2026-08-08,Medium
PJM,PA,Metropolitan Edison Co (Met-Ed),IOU,Default Service Hourly Pricing (Hourly SOS),RTP-Rate,LargeC&I,GeneralLoad;Battery,Default,hourly LMP-indexed default service price passthrough,,Applies to default-service customers above ~100 kW peak demand who have not chosen an alternate supplier; cutoff thresholds subject to ongoing PUC proceedings,Hourly SOS,,,,Yes-restricted,Unknown,Active,https://www.energychoicematters.com/stories/20250220c.html,2026-08-08,Medium
PJM,PA,PECO Energy Co,IOU,Commercial & Industrial Demand Response Program,DR-Curtailment,SmallC&I;LargeC&I,GeneralLoad;Generator,Opt-in,capacity/performance payment (administered via CPower),,Administered under Act 129,,,,,Unclear,Unknown,Active,https://www.puc.pa.gov/electric/pdf/dsr/DSRWG_Existing_DSR_Programs_PECO.pdf,2026-08-08,Medium
PJM,PA,PECO Energy Co,IOU,Net Metering (PA statewide - AEPS),Export-Comp,All,Solar+Storage;Battery;GeneralLoad,Opt-in,1:1 retail credit with periodic true-up,,PA AEPS Act 213 system size/class caps,,,,Monthly net excess generation carried forward at retail value; periodic true-up at PTC/price-to-compare rate,Yes-restricted,Unknown,Active,https://freedomforever.com/blog/net-metering-in-pennsylvania/,2026-08-08,Low
PJM,PA,PECO Energy Co,IOU,Default Service Hourly Pricing (Hourly SOS),RTP-Rate,LargeC&I,GeneralLoad;Battery,Default,hourly LMP-indexed default service price passthrough,,Applies to default-service customers above ~100 kW peak demand who have not chosen an alternate supplier; cutoff thresholds subject to ongoing PUC proceedings,Hourly SOS,,,,Yes-restricted,Unknown,Active,https://www.energychoicematters.com/stories/20250220c.html,2026-08-08,Medium
PJM,PA,PPL Electric Utilities Corp,IOU,Net Metering (PA statewide - AEPS),Export-Comp,All,Solar+Storage;Battery;GeneralLoad,Opt-in,1:1 retail credit with periodic true-up,,PA AEPS Act 213 system size/class caps,,,,Monthly net excess generation carried forward at retail value; periodic true-up at PTC/price-to-compare rate,Yes-restricted,Unknown,Active,https://electricrates.org/pennsylvania/business-electricity/ppl-electric/,2026-08-08,Low
PJM,PA,PPL Electric Utilities Corp,IOU,Default Service Hourly Pricing (Hourly SOS),RTP-Rate,LargeC&I,GeneralLoad;Battery,Default,hourly LMP-indexed default service price passthrough,,Applies to default-service customers above ~100 kW peak demand who have not chosen an alternate supplier; cutoff thresholds subject to ongoing PUC proceedings,Hourly SOS,,,,Yes-restricted,Unknown,Active,https://www.energychoicematters.com/stories/20250220c.html,2026-08-08,Medium
PJM,PA,Pennsylvania Electric Co (Penelec),IOU,Commercial & Industrial Demand Response Program,DR-Curtailment,SmallC&I;LargeC&I,GeneralLoad;Generator,Opt-in,financial incentive for curtailment (administered via CPower/EnerNOC),,Act 129; June-September program season,,,,,Unclear,Unknown,Active,https://www.firstenergycorp.com/save_energy/save_energy_pennsylvania/for_your_business_pa/firstenergy-s-pennsylvania-utilities-offer-demand-response-progr.html,2026-08-08,Medium
PJM,PA,Pennsylvania Electric Co (Penelec),IOU,Default Service Hourly Pricing (Hourly SOS),RTP-Rate,LargeC&I,GeneralLoad;Battery,Default,hourly LMP-indexed default service price passthrough,,Applies to default-service customers above ~100 kW peak demand who have not chosen an alternate supplier; cutoff thresholds subject to ongoing PUC proceedings,Hourly SOS,,,,Yes-restricted,Unknown,Active,https://www.energychoicematters.com/stories/20250220c.html,2026-08-08,Medium
PJM,PA,Pennsylvania Power Co,IOU,Commercial & Industrial Demand Response Program,DR-Curtailment,SmallC&I;LargeC&I,GeneralLoad;Generator,Opt-in,financial incentive for curtailment (administered via CPower/EnerNOC),,Act 129; June-September program season,,,,,Unclear,Unknown,Active,https://www.firstenergycorp.com/save_energy/save_energy_pennsylvania/pennpower/for_your_business/commercial-industrial-demand-response.html,2026-08-08,Medium
PJM,PA,Pennsylvania Power Co,IOU,Default Service Hourly Pricing (Hourly SOS),RTP-Rate,LargeC&I,GeneralLoad;Battery,Default,hourly LMP-indexed default service price passthrough,,Applies to default-service customers above ~100 kW peak demand who have not chosen an alternate supplier; cutoff thresholds subject to ongoing PUC proceedings,Hourly SOS,,,,Yes-restricted,Unknown,Active,https://www.energychoicematters.com/stories/20250220c.html,2026-08-08,Medium
PJM,PA,UGI Utilities Inc - Electric Division,IOU,Net Metering,Export-Comp,All,Solar+Storage;Battery;GeneralLoad,Opt-in,1:1 retail credit; default-service class reassignment based on net-metering supply peak load impact,,Net-metering customer assigned GSR-1 (<100kW supply peak load impact) or GSR-2 (>=100kW),GSR-1 / GSR-2,,,,Yes-restricted,Unknown,Active,https://www.poweradvisoryllc.com/reports/pennsylvania-net-metering-update---utilities-angle-for-hommrich-workaround,2026-08-08,Medium
PJM,PA,UGI Utilities Inc - Electric Division,IOU,Default Service Hourly Pricing (Hourly SOS),RTP-Rate,LargeC&I,GeneralLoad;Battery,Default,hourly LMP-indexed default service price passthrough,,Applies to default-service customers above ~100 kW peak demand who have not chosen an alternate supplier; cutoff thresholds subject to ongoing PUC proceedings,Hourly SOS,,,,Yes-restricted,Unknown,Active,https://www.energychoicematters.com/stories/20250220c.html,2026-08-08,Medium
PJM,PA,West Penn Power Co,IOU,Commercial & Industrial Demand Response Program,DR-Curtailment,SmallC&I;LargeC&I,GeneralLoad;Generator,Opt-in,financial incentive for curtailment (administered via CPower/EnerNOC),,Act 129; June-September program season,,,,,Unclear,Unknown,Active,https://www.firstenergycorp.com/save_energy/save_energy_pennsylvania/for_your_business_pa/firstenergy-s-pennsylvania-utilities-offer-demand-response-progr.html,2026-08-08,Medium
PJM,PA,West Penn Power Co,IOU,Default Service Hourly Pricing (Hourly SOS),RTP-Rate,LargeC&I,GeneralLoad;Battery,Default,hourly LMP-indexed default service price passthrough,,Applies to default-service customers above ~100 kW peak demand who have not chosen an alternate supplier; cutoff thresholds subject to ongoing PUC proceedings,Hourly SOS,,,,Yes-restricted,Unknown,Active,https://www.energychoicematters.com/stories/20250220c.html,2026-08-08,Medium
PJM,VA,Appalachian Power Co (AEP - Virginia),IOU,Off-Peak EV Charging Rate (Tariff RS-PEV),EV-Rate,Residential,EV/EVSE,Opt-in,rate discount for off-peak sub-metered EV charging,~20% discount off-peak (~13.0c/kWh off-peak vs 16.4c standard); on-peak surcharge +6.7c/kWh,Requires AMI meter + dedicated EV sub-meter installed by utility at no charge,Tariff RS-PEV,On-peak: 6am-8pm Mon-Fri; Off-peak: 8pm-6am Mon-Fri + all weekends/holidays,off-peak ~13.0c / on-peak standard+6.7c surcharge per kWh,Not compatible with net metering (per company FAQ - TOU without demand charge not permitted concurrent w/ NM),No,Not stackable with Net Metering,Active,https://www.appalachianpower.com/clean-energy/electric-cars/virginia-off-peak,2026-08-08,High
PJM,VA,Appalachian Power Co (AEP - Virginia),IOU,Net Metering (Virginia),Export-Comp,Residential;SmallC&I;LargeC&I,Solar+Storage,Opt-in,1:1 volumetric credit; annual bank true-up at avoided cost,1:1 credit at retail rate during period; excess annual banked kWh purchased at avoided cost (~3.5c/kWh 2019) or rolled at customer election,Residential cap 25 kW; system sizing must not exceed annual usage to retain rollover eligibility,Net Metering Terms and Conditions,n/a,n/a,1:1 net metering with annual true-up; optional PPA election for excess at avoided cost,Yes,Not stackable with Smart TOU/Smart Demand/Off-Peak EV rate,Active,https://www.appalachianpower.com/lib/docs/business/builders/NetMeteringWithAppalachianPowerInVirginia.pdf,2026-08-08,High
PJM,VA,Appalachian Power Co (AEP - Virginia),IOU,Virginia Shared Solar Program (APCo),Export-Comp,Residential;SmallC&I,Solar+Storage,Opt-in,subscription bill credit per kWh of subscribed share,Bill credit per subscribed kWh; minimum bill applies,"50 MW initial program (2025, oversubscribed); +50 MW by 7/1/2026 and +50 MW by 1/1/2028 under SB255/HB809",Rider/Schedule Shared Solar (APCo),n/a,n/a,Bill credit for subscribed share of off-site community solar facility,No,Cannot combine with Net Metering,Active,https://cardinalnews.org/2024/02/12/a-shared-solar-program-for-appalachian-power-customers-is-one-step-closer-to-reality/,2026-08-08,Medium
PJM,VA,Appalachian Power Co (AEP - Virginia),IOU,Residential Service - Smart Demand Plan,TOU-Rate,Residential,GeneralLoad;Battery;EV/EVSE,Opt-in,rate design (TOU + demand charge),On-peak demand $7.96/kW (Jun-Sep & Dec-Feb); on-peak energy 7.028c/kWh; off-peak energy 3.358c/kWh; Basic charge $7.96/mo,30-day notice to discontinue; 12-month lockout from any TOU rate after opt-out,Residential Service - Smart Demand,7am-8pm Mon-Fri (energy); demand charge applies Jun-Sep & Dec-Feb only,on-peak 7.03c + demand chg / off-peak 3.36c per kWh,Net metering per standard VA terms,Yes-restricted,Not stackable with Net Metering,Active,https://www.appalachianpower.com/company/about/rates/va/rate-plans,2026-08-08,High
PJM,VA,Appalachian Power Co (AEP - Virginia),IOU,Residential Service - Smart Time of Use Plan,TOU-Rate,Residential,GeneralLoad;Battery;EV/EVSE,Opt-in,rate design (3-tier TOU incl. critical peak),Critical on-peak 17.5c/kWh (Dec-Feb & Jun-Sep); on-peak 10.672c; off-peak 5.083c per kWh; Basic charge $7.96/mo,30-day notice to discontinue; 12-month lockout from re-enrolling on any TOU rate after opt-out,Residential Service - Smart TOU,Critical: 7-10am Dec-Feb & 4-7pm Jun-Sep; On-peak: 7am-8pm Mon-Fri (non-critical hours),critical 17.5c / on-peak 10.67c / off-peak 5.08c per kWh,Net metering per standard VA terms; TOU not permitted concurrently with net metering per company FAQ,Yes-restricted,Not stackable with Net Metering (per company FAQ),Active,https://www.appalachianpower.com/company/about/rates/va/rate-plans,2026-08-08,High
PJM,VA,BARC Electric Cooperative,Cooperative,Thermostat Program,DR-BYOT,Residential,Thermostat/AC,Opt-in,Not published (smart thermostat DR enrollment),Not published,Not published,Not a rate schedule - DSM program,Utility-determined peak periods,n/a,Not applicable,No,Unknown,Active,https://barcelectric.com/thermostat/,2026-08-08,Low
PJM,VA,BARC Electric Cooperative,Cooperative,Net Energy Metering Rider (Schedule NEM-10),Export-Comp,Residential;SmallC&I;LargeC&I,Solar+Storage,Opt-in,1:1 volumetric credit against consumption; PPA available for excess,1:1 credit for net consumption; Power Purchase Agreement available for excess generation buyout (terms not published),"Residential cap 4% of system peak (2,754.6 kW total, ~519 kW available as of May 2026); Nonresidential cap 1% (550.9 kW available); Nonprofit/non-jurisdictional cap 2% (48.3 kW available)",Schedule NEM-10,n/a,n/a,1:1 net metering with PPA option for excess generation,Yes,Community Solar; Thermostat Program,Active,https://barcelectric.com/net-metering/,2026-08-08,High
PJM,VA,Central Virginia Electric Cooperative,Cooperative,Net Energy Metering (Schedule NEM-10),Export-Comp,Residential;SmallC&I;LargeC&I,Solar+Storage,Opt-in,1:1 volumetric credit against consumption; monthly rollover,"1:1 credit for net consumption; no application fee, $50 inspection fee; insurance required ($100k <=10kW, $300k >10-20kW residential)","Residential max 20 kW, nonresidential max 1 MW; aggregate NEM-10 program cap: Residential 11,425 kW (35% remaining as of 4/15/2025), Commercial 2,856 kW (75.4% remaining), Nonprofit/non-jurisdictional 5,712 kW (65% remaining)",Schedule NEM-10,n/a,n/a,1:1 net metering with monthly rollover of excess generation credits,Yes,Solar Share; Rider R renewable energy certificates,Active,https://www.mycvec.com/save-energy-money/net-metering/,2026-08-08,High
PJM,VA,Central Virginia Electric Cooperative,Cooperative,Solar Share (Community Solar),Export-Comp,Residential;SmallC&I,Solar+Storage,Opt-in,subscription-based bill credit for community solar output,Not published in detail on public page (see Solar Tariff Approval order),Governed by CVEC Community Solar Order,Solar Share Tariff (per SCC-approved Community Solar Order),n/a,n/a,Bill credit for subscribed share of off-site community solar facility output,No,Net Energy Metering (not required to combine),Active,https://www.mycvec.com/wp-content/uploads/CVEC_Community_Solar_Order-c_Final.pdf,2026-08-08,Medium
PJM,VA,Danville Utilities (City of Danville - Division of Power & Light),Municipal,Net Metering,Export-Comp,Residential;SmallC&I;LargeC&I,Solar+Storage,Opt-in,1:1 volumetric credit netted monthly; excess rolls to next month,1:1 credit; excess generation at month end carried forward (terms not published in detail),"Interconnection notice required >=30 days prior for systems <=25kW, >=60 days prior for systems >25kW",Net Metering Policy (Danville Utilities),n/a,n/a,1:1 net metering with monthly rollover,Yes,Unknown,Active,https://www.cleanenergyauthority.com/solar-rebates-and-incentives/virginia/city-danville-net-metering,2026-08-08,Medium
PJM,VA,Harrisonburg Electric Commission,Municipal,Net Metering,Export-Comp,Residential;SmallC&I,Solar+Storage,Opt-in,1:1 credit up to 100% of annual usage; avoided-cost credit above 100% up to 200%,1:1 credit at full retail rate for generation <=100% of annual usage; excess generation between 100-200% of annual usage credited at HEC's avoided cost of wholesale power,System may be sized up to 200% of annual usage (only first 100% gets full retail credit),Net Metering Agreement (HEC),n/a,n/a,1:1 retail credit up to 100% of annual usage; avoided-cost credit for 100-200% of annual usage; Dominion net metering rules do not apply in Harrisonburg,Yes,Unknown,Active,https://www.harrisonburgelectric.com/all-ways-to-go-green/net-metering/,2026-08-08,High
PJM,VA,Manassas City Electric (City of Manassas Utilities),Municipal,Net Metering (Renewable Energy) Policy,Export-Comp,Residential;SmallC&I,Solar+Storage,Opt-in,volumetric credit per City Utility Commission Net Metering Policy (adopted 2015),Not published in detail (policy references definitions/conditions of interconnection; exact credit rate not published on public page),Governed by City of Manassas Net Metering Agreement and Utility Commission policy (adopted 2015),Net Metering Policy (2015),n/a,n/a,Net metering credit per City policy (rate/true-up terms not published),Unclear,Unknown,Active,https://www.manassasva.gov/electric_water___sewer/net_metering_(renewable_energy).php,2026-08-08,Low
PJM,VA,Northern Virginia Electric Cooperative (NOVEC),Cooperative,Load Management Program (AC/Water Heater Cycling),DR-DLC,Residential,Thermostat/AC;ElectricWaterHeater,Opt-in,in-kind service benefit (free repair/service) in exchange for load control,No direct cash incentive; free same-day water heater part replacement (value up to $425) and AC service evaluation,"AC compressor cycled 10 min per half-hour; water heater cycled up to ~2 hrs; load control performed year-round (all 12 months) since Oct 2019, not just seasonal peak days",Not a rate schedule - DSM program,"Utility-determined peak periods, year-round",n/a,Not applicable,No,Unknown,Active,https://www.novec.com/Save/LoadManagementProgram.cfm,2026-08-08,High
PJM,VA,Northern Virginia Electric Cooperative (NOVEC),Cooperative,EV-1 Electric Vehicle Rate,EV-Rate,Residential,EV/EVSE,Opt-in,rate design (2-period TOU applied to whole-home usage),On-peak (6:01am-10:59pm) $0.11005/kWh vs standard $0.09731/kWh; Off-peak (11pm-6am) $0.05631/kWh,Requires proof of EV ownership/lease; applies to all household usage not just EV charging,Schedule R-1-EV,Daily 6:01am-10:59pm (on-peak); 11pm-6am (off-peak),on 11.0c / off 5.6c per kWh (vs standard flat 9.7c),Not applicable (net metering handled under separate rider),Unclear,Unknown,Active,https://www.novec.com/About_NOVEC/EV-1-NOVEC-s-Electric-Vehicle-Rate.cfm,2026-08-08,High
PJM,VA,Northern Virginia Electric Cooperative (NOVEC),Cooperative,Net Metering,Export-Comp,Residential;SmallC&I,Solar+Storage,Opt-in,volumetric credit against consumption (program active since 2003),Not published in detail on public page,Per VA co-op net metering regulations (system capped at annual usage or applicable kW/aggregate cap),Net Metering Agreement (NOVEC),n/a,n/a,Net metering credit per VA SCC co-op regulations (exact rate/true-up terms not published on public page),Unclear,Unknown,Active,https://www.novec.com/Environment/Renewable-Generation.cfm,2026-08-08,Low
PJM,VA,Rappahannock Electric Cooperative,Cooperative,Net Energy Metering Rider,Export-Comp,Residential;SmallC&I;LargeC&I,Solar+Storage,Opt-in,"1:1 volumetric credit; optional PPA buyout of excess at avoided cost,1:1 kWh credit/bank rolled monthly; optional PPA after 12 months purchases excess banked kWh at REC avoided wholesale cost (~30-40% of retail rate), reduces bank to zero",Residential cap 20 kW AC; Non-residential cap 1,000 kW AC; system may not be sized to produce more than 100% of trailing 12-month usage; aggregate NEM capacity limited by rate class (Residential ~5.4% of REC peak load available as of Aug 2026),Net Energy Metering Rider (2023),n/a,n/a,1:1 net metering with indefinite monthly rollover; optional PPA at avoided cost (~30-40% of retail) after 12 months,Yes,Not stackable with Schedule A-1-TOU,Active,https://www.myrec.coop/net-metering,2026-08-08,High
PJM,VA,Rappahannock Electric Cooperative,Cooperative,SSR - Community Solar Rider,Export-Comp,Residential,Solar+Storage,Opt-in,subscription-based bill credit for solar blocks,~$5.57/month per 50 kWh block subscribed (2023 filed rate); credit applied against subscribed block's solar output,Sold in 50 kWh block increments; available to any residential member (owner or renter) regardless of net metering status,SSR Community Solar Rider,n/a,n/a,"Bill credit per subscribed 50kWh block of community solar output (off-site, not on-site export)",No,Can combine with Schedule A-1-TOU or standard Schedule A-1 (not restricted like Net Metering),Active,https://www.myrec.coop/sites/myrec/files/documents/Electric%20Rates/SSR%20Community%20Solar%20Rider.PDF,2026-08-08,Medium
PJM,VA,Rappahannock Electric Cooperative,Cooperative,Schedule A-1-TOU Time of Use Service,TOU-Rate,Residential,GeneralLoad;Battery;EV/EVSE,Opt-in,rate design (seasonal 2-period TOU),On-peak Jun-Sep $0.34476/kWh; On-peak Oct-May $0.17273/kWh; Off-peak (all months) $0.03827/kWh; access charge $16.50/mo (single-phase),Net Metering customers NOT eligible for this rate; min. 1-year contract term,Schedule A-1-TOU,Summer (Jun-Sep): weekdays 3-7pm; Non-summer (Oct-May): weekdays 6-9am & 5-8pm,summer on 34.5c/off 3.8c; non-summer on 17.3c/off 3.8c per kWh,Not compatible with Net Metering per tariff applicability clause,No,Not stackable with Net Metering,Active,https://myrec.coop/sites/default/files/documents/Electric%20Rates/Residential%20A-1-TOU%20Rate.pdf,2026-08-08,High
PJM,VA,Shenandoah Valley Electric Cooperative,Cooperative,Beat the Peak,DR-Curtailment,Residential;SmallC&I,GeneralLoad,Opt-in,voluntary peak-alert conservation (no direct cash incentive found),"Not published (member conservation appeal, no confirmed bill credit)",Utility-issued peak alerts asking members to voluntarily reduce usage,Not a rate schedule - member alert program,Utility-determined peak periods,n/a,Not applicable,No,Unknown,Active,https://www.svec.coop/energy-solutions/beat-the-peak/,2026-08-08,Low
PJM,VA,Shenandoah Valley Electric Cooperative,Cooperative,Residential Net Metering,Export-Comp,Residential,Solar+Storage,Opt-in,1:1 volumetric credit netted against consumption,Not published in detail on public page (credit mechanics per VA SCC Order Adopting Regulations),"Cap: lesser of 20 kW AC (installed on/after 7/1/2015) or expected annual consumption based on trailing 12-month billing history; liability insurance required ($100k for <=10kW, $300k for >10kW)",Net Metering (SVEC Terms per SCC Order),n/a,n/a,1:1 net metering netted against consumption per VA SCC net metering regulations,Yes,Renewable Energy Option Rider R; Community Solar,Active,https://www.svec.coop/energy-solutions/solar-net-metering/residential-net-metering/,2026-08-08,Medium
PJM,VA,Virginia Electric & Power Co (Dominion Energy Virginia),IOU,Peak Time Rebates Program,CPP-PTR,Residential,Thermostat/AC;Battery;EV/EVSE;GeneralLoad,Opt-in,$/kWh performance bill credit vs. baseline,$1.25 per kWh saved below weather-adjusted baseline; paid annually Q1,"~10 events/yr, 3-4 hrs each, summer afternoons/winter mornings-evenings",n/a (rider on standard rate),Event days called day-ahead/day-of by text/email,"Not applicable (bill credit program, not a rate)",No direct export credit; behind-the-meter battery discharge counts toward reduced grid draw,Yes,"Cannot combine with Smart Thermostat Rewards, EV Telematics Rewards, Water/Energy Rewards, or Net Metering",Active,https://www.dominionenergyptr.com/,2026-08-08,High
PJM,VA,Virginia Electric & Power Co (Dominion Energy Virginia),IOU,Smart Thermostat Rewards,DR-BYOT,Residential,Thermostat/AC,Opt-in,enrollment + performance bill credit,$25 first-summer enrollment + $10 for >=75% event participation ($35 yr 1); $10/yr thereafter,Thermostat adjusted up to 4degF for up to 4 hrs per event during summer peak days,Not a rate schedule - companion DR program,Summer peak afternoons (utility-called),n/a,Not applicable,No,"Not stackable with Off-Peak Plan, Peak Time Rebates, or EV DR programs",Active,https://www.dominionenergy.com/virginia/save-energy/my-home/smart-thermostat-rewards,2026-08-08,Medium
PJM,VA,Virginia Electric & Power Co (Dominion Energy Virginia),IOU,Non-Residential Curtailment Program,DR-Curtailment,SmallC&I;LargeC&I,GeneralLoad,Opt-in,monthly incentive payment per Load Reduction Plan,Not published (customized per facility Load Reduction Plan),Utility-called events; terms set per customer Load Reduction Plan,Not a standard rate schedule,Utility-called peak periods,n/a,Not applicable,Unclear,Unknown,Active,https://www.dominionenergy.com/virginia/save-energy/targeted-sector-programs,2026-08-08,Medium
PJM,VA,Virginia Electric & Power Co (Dominion Energy Virginia),IOU,EV Charger Rewards (Level 2 managed charging),EV-Rate,Residential,EV/EVSE,Opt-in,upfront equipment rebate + annual DR participation payment,$125 equipment rebate (apply within 120 days of purchase) + $40/yr after 1-yr anniversary,"Max 45 events/yr (15/month), up to 4 hrs/event; opt-out available per event",Not a rate schedule - companion DR program,Peak system demand periods (utility-called),n/a,Not applicable,No,Not stackable with Off-Peak Plan (must be on standard rate) or other DR programs,Active,https://www.chargingrewards.com/dominionenergy-ev/,2026-08-08,High
PJM,VA,Virginia Electric & Power Co (Dominion Energy Virginia),IOU,EV Telematics Rewards (WeaveGrid),EV-Rate,Residential,EV/EVSE,Opt-in,flat annual bill credit for managed charging via vehicle telematics,$40/year,Managed charging shifts scheduled during high-demand periods; no fixed event cap published,Not a rate schedule - companion DR program,Utility-determined high-demand periods,n/a,Not applicable,No,Not stackable with Peak Time Rebates or Net Metering,Active,https://www.weavegrid.com/dominion-energy/electric-vehicle-telematics-program,2026-08-08,Medium
PJM,VA,Virginia Electric & Power Co (Dominion Energy Virginia),IOU,Schedule 1EV - Residential Service with EV Charging (Experimental),EV-Rate,Residential,EV/EVSE,Closed to new,rate design (4-period TOU for EV pilot),On-peak ES 6.879c(summer)/5.381c(winter); Off-peak 0.730c/2.015c; Super off-peak 0.016c/1.690c per kWh,Capped at 750 pilot participants; closed to new since 11/30/2018,Schedule 1EV,Summer: on-peak 1-7pm; Winter: on-peak 6-11am & 5-10pm,"on 6.9c/off 0.7-2.0c/super-off ~0.02-1.7c (generation only, excl. riders)",Net metering per standard terms for legacy participants,Unclear,Unknown,Closed to new enrollment,https://www.dominionenergy.com/-/media/content/rates-and-tariffs/pdfs/virginia/residential/schedule-1ev.pdf,2026-08-08,High
PJM,VA,Virginia Electric & Power Co (Dominion Energy Virginia),IOU,Net Metering (Schedule 1/1G/1S/1T residential generators),Export-Comp,Residential,Solar+Storage;Battery,Opt-in,1:1 volumetric credit netted against consumption,"1:1 kWh credit at customer's applicable rate; excess credits roll month-to-month, paid out at year-end true-up at avoided cost/lesser rate",System capped at 25 kW AC (1 MW for non-residential); standby charge above 15/20kW threshold (see Interconnection row),Terms and Conditions Section XXV,n/a,n/a,1:1 net metering up to system cap; annual excess credit reimbursed at Rider G-type avoided cost rate,Yes,Off-Peak Plan; Shared Solar; standby charge interacts above threshold,Active,https://www.dominionenergy.com/virginia/renewable-energy-programs/net-metering,2026-08-08,High
PJM,VA,Virginia Electric & Power Co (Dominion Energy Virginia),IOU,Virginia Shared Solar Program,Export-Comp,Residential;SmallC&I,Solar+Storage,Opt-in,subscription bill credit per kWh of subscribed share,Bill credit per subscribed kWh; minimum bill applies to non-low-income subscribers (waived for customers <=80% area median income),"200 MW AC original cap; Phase II adds 525 MW (450 MW capped at <=51% low-income subscribers, 75 MW for >51% low-income projects); projects up to 5 MW each",Rider VCS / Schedule SS - Shared Solar,n/a,n/a,Bill credit for subscribed share of community solar facility output (not on-site export),No,"Cannot combine with Net Metering, Peak Time Rebates",Active,https://www.dominionenergy.com/virginia/renewable-energy-programs/shared-solar-program,2026-08-08,High
PJM,VA,Virginia Electric & Power Co (Dominion Energy Virginia),IOU,Net Metering Standby Charge (Schedules 1/1G/1S),Interconnection,Residential,Solar+Storage;Battery,Default,$/kW monthly standby demand charge above capacity threshold,"$2.79/kW distribution + $1.40/kW transmission standby (approx.; varies slightly by schedule e.g. $4.19/kW dist. + $1.32/kW trans. on Sched 1S), assessed on peak monthly grid draw",Applies only if aggregate nameplate AC capacity of customer generator exceeds threshold (15 kW AC through 6/30/2026; 20 kW AC from 7/1/2026 under HB 1255),Terms and Conditions Section XXV / Schedule 1 Net Metering,n/a (charge based on monthly peak kW pulled from grid),n/a,"1:1 net metering below threshold; above threshold, standby demand charge assessed in addition to net metering credits",Yes-restricted,Net Metering; Virginia Shared Solar,Active,https://www.virtuesolar.com/2024/07/05/what-are-dominions-standby-fees/,2026-08-08,High
PJM,VA,Virginia Electric & Power Co (Dominion Energy Virginia),IOU,Off-Peak Plan,TOU-Rate,Residential,GeneralLoad;EV/EVSE;Battery,Opt-in,rate design (3-tier TOU),"on $0.3105/kWh summer wkdy, $0.2710 winter wkdy; off $0.1515/$0.1559; super-off $0.1336/$0.1496",n/a - voluntary opt-in/opt-out anytime (12-mo re-enroll lockout),Schedule 1G,Weekdays: summer 3-6pm; winter 6-9am & 5-8pm,on 31.05c/off-peak 15.1c/super-off-peak 13.4c summer; on 27.1c/off 15.6c/super-off 15.0c winter (all-in incl. generation+T&D),"Under net metering, export credited at the on/off/super-off-peak rate in the interval generated; credits bankable only within same tier",Yes,Net Metering; not stackable with Smart Cooling/Thermostat/EV Charging Rewards DR programs,Active,https://www.dominionenergy.com/virginia/rates-and-tariffs/off-peak-plan,2026-08-08,High
PJM,VA,Virginia Electric & Power Co (Dominion Energy Virginia),IOU,Schedule 1P - Residential TOU (Experimental),TOU-Rate,Residential,GeneralLoad,Closed to new,rate design (legacy TOU),Not published for new enrollment,Legacy pilot rate; closed to new customers,Schedule 1P,Not published (legacy pilot definition),Not published for new customers,Legacy net metering terms apply to existing participants,Unclear,Unknown,Closed to new enrollment,https://cdn-dominionenergy-prd-001.azureedge.net/-/media/content/rates-and-tariffs/pdfs/virginia/residential/schedule-1p.pdf,2026-08-08,Medium
PJM,VA,Virginia Electric & Power Co (Dominion Energy Virginia),IOU,Schedule 1S - Demand TOU,TOU-Rate,Residential,GeneralLoad;Battery;EV/EVSE,Opt-in,rate design (demand + energy TOU),Distribution demand $2.478/kW on-peak; Generation demand $2.407/kW on-peak; Distribution kWh 1.5465c; Gen on-peak kWh 3.1424c/off-peak 0.2911c,Min. 1-yr commitment; early exit bars re-enrollment on any residential TOU rate for 1 yr,Schedule 1S,Jun-Sep: 11am-10pm Mon-Fri; Oct-May: 7-11am & 5-9pm Mon-Fri,on 3.14c gen + demand chg / off 0.29c gen (summer); distribution demand $2.478/kW,Net metering per Section XXV; standby charge of $4.19/kW distribution + $1.32/kW transmission applies above 20kW AC (was 15kW pre-7/1/2026) minus normal demand charges,Yes-restricted,Net Metering,Active,https://cdn-dominionenergy-prd-001.azureedge.net/-/media/content/rates-and-tariffs/pdfs/virginia/residential/schedule-1s.pdf,2026-08-08,High
PJM,VA,Virginia Electric & Power Co (Dominion Energy Virginia),IOU,Schedule 1T - Energy TOU,TOU-Rate,Residential,GeneralLoad;Battery;EV/EVSE,Opt-in,rate design (2-period TOU energy only),Distribution on-peak 8.0512c/off-peak 0.8440c; Generation on-peak 5.6744c/off-peak 1.4167c per kWh,Min. 1-yr commitment; early exit bars re-enrollment on residential TOU for 1 yr,Schedule 1T,Jun-Sep: 11am-10pm Mon-Fri; Oct-May: 7-11am & 5-9pm Mon-Fri,on ~13.7c combined / off ~2.3c combined per kWh,Net metering credited at applicable on/off-peak rate per Section XXV Terms and Conditions,Yes,Net Metering,Active,https://cdn-dominionenergy-prd-001.azureedge.net/-/media/content/rates-and-tariffs/pdfs/virginia/residential/schedule-1t.pdf,2026-08-08,High
PJM,WV,Appalachian Power Co (AEP - West Virginia),IOU,Off-Peak EV Charging Rate (Tariff RS-PEV WV),EV-Rate,Residential,EV/EVSE,Opt-in,rate discount for off-peak sub-metered EV charging,~25% discount off-peak (~12.9c/kWh off-peak vs 17.6c standard); on-peak surcharge +5.11c/kWh,Requires AMI meter + dedicated EV sub-meter installed by utility at no charge,Tariff RS-PEV (WV),On-peak: 6am-8pm Mon-Fri; Off-peak: 8pm-6am Mon-Fri + all weekends/holidays,off-peak ~12.9c / on-peak standard+5.11c surcharge per kWh,Not compatible with net metering per company FAQ,No,Not stackable with Net Metering,Active,https://www.appalachianpower.com/clean-energy/electric-cars/wv-off-peak,2026-08-08,High
PJM,WV,Appalachian Power Co (AEP - West Virginia),IOU,Net Metering (West Virginia),Export-Comp,Residential;SmallC&I;LargeC&I,Solar+Storage,Opt-in,"volumetric export credit at fixed rate (post-2025 PSC reform, replacing 1:1)",New enrollees after grandfathering window: ~12.4 cents/kWh for exported generation (67-75% of full retail rate); legacy 1:1 credit preserved for grandfathered customers,"Residential cap 25 kW, commercial 500 kW, industrial 2000 kW; aggregate program capped at 3% of system peak load (0.5% reserved for residential)",WV Net Metering Tariff (per 2025 PSC Order),n/a,n/a,1:1 for grandfathered participants; ~12.4c/kWh fixed export rate for new participants post-reform,Yes,Unknown,Active,https://westvirginiawatch.com/2025/09/02/public-service-commission-denies-bulk-of-aep-rate-increase-request-for-wv-customers/,2026-08-08,Medium
PJM,WV,Monongahela Power Co (FirstEnergy - West Virginia),IOU,Net Energy Metering (West Virginia),Export-Comp,Residential;SmallC&I;LargeC&I,Solar+Storage,Opt-in,volumetric export credit; new-customer rate below full retail per 2024 settlement,"New NEM customers on/after 1/1/2025: 9.34c/kWh (residential/schools/churches/general svc), 9.15c/kWh (large general svc), 8.91c/kWh (large power/alternative generation); rates fixed 2025-2026, renegotiated in 2026 ENEC case. Existing customers grandfathered at full retail offset for 25 years.",Excess credited to energy portion of bill only (not fixed/demand charges); indefinite rollover for legacy customers,WV Net Energy Metering Rider (per PSC settlement Case 2024),n/a,n/a,Legacy: 1:1 full retail credit for 25 yrs; New (post 1/1/2025): ~9.15-9.34c/kWh fixed credit rate,Yes,Unknown,Active,https://www.dominionpost.com/2024/03/27/psc-approves-reduced-mon-power-potomac-edison-base-rate-hike-compromise-net-metering-credit-achieved-in-settlements/,2026-08-08,High
PJM,WV,Potomac Edison Co (FirstEnergy - West Virginia),IOU,Net Energy Metering (West Virginia - Potomac Edison),Export-Comp,Residential;SmallC&I;LargeC&I,Solar+Storage,Opt-in,volumetric export credit; new-customer rate below full retail per 2024 settlement,"New NEM customers on/after 1/1/2025: 9.34c/kWh (residential/schools/churches/general svc), 9.15c/kWh (large general svc), 8.91c/kWh (large power/alternative generation); existing customers grandfathered at full retail offset for 25 years.",Excess credited to energy portion of bill only; indefinite rollover for legacy customers,WV Net Energy Metering Rider (per PSC settlement Case 2024),n/a,n/a,Legacy: 1:1 full retail credit for 25 yrs; New (post 1/1/2025): ~9.15-9.34c/kWh fixed credit rate,Yes,Unknown,Active,https://www.dominionpost.com/2024/03/27/psc-approves-reduced-mon-power-potomac-edison-base-rate-hike-compromise-net-metering-credit-achieved-in-settlements/,2026-08-08,High
PJM,WV,Wheeling Power Co (AEP - West Virginia),IOU,Net Metering (West Virginia - Wheeling Power),Export-Comp,Residential;SmallC&I;LargeC&I,Solar+Storage,Opt-in,"volumetric export credit at fixed rate (post-2025 PSC reform, replacing 1:1)",Same PSC Case No. as Appalachian Power WV: new enrollees after grandfathering get ~12.4 cents/kWh (67-75% of retail); legacy 1:1 preserved for grandfathered customers,Same tariff/case as Appalachian Power WV (joint base-rate/net-metering case),"WV Net Metering Tariff (per 2025 PSC Order, joint APCo/WPCo case)",n/a,n/a,1:1 for grandfathered participants; ~12.4c/kWh fixed export rate for new participants,Yes,Unknown,Active,https://www.newsandsentinel.com/news/business/2025/08/psc-approves-appalachian-power-wheeling-power-rate-increase-that-doesnt-burden-customers/,2026-08-08,Medium
Non-RTO,KY,Kentucky Utilities,IOU,Peak Time Rebates,CPP-PTR,Residential;SmallC&I,GeneralLoad;Thermostat/AC;Battery,Opt-in,$/kWh reduction below customer baseline during called events,$1.00/kWh saved during event,Baseline requires 30 days usage history,,,,,No,Unknown,Active,https://lge-ku.com/peak-time-rebates,2026-08-08,High
Non-RTO,KY,Kentucky Utilities,IOU,Curtailable Service Rider (CSR-1/CSR-2),DR-Curtailment,LargeC&I,GeneralLoad;Battery;Generator,Opt-in,standby payment for curtailment when called,,Called for unplanned generation outage/derate or Automatic Reserve Sharing invocation,CSR-1; CSR-2,,,,Yes-restricted,Unknown,Active,https://www.enelnorthamerica.com/solutions/energy-solutions/demand-response/lge-ku-demand-response,2026-08-08,Medium
Non-RTO,KY,Kentucky Utilities,IOU,Optimized (Managed) EV Charging,EV-Rate,Residential,EV/EVSE,Opt-in,enrollment rebate + monthly rebate for managed charging,$25 enrollment + $5/month while enrolled,Requires Level 2 charger; managed via onboard vehicle computer during DR events,,,,,No,Unknown,Active,https://www.chargingrewards.com/lge-ku-ev/faq/,2026-08-08,High
Non-RTO,KY,Kentucky Utilities,IOU,Net Metering (NMS-2),Export-Comp,Residential;SmallC&I,Solar+Storage,Opt-in,full retail 1:1 credit,,Eligible generator size up to 45 kW; NMS-2 rates locked through at least 2028 per settlement,NMS-2,,,1:1 full retail net metering up to 45kW,Yes-restricted,Time of Day rates,Active,https://psc.ky.gov/agencies/psc/press/092021/0924_r01.pdf,2026-08-08,High
Non-RTO,KY,Kentucky Utilities,IOU,Residential Time of Day - Energy Rate,TOU-Rate,Residential,GeneralLoad;Battery;EV/EVSE,Opt-in,rate discount for off-peak usage,Off-peak $0.07614/kWh total; On-peak $0.23870/kWh total,,Time of Day Energy Rate,Same seasonal windows as LG&E TOD,on-peak 23.870c/kWh / off-peak 7.614c/kWh,,Yes-restricted,Unknown,Active,https://lge-ku.com/residential/billing/time-of-day-rates,2026-08-08,High
Non-RTO,KY,Louisville Gas & Electric,IOU,Peak Time Rebates,CPP-PTR,Residential;SmallC&I,GeneralLoad;Thermostat/AC;Battery,Opt-in,$/kWh reduction below customer baseline during called events,$1.00/kWh saved during event,Baseline requires 30 days usage history,,,,,No,Unknown,Active,https://lge-ku.com/peak-time-rebates,2026-08-08,High
Non-RTO,KY,Louisville Gas & Electric,IOU,Curtailable Service Rider (CSR-1/CSR-2),DR-Curtailment,LargeC&I,GeneralLoad;Battery;Generator,Opt-in,standby payment for curtailment when called,,Called for unplanned generation outage/derate or Automatic Reserve Sharing invocation; ~110-115 MW forecast by 2032,CSR-1; CSR-2,,,,Yes-restricted,Unknown,Active,https://www.enelnorthamerica.com/solutions/energy-solutions/demand-response/lge-ku-demand-response,2026-08-08,Medium
Non-RTO,KY,Louisville Gas & Electric,IOU,Residential Time of Day - Demand Rate,Demand-Charge,Residential,GeneralLoad;Battery,Opt-in,reduced energy rate + demand charge,Energy $0.06292/kWh; Base demand $4.32/kW; Peak demand $9.46/kW,,Time of Day Demand Rate,Same seasonal peak windows as TOD Energy,energy 6.292c/kWh + peak demand $9.46/kW,,Yes,Unknown,Active,https://lge-ku.com/residential/billing/time-of-day-rates,2026-08-08,High
Non-RTO,KY,Louisville Gas & Electric,IOU,Optimized (Managed) EV Charging,EV-Rate,Residential,EV/EVSE,Opt-in,enrollment rebate + monthly rebate for managed charging,$25 enrollment + $5/month while enrolled,Requires Level 2 charger; managed via onboard vehicle computer during DR events,,,,,No,Unknown,Active,https://www.chargingrewards.com/lge-ku-ev/faq/,2026-08-08,High
Non-RTO,KY,Louisville Gas & Electric,IOU,Net Metering (NMS-2),Export-Comp,Residential;SmallC&I,Solar+Storage,Opt-in,full retail 1:1 credit,,Eligible generator size up to 45 kW (raised from 30kW under SB 100); NMS-2 rates locked through at least 2028 per settlement,NMS-2,,,1:1 full retail net metering up to 45kW,Yes-restricted,Time of Day rates,Active,https://psc.ky.gov/agencies/psc/press/092021/0924_r01.pdf,2026-08-08,High
Non-RTO,KY,Louisville Gas & Electric,IOU,Residential Time of Day - Energy Rate,TOU-Rate,Residential,GeneralLoad;Battery;EV/EVSE,Opt-in,rate discount for off-peak usage,Off-peak $0.09177/kWh total; On-peak $0.19172/kWh total,,Time of Day Energy Rate,Seasonal: Apr-Oct weekdays 2-6pm; shoulder seasons 6-10am&6-10pm or 7-11am&7-11pm; winter 6-10am&6-10pm,on-peak 19.172c/kWh / off-peak 9.177c/kWh,,Yes-restricted,Unknown,Active,https://lge-ku.com/residential/billing/time-of-day-rates,2026-08-08,High
MISO-market,multi,Midcontinent ISO,RTO,Demand Response Resource Type II (DRR-II),DR-BYOD,All,GeneralLoad;Generator;Battery,Opt-in,Dispatchable like a generator; eligible for the energy market plus most ancillary services including Regulating Reserve Spinning Reserve and Supplemental Reserve,Paid at LMP for energy plus applicable ancillary service clearing prices,Must be telemetered and follow MISO dispatch instructions like a generation resource; behind-the-meter generation is a common DRR-II example,MISO Tariff Module E; BPM-002,,,,Yes,Unknown,Active,https://cdn.misoenergy.org/20240510%20Demand%20Response%20101%20Workshop%20Presentation632828.pdf,2026-08-08,Medium
MISO-market,multi,Midcontinent ISO,RTO,Demand Response Resource Type I (DRR-I),DR-Curtailment,All,GeneralLoad;Generator,Opt-in,Economic and emergency energy-market-only participation; paid at LMP for cleared demand reduction; not eligible for ancillary services,Paid at real-time or day-ahead LMP for cleared MW reduction,Minimum size 1 MW (FERC found this non-compliant with Order 2222's 0.1 MW DER aggregation minimum); can only participate in the energy market and is not eligible for ancillary services,MISO Tariff Module E; BPM-002/BPM-026,,,,Yes,Unknown,Active,https://cpowerenergy.com/wp-content/uploads/2022/12/MISO-BPM-026-Business-Practices-for-DR.pdf,2026-08-08,Medium
MISO-market,multi,Midcontinent ISO,RTO,Emergency Demand Response (EDR),DR-Curtailment,All,GeneralLoad;Generator,Opt-in,On-site generation or controllable load responds to EDR Dispatch Instructions during declared Emergencies only; compensated per Schedule 30,No fixed $/MW-day payment identified; compensation tied to Emergency dispatch under Schedule 30,Only dispatched during MISO-declared Emergencies; MISO is eliminating the EDR program as part of its broader LMR/DR reform package that folds EDR into a revised LMR/DRR framework,MISO Tariff Schedule 30; Module E-1,,,,Yes,Unknown,Proposed/pending,https://www.misoenergy.org/stakeholder-engagement/issue-tracking/update-to-demand-response-deployment-tools/,2026-08-08,Medium
MISO-market,multi,Midcontinent ISO,RTO,Aggregators of Retail Customers (ARC) - FERC Order 719 State Opt-Out,VPP,All,GeneralLoad;Battery;Any,Opt-in,Third-party aggregators may bundle retail customer load or DER to bid into MISO's energy and demand response markets but only in states that have not opted out under FERC Order 719,,17 of 20 vertically-integrated states across the MISO/SPP footprints opted out of allowing third-party ARC participation following Order 719 and none have fully reversed; Illinois is the only fully competitive MISO state with active retail and wholesale ARC participation; Michigan partially reversed its opt-out for the roughly 10% of retail customers with retail choice; Arkansas is the only state to have codified its opt-out in statute,MISO Tariff Module E (ARC provisions); FERC Order 719,,,,Yes-restricted,Unknown,Active,https://eta-publications.lbl.gov/sites/default/files/aggregation_in_spp_and_miso_-_lbnl_report_09.27.23.pdf,2026-08-08,Medium
MISO-market,multi,Midcontinent ISO,RTO,FERC Order 2222 Distributed Energy Resource Aggregation Compliance,VPP,All,Battery;Solar+Storage;GeneralLoad;EV/EVSE;Any,Pilot,Distributed Energy Aggregated Resource (DEAR) model allowing multi-node DER aggregation to bid into energy capacity and ancillary markets,,FERC's January 16 2025 order accepted MISO's second compliance filing; two-phase implementation with Phase 1 targeted by June 1 2027 and full DEAR/Phase 2 implementation by June 1 2029; minimum DEAR aggregation size is 0.1 MW; FERC separately rejected MISO's proposal to use the 1 MW-minimum DRR Type I model as an interim Order 2222 vehicle for non-compliance with the 0.1 MW minimum,MISO Tariff (Docket ER22-2110 compliance),,,,Yes,Unknown,Proposed/pending,https://cdn.misoenergy.org/2024%20Order%202222%20Compliance%20Framework631391.pdf,2026-08-08,Medium
MISO-market,multi,Midcontinent ISO,RTO,2025/2026 Planning Resource Auction Results,Wholesale-Market,All,Any,Opt-in,$/MW-day seasonal capacity clearing price set at auction under the new Reliability-Based Demand Curve (RBDC),Annualized clearing price approximately $217/MW-day (roughly 10x PY2024/25's approximately $21/MW-day); Summer 2025 seasonal price reached $666.50/MW-day the highest-reliability-risk season,First Planning Year under MISO's seasonal PRA construct (Summer/Fall/Winter/Spring) and the RBDC continuous demand curve,MISO Tariff Module E-1,,,,Yes,Unknown,Active,https://www.rtoinsider.com/104023-miso-summer-capacity-prices-2025-26-auction/,2026-08-08,Medium
MISO-market,multi,Midcontinent ISO,RTO,2026/2027 Planning Resource Auction Results - LRZ 9 (Louisiana),Wholesale-Market,All,Any,Opt-in,$/MW-day seasonal capacity clearing price set at auction under the RBDC,$123/MW-day annualized for LRZ 9,Delivery period June 1 2026 to May 31 2027,MISO Tariff Module E-1,,,,Yes,Unknown,Active,https://modoenergy.com/research/en/miso-2026-27-capacity-prices-results,2026-08-08,High
MISO-market,multi,Midcontinent ISO,RTO,2026/2027 Planning Resource Auction Results - North/Central (LRZ 1-7),Wholesale-Market,All,Any,Opt-in,$/MW-day seasonal capacity clearing price set at auction under the RBDC,$126/MW-day annualized for North/Central (LRZ 1-7) down 42% year over year; a 4-hour battery's capacity revenue fell from approximately $75/kW-yr in 2025/26 to approximately $44/kW-yr in 2026/27 with Summer alone contributing about $37/kW-yr; seasonal breakdown Fall $34/MW-day Winter $36/MW-day Spring $8/MW-day,Delivery period June 1 2026 to May 31 2027; second year under the RBDC; duration beyond 4 hours adds no incremental capacity accreditation in MISO,MISO Tariff Module E-1,,,,Yes,Unknown,Active,https://modoenergy.com/research/en/miso-2026-27-capacity-prices-results,2026-08-08,High
MISO-market,multi,Midcontinent ISO,RTO,2026/2027 Planning Resource Auction Results - South (LRZ 8 and 10),Wholesale-Market,All,Any,Opt-in,$/MW-day seasonal capacity clearing price set at auction under the RBDC,$116/MW-day annualized for the South sub-region (LRZ 8 and 10) due to transfer constraints limiting import capability from MISO North,Delivery period June 1 2026 to May 31 2027,MISO Tariff Module E-1,,,,Yes,Unknown,Active,https://modoenergy.com/research/en/miso-2026-27-capacity-prices-results,2026-08-08,High
MISO-market,multi,Midcontinent ISO,RTO,Day-Ahead and Real-Time Energy Arbitrage by Trading Hub,Wholesale-Market,All,Battery;Solar+Storage,Opt-in,Battery revenue captured via top-bottom LMP spreads at MISO's major pricing hubs including Indiana Hub Michigan Hub Minnesota Hub and Illinois Hub,Four-hour real-time spreads at Indiana Hub exceeded day-ahead spreads by 148% in February 2026 during Winter Storm Fern with outsized BESS arbitrage opportunities concentrated at the Indiana and Michigan hubs; a full-year 2025 hub-by-hub average spread figure was not independently confirmed,No MISO-imposed cap on participation; driven by weather-related volatility such as winter storms and by transmission congestion between MISO North and MISO South,MISO Tariff Module C (Energy Markets),,,,Yes,Regulating Reserve;Spinning Reserve;Planning Resource Auction,Active,https://modoenergy.com/research/en/miso-february-2026-monthly-benchmark,2026-08-08,Low
MISO-market,multi,Midcontinent ISO,RTO,Electric Storage Resource (ESR) Participation Model,Wholesale-Market,All,Battery,Opt-in,FERC Order 841-compliant model allowing ESRs to bid into energy ancillary services (Regulation Spin Supplemental STR) and capacity (PRA) markets as a distinct asset class able to set both supply and demand offers,,Minimum 0.1 MW injection/withdrawal capability; must comply with Setpoint Instructions; appropriate metering required; ESRs interconnected at the distribution system require an Attachment HHH filing coordinating with the Distribution Company and retail regulator,MISO Tariff Module E; Attachment HHH,,,,Yes,Regulating Reserve;Spinning Reserve;Planning Resource Auction;Energy Arbitrage,Active,https://help.misoenergy.org/knowledgebase/article/KA-01336/en-us,2026-08-08,High
MISO-market,multi,Midcontinent ISO,RTO,Load Modifying Resource (LMR) - Planning Resource Auction Participation,Wholesale-Market,All,GeneralLoad;Generator;Battery,Opt-in,Capacity accreditation credited toward a Load Serving Entity's Planning Reserve Margin Requirement in the PRA; historically split into LMR-DR (demand reduction) and LMR-BTMG (behind-the-meter generation) sub-types with UCAP value based on nameplate/historical performance,Legacy accreditation approached near-full nameplate credit; under the new DLOL (Direct Loss-of-Load) availability-based accreditation methodology indicative results for PY2025/2026 showed accreditation factors well below legacy nameplate-based values for many LMRs materially cutting their effective PRA capacity revenue,DLOL-based accreditation approved by FERC as part of MISO's Resource Availability and Need (RAN) initiative; indicative informational DLOL accreditation published starting PY2025/2026 PRA with full binding implementation targeted for PY2028/2029; ties accreditation to real-time historical availability during the tightest hours rather than nameplate capacity,MISO Tariff Module E-1; Schedule 53 (LMR),,,,Yes-restricted,Unknown,Active,https://cdn.misoenergy.org/Indicative%20DLOL%20Results%20PY%202025-2026667100.pdf,2026-08-08,High
MISO-market,multi,Midcontinent ISO,RTO,Regulating Reserve (Regulation) Market,Wholesale-Market,All,Battery;Generator,Opt-in,$/MWh clearing price paid to resources providing AGC-following regulation capacity,Day-ahead Regulation clearing price averaged $17.34/MWh in 2025 up 59% from $10.91/MWh in 2023,Continuous AGC-following signal; battery performance scored on tracking accuracy similar to PJM's regulation product,MISO Tariff Module E; Schedule 3,,,,Yes,Spinning Reserve;Energy Arbitrage;Planning Resource Auction,Active,https://modoenergy.com/research/en/miso-ancillary-services-bess-regulation-,2026-08-08,Medium
MISO-market,multi,Midcontinent ISO,RTO,Short-Term Reserve (STR),Wholesale-Market,All,Battery;Generator,Opt-in,30-minute reserve product introduced under MISO's 2025 shortage-pricing and reserve reforms to improve flexibility procurement,Clearing price data published in IMM Quarterly Reports beginning with Fall 2023 through 2025 but a specific average $/MWh value was not independently confirmed,30-minute deployment product newly launched alongside the 2025 shortage pricing reforms,MISO Tariff Module E; Schedule 3,,,,Yes,Regulating Reserve;Spinning Reserve;Supplemental Reserve,Active,https://www.potomaceconomics.com/wp-content/uploads/2025/12/IMM-Quarterly-Report_Fall-2025_MSC.pdf,2026-08-08,Low
MISO-market,multi,Midcontinent ISO,RTO,Spinning Reserve,Wholesale-Market,All,Battery;Generator,Opt-in,$/MWh clearing price for synchronized 10-minute contingency reserve,Day-ahead Spinning Reserve averaged $4.32/MWh in 2025,10-minute contingency reserve; resource must be synchronized to the grid,MISO Tariff Module E; Schedule 3,,,,Yes,Regulating Reserve;Supplemental Reserve,Active,https://modoenergy.com/research/en/miso-ancillary-services-bess-regulation-,2026-08-08,Medium
MISO-market,multi,Midcontinent ISO,RTO,Supplemental Reserve,Wholesale-Market,All,Battery;Generator,Opt-in,$/MWh clearing price for non-synchronized 10-minute reserve,Day-ahead Supplemental Reserve averaged roughly $1/MWh in 2025,10-minute non-synchronized reserve deployment,MISO Tariff Module E; Schedule 3,,,,Yes,Regulating Reserve;Spinning Reserve,Active,https://modoenergy.com/research/en/miso-ancillary-services-bess-regulation-,2026-08-08,Medium
PJM-market,multi,PJM Interconnection,RTO,Economic Load Response (Day-Ahead and Real-Time Demand Bidding),DR-Curtailment,All,GeneralLoad;Generator;Battery,Opt-in,Curtailment Service Providers bid demand reductions into day-ahead or real-time energy market; paid at cleared nodal LMP for the bid hours,Paid at nodal LMP; composite energy offers above $1000/MWh and up to $2000/MWh face additional screening under Manual 11 offer-cap rules,Voluntary participation; no PJM-declared emergency required; bid must clear like a generation offer; subject to a Net Benefits Test,Manual 11 Section 5,,,,Yes,Emergency Load Response;Price Responsive Demand,Active,https://www.pjm.com/-/media/DotCom/documents/manuals/m11.pdf,2026-08-08,Medium
PJM-market,multi,PJM Interconnection,RTO,Emergency Load Response Program (Full Program and Energy Only Options),DR-Curtailment,All,GeneralLoad;Generator;Battery,Opt-in,$/MWh energy credit paid at real-time LMP for verified load reduction during PJM-declared emergencies,Paid at real-time LMP for curtailed MWh; no fixed $/MW-day payment,Called only during PJM-declared Capacity Emergency Pre-Emergency or Maximum Emergency conditions per Manual 13; Full Program participants must curtail when directed while Energy Only participants respond voluntarily,OATT Attachment K-Appendix; Manual 13 Section 2,,,,Yes,Economic Load Response;RPM Demand Resource,Active,https://www.pjm.com/-/media/DotCom/documents/manuals/m13.pdf,2026-08-08,Medium
PJM-market,multi,PJM Interconnection,RTO,Price Responsive Demand (PRD),DR-Curtailment,All,GeneralLoad;Battery,Opt-in,Load that automatically and verifiably responds to real-time LMP signals is treated as a capacity resource in RPM reducing net peak load forecasts and load's capacity obligation,Reflected as a reduction in the Load Serving Entity's forecasted peak demand and capacity obligation rather than a direct per-MW payment to the end customer,Requires real-time telemetry and metering to demonstrate price-responsive load reduction correlated with LMP; participant must register a PRD Plan with PJM,OATT Attachment K-Appendix Section 6; Manual 11 Section 12,,,,Yes-restricted,Economic Load Response,Active,https://www.pjm.com/-/media/DotCom/documents/manuals/m11.pdf,2026-08-08,Medium
PJM-market,multi,PJM Interconnection,RTO,FERC Order 2222 Distributed Energy Resource Aggregation,VPP,All,Battery;Solar+Storage;GeneralLoad;EV/EVSE;Any,Opt-in,DER aggregations bid into energy capacity and ancillary markets as a single resource under a no-commitment aggregation model administered through Curtailment Service Providers/Market Participants,Same clearing prices as the underlying wholesale capacity energy and ancillary markets apportioned across the DERs in the aggregation,Minimum aggregation size as small as 100 kW (0.1 MW); DER aggregations under 10 MW participating only in the energy market are exempt from telemetry requirements; a 167 MW cap applies to multi-nodal aggregations; dual participation rules prevent the same DER capability from being counted in both a retail program and a wholesale aggregation simultaneously,OATT (Docket ER22-962); PJM compliance filing effective per FERC's July 25 2024 order,,,,Yes,Unknown,Active,https://www.pjm.com/pjmfiles/directory/etariff/FercDockets/6522/20220201-er22-962-000.pdf,2026-08-08,Medium
PJM-market,multi,PJM Interconnection,RTO,2025/2026 Base Residual Auction Results,Wholesale-Market,All,Any,Opt-in,$/MW-day UCAP capacity clearing price set at auction,$269.92/MW-day RTO and most LDAs; BGE cleared at $466.35/MW-day; Dominion cleared at $444.26/MW-day for Delivery Year 2025/2026,Delivery Year June 1 2025 to May 31 2026; 135684 MW UCAP cleared; 18.6% reserve margin,OATT Attachment DD,,,,Yes,Synchronized Reserve;Regulation;Energy Arbitrage,Active,https://www.pjm.com/-/media/DotCom/markets-ops/rpm/rpm-auction-info/2025-2026/2025-2026-base-residual-auction-report.pdf,2026-08-08,High
PJM-market,multi,PJM Interconnection,RTO,2026/2027 Base Residual Auction Results,Wholesale-Market,All,Any,Opt-in,$/MW-day UCAP capacity clearing price set at auction,$329.17/MW-day UCAP RTO-wide (FERC price cap); all LDAs cleared at the cap; 134311 MW UCAP procured,Delivery Year June 1 2026 to May 31 2027; price cap $329.17/MW-day and price floor $177.24/MW-day per Reliability Resource Initiative parameters,OATT Attachment DD,,,,Yes,Synchronized Reserve;Regulation;Energy Arbitrage,Active,https://www.pjm.com/-/media/DotCom/about-pjm/newsroom/2025-releases/20250722-pjm-auction-procures-134311-mw-of-generation-resources-supply-responds-to-price-signal.pdf,2026-08-08,High
PJM-market,multi,PJM Interconnection,RTO,2027/2028 Base Residual Auction Results,Wholesale-Market,All,Any,Opt-in,$/MW-day UCAP capacity clearing price set at auction,$333.44/MW-day UCAP RTO-wide (FERC price cap); 134479 MW UCAP procured; total cleared value approximately $16.4 billion,Delivery Year June 1 2027 to May 31 2028; first auction where RTO-wide cleared capacity fell short of the reliability requirement (short by 6623 MW),OATT Attachment DD,,,,Yes,Synchronized Reserve;Regulation;Energy Arbitrage,Active,https://www.pjm.com/-/media/DotCom/about-pjm/newsroom/2025-releases/20251217-pjm-auction-procures-134479-mw-of-generation-resources.pdf,2026-08-08,High
PJM-market,multi,PJM Interconnection,RTO,Capacity Performance Non-Performance Charge and Bonus (Performance Assessment),Wholesale-Market,All,Battery;Solar+Storage;Generator;GeneralLoad,Opt-in,Non-Performance Charge Rate applied per MW of shortfall during Performance Assessment Intervals; funds bonus payments to over-performing resources; rate derived from Net CONE divided by an EFORd-adjusted reserve factor,Aggregated Non-Performance Charges across 2025 Performance Assessment events estimated by PJM at $1 billion to $2 billion system-wide; per-resource Non-Performance Charge Rate not independently confirmed for current Delivery Year,Assessed per 5-minute interval during any Performance Assessment Hour (Emergency or Pre-Emergency Load Management event); Stop-Loss provisions cap annual non-performance exposure at a multiple of a resource's weekly capacity revenue,OATT Attachment DD Section 10A; Manual 18 Section 4,,,,Yes,Unknown,Active,https://www.pjm.com/-/media/DotCom/markets-ops/rpm/performance-assessment-settlement-summary.ashx,2026-08-08,Medium
PJM-market,multi,PJM Interconnection,RTO,Day-Ahead and Real-Time Energy Arbitrage,Wholesale-Market,All,Battery;Solar+Storage,Opt-in,Value captured from charging during low-LMP hours and discharging during high-LMP hours measured as the daily top-4-hour minus bottom-4-hour (TB4) spread net of round-trip efficiency losses,PJM-wide average TB4 spread rose from about $46699/MW-yr in 2024 to about $69375/MW-yr in 2025 (a 49% year-over-year increase); highest spreads concentrated in Northern Virginia and Eastern Maryland (Dominion BGE PEPCO zones); lowest spreads in New Jersey zones (PSEG JCPL) due to export constraints,Captured through day-ahead and real-time LMP differentials; no PJM-imposed cap on participation; subject to nodal congestion and export limits,OATT Schedule 1 (Energy Market),,,,Yes,Regulation;Capacity Performance;Synchronized Reserve,Active,https://modoenergy.com/research/en/pjm-fast-lane-major-players-battery-storage-bess-buildout-duration-spreads-arbitrage,2026-08-08,Medium
PJM-market,multi,PJM Interconnection,RTO,Non-Synchronized Reserve,Wholesale-Market,All,Battery;Generator;GeneralLoad,Opt-in,$/MWh payment for offline or fast-start capacity deliverable within 10 minutes co-optimized with energy and Synchronized Reserve,Not independently confirmed for 2026; cleared jointly with Synchronized Reserve under PJM's 2023 reserve price formation reform,10-minute response requirement; consolidated Tier 1/Tier 2 procurement aligned across Day-Ahead and Real-Time markets under the 2023 reserve reform,OATT Schedule 1; Manual 11,,,,Yes,Synchronized Reserve;Regulation,Active,https://insidelines.pjm.com/pjm-implements-reserve-price-formation-changes/,2026-08-08,Low
PJM-market,multi,PJM Interconnection,RTO,RPM Demand Resource (Limited/Extended Summer/Annual DR),Wholesale-Market,All,GeneralLoad;Battery;Solar+Storage,Opt-in,$/MW-day capacity payment cleared alongside generation in BRA; same CP performance obligation applies,Same cleared BRA price as generation capacity ($329.17/MW-day RTO for 2026/2027 DY),Annual DR must be available year-round; Limited DR covers June-Sept weekdays; Extended Summer DR covers May-Sept; all DR products require minimum 10-consecutive-hour sustained reduction capability since Capacity Performance eliminated Base Capacity,OATT Attachment DD Section 5.5A; Manual 18 Section 4,,,,Yes-restricted,Economic Load Response;Emergency Load Response;Synchronized Reserve,Active,https://www.pjm.com/-/media/DotCom/documents/manuals/m18.ashx,2026-08-08,High
PJM-market,multi,PJM Interconnection,RTO,Regulation Market - RegA Signal,Wholesale-Market,All,Battery;Generator,Opt-in,Capability payment equals Cleared MW times RMCCP times Performance Score; Performance payment equals Cleared MW times Mileage Ratio times RMPCP times Performance Score; plus a Lost Opportunity Cost payment; RegA is the slower steady signal historically used by thermal generation,2023 average Regulation Market Clearing Price (RMCP) was approximately $21.08/MW; RegA generally clears at a lower dollar-per-effective-MW rate than RegD,Continuous 5-minute AGC dispatch signal; performance scored every 5 minutes on precision delay and correlation; RegA/RegD dual-signal design is being replaced by a single unified signal starting October 2025 with a full Regulation-Up/Regulation-Down split by October 2026,OATT Schedule 1; Manual 28; Manual 12,,,,Yes,Synchronized Reserve;Capacity Performance;Energy Arbitrage,Active,https://modoenergy.com/research/en/pjm-regulation-payments-explainer-ancillary-services-how-to-guide-battery-energy-storage-revenues,2026-08-08,Medium
PJM-market,multi,PJM Interconnection,RTO,Regulation Market - RegD Signal,Wholesale-Market,All,Battery,Opt-in,Performance payment equals Cleared MW times Mileage Ratio times RMPCP times Performance Score; Capability payment equals Cleared MW times RMCCP times Performance Score where RMCCP equals RMCP minus RMPCP; plus Lost Opportunity Cost equals Estimated Missed Energy Revenue times Performance Score,RegD has historically driven over 80% of PJM battery revenue; in Q1 2025 97% of cleared RegD MW had $0 effective-cost self-scheduled bids and batteries scored 91-100% performance in 92% of operating hours; RegD's mileage-based rate per effective MW has been more than double RegA's in some months,Continuous 5-minute fast-following signal optimized for batteries; the Marginal Benefit Factor used to clear the market versus the Mileage Ratio used to pay for it creates a payment premium the PJM Market Monitor argues overstates RegD's system value; a single unified signal replaces RegA/RegD starting October 2025 with a Reg-Up/Reg-Down split by October 2026,OATT Schedule 1; Manual 28 Regulation Redesign sections,,,,Yes,Synchronized Reserve;Capacity Performance;Energy Arbitrage,Active,https://modoenergy.com/research/en/pjm-regulation-payments-explainer-ancillary-services-how-to-guide-battery-energy-storage-revenues,2026-08-08,High
PJM-market,multi,PJM Interconnection,RTO,Reliability Pricing Model - Capacity Performance,Wholesale-Market,All,Battery;Solar+Storage;Generator;GeneralLoad;Any,Opt-in,$/MW-day UCAP capacity payment cleared in Base Residual Auction; single year-round CP product,Set by BRA clearing price (see BRA rows); bounded by FERC-approved Market Seller Offer Cap tied to Net ACR,Must perform during all Performance Assessment Hours across the Delivery Year; 24x365 obligation; no seasonal or hourly call cap,OATT Attachment DD; RAA Schedule 8.1,,,,Yes,Synchronized Reserve;Regulation;Energy Arbitrage;Order 2222 DER Aggregation,Active,https://www.pjm.com/-/media/DotCom/documents/manuals/m18.ashx,2026-08-08,High
PJM-market,multi,PJM Interconnection,RTO,Secondary Reserve (30-Minute Reserve),Wholesale-Market,All,Battery;Generator;GeneralLoad,Opt-in,$/MWh payment for reserve capacity deliverable within 30 minutes,Not independently confirmed for 2026; published via PJM Data Miner 2 Day-Ahead Ancillary Service LMPs feed,30-minute response requirement,OATT Schedule 1,,,,Yes,Synchronized Reserve;Non-Synchronized Reserve,Active,https://www.pjm.com/-/media/DotCom/etools/markets-gateway/synchronized-reserve-deployment-and-reserve-price-formation-faq.pdf,2026-08-08,Low
PJM-market,multi,PJM Interconnection,RTO,Synchronized Reserve Market (Tier 1 and Tier 2),Wholesale-Market,All,Battery;Generator;GeneralLoad,Opt-in,$/MWh capacity payment cleared in the 10-minute co-optimized reserve market; Tier 1 is spare energy from online resources deliverable within 10 minutes while Tier 2 is called only when Tier 1 is insufficient,Clearing prices vary by hour and reserve zone and were not independently confirmed for 2026; PJM added a 30% adder to the Synchronized Reserve requirement in May 2023 after under-performance during reserve events,Must respond within 10 minutes and sustain for the event duration; deployed via a PJM-declared Synchronized Reserve Event,OATT Schedule 1; Manual 11 Section 8,,,,Yes,Regulation;Capacity Performance;Energy Arbitrage,Active,https://www.pjm.com/-/media/DotCom/etools/markets-gateway/synchronized-reserve-deployment-and-reserve-price-formation-faq.pdf,2026-08-08,Medium
NYISO,NY,Consolidated Edison Co of New York (Con Edison),IOU,Commercial System Relief Program (CSRP) - Smart Usage Rewards,DR-Curtailment,SmallC&I;LargeC&I,GeneralLoad;Battery;Generator;Thermostat/AC,Opt-in,$/kW-month reservation payment + $/kWh performance payment,Reservation $18/kW-month (Brooklyn/Bronx/Manhattan/Queens) or $6/kW-month (Staten Island/Westchester); performance $1/kWh (Reservation option) or $3/kWh (Voluntary option); CSRP Unplanned $6/kWh reservation and $10/kWh voluntary; +$5/kW-month adder from month of 5th event,Capability period May 1-Sep 30 (or Jun 1-Sep 30); weekdays only excl. federal holidays; load relief period 11:00-23:00; 21-hour advance notice confirmed 2 hr ahead,Rider T (PSC No. 10 - Electricity),Load relief window 11:00-23:00 weekdays May-Sep,,,Yes,Distribution Load Relief Program (DLRP); NYISO SCR/ICAP,Active,https://www.coned.com/en/save-money/rebates-incentives-tax-credits/rebates-incentives-tax-credits-for-commercial-industrial-buildings-customers/smart-usage-rewards,2026-09-10,Primary
NYISO,NY,Consolidated Edison Co of New York (Con Edison),IOU,Distribution Load Relief Program (DLRP) - Smart Usage Rewards,DR-Curtailment,SmallC&I;LargeC&I,GeneralLoad;Battery;Generator;Thermostat/AC,Opt-in,$/kW-month reservation payment + $/kWh performance payment,Reservation $18/kW-month (Tier 1 network) or $25/kW-month (Tier 2 network); performance $1/kWh (Reservation option) or $3/kWh (Voluntary option); +$5/kW-month adder from month of 5th event,Capability period May 1-Sep 30; weekdays weekends and federal holidays; load relief period 08:00-24:00 (00:00-08:00 voluntary only); 2-hour notice for contingency events,Rider T (PSC No. 10 - Electricity),08:00-24:00 all days May-Sep,,,Yes,Commercial System Relief Program (CSRP); NYISO SCR/ICAP,Active,https://www.coned.com/en/save-money/rebates-incentives-tax-credits/rebates-incentives-tax-credits-for-commercial-industrial-buildings-customers/smart-usage-rewards,2026-09-10,Primary
NYISO,NY,Consolidated Edison Co of New York (Con Edison),IOU,Term Dynamic Load Management (TERM-DLM),DR-Curtailment,SmallC&I;LargeC&I,GeneralLoad;Battery;Generator,Opt-in,$/kW incentive set by competitive procurement (RFP),,Weekdays excl. federal holidays; load relief period 11:00-23:00; 21-hour advance notice; financial penalty for underperformance,Rider T (PSC No. 10 - Electricity),11:00-23:00 weekdays,,,Yes,Reliability-group program (DLRP or AUTO-DLM),Active,https://www.coned.com/en/save-money/rebates-incentives-tax-credits/rebates-incentives-tax-credits-for-commercial-industrial-buildings-customers/smart-usage-rewards,2026-09-10,Primary
NYISO,NY,Consolidated Edison Co of New York (Con Edison),IOU,Auto Dynamic Load Management (AUTO-DLM),DR-Curtailment,SmallC&I;LargeC&I,GeneralLoad;Battery;Generator,Opt-in,$/kW incentive set by competitive procurement (RFP),,Weekdays weekends and federal holidays; load relief 08:00-24:00; no less than 10 minutes notice before event start,Rider T (PSC No. 10 - Electricity),08:00-24:00 all days,,,Yes,Peak-shaving-group program (CSRP or TERM-DLM),Active,https://www.coned.com/en/save-money/rebates-incentives-tax-credits/rebates-incentives-tax-credits-for-commercial-industrial-buildings-customers/smart-usage-rewards,2026-09-10,Primary
NYISO,NY,Consolidated Edison Co of New York (Con Edison),IOU,Standby Service Rates (SC 5 Rate III/IV; SC 8/9/12 Rate IV/V; SC 13 Rate II),Demand-Charge,Residential;SmallC&I;LargeC&I,Battery;Solar+Storage;Generator,Default,contract demand $/kW-month + as-used DAILY demand $/kW (not monthly),"Residential: contract demand $6.05/kW, as-used daily demand $0.4848/kW (Jun-Sep M-F 8am-6pm), $1.5829/kW (Jun-Sep M-F 8am-10pm ext.), $1.3889/kW (other months M-F 8am-10pm), $20/mo customer charge. Small business: $8.77/kW contract; $0.4658 / $1.7193 / $1.5549 per kW; $33/mo. Large commercial (low tension, under 1500 kW): $9.18/kW contract; $0.6671 / $2.2761 / $1.1744 per kW; $71/mo",Standby service is mandatory for on-site generation/storage over 1 MW; systems under 1 MW but at least 15% of customer peak load may opt in voluntarily; General Rule 20.3.3 sets exemptions,PSC No. 10 Electricity - Standby Service Rates,As-used daily demand windows: Jun-Sep M-F 8am-6pm and 8am-10pm; all other months M-F 8am-10pm,,,Yes,Rider T DR programs; Value Stack,Active,https://www.coned.com/en/accounts-billing/your-bill/standby-rates,2026-09-10,Primary
NYISO,NY,Consolidated Edison Co of New York (Con Edison),IOU,Residential Time-of-Use Rate (with Summer Super-Peak),TOU-Rate,Residential,GeneralLoad;Battery;EV/EVSE;Thermostat/AC,Opt-in,TOU delivery rate; supply super-peak for full-service customers,"Delivery: Jun 1-Sep 30 peak $0.2786/kWh, off-peak $0.0522/kWh; all other months peak $0.1711/kWh, off-peak $0.0522/kWh; $21.00/mo customer charge. Standard (non-TOU) delivery $0.16402/kWh (<250 kWh) and $0.18858/kWh (>250 kWh summer)",1-year minimum enrollment; 18-month wait to rejoin after leaving,SC 1 Rate II (voluntary time-of-day),Peak 8am-midnight all days; off-peak midnight-8am; summer super-peak (supply) weekdays 2-6pm Jun-Sep,on 27.86c / off 5.22c per kWh delivery (Jun-Sep); on 17.11c / off 5.22c (Oct-May),,Yes,Smart Thermostat Program; SmartCharge NY,Active,https://www.coned.com/en/accounts-billing/your-bill/time-of-use,2026-09-10,Primary
NYISO,NY,Consolidated Edison Co of New York (Con Edison),IOU,Small Business Time-of-Use Rate,TOU-Rate,SmallC&I,GeneralLoad;Battery,Opt-in,TOU delivery rate,"Jun 1-Sep 30 peak $0.5443/kWh, off-peak $0.0199/kWh; all other months peak $0.2680/kWh, off-peak $0.0199/kWh; $34.00/mo customer charge",18-month wait to rejoin after switching back to standard rate,SC 2 Rate II (small business time-of-day),Peak M-F 8am-10pm; off-peak M-F 10pm-8am and all weekend hours,on 54.43c / off 1.99c per kWh (Jun-Sep); on 26.80c / off 1.99c (Oct-May),,Yes,Rider T DR programs,Active,https://www.coned.com/en/accounts-billing/your-bill/time-of-use,2026-09-10,Primary
NYISO,NY,Consolidated Edison Co of New York (Con Edison),IOU,Large Business Time-of-Use Rate (demand-billed),Demand-Charge,LargeC&I,GeneralLoad;Battery,Opt-in,three additive monthly demand charges by time period,"Jun 1-Sep 30: $12.75/kW (M-F 8am-6pm) + $28.64/kW (M-F 8am-10pm) + $27.33/kW (all hours all days). All other months: $18.15/kW (M-F 8am-10pm) + $7.04/kW (all hours). Standard non-TOU delivery $42.80/kW summer, $33.50/kW other months; $72/mo customer charge",Delivery charges are the sum of the max demand in each of the three time periods,SC 9 Rate II (large business time-of-day),M-F 8am-6pm and 8am-10pm peak periods; off-peak M-F 6pm-8am and weekends,,,Yes,Rider T DR programs; Standby Service Rates,Active,https://www.coned.com/en/accounts-billing/your-bill/time-of-use,2026-09-10,Primary
NYISO,NY,Consolidated Edison Co of New York (Con Edison),IOU,Smart Thermostat Program (Bring Your Own Thermostat),DR-BYOT,Residential,Thermostat/AC,Opt-in,upfront enrollment rebate + annual retention incentive,$85 enrollment rebate; additional $25/yr retention incentive if participating in 50% or more of event hours over the first three years,"Events May-Sep, weekdays 11am-11pm, typically up to 4 hours; temperature adjusted gradually within a narrow range; opt-out permitted",,Event window weekdays 11:00-23:00 May-Sep,,,No,Residential Time-of-Use Rate,Active,https://www.coned.com/en/save-money/rebates-incentives-tax-credits/rebates-incentives-tax-credits-for-residential-customers/bring-your-thermostat-and-get-85,2026-09-10,Primary
NYISO,NY,Consolidated Edison Co of New York (Con Edison),IOU,SmartCharge New York (EV Drivers and Light-Duty Fleets),EV-Rate,Residential;SmallC&I,EV/EVSE,Opt-in,$/kWh off-peak charging incentive + monthly avoided-peak bill credits,10 cents/kWh for charging midnight-8am year-round; $35/month Avoided Summer Peak Incentive for not charging weekdays 2-6pm Jun 1-Sep 30; additional $35 Avoided Summer Peak bonus; 3-month enrollment bonus per vehicle/station,Rewards paid via connected-car or telematics device; year-round off-peak credit; summer peak avoidance Jun 1-Sep 30,,Off-peak midnight-8am daily; summer peak weekdays 2-6pm Jun-Sep,,,No,Residential Time-of-Use Rate,Active,https://www.coned.com/en/save-money/rebates-incentives-tax-credits/rebates-incentives-tax-credits-for-residential-customers/electric-vehicle-rewards,2026-09-10,Primary
NYISO,NY,Consolidated Edison Co of New York (Con Edison),IOU,SmartCharge Commercial (Managed Charging for Station Operators),EV-Rate,SmallC&I;LargeC&I,EV/EVSE,Opt-in,managed-charging performance payments to public charging station operators,,Managed charging events at public/commercial charging stations; incentive terms set in program agreement,,,,,No,Rider T DR programs,Active,https://www.coned.com/en/our-energy-future/electric-vehicles/commercial-electric-vehicle-charging-station-rewards,2026-09-10,Primary
NYISO,NY,Consolidated Edison Co of New York (Con Edison),IOU,Value Stack (Value of Distributed Energy Resources / VDER) Tariff,Export-Comp,All,Solar+Storage;Battery;Any,Opt-in,component-based export credit ($/kWh + $/kW) applied as monetary bill credits,"$0.65/kW-mo residential and $1.03/kW-mo small commercial CBC (2026, Value Stack PV)",Phase Two eligibility: on-site DG >750 kW plus remote net metered and community DG of any size; CHP excluded. Phase One (pre-7/26/2018 qualifiers) uses $/kW-yr DRV/LSRV and a Market Transition Credit,VDER Value Stack tariff (PSC Case 15-E-0751),DRV: assigned 4-hour window on summer non-holiday weekdays Jun 24-Sep 15; ICAP Alt 2: 2pm-7pm Jun 24-Aug 31,,"Value Stack credit = LBMP (day-ahead energy) + ICAP capacity (Alt 1 all-hours $/kWh, Alt 2 concentrated 240-245 summer afternoon hrs 2-7pm Jun 24-Aug 31, or Alt 3 $/kW-month coincident-peak - Alt 3 required for dispatchable/paired storage) + Environmental (REC or social cost of carbon $/kWh) + DRV ($/kWh on export in an assigned 4-hr summer weekday window Jun 24-Sep 15) + LSRV ($/kW-event in designated high-value areas until MW cap) + Community Credit for CDG. Values vary hourly and by utility/zone - see utility Value Stack calculator",Yes,NY-Sun; NYSERDA Retail Energy Storage Incentive; utility DR programs,Active,https://www.coned.com/-/media/files/coned/documents/save-energy-money/using-private-generation/specs-and-tariffs/components-value-stack.pdf,2026-09-10,Primary
NYISO,NY,Consolidated Edison Co of New York (Con Edison),IOU,Phase One Net Energy Metering (mass market) with Customer Benefit Contribution,Export-Comp,Residential;SmallC&I,Solar+Storage;Battery,Opt-in,1:1 kWh net metering credit plus a monthly $/kW-DC Customer Benefit Contribution charge,$1.29/kW-mo residential and $1.47/kW-mo small commercial CBC (2026),Available to residential and small commercial (non-demand-billed) PV; CBC applies to systems interconnected on or after 1/1/2022 and is recalculated annually; pre-2022 systems exempt; CBC cannot be netted against production,Net Energy Metering / Customer Benefit Contribution (PSC Case 15-E-0751),,,1:1 retail-rate kWh net metering (mass market PV); monthly CBC charge assessed on DC system size,Yes-restricted,NY-Sun; NYSERDA Retail Energy Storage Incentive,Active,https://www.nyserda.ny.gov/-/media/Project/Nyserda/Files/Programs/NY-Sun/2026-Utility-Published-Customer-Benefit-Contribution-Rates.pdf,2026-09-10,Secondary
NYISO,NY,Orange & Rockland Utilities Inc (O&R),IOU,Value Stack (Value of Distributed Energy Resources / VDER) Tariff,Export-Comp,All,Solar+Storage;Battery;Any,Opt-in,component-based export credit ($/kWh + $/kW) applied as monetary bill credits,"$0.50/kW-mo residential and $0.61/kW-mo small commercial CBC (2026, Value Stack PV)",Phase Two eligibility: on-site DG >750 kW plus remote net metered and community DG of any size; CHP excluded. Phase One (pre-7/26/2018 qualifiers) uses $/kW-yr DRV/LSRV and a Market Transition Credit,VDER Value Stack tariff (PSC Case 15-E-0751),DRV: assigned 4-hour window on summer non-holiday weekdays Jun 24-Sep 15; ICAP Alt 2: 2pm-7pm Jun 24-Aug 31,,"Value Stack credit = LBMP (day-ahead energy) + ICAP capacity (Alt 1 all-hours $/kWh, Alt 2 concentrated 240-245 summer afternoon hrs 2-7pm Jun 24-Aug 31, or Alt 3 $/kW-month coincident-peak - Alt 3 required for dispatchable/paired storage) + Environmental (REC or social cost of carbon $/kWh) + DRV ($/kWh on export in an assigned 4-hr summer weekday window Jun 24-Sep 15) + LSRV ($/kW-event in designated high-value areas until MW cap) + Community Credit for CDG. Values vary hourly and by utility/zone - see utility Value Stack calculator",Yes,NY-Sun; NYSERDA Retail Energy Storage Incentive; utility DR programs,Active,https://www.oru.com/en/save-money/using-private-generation-energy-sources/private-generation-tariffs,2026-09-10,Primary
NYISO,NY,Orange & Rockland Utilities Inc (O&R),IOU,Phase One Net Energy Metering (mass market) with Customer Benefit Contribution,Export-Comp,Residential;SmallC&I,Solar+Storage;Battery,Opt-in,1:1 kWh net metering credit plus a monthly $/kW-DC Customer Benefit Contribution charge,$1.00/kW-mo residential and $0.88/kW-mo small commercial CBC (2026),Available to residential and small commercial (non-demand-billed) PV; CBC applies to systems interconnected on or after 1/1/2022 and is recalculated annually; pre-2022 systems exempt; CBC cannot be netted against production,Net Energy Metering / Customer Benefit Contribution (PSC Case 15-E-0751),,,1:1 retail-rate kWh net metering (mass market PV); monthly CBC charge assessed on DC system size,Yes-restricted,NY-Sun; NYSERDA Retail Energy Storage Incentive,Active,https://www.nyserda.ny.gov/-/media/Project/Nyserda/Files/Programs/NY-Sun/2026-Utility-Published-Customer-Benefit-Contribution-Rates.pdf,2026-09-10,Secondary
NYISO,NY,Niagara Mohawk Power Corp (National Grid NY),IOU,Value Stack (Value of Distributed Energy Resources / VDER) Tariff,Export-Comp,All,Solar+Storage;Battery;Any,Opt-in,component-based export credit ($/kWh + $/kW) applied as monetary bill credits,"$0.49/kW-mo residential and $0.97/kW-mo small commercial CBC (2026, Value Stack PV)",Phase Two eligibility: on-site DG >750 kW plus remote net metered and community DG of any size; CHP excluded. Phase One (pre-7/26/2018 qualifiers) uses $/kW-yr DRV/LSRV and a Market Transition Credit,VDER Value Stack tariff (PSC Case 15-E-0751),DRV: assigned 4-hour window on summer non-holiday weekdays Jun 24-Sep 15; ICAP Alt 2: 2pm-7pm Jun 24-Aug 31,,"Value Stack credit = LBMP (day-ahead energy) + ICAP capacity (Alt 1 all-hours $/kWh, Alt 2 concentrated 240-245 summer afternoon hrs 2-7pm Jun 24-Aug 31, or Alt 3 $/kW-month coincident-peak - Alt 3 required for dispatchable/paired storage) + Environmental (REC or social cost of carbon $/kWh) + DRV ($/kWh on export in an assigned 4-hr summer weekday window Jun 24-Sep 15) + LSRV ($/kW-event in designated high-value areas until MW cap) + Community Credit for CDG. Values vary hourly and by utility/zone - see utility Value Stack calculator",Yes,NY-Sun; NYSERDA Retail Energy Storage Incentive; utility DR programs,Active,https://www.nationalgridus.com/Upstate-NY-Business/Supply-Costs/VDER-Value-Stack-Energy-Component-Prices,2026-09-10,Primary
NYISO,NY,Niagara Mohawk Power Corp (National Grid NY),IOU,Phase One Net Energy Metering (mass market) with Customer Benefit Contribution,Export-Comp,Residential;SmallC&I,Solar+Storage;Battery,Opt-in,1:1 kWh net metering credit plus a monthly $/kW-DC Customer Benefit Contribution charge,$0.97/kW-mo residential and $1.38/kW-mo small commercial CBC (2026),Available to residential and small commercial (non-demand-billed) PV; CBC applies to systems interconnected on or after 1/1/2022 and is recalculated annually; pre-2022 systems exempt; CBC cannot be netted against production,Net Energy Metering / Customer Benefit Contribution (PSC Case 15-E-0751),,,1:1 retail-rate kWh net metering (mass market PV); monthly CBC charge assessed on DC system size,Yes-restricted,NY-Sun; NYSERDA Retail Energy Storage Incentive,Active,https://www.nyserda.ny.gov/-/media/Project/Nyserda/Files/Programs/NY-Sun/2026-Utility-Published-Customer-Benefit-Contribution-Rates.pdf,2026-09-10,Secondary
NYISO,NY,New York State Electric & Gas Corp (NYSEG),IOU,Value Stack (Value of Distributed Energy Resources / VDER) Tariff,Export-Comp,All,Solar+Storage;Battery;Any,Opt-in,component-based export credit ($/kWh + $/kW) applied as monetary bill credits,"$0.60/kW-mo residential and $0.80/kW-mo small commercial CBC (2026, Value Stack PV)",Phase Two eligibility: on-site DG >750 kW plus remote net metered and community DG of any size; CHP excluded. Phase One (pre-7/26/2018 qualifiers) uses $/kW-yr DRV/LSRV and a Market Transition Credit,VDER Value Stack tariff (PSC Case 15-E-0751),DRV: assigned 4-hour window on summer non-holiday weekdays Jun 24-Sep 15; ICAP Alt 2: 2pm-7pm Jun 24-Aug 31,,"Value Stack credit = LBMP (day-ahead energy) + ICAP capacity (Alt 1 all-hours $/kWh, Alt 2 concentrated 240-245 summer afternoon hrs 2-7pm Jun 24-Aug 31, or Alt 3 $/kW-month coincident-peak - Alt 3 required for dispatchable/paired storage) + Environmental (REC or social cost of carbon $/kWh) + DRV ($/kWh on export in an assigned 4-hr summer weekday window Jun 24-Sep 15) + LSRV ($/kW-event in designated high-value areas until MW cap) + Community Credit for CDG. Values vary hourly and by utility/zone - see utility Value Stack calculator",Yes,NY-Sun; NYSERDA Retail Energy Storage Incentive; utility DR programs,Active,https://www.nyseg.com/documents/40132/5899086/NYSEG_RGE+S-SFA+Procedural+Requirements+Final.pdf/b7dd6ce9-5a31-5ecc-7424-efa20d035489?t=1736360363008,2026-09-10,Primary
NYISO,NY,New York State Electric & Gas Corp (NYSEG),IOU,Phase One Net Energy Metering (mass market) with Customer Benefit Contribution,Export-Comp,Residential;SmallC&I,Solar+Storage;Battery,Opt-in,1:1 kWh net metering credit plus a monthly $/kW-DC Customer Benefit Contribution charge,$1.19/kW-mo residential and $1.14/kW-mo small commercial CBC (2026),Available to residential and small commercial (non-demand-billed) PV; CBC applies to systems interconnected on or after 1/1/2022 and is recalculated annually; pre-2022 systems exempt; CBC cannot be netted against production,Net Energy Metering / Customer Benefit Contribution (PSC Case 15-E-0751),,,1:1 retail-rate kWh net metering (mass market PV); monthly CBC charge assessed on DC system size,Yes-restricted,NY-Sun; NYSERDA Retail Energy Storage Incentive,Active,https://www.nyserda.ny.gov/-/media/Project/Nyserda/Files/Programs/NY-Sun/2026-Utility-Published-Customer-Benefit-Contribution-Rates.pdf,2026-09-10,Secondary
NYISO,NY,Rochester Gas & Electric Corp (RG&E),IOU,Value Stack (Value of Distributed Energy Resources / VDER) Tariff,Export-Comp,All,Solar+Storage;Battery;Any,Opt-in,component-based export credit ($/kWh + $/kW) applied as monetary bill credits,"$0.65/kW-mo residential and $0.67/kW-mo small commercial CBC (2026, Value Stack PV)",Phase Two eligibility: on-site DG >750 kW plus remote net metered and community DG of any size; CHP excluded. Phase One (pre-7/26/2018 qualifiers) uses $/kW-yr DRV/LSRV and a Market Transition Credit,VDER Value Stack tariff (PSC Case 15-E-0751),DRV: assigned 4-hour window on summer non-holiday weekdays Jun 24-Sep 15; ICAP Alt 2: 2pm-7pm Jun 24-Aug 31,,"Value Stack credit = LBMP (day-ahead energy) + ICAP capacity (Alt 1 all-hours $/kWh, Alt 2 concentrated 240-245 summer afternoon hrs 2-7pm Jun 24-Aug 31, or Alt 3 $/kW-month coincident-peak - Alt 3 required for dispatchable/paired storage) + Environmental (REC or social cost of carbon $/kWh) + DRV ($/kWh on export in an assigned 4-hr summer weekday window Jun 24-Sep 15) + LSRV ($/kW-event in designated high-value areas until MW cap) + Community Credit for CDG. Values vary hourly and by utility/zone - see utility Value Stack calculator",Yes,NY-Sun; NYSERDA Retail Energy Storage Incentive; utility DR programs,Active,https://www.rge.com/documents/40137/2123533/CDG+Value+Stack+Procedural+Requiremens+with+Manual+Billing.pdf/cd70208b-63a5-c210-cbbd-dd1914157c52?t=1720637584270,2026-09-10,Primary
NYISO,NY,Rochester Gas & Electric Corp (RG&E),IOU,Phase One Net Energy Metering (mass market) with Customer Benefit Contribution,Export-Comp,Residential;SmallC&I,Solar+Storage;Battery,Opt-in,1:1 kWh net metering credit plus a monthly $/kW-DC Customer Benefit Contribution charge,$1.31/kW-mo residential and $0.96/kW-mo small commercial CBC (2026),Available to residential and small commercial (non-demand-billed) PV; CBC applies to systems interconnected on or after 1/1/2022 and is recalculated annually; pre-2022 systems exempt; CBC cannot be netted against production,Net Energy Metering / Customer Benefit Contribution (PSC Case 15-E-0751),,,1:1 retail-rate kWh net metering (mass market PV); monthly CBC charge assessed on DC system size,Yes-restricted,NY-Sun; NYSERDA Retail Energy Storage Incentive,Active,https://www.nyserda.ny.gov/-/media/Project/Nyserda/Files/Programs/NY-Sun/2026-Utility-Published-Customer-Benefit-Contribution-Rates.pdf,2026-09-10,Secondary
NYISO,NY,Central Hudson Gas & Electric Corp,IOU,Value Stack (Value of Distributed Energy Resources / VDER) Tariff,Export-Comp,All,Solar+Storage;Battery;Any,Opt-in,component-based export credit ($/kWh + $/kW) applied as monetary bill credits,"$0.84/kW-mo residential and $1.28/kW-mo small commercial CBC (2026, Value Stack PV)",Phase Two eligibility: on-site DG >750 kW plus remote net metered and community DG of any size; CHP excluded. Phase One (pre-7/26/2018 qualifiers) uses $/kW-yr DRV/LSRV and a Market Transition Credit,VDER Value Stack tariff (PSC Case 15-E-0751),DRV: assigned 4-hour window on summer non-holiday weekdays Jun 24-Sep 15; ICAP Alt 2: 2pm-7pm Jun 24-Aug 31,,"Value Stack credit = LBMP (day-ahead energy) + ICAP capacity (Alt 1 all-hours $/kWh, Alt 2 concentrated 240-245 summer afternoon hrs 2-7pm Jun 24-Aug 31, or Alt 3 $/kW-month coincident-peak - Alt 3 required for dispatchable/paired storage) + Environmental (REC or social cost of carbon $/kWh) + DRV ($/kWh on export in an assigned 4-hr summer weekday window Jun 24-Sep 15) + LSRV ($/kW-event in designated high-value areas until MW cap) + Community Credit for CDG. Values vary hourly and by utility/zone - see utility Value Stack calculator",Yes,NY-Sun; NYSERDA Retail Energy Storage Incentive; utility DR programs,Active,https://www.cenhud.com/en/my-energy/distributed-generation/programs-and-incentives/,2026-09-10,Primary
NYISO,NY,Central Hudson Gas & Electric Corp,IOU,Phase One Net Energy Metering (mass market) with Customer Benefit Contribution,Export-Comp,Residential;SmallC&I,Solar+Storage;Battery,Opt-in,1:1 kWh net metering credit plus a monthly $/kW-DC Customer Benefit Contribution charge,$1.67/kW-mo residential and $1.83/kW-mo small commercial CBC (2026),Available to residential and small commercial (non-demand-billed) PV; CBC applies to systems interconnected on or after 1/1/2022 and is recalculated annually; pre-2022 systems exempt; CBC cannot be netted against production,Net Energy Metering / Customer Benefit Contribution (PSC Case 15-E-0751),,,1:1 retail-rate kWh net metering (mass market PV); monthly CBC charge assessed on DC system size,Yes-restricted,NY-Sun; NYSERDA Retail Energy Storage Incentive,Active,https://www.nyserda.ny.gov/-/media/Project/Nyserda/Files/Programs/NY-Sun/2026-Utility-Published-Customer-Benefit-Contribution-Rates.pdf,2026-09-10,Secondary
NYISO,NY,Long Island Power Authority / PSEG Long Island,Federal/State,Net Energy Metering with Customer Benefit Contribution (mass market),Export-Comp,Residential;SmallC&I,Solar+Storage;Battery,Opt-in,1:1 kWh net metering credit plus monthly $/kW-DC Customer Benefit Contribution charge,$1.13/kW-mo residential and $1.19/kW-mo small commercial CBC (2026),Mass-market LIPA projects cannot opt into the Value Stack (VDER); Value Stack is available to larger and CDG projects under the LIPA tariff,LIPA Tariff for Electric Service - Net Metering / CBC,,,1:1 retail net metering for mass market PV; monthly CBC charge on DC system size; VDER Value Stack not available to mass market,Yes-restricted,NY-Sun; NYSERDA Retail Energy Storage Incentive,Active,https://www.nyserda.ny.gov/-/media/Project/Nyserda/Files/Programs/NY-Sun/2026-Utility-Published-Customer-Benefit-Contribution-Rates.pdf,2026-09-10,Secondary
NYISO,NY,Long Island Power Authority / PSEG Long Island,Federal/State,Value Stack (VDER) Tariff - LIPA,Export-Comp,SmallC&I;LargeC&I,Solar+Storage;Battery;Any,Opt-in,component-based export credit (LBMP + ICAP + Environmental + DRV + LSRV),,LIPA tariff aligned with PSC VDER orders effective Aug 1 2019; mass-market customers are NOT eligible; CDG projects qualifying before 1/1/2020 receive volumetric rather than monetary crediting for mass-market satellites,LIPA Tariff for Electric Service - Value Stack,,,"Value Stack credit = LBMP (day-ahead energy) + ICAP capacity (Alt 1 all-hours $/kWh, Alt 2 concentrated 240-245 summer afternoon hrs 2-7pm Jun 24-Aug 31, or Alt 3 $/kW-month coincident-peak - Alt 3 required for dispatchable/paired storage) + Environmental (REC or social cost of carbon $/kWh) + DRV ($/kWh on export in an assigned 4-hr summer weekday window Jun 24-Sep 15) + LSRV ($/kW-event in designated high-value areas until MW cap) + Community Credit for CDG. Values vary hourly and by utility/zone - see utility Value Stack calculator",Yes,NY-Sun; NYSERDA Retail Energy Storage Incentive,Active,https://www.lipower.org/wp-content/uploads/2024/12/LIPA-Tariff-January-2025.pdf,2026-09-10,Primary
NYISO,NY,Niagara Mohawk Power Corp (National Grid NY),IOU,ConnectedSolutions - Bring Your Own Battery (BYOB),DR-BYOD,Residential;SmallC&I,Battery;Solar+Storage,Opt-in,annual $/kW-yr performance payment on average event discharge,$50/kW-yr based on average kW discharged across all events May 1-Sep 30,"Season May 1-Sep 30; availability window 2-10pm; event duration 3-4 hours; 10-20 events typical, up to 60 allowed; 21 hours advance notice; weekdays or weekends",,Event availability window 2:00pm-10:00pm May-Sep,,Net export during events is credited in the performance calculation; NEM/VDER customers are eligible,Yes,NYSERDA Residential Energy Storage Incentive (enrollment now required); NEM/VDER,Active,https://www.nationalgridus.com/Upstate-NY-Home/ConnectedSolutions/BatteryProgram,2026-09-10,Primary
NYISO,NY,New York State Electric & Gas Corp (NYSEG),IOU,Energy Storage Solutions Program (Bring Your Own Battery),DR-BYOD,Residential;SmallC&I,Battery;Solar+Storage,Opt-in,annual $/kW-yr performance payment on average event discharge,$50/kW-yr based on average kW discharged across all events,Season May 1-Sep 30; availability window 12pm-7pm; event duration up to 4 hours; up to 20 events per season,,Event availability window 12:00pm-7:00pm May-Sep,,Net export during events is credited in the performance calculation; NEM/VDER customers are eligible,Yes,NYSERDA Residential Energy Storage Incentive (enrollment required for applications on/after 3/1/2026); NEM/VDER,Active,https://www.nyserda.ny.gov/-/media/Project/Nyserda/Files/Programs/Energy-Storage/2026-01-22-Utility-DLM-Program-Overview.pdf,2026-09-10,Primary
NYISO,NY,Rochester Gas & Electric Corp (RG&E),IOU,Energy Storage Solutions Program (Bring Your Own Battery),DR-BYOD,Residential;SmallC&I,Battery;Solar+Storage,Opt-in,annual $/kW-yr performance payment on average event discharge,$50/kW-yr based on average kW discharged across all events,Season May 1-Sep 30; availability window 12pm-7pm; event duration up to 4 hours; up to 20 events per season,,Event availability window 12:00pm-7:00pm May-Sep,,Net export during events is credited in the performance calculation; NEM/VDER customers are eligible,Yes,NYSERDA Residential Energy Storage Incentive (enrollment required for applications on/after 3/1/2026); NEM/VDER,Active,https://www.nyserda.ny.gov/-/media/Project/Nyserda/Files/Programs/Energy-Storage/2026-01-22-Utility-DLM-Program-Overview.pdf,2026-09-10,Primary
NYISO,NY,Orange & Rockland Utilities Inc (O&R),IOU,Bring Your Own Battery (BYOB),DR-BYOD,Residential;SmallC&I,Battery;Solar+Storage,Opt-in,annual $/kW-yr performance payment on average event discharge,$50/kW-yr based on average kW discharged across all events,Season May 1-Sep 30; availability window 12pm-11pm; event duration 3-4 hours; up to 15 events per season; tentative go-live Feb 15 2026,,Event availability window 12:00pm-11:00pm May-Sep,,Net export during events is credited in the performance calculation; NEM/VDER customers are eligible,Yes,NYSERDA Residential Energy Storage Incentive; NEM/VDER,Active,https://www.nyserda.ny.gov/-/media/Project/Nyserda/Files/Programs/Energy-Storage/2026-01-22-Utility-DLM-Program-Overview.pdf,2026-09-10,Primary
NYISO,NY,Consolidated Edison Co of New York (Con Edison),IOU,Bring Your Own Battery (BYOB) residential direct load control,DR-BYOD,Residential;SmallC&I,Battery;Solar+Storage,Opt-in,annual $/kW-yr performance payment (design follows Joint Utilities BYOB template),,PSC-directed residential storage direct load control program; NYSERDA reported launch expected later in 2026,,,,,Yes,NYSERDA Residential Energy Storage Incentive,Proposed/pending,https://www.nyserda.ny.gov/-/media/Project/Nyserda/Files/Programs/Energy-Storage/2026-01-22-Utility-DLM-Program-Overview.pdf,2026-09-10,Primary
NYISO,NY,Central Hudson Gas & Electric Corp,IOU,Bring Your Own Battery (BYOB) residential direct load control,DR-BYOD,Residential;SmallC&I,Battery;Solar+Storage,Opt-in,annual $/kW-yr performance payment (design follows Joint Utilities BYOB template),,PSC-directed residential storage direct load control program; NYSERDA reported launch expected later in 2026,,,,,Yes,NYSERDA Residential Energy Storage Incentive,Proposed/pending,https://www.nyserda.ny.gov/-/media/Project/Nyserda/Files/Programs/Energy-Storage/2026-01-22-Utility-DLM-Program-Overview.pdf,2026-09-10,Primary
NYISO,NY,New York State Energy Research and Development Authority (NYSERDA) - statewide,Federal/State,Residential Energy Storage Incentive (market rate),Storage-Incentive,Residential,Battery;Solar+Storage,Opt-in,upfront fixed $/kWh incentive paid through participating contractor; declining MWh block structure by region,,"Up to 25 kWh of storage capacity per home; first-come first-served; block rates vary by region (NYC, Westchester, Rest of State, Long Island) and decline as blocks fill; from 3/1/2026 projects in National Grid, NYSEG and RG&E territory must also enroll in the utility BYOB program (other utilities on rolling dates)",,,,,Yes,Utility Bring Your Own Battery programs; NY-Sun; VDER Value Stack,Active,https://www.nyserda.ny.gov/All-Programs/Energy-Storage-Program/Developers-and-Contractors/Residential-and-Retail-Storage-Incentives/Residential-Dashboard,2026-09-10,Primary
NYISO,NY,New York State Energy Research and Development Authority (NYSERDA) - statewide,Federal/State,Retail Energy Storage Incentive (market rate),Storage-Incentive,SmallC&I;LargeC&I,Battery;Solar+Storage,Opt-in,upfront fixed $/kWh incentive; declining MWh block structure by region,,"New commercial-scale distributed storage up to 5 MW, behind the meter or interconnected to the distribution network; project must provide customer value under an IOU rate (demand-charge offset, utility DR participation, or VDER compensation); block rates vary by region and decline as blocks fill",,,,,Yes,Utility DR programs; VDER Value Stack; NYSERDA Bulk Storage (>5 MW),Active,https://www.nyserda.ny.gov/All-Programs/Energy-Storage-Program/Developers-and-Contractors/Residential-and-Retail-Storage-Incentives/Retail-Incentive-Dashboard,2026-09-10,Primary
NYISO,NY,New York State Energy Research and Development Authority (NYSERDA) - statewide,Federal/State,Residential Inclusive Storage Incentive (ISI),Storage-Incentive,Residential,Battery;Solar+Storage,Opt-in,enriched upfront $/kWh incentive for disadvantaged-community or income-eligible households,$450/kWh for Block 1 ($11.25M for a 10 MW / 25 MWh statewide block),Must meet all market-rate Residential Storage Incentive requirements plus one of: site in a Climate Justice Working Group DAC census tract; owner-occupied household under 80% AMI or SMI; or 1-4 unit affordable housing. 80 MW of the 200 MW residential program allocated to ISI. Long Island (LIPA/PSEG) NOT included,,,,,Yes,Utility Bring Your Own Battery programs; NY-Sun,Active,https://www.nyserda.ny.gov/-/media/Project/Nyserda/Files/Programs/Energy-Storage/FINAL_20251204-ISI-Webinar.pdf,2026-09-10,Primary
NYISO,NY,New York State Energy Research and Development Authority (NYSERDA) - statewide,Federal/State,Retail Inclusive Storage Incentive (ISI),Storage-Incentive,SmallC&I;LargeC&I,Battery;Solar+Storage,Opt-in,enriched upfront $/kWh incentive for DAC-sited critical facilities and affordable housing,$350/kWh for Block 1 ($15.75M for a 15 MW / 45 MWh statewide block),Must meet all market-rate Retail Storage Incentive requirements plus all of: sited in a DAC census tract; behind-the-meter and configured for backup power during outages; at an eligible public/nonprofit critical facility or affordable housing. Minimum 60 MW allocated. CDG and remote-crediting projects ineligible. Long Island (LIPA/PSEG) NOT included,,,,,Yes,Utility DR programs; VDER Value Stack,Active,https://www.nyserda.ny.gov/-/media/Project/Nyserda/Files/Programs/Energy-Storage/FINAL_20251204-ISI-Webinar.pdf,2026-09-10,Primary
NYISO,NY,New York State Energy Research and Development Authority (NYSERDA) - statewide,Federal/State,Long Island Single-Family Residential Storage Incentive,Storage-Incentive,Residential,Battery;Solar+Storage,Opt-in,upfront $/kWh incentive administered under the NY-Sun Program Manual,,Applies to residential storage installed in PSEG Long Island territory; administered separately from the statewide Residential Storage Incentive and governed by the NY-Sun Program Manual; not eligible for the statewide Inclusive Storage Incentive blocks,,,,,Yes,NY-Sun; PSEG Long Island DR programs,Active,https://www.nyserda.ny.gov/All-Programs/Energy-Storage-Program/Developers-and-Contractors/Residential-and-Retail-Storage-Incentives,2026-09-10,Primary
NYISO,NY,New York State Energy Research and Development Authority (NYSERDA) - statewide,Federal/State,NY-Sun Megawatt Block PV Incentive,Storage-Incentive,Residential;SmallC&I;LargeC&I,Solar+Storage,Opt-in,upfront $/W declining megawatt-block incentive paid through participating contractor,,"Block incentive levels ($/W) vary by region (Con Edison, Upstate, Long Island) and by sector, and decline as each megawatt block fills; adders exist for affordable housing and low-to-moderate-income customers",,,,,Yes-restricted,NYSERDA Residential/Retail Storage Incentive; VDER Value Stack; net metering,Active,https://www.nyserda.ny.gov/All-Programs/NY-Sun/Contractors/Dashboards,2026-09-10,Primary
NYISO,NY,Niagara Mohawk Power Corp (National Grid NY),IOU,Commercial System Relief Program (CSRP),DR-Curtailment,SmallC&I;LargeC&I,GeneralLoad;Battery;Generator;Thermostat/AC,Opt-in,$/kW-month reservation payment + $/kWh performance payment (or voluntary $/kWh only),Reservation Payment Option: $2.75/kW-month + $0.18/kWh performance for planned events. Voluntary Payment Option: $0.16/kWh planned event and $0.19/kWh unplanned event,"Capability period May 1-Sep 30; weekdays only, no weekends or holidays; planned events get at least 21 hours notice; unplanned events are voluntary; 1-hour test events called in the 3pm-7pm historic peak window; enroll by Apr 1 (May 1 start) or May 1 (Jun 1 start); direct enrollment requires 50 kW curtailment else use a CSP",Rule 62 - CSRP,Contracted call hours May-Sep weekdays; test window 3pm-7pm,,"Eligible SC 1, 1C, 2, 3, 3A, 4, 7 or 12; communicating billing interval meter required; dual participation with NYISO DR allowed but overlapping-event performance payments may be limited",Yes,Distribution Load Relief Program (DLRP); NYISO DR programs,Active,https://www.nationalgridus.com/Upstate-NY-Business/Demand-Response/Electric-Demand-Response,2026-09-10,Primary
NYISO,NY,Niagara Mohawk Power Corp (National Grid NY),IOU,Distribution Load Relief Program (DLRP),DR-Curtailment,SmallC&I;LargeC&I,GeneralLoad;Battery;Generator,Opt-in,$/kW-month reservation payment + $/kWh performance payment (or voluntary $/kWh only),Reservation Payment Option: $5.00/kW-month + $0.18/kWh performance. Voluntary Payment Option: $0.16/kWh performance for planned events,Capability period May 1-Sep 30; eligibility and participation rate determined with a Curtailment Service Provider,,May-Sep capability period,,"Eligible SC 1, 1C, 2, 3, 3A, 4, 7 or 12; communicating billing interval meter required; dual participation with NYISO DR allowed but overlapping-event performance payments may be limited",Yes,Commercial System Relief Program (CSRP); NYISO DR programs,Active,https://www.nationalgridus.com/Upstate-NY-Business/Demand-Response/Electric-Demand-Response,2026-09-10,Primary
NYISO,NY,Niagara Mohawk Power Corp (National Grid NY),IOU,Term Dynamic Load Management (Term-DLM),DR-Curtailment,SmallC&I;LargeC&I,GeneralLoad;Battery;Generator,Opt-in,competitive-bid $/kW reservation or $/kWh load-reduction payment,Load reduction option $0.10/kWh during events; reservation option set by bid acceptance and may exceed $20/kW,"Capability period May 1-Sep 30; weekdays only, no weekends or holidays; at least 21 hours notice for planned events; bids submitted through a CSP by the annual RFP deadline",,Contracted call window May-Sep weekdays,,"Eligible SC 1, 1C, 2, 3, 3A, 4, 7 or 12; communicating billing interval meter required; dual participation with NYISO DR allowed but overlapping-event performance payments may be limited",Yes,CSRP; DLRP; NYISO DR programs,Active,https://www.nationalgridus.com/Upstate-NY-Business/RFP/Term-DLM-and-Auto-DLM-Program-Request-for-Proposals,2026-09-10,Primary
NYISO,NY,Niagara Mohawk Power Corp (National Grid NY),IOU,Auto Dynamic Load Management (Auto-DLM),DR-Curtailment,SmallC&I;LargeC&I,GeneralLoad;Battery;Generator,Opt-in,competitive-bid $/kW reservation or $/kWh load-reduction payment,Load reduction option $0.10/kWh during events; reservation option set by bid acceptance and may exceed $20/kW,Capability period May 1-Sep 30; events called 7 days a week including holidays; may be given less than 21 hours notice; must curtail during the call window specified in the RFP,,"Call window specified in participant RFP; May-Sep, 7 days/week",,"Eligible SC 1, 1C, 2, 3, 3A, 4, 7 or 12; communicating billing interval meter required; dual participation with NYISO DR allowed but overlapping-event performance payments may be limited",Yes,CSRP; DLRP; NYISO DR programs,Active,https://www.nationalgridus.com/Upstate-NY-Business/RFP/Term-DLM-and-Auto-DLM-Program-Request-for-Proposals,2026-09-10,Primary
NYISO,NY,Niagara Mohawk Power Corp (National Grid NY),IOU,Voluntary Time-of-Use Rate (SC-1 VTOU),EV-Rate,Residential,EV/EVSE;GeneralLoad;Battery,Opt-in,three-period TOU rate with EV bill-protection credit,Basic service charge $17.33/mo plus $3.11/mo incremental metering charge (waived for customers with proof of an EV as of 4/1/19); rates published in the SC-1 VTOU tariff. EV drivers taking National Grid supply get a one-time credit if 12 months on VTOU would have cost less on standard SC-1,1-year minimum term; annual election to stay or return to SC-1; TOU meter required; bill-comparison credit requires NY vehicle registration on file and National Grid (not ESCo) supply,SC-1 VTOU,"Delivery on-peak 7am-11pm, off-peak 11pm-7am; commodity super-peak 2pm-6pm Jun-Aug excluding weekends and holidays",,,Yes-restricted,Net metering / VDER; ConnectedSolutions BYOB,Active,https://www.nationalgridus.com/Upstate-NY-Home/Voluntary-Time-of-Use-Rate/Voluntary-Time-of-Use-Rate,2026-09-10,Primary
NYISO,NY,Niagara Mohawk Power Corp (National Grid NY),IOU,Optional Large Time-of-Use Rate (SC-1C),TOU-Rate,Residential,GeneralLoad;Battery;EV/EVSE,Opt-in,optional TOU rate; single delivery charge for all kWh with three seasonal commodity periods,Basic service charge $30.62/mo; commodity rates change monthly,"Originally a mandatory TOU rate for large residential and farm customers, since made optional; 1-year minimum term; TOU meter required; generally beneficial above ~2,500 kWh/month with ~80% of use shifted off-peak",SC-1C,Three commodity time periods with seasonal distinctions; one delivery charge for all kWh,,,Yes-restricted,Net metering / VDER; ConnectedSolutions BYOB,Active,https://www.nationalgridus.com/Upstate-NY-Home/Voluntary-Time-of-Use-Rate/Voluntary-Time-of-Use-Rate,2026-09-10,Primary
NYISO,NY,Orange & Rockland Utilities Inc (O&R),IOU,Commercial System Relief Program (CSRP),DR-Curtailment,SmallC&I;LargeC&I,GeneralLoad;Battery;Generator;Thermostat/AC,Opt-in,$/kW-month reservation payment + $/kWh performance payment (or voluntary $/kWh only),Reservation Payment Option: $3/kW-month + $0.50/kWh performance. Voluntary Participation Option: $1.00/kWh performance only,Capability period May 1-Sep 30; 21 hours notification before event; must sustain reduction at least 4 hours during non-test events; Reservation option requires one 1-hour test event per year; reduction measured against Customer Baseline Load,Commercial System Relief Program (CSRP),Load relief events called May 1-Sep 30,,,Yes,Distribution Load Relief Program (DLRP); NYISO DR programs,Active,https://www.oru.com/en/save-money/rebates-incentives-credits/new-york-customers/incentives-for-business-customers-ny/demand-response-incentives/demand-response-incentives-payment-options,2026-09-10,Primary
NYISO,NY,Orange & Rockland Utilities Inc (O&R),IOU,Distribution Load Relief Program (DLRP),DR-Curtailment,SmallC&I;LargeC&I,GeneralLoad;Battery;Generator,Opt-in,$/kW-month reservation payment (tiered by area) + $/kWh performance payment (or voluntary $/kWh only),"Reservation Payment Option: Tier 1 areas $3/kW-month, Tier 2 areas $5/kW-month, plus $0.50/kWh performance. Voluntary Participation Option: $1.00/kWh performance only",Capability period May 1-Sep 30; 2 hours or less notification before event; must sustain reduction at least 4 hours during non-test events; Reservation option requires one 1-hour test event per year,Distribution Load Relief Program (DLRP),Load relief events called May 1-Sep 30,,Tier 2 (higher-value) zip codes: 10926 10930 10950 10928 10918 10990 10952 10954 10977 10913 10960 10962 10964 10976 10983 10901 10927 10956 10970 10980 10993,Yes,Commercial System Relief Program (CSRP); NYISO DR programs,Active,https://www.oru.com/en/save-money/rebates-incentives-credits/new-york-customers/incentives-for-business-customers-ny/demand-response-incentives/demand-response-incentives-payment-options,2026-09-10,Primary
NYISO,NY,New York State Electric & Gas Corp (NYSEG),IOU,Commercial System Relief Program (CSRP),DR-Curtailment,SmallC&I;LargeC&I,GeneralLoad;Battery;Generator;Thermostat/AC,Opt-in,$/kW-month reservation payment + $/kWh performance payment (or voluntary $/kWh only),"Reservation Payment Option: $4.10/kW-month in months with 4 or fewer planned events, $4.35/kW-month in months with 5 or more planned events; performance $0.50/kWh. Voluntary Participation Option: $0.50/kWh performance only",Capability period May 1-Sep 30; weekdays only; events begin at 2 p.m. and require at least 4 hours of reduction; Reservation option may require a 1-hour test event; performance factor above 25% required to earn reservation payments; enroll by Apr 1 (May 1 start) or May 1 (Jun 1 start); Voluntary enrollment open through Sep 30,CSRP tariff (NYSEG PSC No. 120 - Electricity),Events begin 2:00pm weekdays May-Sep; minimum 4-hour duration,,,Yes,Distribution Load Relief Program (DLRP); Term-DLM/Auto-DLM; NYISO DR programs,Active,https://www.nyseg.com/smartenergy/businesssolutions/cidemandresponse/commercial-system-relief-program,2026-09-10,Primary
NYISO,NY,Rochester Gas & Electric Corp (RG&E),IOU,Commercial System Relief Program (CSRP),DR-Curtailment,SmallC&I;LargeC&I,GeneralLoad;Battery;Generator;Thermostat/AC,Opt-in,$/kW-month reservation payment + $/kWh performance payment (or voluntary $/kWh only),"Reservation Payment Option: $4.25/kW-month in months with 4 or fewer planned events, $4.50/kW-month in months with 5 or more planned events; performance $0.50/kWh. Voluntary Participation Option: $0.50/kWh performance only",Capability period May 1-Sep 30; weekdays only; events begin at 2 p.m. and require at least 4 hours of reduction; Reservation option may require a 1-hour test event; performance factor above 25% required to earn reservation payments; enroll by Apr 1 (May 1 start) or May 1 (Jun 1 start); Voluntary enrollment open through Sep 30,CSRP tariff (RG&E PSC No. 19 - Electricity),Events begin 2:00pm weekdays May-Sep; minimum 4-hour duration,,,Yes,Distribution Load Relief Program (DLRP); Term-DLM/Auto-DLM; NYISO DR programs,Active,https://www.rge.com/smartenergy/businesssolutions/cidr/commercial-system-relief-program,2026-09-10,Primary
NYISO,NY,New York State Electric & Gas Corp (NYSEG),IOU,Distribution Load Relief Program (DLRP),DR-Curtailment,SmallC&I;LargeC&I,GeneralLoad;Battery;Generator,Opt-in,$/kW-month reservation payment + $/kWh performance payment; reservation rate currently set to zero,"Reservation payment level set at $0.00 per kW-month; the company reported it intends to hold the DLRP incentive at $0.00/kW-month indefinitely until a distribution need arises, and there were no 2025 enrollments",Tariff program remains on the books but is effectively dormant while the reservation rate is $0.00,DLRP tariff (NYSEG PSC No. 120 - Electricity),May 1-Sep 30 capability period,,,Yes,Commercial System Relief Program (CSRP); NYISO DR programs,Active,https://documents.dps.ny.gov/public/Common/ViewDoc.aspx?DocRefId=%7BC0746D9D-0000-CE30-88AD-5786AA5DCD01%7D&DocTitle=2026-04-08+NYSEG-RGE+Demand+Response+Annual+Report+Updated+REDACTED+(14-E-0423+et.+al.),2026-09-10,Secondary
NYISO,NY,Rochester Gas & Electric Corp (RG&E),IOU,Distribution Load Relief Program (DLRP),DR-Curtailment,SmallC&I;LargeC&I,GeneralLoad;Battery;Generator,Opt-in,$/kW-month reservation payment + $/kWh performance payment; reservation rate currently set to zero,"Reservation payment level set at $0.00 per kW-month; the company reported it intends to hold the DLRP incentive at $0.00/kW-month indefinitely until a distribution need arises, and there were no 2025 enrollments",Tariff program remains on the books but is effectively dormant while the reservation rate is $0.00,DLRP tariff (RG&E PSC No. 19 - Electricity),May 1-Sep 30 capability period,,,Yes,Commercial System Relief Program (CSRP); NYISO DR programs,Active,https://documents.dps.ny.gov/public/Common/ViewDoc.aspx?DocRefId=%7BC0746D9D-0000-CE30-88AD-5786AA5DCD01%7D&DocTitle=2026-04-08+NYSEG-RGE+Demand+Response+Annual+Report+Updated+REDACTED+(14-E-0423+et.+al.),2026-09-10,Secondary
NYISO,NY,Central Hudson Gas & Electric Corp,IOU,Commercial System Relief Program (CSRP),DR-Curtailment,SmallC&I;LargeC&I,GeneralLoad;Battery;Generator;Thermostat/AC,Opt-in,$/kW-month reservation payment + $/kWh performance payment (or voluntary $/kWh only),"Reservation Payment Option: $1.23/kW-month, rising to $1.54/kW-month from the month of the 5th event through September if 5 or more events are called; performance $0.11/kWh planned events and $0.21/kWh unplanned events. Voluntary Payment Option: no reservation payment, $0.11/kWh planned and $0.35/kWh unplanned",Capability period Jun 1-Sep 30; events Monday-Friday between 12:00am and 8:00pm; at least 21 hours notice for planned events; reduction sustained up to 4 hours; Reservation option requires one 1-hour test event per year on a non-holiday weekday; communicating interval meter required; TDR participants are not eligible for CSRP,CSRP tariff (Central Hudson PSC No. 15 - Electricity),Events called weekdays 12:00am-8:00pm Jun-Sep,,,Yes,NYISO DR programs; not stackable with Targeted Demand Response (TDR),Active,https://www.cenhud.com/globalassets/pdf/save-energy/csrp-tariff-2025.pdf,2026-09-10,Primary
NYISO,NY,Central Hudson Gas & Electric Corp,IOU,Targeted Demand Response (TDR) Program,DR-Curtailment,SmallC&I;LargeC&I,GeneralLoad;Battery;Generator,Opt-in,$/kW-month payment for committed load reduction in constrained areas,$6.82 per kW of load reduction per month of participation (June through September),Available only to commercial and industrial customers located in specific energy-constrained program areas; interval metering required; TDR participants may not also participate in CSRP,Targeted Demand Response (Central Hudson Peak Perks),Jun-Sep participation months,,,Yes,NYISO DR programs; not stackable with CSRP,Active,https://cenhudpeakperks.com/targeted-demand-response/,2026-09-10,Primary
NYISO,NY,Long Island Power Authority / PSEG Long Island,Federal/State,System Peak Relief Program (Commercial System Relief Program / Distribution Load Relief Program),DR-Curtailment,Residential;SmallC&I;LargeC&I,GeneralLoad;Battery;Generator,Opt-in,$/kW reservation payment + $/kWh performance payment; rates derived from PSEG Long Island Marginal Cost of Service (MCOS) Study,,"Program period May 1-Sep 30; aggregators notified at least 21 hours ahead and again 2 hours before the event; typical event about 4 hours; direct enrollment requires a minimum 50 kW pledge, otherwise enroll through an approved aggregator; AMI meter provided at no cost; existing on-site generation may be used if it complies with the CSRP tariff",LIPA Tariff for Electric Service - System Peak Relief (CSRP/DLRP),Events called May 1-Sep 30 on forecast peak days,,,Yes,Battery Storage Rewards; NYISO DR programs,Active,https://www.psegliny.com/saveenergyandmoney/greenenergy/peakload/csrp/faq,2026-09-10,Primary
NYISO,NY,Long Island Power Authority / PSEG Long Island,Federal/State,Smart Savers Thermostat Program,DR-BYOT,Residential,Thermostat/AC,Opt-in,upfront enrollment incentive + annual retention incentive,$85 for installing/enrolling a qualifying smart thermostat plus $25 in each following year of participation,Events called on forecast peak summer days; enrolled homes are pre-cooled 3 degrees for 30 minutes then thermostat setpoint raised 4 degrees during the peak period; customers may opt out of any individual adjustment from thermostat app or device; requires central air conditioning and an approved internet-connected thermostat,,Summer peak-demand hours,,,No,Battery Storage Rewards; net metering,Active,https://www.psegliny.com/en/Newsroom/2025/070226-SmartSavers,2026-09-10,Primary
NYISO,NY,Long Island Power Authority / PSEG Long Island,Federal/State,Battery Storage Rewards Program,DR-BYOD,Residential;SmallC&I,Battery;Solar+Storage,Opt-in,annual performance payment paid through a third-party aggregator; payment terms set by the aggregator,,"Event season May 1-Sep 30; fewer than 10 events per summer; each event a maximum of 4 hours; aggregators notified a day ahead with at least 21 hours notice; enrollment only through an approved aggregator, which remotely discharges the battery; opting out of an event reduces payment",LIPA Tariff for Electric Service - Battery Storage Rewards,Event window May 1-Sep 30 on forecast near-peak days,,,Yes,NY-Sun / NYSERDA Long Island storage incentive; net metering,Active,https://www.psegliny.com/saveenergyandmoney/GreenEnergy/SolarEnergy/EnergyStorageRewards,2026-09-10,Primary
NYISO,NY,Orange & Rockland Utilities Inc (O&R),IOU,Residential Time-of-Use Rate,TOU-Rate,Residential,GeneralLoad;Battery;EV/EVSE;Thermostat/AC,Opt-in,three-period seasonal TOU delivery rate,"Jun-Sep: peak 44.651 cents/kWh (12pm-7pm Mon-Fri except holidays), shoulder peak 15.976 cents/kWh (10am-12pm and 7pm-9pm), off-peak 2.876 cents/kWh (9pm-10am). Oct-May: peak 15.976 cents/kWh (10am-9pm Mon-Fri except holidays), off-peak 2.876 cents/kWh. Monthly service charge $29",Minimum 1 year on the rate before switching back to standard service; TOU meter installed by the company; holidays excluded are New Year's Day Memorial Day Independence Day Labor Day Thanksgiving and Christmas; a customer who annually registers a plug-in vehicle is assessed the SC No. 1 customer charge instead of the $29 TOU charge,Residential Time-of-Use (Service Classification No. 1),Jun-Sep peak 12pm-7pm Mon-Fri; shoulder 10am-12pm and 7pm-9pm; off-peak 9pm-10am. Oct-May peak 10am-9pm Mon-Fri; off-peak 9pm-10am,on 44.651c / shoulder 15.976c / off 2.876c per kWh delivery (Jun-Sep); on 15.976c / off 2.876c (Oct-May),,Yes,SmartCharge New York; Value Stack / net metering,Active,https://www.oru.com/en/accounts-billing/your-bill/time-of-use,2026-09-10,Primary
NYISO,NY,Orange & Rockland Utilities Inc (O&R),IOU,SmartCharge New York (EV Charging Rewards),EV-Rate,Residential;SmallC&I,EV/EVSE,Opt-in,$/kWh off-peak charging incentive + monthly summer peak-avoidance credit + enrollment bonus,$0.07/kWh for off-peak charging midnight-8am every day year-round; $35 per month for avoiding charging weekdays 2pm-6pm Jun 1-Sep 30; one-time $25 bonus per vehicle or charging station after 3 months of charging in the O&R service area,Charging data collected automatically from vehicle telematics or a smart charging station; earnings viewable in the SmartCharge app and web dashboard,,Off-peak midnight-8am daily; summer peak weekdays 2pm-6pm Jun-Sep,,,No,Residential Time-of-Use Rate,Active,https://www.oru.com/en/our-energy-future/electric-vehicles/new-york/electric-vehicle-charging-rewards,2026-09-10,Primary
NYISO,NY,Orange & Rockland Utilities Inc (O&R),IOU,Standby Service and Standby Service Rates (Service Classification No. 25),Demand-Charge,SmallC&I;LargeC&I,Battery;Solar+Storage;Generator,Default,contract demand $/kW-month + as-used daily demand charges,,"Applies to sales and delivery of power to customers with on-site generation, including delivery of supply from an ESCO under the Retail Access Program or from NYPA; rate detail is in the Standby Service and Standby Service Rates leaves of the O&R electric tariff; electing a standby rate moves the customer to Value Stack crediting and ends Phase One net metering eligibility",Service Classification No. 25 - Standby Service,,,Electing standby service moves the customer from Phase One net metering to the VDER Value Stack,Yes,Value Stack (VDER); CSRP; DLRP,Active,https://www.oru.com/en/save-money/using-private-generation-energy-sources/private-generation-tariffs,2026-09-10,Primary
NYISO,NY,New York State Electric & Gas Corp (NYSEG),IOU,Time-of-Use Service Class (SC-12),TOU-Rate,Residential,GeneralLoad;Battery;EV/EVSE;HeatPump;SpaceHeat,Opt-in,three-period TOU supply price with a flat TOU delivery rate,"TOU delivery rate $30 per month plus $0.07011 per kWh (standard residential SC-1 delivery is $19 per month plus $0.09138 per kWh); supply is billed at peak/mid-peak/off-peak market prices with no markup. West service area 12-month average supply: peak $0.16/kWh, mid-peak $0.11/kWh, off-peak $0.09/kWh vs standard $0.11/kWh","Requires at least 35,000 kWh per year of consumption; 12-month minimum term; smart/interval meter required; peak pricing periods apply only in January February June July August and December (no peak periods in spring or fall)",Service Classification No. 12 (Residential Time-of-Use) - NYSEG PSC No. 120 Electricity,Summer (Jun-Aug) peak weekdays 7am-10am and 6pm-11:30pm; mid-peak and off-peak fill the remaining hours; no peak period Mar-May or Sep-Nov,12-mo avg supply: peak 16c / mid-peak 11c / off-peak 9c per kWh; TOU delivery adder 7.011c per kWh,,Yes,Energy Storage Solutions Program (BYOB); Value Stack / net metering,Active,https://www.nyseg.com/account/understandyourbill/electricpricing/time-of-use-service-rate,2026-09-10,Primary
NYISO,NY,New York State Electric & Gas Corp (NYSEG),IOU,Standby Service (Service Classification No. 11),Demand-Charge,SmallC&I;LargeC&I,Battery;Solar+Storage;Generator,Default,contract demand $/kW-month + as-used daily demand charges,,Applies to customers with on-site generation or storage; NYSEG may exempt up to 250 non-NEM-eligible customers from standby rates under the PSC standby-rate exemption framework; rate detail is in the NYSEG electric tariff leaves and is not published on the customer-facing site,Service Classification No. 11 - Standby Service (NYSEG PSC No. 120 - Electricity),,,,Yes,Value Stack (VDER); CSRP,Active,https://documents.dps.ny.gov/public/Common/ViewDoc.aspx?DocRefId=%7B6D5D4D48-AC64-4CF9-9C0C-54C67295B62A%7D,2026-09-10,Secondary
NYISO,NY,Rochester Gas & Electric Corp (RG&E),IOU,Standby Delivery Service (Service Classification No. 14),Demand-Charge,SmallC&I;LargeC&I,Battery;Solar+Storage;Generator,Default,contract demand $/kW-month + as-used daily demand charges,,Applies to customers with on-site generation or storage; RG&E may exempt up to 150 non-NEM-eligible customers from standby rates under the PSC standby-rate exemption framework; rate detail is in the RG&E electric tariff leaves and is not published on the customer-facing site,Service Classification No. 14 - Standby Delivery Service (RG&E PSC No. 19 - Electricity),,,,Yes,Value Stack (VDER); CSRP,Active,https://documents.dps.ny.gov/public/Common/ViewDoc.aspx?DocRefId=%7B6D5D4D48-AC64-4CF9-9C0C-54C67295B62A%7D,2026-09-10,Secondary
NYISO,NY,Central Hudson Gas & Electric Corp,IOU,Peak Perks My Thermostat Rewards (Bring Your Own Thermostat),DR-BYOT,Residential,Thermostat/AC,Opt-in,upfront enrollment reward + annual participation reward,$100 enrollment reward per eligible smart thermostat plus a $50 annual reward credited to the account for full summer season participation,"Open to Central Hudson residential customers, with priority in targeted areas with distribution constraints; participants must remain enrolled 12 months or part of the enrollment reward is reversed; during a conservation event the compressor runs about half the time it ran in the hour before the event; two opt-outs allowed per program season",Peak Perks (Central Hudson residential demand response),Summer conservation event hours,,,No,Peak Perks Custom Savings; net metering / Value Stack,Active,https://cenhudpeakperks.com/smart-thermostat/,2026-09-10,Primary
NYISO,NY,New York State Electric & Gas Corp (NYSEG),IOU,Smart Savings Rewards Thermostat Program,DR-BYOT,Residential;SmallC&I,Thermostat/AC,Opt-in,upfront enrollment gift card + end-of-season bill credit,$70 e-gift card on enrollment plus a $20 bill credit at the end of the season for participating in temperature adjustments (requires participating in at least one full event),"Season May 1-Sep 30 on the highest summer demand days, excluding holidays; events typically last 1-4 hours; participation is voluntary and a customer can opt out of any adjustment at the thermostat; requires an eligible connected smart thermostat controlling central air conditioning; 27 eligible models across Nest Honeywell Alarm.com Vivint Sensi ecobee Radio Thermostat and Lux",,Event window May 1-Sep 30 on peak summer days,,,No,Energy Storage Solutions Program (BYOB); Time-of-Use service class,Active,https://www.nyseg.com/smartenergy/rebatesandprograms/smartsavingsrewards,2026-09-10,Primary
NYISO,NY,Rochester Gas & Electric Corp (RG&E),IOU,Smart Savings Rewards Thermostat Program,DR-BYOT,Residential;SmallC&I,Thermostat/AC,Opt-in,upfront enrollment gift card + end-of-season bill credit,$70 e-gift card on enrollment plus a $20 bill credit at the end of the season for participating in temperature adjustments (requires participating in at least one full event),"Season May 1-Sep 30 on the highest summer demand days, excluding holidays; events typically last 1-4 hours; participation is voluntary and a customer can opt out of any adjustment at the thermostat; requires an eligible connected smart thermostat controlling central air conditioning",,Event window May 1-Sep 30 on peak summer days,,,No,Energy Storage Solutions Program (BYOB); Time-of-Use service class (SC-4),Active,https://www.rge.com/smartenergy/rebatesandprograms/smartsavingsrewards,2026-09-10,Primary
NYISO,NY,Rochester Gas & Electric Corp (RG&E),IOU,Time-of-Use Service Class (SC-4),TOU-Rate,Residential,GeneralLoad;Battery;EV/EVSE;HeatPump,Opt-in,two-period TOU supply price with a flat delivery charge across all hours,,"Peak hours are Monday-Friday 7am-9pm; all remaining hours are off-peak; customers using 24,750 kWh or less per year are placed on TOU Schedule I and customers above 24,750 kWh per year on TOU Schedule II; the delivery charge is the same in all hours so the TOU differential is in the supply price",Service Classification No. 4 - Residential Time-of-Use (RG&E PSC No. 19 - Electricity),Peak Mon-Fri 7am-9pm; off-peak all remaining hours,,,Yes,Energy Storage Solutions Program (BYOB); Value Stack / net metering,Active,https://www.rge.com/account/understandyourbill/pricing/time-of-use-rates,2026-09-10,Primary
NYISO,NY,New York State Electric & Gas Corp (NYSEG),IOU,Hourly Pricing (Commercial),RTP-Rate,LargeC&I,GeneralLoad;Battery;Generator,Default,hourly energy price indexed to the NYISO day-ahead LBMP,,"Mandatory for customers with billed demand at or above 300 kW in any two months of the qualifying 12-month period (effective Jan 1 2010), including customers with an economic-development incentive or NYPA allocation on or after Jan 1 2007; NYSEG-supplied accounts default to the Variable Price with NYSEG Hourly Day-Ahead Market Pricing Option; price derived from the day-ahead NYISO LBMP for the customer's region (East or West of the NYISO Total East Interface), weighted by service-classification load profile for the calendar month and day type",Hourly Pricing (NYSEG PSC No. 120 - Electricity),Hourly - price varies every hour of every day,Hourly day-ahead NYISO LBMP plus applicable delivery and adjustment charges,,Yes,Commercial System Relief Program (CSRP); Value Stack (VDER),Active,https://www.nyseg.com/smartenergy/understandyourusage/hourlypricingcommercial,2026-09-10,Primary
NYISO,NY,Rochester Gas & Electric Corp (RG&E),IOU,Hourly Pricing (Commercial),RTP-Rate,LargeC&I,GeneralLoad;Battery;Generator,Default,hourly energy price indexed to the NYISO day-ahead LBMP,,"Mandatory hourly pricing applies to larger demand-billed commercial and industrial accounts; price is derived from the day-ahead NYISO Locational Based Marginal Price for the customer's region, weighted by service-classification load profile for the calendar month and day type",Hourly Pricing (RG&E PSC No. 19 - Electricity),Hourly - price varies every hour of every day,Hourly day-ahead NYISO LBMP plus applicable delivery and adjustment charges,,Yes,Commercial System Relief Program (CSRP); Value Stack (VDER),Active,https://www.rge.com/smartenergy/understandyourusage/hourly-pricing,2026-09-10,Primary
NYISO,NY,Orange & Rockland Utilities Inc (O&R),IOU,Hourly Energy Pricing for Businesses,RTP-Rate,LargeC&I,GeneralLoad;Battery;Generator,Default,hourly market-indexed energy price for larger business accounts,,Business customers above the applicable demand threshold have their electric supply priced hourly rather than on a monthly average; O&R also publishes a Real-Time Pricing calculator for customers evaluating the rate,Hourly Energy Pricing / Real-Time Pricing,Hourly - price varies every hour of every day,Hourly market-indexed supply price plus applicable delivery charges,,Yes,CSRP; DLRP; Value Stack (VDER),Active,https://www.oru.com/en/accounts-billing/your-bill/hourly-energy-pricing-for-businesses,2026-09-10,Primary
NYISO,NY,New York State Electric & Gas Corp (NYSEG),IOU,OptimizEV Residential Managed Charging Program,EV-Rate,Residential,EV/EVSE,Opt-in,one-time enrollment incentive + monthly off-peak charging rewards paid quarterly,$25 one-time enrollment incentive for activating the charger; monthly rewards are earned when 80% or more of total home EV charging occurs off-peak and increase with additional off-peak charging; the per-kWh reward value is not published on the program page,Requires an EV owned or leased by the customer and a Level 2 home charger; off-peak charging window 11:30pm-7:00am EST and 12:30am-8:00am EDT; accumulated monthly rewards are paid quarterly in the month following the quarter end,OptimizEV (residential managed charging),Off-peak charging window 11:30pm-7:00am EST / 12:30am-8:00am EDT,,,No,Time-of-Use service class (SC-12); Smart Savings Rewards,Active,https://www.nyseg.com/documents/40132/72042565/Final+NEVC005+NYSEG+OptimizEV+Residential+EV+MC+Program+FAQs.7.11.23.pdf/faae8ac1-639a-0182-ee20-d243d750ee9c?t=1689097614001,2026-09-10,Primary
NYISO,NY,Rochester Gas & Electric Corp (RG&E),IOU,OptimizEV Residential Managed Charging Program,EV-Rate,Residential,EV/EVSE,Opt-in,one-time enrollment incentive + monthly off-peak charging rewards paid quarterly,$25 one-time enrollment incentive for activating the charger; monthly rewards are earned when 80% or more of total home EV charging occurs off-peak and increase with additional off-peak charging; the per-kWh reward value is not published on the program page,Requires an EV owned or leased by the customer and a Level 2 home charger; accumulated monthly rewards are paid quarterly in the month following the quarter end,OptimizEV (residential managed charging),Overnight off-peak charging window,,,No,Time-of-Use service class (SC-4); Smart Savings Rewards,Active,https://www.rge.com/documents/40137/72049582/Final+REVC005+RGE+OptimizEv+Residential+EV+MC+Program+FAQs.7.11.23.pdf/e45fc4b3-fb1f-d4c8-fe1a-e70873891ce0?t=1689098326178,2026-09-10,Primary
NYISO,NY,Central Hudson Gas & Electric Corp,IOU,Electric Vehicle Whole Home Time of Use Rate,EV-Rate,Residential,EV/EVSE;GeneralLoad;Battery,Opt-in,two-period whole-home TOU rate with first-year bill protection,,"Optional billing method for residential customers who own an electric vehicle; whole-home usage is billed on the TOU rate, not just the charger; approximately 83% of usage must be shifted off-peak to save versus standard rates; first-year bill protection compares annual usage against standard rates and refunds the difference by check if standard would have been cheaper",Electric Vehicle Whole Home Time of Use Rate (Central Hudson PSC No. 15 - Electricity),"On-peak Mon-Fri 2:00pm-7:00pm; all weekends and six major holidays (New Year's Day, Memorial Day, July 4th, Labor Day, Thanksgiving, Christmas) are off-peak",,,Yes,Peak Perks; Value Stack / net metering,Active,https://www.cenhud.com/en/my-energy/my-energy-options/time-of-use-billing/ev-time-of-use-rate/,2026-09-10,Primary
NYISO,NY,Central Hudson Gas & Electric Corp,IOU,Legacy Time-of-Use Billing,TOU-Rate,Residential,GeneralLoad;Battery;EV/EVSE,Closed to new,two-period TOU rate with a customer-selected on-peak window,,"Applies only to customers enrolled before Dec 1 2017; not accepting new applications; participants chose one of three weekday on-peak windows: 8am-8pm, 9am-9pm, or 10am-10pm; all weekends and six major holidays are off-peak; new enrollees are directed to the current Time-of-Use Service offering effective Dec 1 2017",Legacy Time-of-Use Billing (Central Hudson PSC No. 15 - Electricity),"Customer-selected weekday on-peak window of 8am-8pm, 9am-9pm or 10am-10pm; weekends and six major holidays off-peak",,,Yes,Peak Perks; Value Stack / net metering,Closed to new enrollment,https://www.cenhud.com/en/my-energy/my-energy-options/time-of-use-billing/legacy-time-of-use-billing/,2026-09-10,Primary
NYISO,NY,Central Hudson Gas & Electric Corp,IOU,Time-of-Use Service (customers enrolled Dec 1 2017 or after),TOU-Rate,Residential;SmallC&I,GeneralLoad;Battery;EV/EVSE,Opt-in,two-period TOU rate for customers enrolling on or after Dec 1 2017,,Current voluntary TOU offering replacing Legacy Time-of-Use Billing; enrollment is by application form; weekends and six major holidays are off-peak,Time-of-Use Service (Central Hudson PSC No. 15 - Electricity),,,,Yes,Peak Perks; Value Stack / net metering,Active,https://www.cenhud.com/globalassets/pdf/forms/tou-application.pdf,2026-09-10,Primary
NYISO,NY,Long Island Power Authority / PSEG Long Island,Federal/State,Time-of-Day Off-Peak Rate (standard residential TOD rate),TOU-Rate,Residential,GeneralLoad;Battery;EV/EVSE;Thermostat/AC,Default,seasonal two-period time-of-day rate replacing the Rate 180 flat rate,,"Peak hours are weekdays 3:00pm-7:00pm; all other hours are off-peak; nights, weekends and federal holidays are always off-peak; rates differ between summer and non-summer seasons; PSEG Long Island began migrating residential accounts off the Rate 180 flat rate to this TOD rate in 2024 (with exceptions); Guaranteed Bill Protection closed to new enrollees, customers starting service, or customers voluntarily selecting a TOD rate as of January 2026, but continues up to 12 months for accounts that started a TOD rate before January 2026",LIPA Tariff for Electric Service - Time-of-Day Off-Peak Rate,Peak weekdays 3:00pm-7:00pm; all other hours off-peak; nights weekends and federal holidays always off-peak,,,Yes,Battery Storage Rewards; Smart Savers; net metering / TOD Net Meter Bank Exchange,Active,https://www.psegliny.com/timeofday,2026-09-10,Primary
NYISO,NY,Long Island Power Authority / PSEG Long Island,Federal/State,Super Off-Peak Rate,TOU-Rate,Residential,EV/EVSE;GeneralLoad;Battery,Opt-in,time-of-day rate with a deeply discounted overnight super-off-peak period,Overnight hours discounted up to 40% off the Rate 180 flat rate,Voluntary alternative to the standard Time-of-Day Off-Peak Rate; peak hours weekdays 3:00pm-7:00pm; designed for customers who can shift large loads such as EV charging to overnight hours,LIPA Tariff for Electric Service - Super Off-Peak Rate,Peak weekdays 3:00pm-7:00pm; discounted overnight super-off-peak window,Overnight super-off-peak discounted up to 40% versus the Rate 180 flat rate,,Yes,Battery Storage Rewards; Smart Savers; net metering,Active,https://www.psegliny.com/timeofday,2026-09-10,Primary
NYISO,NY,New York State Electric & Gas Corp (NYSEG),IOU,Term Dynamic Load Management (Term-DLM),DR-Curtailment,SmallC&I;LargeC&I,GeneralLoad;Battery;Generator,Opt-in,competitive-bid $/kW capacity payment capped by a published Incentive Rate,Incentive Rate that caps maximum annual per-kW compensation was $26.25/kW in the January 2025 RFP (up from $25.50/kW in the December 2023 RFP); actual payment is set by accepted bid,Bids provide Load Relief in fixed 4-hour Call Windows on weekdays with at least 21 hours notice; minimum bid 50 kW of Cleared Quantity per aggregation per program and vintage year; proposed Load Relief amounts and locations must stay the same for each contract year,Term-DLM (NYSEG PSC No. 120 - Electricity),Fixed 4-hour weekday call windows during the capability period,,,Yes,CSRP; DLRP; NYISO DR programs,Active,https://www.nyseg.com/documents/d/nyseg/nyseg-term-and-auto-dlm-rfp,2026-09-10,Primary
NYISO,NY,New York State Electric & Gas Corp (NYSEG),IOU,Auto Dynamic Load Management (Auto-DLM),DR-Curtailment,SmallC&I;LargeC&I,GeneralLoad;Battery;Generator,Opt-in,competitive-bid $/kW capacity payment capped by a published Incentive Rate,Incentive Rate that caps maximum annual per-kW compensation was $26.25/kW in the January 2025 RFP (up from $25.50/kW in the December 2023 RFP); actual payment is set by accepted bid,"Bids provide Load Relief with at least 10 minutes notice, up to 18 hours per day, 7 days a week; minimum bid 50 kW of Cleared Quantity per aggregation per program and vintage year; proposed Load Relief amounts and locations must stay the same for each contract year",Auto-DLM (NYSEG PSC No. 120 - Electricity),"Up to 18 hours per day, 7 days a week, with 10 minutes notice",,,Yes,CSRP; DLRP; NYISO DR programs,Active,https://www.nyseg.com/documents/d/nyseg/nyseg-term-and-auto-dlm-rfp,2026-09-10,Primary
NYISO,NY,Rochester Gas & Electric Corp (RG&E),IOU,Term Dynamic Load Management (Term-DLM),DR-Curtailment,SmallC&I;LargeC&I,GeneralLoad;Battery;Generator,Opt-in,competitive-bid $/kW capacity payment capped by a published Incentive Rate,Incentive Rate that caps maximum annual per-kW compensation was $26.25/kW in the January 2025 RFP (up from $25.50/kW in the December 2023 RFP); actual payment is set by accepted bid,Bids provide Load Relief in fixed 4-hour Call Windows on weekdays with at least 21 hours notice; minimum bid 50 kW of Cleared Quantity per aggregation per program and vintage year; proposed Load Relief amounts and locations must stay the same for each contract year,Term-DLM (RG&E PSC No. 19 - Electricity),Fixed 4-hour weekday call windows during the capability period,,,Yes,CSRP; DLRP; NYISO DR programs,Active,https://documents.dps.ny.gov/public/Common/ViewDoc.aspx?DocRefId=%7B5042BD94-0000-C456-AF26-AB19A39C82AA%7D&DocTitle=RGE+Auto+and+Term+DLM+RFP,2026-09-10,Primary
NYISO,NY,Rochester Gas & Electric Corp (RG&E),IOU,Auto Dynamic Load Management (Auto-DLM),DR-Curtailment,SmallC&I;LargeC&I,GeneralLoad;Battery;Generator,Opt-in,competitive-bid $/kW capacity payment capped by a published Incentive Rate,Incentive Rate that caps maximum annual per-kW compensation was $26.25/kW in the January 2025 RFP (up from $25.50/kW in the December 2023 RFP); actual payment is set by accepted bid,"Bids provide Load Relief with at least 10 minutes notice, up to 18 hours per day, 7 days a week; minimum bid 50 kW of Cleared Quantity per aggregation per program and vintage year; proposed Load Relief amounts and locations must stay the same for each contract year",Auto-DLM (RG&E PSC No. 19 - Electricity),"Up to 18 hours per day, 7 days a week, with 10 minutes notice",,,Yes,CSRP; DLRP; NYISO DR programs,Active,https://documents.dps.ny.gov/public/Common/ViewDoc.aspx?DocRefId=%7B5042BD94-0000-C456-AF26-AB19A39C82AA%7D&DocTitle=RGE+Auto+and+Term+DLM+RFP,2026-09-10,Primary
NYISO,NY,Long Island Power Authority / PSEG Long Island,Federal/State,Time of Day Net Meter Bank Exchange,Export-Comp,Residential;SmallC&I,Solar+Storage;Battery,Opt-in,transfer of banked net-metering kWh credits between peak and off-peak credit banks,,Applies to customers who began net metering in 2018 or later and are billed on a Time-of-Day rate (rate 194 or 195); excess generation accrues in separate peak and off-peak energy banks; one transfer per bill cycle may be requested using the Excess Generation Exchange Authorization Form and is applied to the next bill,LIPA Tariff for Electric Service - Time of Day Net Metering,Peak weekdays 3:00pm-7:00pm; all other hours off-peak,,Net metering credits bank separately by TOD period; customers may move off-peak credits to offset peak usage one time per bill cycle,Yes-restricted,Time-of-Day Off-Peak Rate; Super Off-Peak Rate; Battery Storage Rewards,Active,https://www.psegliny.com/saveenergyandmoney/greenenergy/solarenergy/todnetmeter,2026-09-10,Primary
NYISO,NY,Orange & Rockland Utilities Inc (O&R),IOU,Term Dynamic Load Management (Term-DLM),DR-Curtailment,SmallC&I;LargeC&I,GeneralLoad;Battery;Generator,Opt-in,competitive-bid $/kW Load Relief payment set through an annual RFP,,"Bids provide Load Relief in fixed 4-hour Call Windows on weekdays with at least 21 hours notice; PSC ordered utilities to procure longer-term DLM resources in addition to existing DR programs, with a minimum three-year contract term; O&R runs an annual vintage-year RFP (2027 vintage year currently solicited)",Term-DLM (Dynamic Load Management),Fixed 4-hour weekday call windows,,,Yes,CSRP; DLRP; NYISO DR programs,Active,https://documents.dps.ny.gov/public/Common/ViewDoc.aspx?DocRefId=%7B90B1368C-0000-C331-A0EC-CEBAF516BD9E%7D&DocTitle=OandR+2025+Vintage+Year+Term-+and+Auto-DLM+RFP,2026-09-10,Primary
NYISO,NY,Orange & Rockland Utilities Inc (O&R),IOU,Auto Dynamic Load Management (Auto-DLM),DR-Curtailment,SmallC&I;LargeC&I,GeneralLoad;Battery;Generator,Opt-in,competitive-bid $/kW Load Relief payment set through an annual RFP,,"Bids provide Load Relief with at least 10 minutes notice, up to 18 hours per day, 7 days a week; minimum three-year contract term under the PSC longer-term DLM procurement directive",Auto-DLM (Dynamic Load Management),"Up to 18 hours per day, 7 days a week, with 10 minutes notice",,,Yes,CSRP; DLRP; NYISO DR programs,Active,https://documents.dps.ny.gov/public/Common/ViewDoc.aspx?DocRefId=%7B90B1368C-0000-C331-A0EC-CEBAF516BD9E%7D&DocTitle=OandR+2025+Vintage+Year+Term-+and+Auto-DLM+RFP,2026-09-10,Primary
NYISO,NY,Central Hudson Gas & Electric Corp,IOU,Peak Perks Custom Savings Program,CPP-PTR,Residential,GeneralLoad;Battery;Thermostat/AC,Opt-in,sign-on reward + $/kW peak-time rebate on measured event-hour reduction,$25 sign-on reward plus $50 per kW saved during conservation events relative to the customer's average usage in those hours,Open to selected customers in specific energy-constrained areas; events called June 1 through September 30 between noon and 8 p.m.,Peak Perks Custom Savings,"Event window Jun 1-Sep 30, 12:00pm-8:00pm",,,Yes,Peak Perks My Thermostat Rewards; Value Stack / net metering,Active,https://cenhudpeakperks.com/custom-savings/,2026-09-10,Primary
NYISO,NY,Central Hudson Gas & Electric Corp,IOU,EV ChargeSmart Residential Managed Charging Program,EV-Rate,Residential,EV/EVSE,Opt-in,enrollment bonus + quarterly $/kWh off-peak charging incentive,"$25 bonus after three months of successful participation; quarterly participation incentive equal to total off-peak charging kWh times the Savings Rate, which was $0.04/kWh as of Feb 1 2026",Year-round incentives for charging after 7 p.m. and before 2 p.m.; the Savings Rate is recalculated as the sum of the difference between the flat standard residential delivery rate and the off-peak residential TOU delivery rate plus the difference between standard flat supply charges and off-peak supply charges,EV ChargeSmart (residential managed charging),"Off-peak charging after 7:00pm and before 2:00pm, year-round",Off-peak charging incentive $0.04/kWh (Savings Rate effective Feb 1 2026),,No,Electric Vehicle Whole Home Time of Use Rate; Peak Perks,Active,https://www.cenhud.com/globalassets/pdf/my-energy/evs/ch_ev_chargesmart_program_manual.pdf,2026-09-10,Primary
NYISO,NY,Orange & Rockland Utilities Inc (O&R),IOU,Smart Savers Thermostat Rewards (Bring Your Own Thermostat),DR-BYOT,Residential,Thermostat/AC,Opt-in,upfront enrollment rebate,$85 rebate for enrolling an eligible smart thermostat (available as an instant $85 rebate at checkout in the myORUstore),"Maximum of about 10 adjustments each summer between May 1 and September 30; adjustment periods typically no longer than four hours and generally between 11:00 a.m. and 11:00 p.m. on weekdays; requires an O&R electric account, central air conditioning, a Wi-Fi network and an eligible smart thermostat; customers may opt out of an adjustment",Smart Savers Thermostat Rewards,Adjustment window weekdays 11:00am-11:00pm May 1-Sep 30,,,No,Residential Time-of-Use Rate; SmartCharge New York,Active,https://www.oru.com/en/save-money/rebates-incentives-credits/new-york-customers/incentives-for-residential-customers-ny/thermostat-rebate,2026-09-10,Primary
NYISO,NY,Central Hudson Gas & Electric Corp,IOU,Standby Service (Service Classification No. 14),Demand-Charge,SmallC&I;LargeC&I,Battery;Solar+Storage;Generator,Default,contract demand $/kW-month + as-used daily demand charges,,New standby rates under Service Classification No. 14 took effect January 1 2024; standby rates may be required for customers with on-site generation who do not qualify for net metering or the Value Stack; customers on standby rates must have interval metering recording at 15-minute to 1-hour intervals; rate detail appears at leaf 272 of the Central Hudson electric tariff; Central Hudson may exempt up to 100 non-NEM-eligible customers from standby rates,Service Classification No. 14 - Standby Service (Central Hudson PSC No. 15 - Electricity),,,Customers taking standby service generally take Value Stack rather than net metering,Yes,Value Stack (VDER); CSRP; TDR,Active,https://www.cenhud.com/en/account-resources/rates/standby-rates/,2026-09-10,Primary
NYISO,NY,Long Island Power Authority / PSEG Long Island,Federal/State,Standby Service (Service Classification No. 12),Demand-Charge,Residential;SmallC&I;LargeC&I,Battery;Solar+Storage;Generator,Default,monthly service charge + contract demand $/kW + as-used daily demand charges with a 3-period time-of-use structure,,"Effective January 1 2026; replaces the former SC 12 Back-Up and Supplemental Service and closed Rate Code 681. Commercial standby is Rate Code 682 with eleven sub-rate codes; optional residential standby rates are also offered. Mandatory for about 72 existing commercial customers, optional for most others (SC-5, SC-7, SC-10, SC-13, unmetered and non-AMI customers may not opt in). Existing mandatory customers default to a five-year phase-in running Jan 1 2026 through Dec 31 2030, with full standby rates for everyone on Jan 1 2031; new customers taking service after the amendment date pay full standby rates with no phase-in. Optional Rate Customers must have an AMI meter and, if they switch back to a flat non-time-varying rate, cannot return to standby or another time-varying rate for at least one year. Standby customers qualifying for Rate 285-Primary or Rate 285-Transmission who take Authority supply are billed supply hourly at LBMP plus capacity based on their individual capacity tag. Peak-to-off-peak as-used daily demand ratio is 1.25:1, producing a summer-to-winter demand rate ratio of 2.25; the Super Off-Peak period incurs no as-used daily demand charge",Service Classification No. 12 - Standby Service (LIPA Tariff for Electric Service); Rate Code 682,"Summer (Jun-Sep): Peak 3pm-7pm M-F excluding federal holidays; Off-Peak 8am-3pm and 7pm-10pm M-F plus 8am-10pm weekends and federal holidays; Super Off-Peak 10pm-8am every day. Winter (Oct-May): no Peak period, Off-Peak 8am-10pm every day, Super Off-Peak 10pm-8am every day",As-used daily demand charged in Peak and Off-Peak periods only; Super Off-Peak (10pm-8am) has no as-used daily demand charge,,Yes,Buyback Service (SC 11); Battery Storage Rewards; System Peak Relief Program,Active,https://www.lipower.org/wp-content/uploads/2025/12/6.-Consideration-of-Approval-of-Tariff-Changes.pdf,2026-09-10,Primary
NYISO,NY,Long Island Power Authority / PSEG Long Island,Federal/State,Buyback Service (Service Classification No. 11),Export-Comp,SmallC&I;LargeC&I,Battery;Solar+Storage;Generator,Opt-in,"customer charge + buyback contract demand charge on injections, set equal to the applicable Standby Service rates",,"Updated effective January 1 2026 alongside the new Standby Service rates. Buyback Service applies to customers with on-site generation exporting power to the Authority. The tariff adds a Customer Charge and a Buyback Contract Demand Charge on the customer's injections, with Customer and Contract Demand rates set equal to those of the applicable Standby Service rate for the customer's requirements from the system. Consistent with the PSC Allocated Cost of Service Order, stand-alone Energy Storage Systems that reach Step 3 of the Small Generator Interconnection Procedures before December 31 2030 are exempt from Buyback Contract Demand Charges for 15 years from the project's in-service date. Buyback rates remain under Rate Code 289",Service Classification No. 11 - Buyback Service (LIPA Tariff for Electric Service); Rate Code 289,,,"Export from on-site generation is compensated under Buyback Service; a Buyback Contract Demand Charge now applies to injections, with a 15-year exemption for stand-alone storage reaching SGIP Step 3 before Dec 31 2030",Yes-restricted,Standby Service (SC 12); Value Stack (VDER); Battery Storage Rewards,Active,https://www.lipower.org/wp-content/uploads/2025/12/6.-Consideration-of-Approval-of-Tariff-Changes.pdf,2026-09-10,Primary
NYISO,NY,Long Island Power Authority / PSEG Long Island,Federal/State,Residential Charger Rebate Program,EV-Rate,Residential,EV/EVSE,Opt-in,upfront rebate on a qualifying Level 2 EV charger,$100 rebate for a qualified Level 2 charger from the EPRI Vetted Product List; customers in Disadvantaged Communities or on the Household Assistance Program receive an additional $300 for a total of $400,Charger must appear on the EPRI Vetted Product List filtered to PSEG-Long Island; program open with an expected end date of December 31 2026,Residential Charger Rebate Program,,,,No,Time-of-Day Off-Peak Rate; Super Off-Peak Rate,Active,https://www.psegliny.com/saveenergyandmoney/greenenergy/ev/residentialcustomers/chargerrebate,2026-09-10,Primary
NYISO-market,multi,New York Independent System Operator,RTO,DER and Aggregation Participation Model - Energy (LBMP),Wholesale-Market,SmallC&I;LargeC&I;Residential,Battery;Solar+Storage;Generator;GeneralLoad;EV/EVSE;Any,Opt-in,$/MWh Day-Ahead and Real-Time LBMP settled at the Aggregation's Transmission Node; dispatch-only (no start-up/commitment parameters),,Min 10 kW per individual DER asset (Services Tariff 4.1.10.1); max Injection Limit 20 MW per facility; six-second real-time telemetry required for each Aggregation plus hourly revenue-quality meter data by noon next business day; Aggregator must be reachable 24x7 for verbal real-time operations; Demand Reductions below the Monthly Net Benefit Threshold are not eligible for energy payments unless dispatched for reliability,"Services Tariff Sections 4.1.10, 4.5.2, 4.5.7, 17; Aggregation Manual Sections 2.2.1, 6.1.10, 6.2",,,Settled at Transmission Node LBMP; withdrawals by Withdrawal-Eligible Generators treated as negative generation,Yes,ICAP market participation (required to also be in Energy market); NOT stackable with SCR or EDRP - a Resource may not simultaneously be a DER in an Aggregation and an SCR/EDRP Resource (Aggregation Manual 4.3.2); dual participation with utility CSRP/DLRP/DLM permitted with notice,Active,https://www.nyiso.com/documents/20142/49802416/DER-and-Aggregation-Participation-Model-FAQ.pdf/967117fb-8bbb-1916-651a-0f9dbe904780,2026-09-10,Primary
NYISO-market,multi,New York Independent System Operator,RTO,DER and Aggregation Participation Model - Installed Capacity (ICAP) Supplier,Wholesale-Market,SmallC&I;LargeC&I;Residential,Battery;Solar+Storage;Generator;GeneralLoad;Any,Opt-in,"$/kW-month UCAP sold into Strip, Monthly and ICAP Spot Market auctions; UCAP = Aggregation ICAP x Capacity Accreditation Factor x derating factor",,"Aggregation must submit DMNC test data per season; at least one DER in the Aggregation must be participating in the capacity market; ICAP participation requires simultaneous Energy market participation; new ICAP suppliers must run one month in the Energy market first; ICAP Suppliers must bid the ICAP-equivalent of UCAP sold into the Day-Ahead Market every hour (or schedule a bilateral, or notify NYISO of an outage); two-year outage schedule required at enrollment","Services Tariff Sections 5.12.1.3, 5.12.3, 5.12.7, 5.12.13.1; ICAP Manual Sections 4.2, 4.3, 4.8; ICAP Manual Attachment J Sections 3.0 and 6.9; Aggregation Manual Section 2.2.5",,,,Yes,ICAP + Energy + Ancillary Services simultaneously; NOT stackable with SCR (an SCR must separate in DRIS before transitioning; a DER that exits must give notice by Aug 1 and can only rejoin SCR the following May 1),Active,https://www.nyiso.com/documents/20142/49802416/DER-and-Aggregation-Participation-Model-FAQ.pdf/967117fb-8bbb-1916-651a-0f9dbe904780,2026-09-10,Primary
NYISO-market,multi,New York Independent System Operator,RTO,DER and Aggregation Participation Model - Ancillary Services (Regulation and Operating Reserves),Wholesale-Market,SmallC&I;LargeC&I,Battery;Solar+Storage;Generator;GeneralLoad,Opt-in,"$/MWh market clearing price for Regulation Capacity/Movement and for 10-Minute Spinning, 10-Minute Non-Synchronized, 30-Minute Synchronized and 30-Minute Non-Synchronized Reserves",,Under current (pre-Order-2222) rules every individual DER in the Aggregation must itself be capable of the service offered - the Aggregation can only offer the lowest-quality product common to all its members (Aggregation Manual 2.2.4); Aggregations providing reserves or regulation must bid self-committed flexible; self-committed fixed and ISO-committed fixed bid modes are ineligible for Operating Reserves; new reserve Aggregations verify performance during the first two weeks of the first active month rather than prequalifying,Services Tariff Section 15.4.1.2.4 and Rate Schedule 4; Aggregation Manual Section 2.2.4; Ancillary Services Manual Section 6.12.2,,,,Yes,Energy + ICAP + Ancillary Services can be provided by the same Aggregation; the all-members-capable restriction is scheduled to change with NYISO's Order 2222 implementation,Active,https://www.nyiso.com/documents/20142/49802416/DER-and-Aggregation-Participation-Model-FAQ.pdf/967117fb-8bbb-1916-651a-0f9dbe904780,2026-09-10,Primary
NYISO-market,multi,New York Independent System Operator,RTO,Dual Participation - NYISO Aggregation plus utility DR program (CSRP / DLRP / DLM),Wholesale-Market,SmallC&I;LargeC&I;Residential,Battery;Solar+Storage;Generator;GeneralLoad;Any,Opt-in,No separate payment - this is the rule permitting a DER to earn both NYISO market revenue and utility DR program revenue,,"PERMITTED. An Aggregation containing DER that also participate in programs meeting distribution-system needs in the NYCA must notify NYISO of dual participation at enrollment (Market Participant User's Guide Section 1.2); the Aggregation's NYISO offers must be constructed so the Aggregation is scheduled by NYISO whenever it operates to meet the non-wholesale commitment (Services Tariff 4.1.11). NYISO confirms CSRP, DLRP and DLM are covered by this categorization. Dual-participation requirements are scheduled to change when NYISO implements its Order 2222-compliant tariff (targeted end of 2026)",Services Tariff Section 4.1.11; Market Participant User's Guide Section 1.2,,,,Yes,Con Edison CSRP; Con Edison DLRP; Joint Utilities Dynamic Load Management (DLM); NOT stackable with NYISO SCR or EDRP,Active,https://www.nyiso.com/documents/20142/49802416/DER-and-Aggregation-Participation-Model-FAQ.pdf/967117fb-8bbb-1916-651a-0f9dbe904780,2026-09-10,Primary
NYISO-market,multi,New York Independent System Operator,RTO,DER Aggregation - Telemetry and Metering Requirements,Interconnection,SmallC&I;LargeC&I;Residential,Battery;Solar+Storage;Generator;GeneralLoad;Any,Opt-in,"Cost gate, not a revenue stream",,"Six-second real-time telemetry (a meter read every six seconds) required for each Aggregation, plus hourly revenue-quality meter data. Four telemetry channels required regardless of composition: Energy injections, Energy withdrawals, Demand Reductions, and total response MW (zeros for non-applicable channels), plus a point for actual Aggregation load. NYISO sends Base Point Signals to the Aggregation, not to individual DER. End-to-End Communication Testing among Aggregator control center, Member System (TO) and NYISO required for every new Aggregation enrollment; adding a DER to an existing Aggregation does not require re-testing. Meter Authority must be an authorized Meter Services Entity, the municipal utility, or the Member System","Services Tariff Sections 4.1.10.4, 13, 13.3.2, 13.3.2.1; Aggregation Manual Section 7.3; Revenue Metering Requirements Manual; Accounting and Billing Manual Section 3.2.1",,,,Yes,"Applies to all Aggregation market participation (Energy, AS, ICAP)",Active,https://www.nyiso.com/documents/20142/49802416/DER-and-Aggregation-Participation-Model-FAQ.pdf/967117fb-8bbb-1916-651a-0f9dbe904780,2026-09-10,Primary
NYISO-market,multi,New York Independent System Operator,RTO,Energy Storage Resource (ESR) in an Aggregation - retail-rate charging (Order 841),Wholesale-Market,SmallC&I;LargeC&I;Residential,Battery;Solar+Storage,Opt-in,Charging energy purchased at the applicable retail rate rather than wholesale LBMP,,"Aggregations containing withdrawal-capable DER (Energy Storage Resources) may withdraw energy at retail rates per FERC Order No. 841; the Aggregation must supply the LSE PTID of the relevant retail authority for settlement. An Aggregation may be a Single Resource Type Aggregation of only ESRs, or a heterogeneous DER Aggregation mixing ESR, Intermittent Power Resources and Demand Side Resources",Services Tariff Section 7.2.8,,,,Yes,Energy arbitrage + ICAP + Ancillary Services from the same ESR Aggregation,Active,https://www.nyiso.com/documents/20142/49802416/DER-and-Aggregation-Participation-Model-FAQ.pdf/967117fb-8bbb-1916-651a-0f9dbe904780,2026-09-10,Primary
NYISO-market,multi,New York Independent System Operator,RTO,Behind-the-Meter Net Generation (BTM:NG) Resource - exclusion from DER model,Wholesale-Market,LargeC&I,Generator;Solar+Storage;Battery,Opt-in,Participates as a BTM:NG Resource rather than as a DER; not eligible for the Aggregation model,,"A BTM:NG Resource routinely serves its host load from an on-site generation source, which precludes it from the DER participation model. A BTM:NG Resource that converts to a DER must thereafter routinely serve its host load by withdrawing from the grid rather than from on-site generation",Aggregation Manual Section 4.3.3,,,,Yes-restricted,Not stackable with the DER Aggregation model,Active,https://www.nyiso.com/documents/20142/49802416/DER-and-Aggregation-Participation-Model-FAQ.pdf/967117fb-8bbb-1916-651a-0f9dbe904780,2026-09-10,Primary
NYISO-market,multi,New York Independent System Operator,RTO,Installed Capacity - Special Case Resources (ICAP-SCR),Wholesale-Market,SmallC&I;LargeC&I,GeneralLoad;Generator;Battery;Solar+Storage,Opt-in,Monthly $/kW-month UCAP capacity payment from ICAP auctions plus per-event energy payment at LBMP with a daily Minimum Payment Nomination (strike price) guarantee,Capacity: monthly UCAP price from the ICAP Spot Market Auction for the resource's Load Zone (see per-zone price rows). Energy: real-time zonal LBMP with a daily guarantee of Minimum Payment Nomination recovery and a guaranteed four-hour minimum payment period,Minimum 100 kW load reduction in aggregate by Load Zone; mandatory performance for a minimum of four hours when NYISO calls a reliability event; day-ahead advisory plus 2-hour in-day notice; SCRs activated before EDRP resources; must demonstrate maximum capacity obligation in each Capability Period (test or event at least once every six months); all SCRs carry a 4-hour duration requirement and are accredited commensurate with other four-hour resources; event/test meter data due within 75 days; failure to respond derates the resource and reduces future UCAP payments,"Services Tariff Sections 5.12.11, 5.12.13.1; ICAP Manual Section 4.12; Emergency Demand Response Program Manual (Manual 7)",,,,Yes-restricted,May enroll simultaneously in ONE reliability-based program (SCR or EDRP) and ONE economic-based program (DADRP or DSASP); SCR energy payments are netted against any concurrent DADRP/DSASP payments and only reduction above the DADRP/DSASP schedule earns SCR energy payment (EDRP Manual 5.4.2). NOT stackable with the DER and Aggregation participation model - a Resource cannot be both an SCR and a DER at the same time,Active,https://www.nyiso.com/documents/20142/3037451/9-Demand-Response.pdf,2026-09-10,Primary
NYISO-market,multi,New York Independent System Operator,RTO,Emergency Demand Response Program (EDRP),Wholesale-Market,SmallC&I;LargeC&I,GeneralLoad;Generator,Opt-in,$/MWh energy-only payment for verified load reduction during a NYISO-called reliability event; no capacity payment,"Greater of the real-time zonal LBMP or $500/MWh, with a guaranteed four-hour minimum payment period",Minimum 100 kW load reduction; participation in any event is VOLUNTARY and there are no non-performance penalties; 2-hour in-day event notice; EDRP resources are activated after SCR resources; hourly interval metering required; event meter data due within 75 days; no capacity payment,"Services Tariff Attachment G Section 22.10; Emergency Demand Response Program Manual (Manual 7) Sections 2.2, 4.3, 5.4.2",,,,Yes-restricted,One reliability program (EDRP or SCR) may be combined with one economic program (DADRP or DSASP); EDRP energy payment is reduced by any concurrent DADRP/DSASP payment (EDRP Manual 5.4.2). NOT stackable with the DER and Aggregation participation model,Active,https://www.nyiso.com/documents/20142/3037451/9-Demand-Response.pdf,2026-09-10,Primary
NYISO-market,multi,New York Independent System Operator,RTO,Day-Ahead Demand Response Program (DADRP),Wholesale-Market,LargeC&I,GeneralLoad;Generator,Opt-in,$/MWh Day-Ahead LBMP for scheduled load reduction plus a daily Curtailment Initiation Cost guarantee,Day-Ahead LBMP times the lesser of actual or Day-Ahead scheduled load reduction; plus Curtailment Initiation Cost paid on a daily basis where applicable,Minimum 1 MW reduction in aggregate by Load Zone and LSE; offers must be at or above the Monthly Net Benefit Offer Floor (MNBT); accepted offers notified by 11:00 a.m. for the next day midnight-to-midnight; response is MANDATORY when scheduled and penalties may apply if scheduled curtailment does not physically occur; hourly interval metering; CBL baseline (highest five of last ten like days); economic schedule meter data due within 55 days; no capacity payment; no real-time schedule,Day-Ahead Demand Response Program Manual (Manual 5); Technical Bulletin 245 (MNBT),,,,Unclear,One economic program (DADRP or DSASP) may be combined with one reliability program (SCR or EDRP). NOT stackable with the DER and Aggregation participation model,Active,https://www.nyiso.com/documents/20142/3037451/9-Demand-Response.pdf,2026-09-10,Primary
NYISO-market,multi,New York Independent System Operator,RTO,Demand Side Ancillary Services Program (DSASP),Wholesale-Market,LargeC&I,GeneralLoad;Generator;Battery,Opt-in,$/MWh marginal clearing price for the Operating Reserve or Regulation product scheduled; no energy payment for the underlying reduction,Reserve or Regulation market clearing price by location and product,Minimum 1 MW reduction in aggregate by Load Zone; minimum energy offer at the Monthly Net Benefit Offer Floor; mandatory performance when scheduled and penalties may apply; requires 6-second two-way telemetry plus a revenue-grade interval billing meter and an instantaneous total load meter; must respond to 5-minute RTD base points for Reserves and 6-second AGC base points for Regulation; only interruptible load may supply Spinning Reserve or Regulation - loads backed by a qualified Local Generator may only supply Non-Synchronized Reserves; real-time baseline (actual load just prior to the real-time schedule); no capacity payment,Ancillary Services Manual; Services Tariff Rate Schedules 3 and 4,,,,Unclear,One economic program (DSASP or DADRP) may be combined with one reliability program (SCR or EDRP). NOT stackable with the DER and Aggregation participation model,Active,https://www.nyiso.com/documents/20142/3037451/9-Demand-Response.pdf,2026-09-10,Primary
NYISO-market,multi,New York Independent System Operator,RTO,Targeted Demand Response Program (TDRP),Wholesale-Market,SmallC&I;LargeC&I,GeneralLoad;Generator,Opt-in,Energy payment at the rate of whichever program (SCR or EDRP) the resource is enrolled in; no separate TDRP payment,,"Effective July 1 2007. Con Edison may request NYISO to activate demand response for local reliability in specific sub-load pockets of Load Zone J (New York City). Only existing SCR and EDRP resources in those locations are eligible, and participation is VOLUNTARY for both. TDRP responses cannot set the real-time market price. CSPs with resources in sub-load pockets are notified through the standard EDRP advisory process",Emergency Demand Response Program Manual (Manual 7) Section 6,,,,Yes-restricted,Layered on top of an existing SCR or EDRP enrollment; not a standalone enrollment,Active,https://www.nyiso.com/documents/20142/3037451/9-Demand-Response.pdf,2026-09-10,Primary
NYISO-market,multi,New York Independent System Operator,RTO,Small Customer Aggregation (SCR / EDRP),Wholesale-Market,Residential;SmallC&I,GeneralLoad;Thermostat/AC;ElectricWaterHeater;Battery,Opt-in,"Same payment as the underlying SCR or EDRP enrollment; this is a measurement and verification accommodation, not a separate revenue stream",,"Allows resources with an ACL below the DRIS minimum kW limit to be aggregated and to use alternative validation methods such as statistical sampling to claim performance on a portfolio basis, in lieu of individual interval meters. Available for EDRP and SCR resources only (not DADRP or DSASP). Program-level minimums still apply at the aggregation level",Emergency Demand Response Program Manual (Manual 7) Section 2.7,,,,Unclear,Underlying SCR or EDRP program rules apply,Active,https://www.nyiso.com/documents/20142/3037451/9-Demand-Response.pdf,2026-09-10,Primary
NYISO-market,multi,New York Independent System Operator,RTO,ICAP Spot Market Auction - New York City (Zone J / NYC Locality) UCAP price,Wholesale-Market,SmallC&I;LargeC&I;Residential,Battery;Solar+Storage;Generator;GeneralLoad;Any,Opt-in,$/kW-month UCAP clearing price in the monthly ICAP Spot Market Auction; the price an SCR or a DER Aggregation with CRIS in Zone J receives per kW of UCAP sold,"Summer 2026 Capability Period: May $32.59, Jun $32.53, Jul $12.41, Aug $12.35, Sep $12.39 per kW-month. Winter 2025-26: Nov 2025 $6.44, Dec 2025 $6.41, Jan 2026 $6.25, Feb 2026 $6.25, Mar 2026 $6.24, Apr 2026 $6.26 per kW-month. Summer 2025 for comparison: May $14.96, Jun $15.93, Jul $15.93, Aug $15.86, Oct $15.57 per kW-month",Prices are monthly UCAP clearing prices. Summer Capability Period runs May through October; Winter Capability Period runs November through April. May and June 2026 were record NYC prices driven by a Locational Capacity Requirement increase and near-zero excess (0.06% and 0.09% above requirement). Selling capacity requires CRIS; a DER of 2 MW or less can obtain CRIS without a deliverability study,Services Tariff Section 5.14 (ICAP Spot Market Auction); ICAP Manual,,,,Yes,SCR program; DER and Aggregation participation model ICAP participation; energy and ancillary services revenue on top of capacity,Active,https://icappublic.nyiso.com/ucap/public/auc_view_spot_detail.do?seasonId=705094&month=05/2026&display=Display,2026-09-10,Primary
NYISO-market,multi,New York Independent System Operator,RTO,ICAP Spot Market Auction - Long Island (Zone K / LI Locality) UCAP price,Wholesale-Market,SmallC&I;LargeC&I;Residential,Battery;Solar+Storage;Generator;GeneralLoad;Any,Opt-in,$/kW-month UCAP clearing price in the monthly ICAP Spot Market Auction for the Long Island locality,"Summer 2026 Capability Period: May $11.11, Jun $11.70, Jul $10.46, Aug $10.13, Sep $10.13 per kW-month. Winter 2025-26: LI cleared at the NYCA price - Nov 2025 $1.80, Dec 2025 $3.65, Jan 2026 $3.73, Feb 2026 $3.74, Mar 2026 $2.64, Apr 2026 $1.82 per kW-month. Summer 2025: LI cleared at the NYCA price of $5.23-$6.04 per kW-month","Long Island separates from the NYCA price only when the LI locality binds, which in the observed data happened in the Summer 2026 Capability Period but not in Winter 2025-26 or Summer 2025. Summer Capability Period runs May through October",Services Tariff Section 5.14 (ICAP Spot Market Auction); ICAP Manual,,,,Yes,SCR program; DER and Aggregation participation model ICAP participation,Active,https://icappublic.nyiso.com/ucap/public/auc_view_spot_detail.do?seasonId=705094&month=06/2026&display=Display,2026-09-10,Primary
NYISO-market,multi,New York Independent System Operator,RTO,ICAP Spot Market Auction - G-J Locality (Lower Hudson Valley + NYC) UCAP price,Wholesale-Market,SmallC&I;LargeC&I;Residential,Battery;Solar+Storage;Generator;GeneralLoad;Any,Opt-in,$/kW-month UCAP clearing price in the monthly ICAP Spot Market Auction for the G-J Locality (Zones G through J),"Summer 2026 Capability Period: May $7.92, Jun $7.87, Jul $4.14, Aug $4.53, Sep $5.97 per kW-month. Winter 2025-26: Nov 2025 $1.80, Dec 2025 $3.65, Jan 2026 $3.73, Feb 2026 $3.74, Mar 2026 $2.64, Apr 2026 $1.82 per kW-month. Summer 2025: May $5.23, Jun $5.46, Jul $5.47, Aug $6.04, Oct $5.86 per kW-month","In every month observed (Nov 2025 through Sep 2026) the G-J Locality cleared at the same price as NYCA/Rest of State, meaning the G-J constraint was not binding separately. Zone J prices are set separately and are much higher. Summer Capability Period runs May through October",Services Tariff Section 5.14 (ICAP Spot Market Auction); ICAP Manual,,,,Yes,SCR program; DER and Aggregation participation model ICAP participation,Active,https://icappublic.nyiso.com/ucap/public/auc_view_spot_detail.do?seasonId=705094&month=07/2026&display=Display,2026-09-10,Primary
NYISO-market,multi,New York Independent System Operator,RTO,ICAP Spot Market Auction - NYCA / Rest of State (upstate) UCAP price,Wholesale-Market,SmallC&I;LargeC&I;Residential,Battery;Solar+Storage;Generator;GeneralLoad;Any,Opt-in,$/kW-month UCAP clearing price in the monthly ICAP Spot Market Auction for the NYCA-wide (Rest of State) market,"Summer 2026 Capability Period: May $7.92, Jun $7.87, Jul $4.14, Aug $4.53, Sep $5.97 per kW-month (ROS price paid by LSEs, weighted average, equals the NYCA price in each of these months). Winter 2025-26: Nov 2025 $1.80, Dec 2025 $3.65, Jan 2026 $3.73, Feb 2026 $3.74, Mar 2026 $2.64, Apr 2026 $1.82 per kW-month. Summer 2025: May $5.23, Jun $5.46, Jul $5.47, Aug $6.04, Oct $5.86 per kW-month",Upstate/Rest-of-State capacity is worth roughly one quarter to one fifth of New York City capacity in the Summer 2026 Capability Period. Summer Capability Period runs May through October; Winter runs November through April. Monthly auction; UCAP not ICAP,Services Tariff Section 5.14 (ICAP Spot Market Auction); ICAP Manual,,,,Yes,SCR program; DER and Aggregation participation model ICAP participation,Active,https://icappublic.nyiso.com/ucap/public/auc_view_spot_detail.do?seasonId=705094&month=08/2026&display=Display,2026-09-10,Primary
NYISO-market,multi,New York Independent System Operator,RTO,ICAP market - Strip and Monthly (Capability Period) Auctions,Wholesale-Market,SmallC&I;LargeC&I,Battery;Solar+Storage;Generator;GeneralLoad;Any,Opt-in,"$/kW-month UCAP price from the Capability Period Auction (strip) or the Monthly Auction, as an alternative or supplement to the Spot Market Auction",,"Aggregations and SCRs may offer into the Strip (Capability Period) Auction, the Monthly Auction, and the ICAP Spot Market Auction, or sell capacity bilaterally. Unsold UCAP is automatically offered into the Spot Market Auction",Services Tariff Section 5.14; ICAP Manual Section 4; Aggregation Manual Section 2.2.5,,,,Yes,SCR program; DER Aggregation ICAP participation; bilateral capacity contracts,Active,https://www.nyiso.com/documents/20142/3036383/ICAP-Auctions.pdf/7dda1755-279a-f463-cd85-c39599ee066f,2026-09-10,Secondary
NYISO-market,multi,New York Independent System Operator,RTO,FERC Order 2222 implementation status - DER Participation Model,Wholesale-Market,SmallC&I;LargeC&I;Residential,Battery;Solar+Storage;Generator;GeneralLoad;EV/EVSE;Any,Opt-in,Rule / timeline row - no direct payment,,"Timeline: NYISO filed its Aggregation participation model June 27 2019 (Docket ER19-2276); FERC accepted it January 23 2020 (170 FERC 61033). NYISO filed its Order 2222 compliance filing July 19 2021; FERC accepted it June 17 2022 while directing 30+ further tariff modifications. FERC granted NYISO an extension to December 31 2026 to complete full Order 2222 compliance. NYISO filed further DER tariff revisions June 1 2023 (Docket ER23-2040); FERC accepted them April 15 2024 (187 FERC 61022) and expressly found the 10 kW minimum capability requirement just and reasonable and NOT a temporary measure, while directing an informational report which NYISO filed April 15 2026. The DER and Aggregation participation model is LIVE today under the interim (pre-Order-2222) rules; dual-participation, operating-reserve composition and other rules change when the Order 2222-compliant tariff takes effect","Services Tariff Sections 4.1.10 through 4.1.10.7.3; FERC Docket Nos. ER19-2276, ER21-2460, ER23-2040",,,,Yes,Interim rules apply until the Order 2222-compliant tariff is implemented (targeted end of 2026),Active,https://nyisoviewer.etariff.biz/ViewerDocLibrary/Filing/Filing5436/Attachments/20260602_NYISOAnswer_DERInfoRprt_cos.pdf,2026-09-10,Primary
NYISO-market,multi,New York Independent System Operator,RTO,Small Utility opt-in gate for DER Aggregation participation,Wholesale-Market,SmallC&I;LargeC&I;Residential,Battery;Solar+Storage;Generator;GeneralLoad;Any,Opt-in,Eligibility gate - no payment,,"New York has NO statewide opt-out of third-party aggregation of retail customers. The only gate is the Order 2222 small-utility provision: a Resource that is a customer of a Small Utility may not be enrolled in an Aggregation unless the Relevant Electric Retail Regulatory Authority affirmatively authorizes (opts in to) such participation. NYISO defines Small Utility as a Distribution Utility that distributed four million MWh or less in NYISO's immediately prior completed fiscal year (Jan 1 - Dec 31). The determination applies for the forthcoming Capability Year. If a RERRA later withdraws authorization and the Aggregator notifies NYISO before April 1, the DER is ineligible from the first day of the following Capability Year; if notice comes on or after April 1 but before May 1, the DER is ineligible as of June 1",Services Tariff Section 4.1.10 (definitions of Distribution Utility and Small Utility),,,,Yes,Customers of New York's large investor-owned distribution utilities (over 4 million MWh/yr) face no opt-in gate and may join an Aggregation directly,Active,https://www.nyiso.com/documents/20142/32977661/NYISO%20FERC%20Order%202222%20Compliance%20-%20Phase%201.pdf/0471b350-0d44-2fbf-895c-48aa58cc182d,2026-09-10,Primary
NYISO-market,multi,New York Independent System Operator,RTO,Prohibition on duplicative compensation - same service in wholesale and retail,Wholesale-Market,SmallC&I;LargeC&I;Residential,Battery;Solar+Storage;Generator;GeneralLoad;Any,Opt-in,Stacking gate - no payment,,"A DER may not provide the SAME service in the NYISO-administered markets that it already provides in a retail service or program. FERC struck NYISO's originally proposed broader phrase or substantially similar as an improperly broad restriction, so the bar is same service only. The Aggregator must attest at enrollment that DER enrolled in its Aggregation are not providing the same service in a retail service or program, and must attest to compliance with the Distribution Utilities' tariffs and the RERRA's rules",Services Tariff Sections 4.1.10.5 and 4.1.10.6,,,,Yes,Different services (e.g. NYISO energy plus a retail locational or environmental credit) may be stacked; identical services may not,Active,https://www.nyiso.com/documents/20142/32977661/NYISO%20FERC%20Order%202222%20Compliance%20-%20Phase%201.pdf/0471b350-0d44-2fbf-895c-48aa58cc182d,2026-09-10,Primary
NYISO-market,multi,New York Independent System Operator,RTO,Stacking NYISO DER Aggregation with NY retail VDER Value Stack,Wholesale-Market,SmallC&I;LargeC&I;Residential,Solar+Storage;Battery,Opt-in,Retail VDER credits stacked on top of NYISO wholesale revenue,,"Per the NY Joint Utilities DERA Duplicative Compensation Matrix (June 30 2025): VDER Energy and Capacity components are Utility Only and CANNOT be stacked with NYISO DERA. VDER Environmental Value (REC), Demand Reduction Value (DRV), Locational System Relief Value (LSRV), Market Transition Credit, Community Credit and Non-Mass Market Community Credit ARE stackable with a NYISO DER Aggregation. For storage, DRV, LSRV, MTC and Non-Mass Market Community Credit are stackable. Net Energy Metering is Utility Only and NOT stackable. Customers taking service under a utility Buyback Tariff are not eligible to participate in the NYISO DER aggregation model per tariff. Applicable retail tariffs are WVS and WDS (import and export) for storage; WDS tariffs are not yet approved or filed at FERC for all utilities",NY PSC VDER Value Stack; utility WVS and WDS tariffs; NYISO Services Tariff 4.1.10.6,,,VDER Value Stack energy and capacity components are forfeited if the DER sells energy or capacity into NYISO through an Aggregation,Yes,VDER DRV; VDER LSRV; VDER Environmental Value/REC; VDER Market Transition Credit; VDER Community Credit; Non-Wires Alternative contracts,Active,https://jointutilitiesofny.org/sites/default/files/2025-06-30%20JU%20Duplicative%20Comp%20Matrix_FO%202222.xlsx,2026-09-10,Secondary
NYISO-market,multi,New York Independent System Operator,RTO,Stacking NYISO DER Aggregation with utility demand response programs (CSRP / DLRP / DLM),Wholesale-Market,SmallC&I;LargeC&I;Residential,Battery;Solar+Storage;Generator;GeneralLoad,Opt-in,Utility DR capacity and energy payments stacked on top of NYISO wholesale revenue,,"Per the NY Joint Utilities DERA Duplicative Compensation Matrix (June 30 2025): utility Demand Response Program CAPACITY payments are stackable with a NYISO DER Aggregation for Demand Reduction, Generator and Energy Storage resource types. Utility Demand Response Program ENERGY payments are stackable but the resource is ineligible for the utility performance payment in hours with overlapping NYISO energy payments. Non-Wires Alternative contracts are stackable for all resource types including Landfill Gas. Separately, NYISO's own DR programs (SCR and EDRP) are marked fully stackable with utility DR programs during NYISO's interim market",Services Tariff Section 4.1.11 (dual participation notice); NY Joint Utilities DERA Duplicative Compensation Matrix,,,,Yes,Con Edison CSRP; Con Edison DLRP; Joint Utilities Dynamic Load Management; utility Non-Wires Alternative contracts,Active,https://jointutilitiesofny.org/sites/default/files/2025-06-30%20JU%20Duplicative%20Comp%20Matrix_FO%202222.xlsx,2026-09-10,Secondary
NYISO-market,multi,New York Independent System Operator,RTO,DER Aggregation - eligibility sizing rules (10 kW DER / 100 kW Aggregation / 20 MW injection cap),Wholesale-Market,SmallC&I;LargeC&I;Residential,Battery;Solar+Storage;Generator;GeneralLoad;EV/EVSE;Any,Opt-in,Eligibility gate - no payment,,"Minimum capability of each individual DER (including a Demand Side Resource) participating in an Aggregation is 10 kW; where a DER includes multiple assets of different technologies at the facility, EACH asset must independently meet 10 kW. Minimum size of a DER Aggregation is 100 kW; an Aggregation that offers a combination of Energy injections, Energy withdrawals and/or Demand Reduction must be able to offer at least 100 kW of each. Maximum Injection Limit for an injecting facility in an Aggregation is 20 MW; there is no size cap on Demand Reduction resources. All DER in an Aggregation must be on the SAME Transmission Node and therefore in the same NYISO Load Zone. A DER facility has a single point of interconnection and a single utility account number, and may participate in only one Aggregation at a time. FERC found the 10 kW minimum just and reasonable on April 15 2024 and confirmed it is not a temporary measure",Services Tariff Sections 4.1.10 and 4.1.10.1; NYISO Manual 38 (Aggregation Manual),,,,Yes,"Resources under 10 kW remain eligible for EDRP, the SCR program (including Small Customer Aggregation) and NY State and utility DER programs",Active,https://www.nyiso.com/documents/20142/2923301/M-38-Aggregation-Final-v1-0.pdf/488117aa-43ec-85c3-423d-4aba592e5895,2026-09-10,Primary
NYISO-market,multi,New York Independent System Operator,RTO,Energy Storage Resource (ESR) and Limited Energy Storage Resource (LESR) participation models,Wholesale-Market,LargeC&I;SmallC&I,Battery;Solar+Storage,Opt-in,"Full participation in Energy, Ancillary Services and Installed Capacity markets as a standalone ESR, or as a Single Resource Type Aggregation of ESRs",,"NYISO was the first ISO/RTO to allow full ESR participation in energy, capacity and ancillary services markets, implemented under FERC Order No. 841 (FERC accepted NYISO's Order 841 compliance revisions December 20 2019; full-participation model went live in 2020). Minimum size for wholesale participation as an ESR is 100 kW. A Limited Energy Storage Resource (LESR) is a regulation-focused model and must bid ISO-Committed-Flexible; an ESR may bid ISO-Committed-Flexible or Self-Committed Fixed/Flexible. Capacity market eligibility extends to resources able to store as little as two hours of energy, with time-stacking applied to resources with an Energy Duration Limitation (EDL). ESRs may withdraw (charge) at retail rates under Services Tariff 7.2.8",Services Tariff Sections 7.2.8 and 15.4.1.2.4; ICAP Manual Attachment J; NYISO Manual 38 (Aggregation Manual) Section 2.1.3,,,Injections settled at Transmission Node LBMP; charging may be at wholesale LBMP or at the applicable retail rate,Yes,Energy arbitrage + Regulation + Operating Reserves + ICAP from the same ESR; ESR-only Single Resource Type Aggregation; heterogeneous DER Aggregation with solar and demand response,Active,https://www.nyiso.com/-/energy-storage-frequently-asked-questions,2026-09-10,Primary
NYISO-market,multi,New York Independent System Operator,RTO,Regulation Service (Regulation Capacity and Regulation Movement),Wholesale-Market,LargeC&I;SmallC&I,Battery;Solar+Storage;GeneralLoad;Generator,Opt-in,$/MWh Regulation Capacity clearing price plus $/MW Regulation Movement payment for AGC following,,"Reachable by a BTM resource two ways: (1) as a Demand Side Resource in the DSASP program (minimum 1 MW in aggregate by Load Zone; only interruptible load qualifies for Regulation - load backed by a Local Generator does not); or (2) inside a NYISO Aggregation, where under current pre-Order-2222 rules EVERY individual DER in the Aggregation must itself be capable of providing Regulation, and the Aggregation must bid self-committed flexible. Requires 6-second AGC base point following and 6-second two-way telemetry. A Limited Energy Storage Resource (LESR) is the regulation-oriented storage model and bids ISO-Committed-Flexible. Clearing prices not captured here - see NYISO Ancillary Services market data",Services Tariff Rate Schedule 3 and Section 15.4.1.2.4; Ancillary Services Manual; NYISO Manual 38 (Aggregation Manual) Section 2.2.4,,,,Yes,Regulation + Energy + ICAP from the same resource; DSASP may be combined with SCR or EDRP but SCR/EDRP energy payments are netted against DSASP payments,Active,https://www.nyiso.com/documents/20142/3037451/9-Demand-Response.pdf,2026-09-10,Primary
NYISO-market,multi,New York Independent System Operator,RTO,"Operating Reserves (10-Minute Spinning, 10-Minute Non-Synchronized, 30-Minute Synchronized, 30-Minute Non-Synchronized)",Wholesale-Market,LargeC&I;SmallC&I,Battery;Solar+Storage;GeneralLoad;Generator,Opt-in,$/MWh marginal clearing price by product and by reserve region,,"Four Operating Reserve products. Reachable by a BTM resource via DSASP (minimum 1 MW in aggregate by Load Zone; only interruptible load may supply Spinning Reserve, while load served by a qualified Local Generator may supply Non-Synchronized Reserves) or via an Aggregation. Under current rules an Aggregation may only offer the product that EVERY member DER can supply - an aggregation of one 10-minute-spin facility plus two 30-minute-non-sync facilities can only offer 30-minute non-synchronized reserve. Aggregations must bid self-committed flexible; self-committed fixed and ISO-committed fixed bid modes are ineligible for reserves. New reserve Aggregations verify performance during the first two weeks of the first active month instead of prequalifying. DSASP resources must follow 5-minute RTD base points. Reserve prices differ by region (NYCA, East, SENY, Long Island); clearing prices not captured here",Services Tariff Rate Schedule 4 and Section 15.4.1.2.4; Ancillary Services Manual Section 6.12.2; NYISO Manual 38 (Aggregation Manual) Section 2.2.4,,,,Yes,Reserves + Energy + ICAP from the same Aggregation; the all-members-capable restriction is scheduled to change under NYISO's Order 2222 implementation,Active,https://www.nyiso.com/documents/20142/49802416/DER-and-Aggregation-Participation-Model-FAQ.pdf/967117fb-8bbb-1916-651a-0f9dbe904780,2026-09-10,Primary
NYISO-market,multi,New York Independent System Operator,RTO,Capacity Accreditation Factors (CAF) and Peak Load Window - 2025/2026 Capability Year,Wholesale-Market,SmallC&I;LargeC&I;Residential,Battery;Solar+Storage;GeneralLoad;Generator,Opt-in,Derating multiplier applied to ICAP before UCAP is sold; UCAP = ICAP x CAF x derating factor,2025-2026 Final CAFs by Capacity Accreditation Resource Class (Rest of State / GHI Region / NYC Locality / LI Locality): Special Case Resource 77.21% / 76.88% / 68.31% / 74.43%. 2-Hour Energy Duration Limited 74.32% / 73.97% / 64.94% / 52.68%. 4-Hour EDL 78.91% / 78.60% / 78.53% / 87.10%. 6-Hour EDL 87.24% / 87.16% / 85.90% / 94.59%. 8-Hour EDL 96.77% / 96.40% / 96.12% / 98.96%. Solar 12.24% / 12.33% / 12.03% / 10.05%. Landfill Gas 63.95% / 63.87% / 64.04% / 65.68%. Generator and Large Hydro 100% in all regions,"Basis: 2025-2026 IRM 24.4%; G-J LCR 78.8%, Zone J LCR 78.5%, Zone K LCR 106.5%; LOLE 0.100 event-days/year. 2025-2026 Peak Load Window: Summer 10 hours HB 12 through HB 21; Winter 6 hours HB 16 through HB 21. The Peak Load Window sets the bid/schedule/notify obligation for DER, ESRs and resources with Energy Duration Limitations and feeds their derating factors. Optimal output window for SCRs is HB 17-20 (HB 16-19 in Load Zone K); for 4-hour EDL it is HB 16-18 and HB 20. Final CAFs must be posted on or before March 1 for the coming Capability Year","ICAP Manual Sections 7.3, 7.3.2, 7.3.3; ICAP Manual Attachment J",,,,Yes,Applies to SCR capacity revenue and to DER Aggregation ICAP revenue alike,Active,https://www.nyiso.com/documents/20142/49572424/2025-2026%20Final%20CAF%20and%20PLW_%202.4.2025_Final.pdf/a22de6b1-1be3-b732-0976-ee8503146514,2026-09-10,Primary
NYISO-market,multi,New York Independent System Operator,RTO,Monthly Net Benefit Threshold (MNBT) - Order 745 net benefits test,Wholesale-Market,SmallC&I;LargeC&I,GeneralLoad;Battery;Generator,Opt-in,Price floor that gates energy payments for Demand Reductions,,"NYISO runs the Net Benefits Test monthly and posts the Monthly Net Benefit Threshold by the 15th of the preceding month on its Demand Response page. A DER Aggregation or DADRP resource may OFFER below the MNBT, but Demand Reductions performed in an interval where the applicable Transmission Node LBMP is below the MNBT earn no Energy payment, no Day-Ahead Margin Assurance Payment and no Bid Production Cost Guarantee. Exception: if NYISO or the Transmission Owner dispatches the Aggregation for NYCA or local system reliability, the Demand Reductions remain eligible. A DER Aggregation also may not balance Energy withdrawals by Withdrawal-Eligible Generators against Demand Reductions in a Real-Time interval when the Transmission Node LBMP is below the MNBT. Current monthly values not captured here - they change every month","Services Tariff Sections 4.4.1.2, 4.5.2, 4.5.2.1, 4.5.7 and 4.5.7.1; Technical Bulletin 245; NYISO Manual 38 Section 2.1.3.2",,,,Yes-restricted,Gates DADRP and DER Aggregation demand-reduction energy revenue; does not affect capacity or ancillary services revenue,Active,https://www.nyiso.com/demand-response,2026-09-10,Primary
NYISO-market,multi,New York Independent System Operator,RTO,Co-located Storage Resource (CSR) participation model,Wholesale-Market,LargeC&I,Solar+Storage;Battery,Opt-in,"Energy, ancillary services and ICAP revenue for a storage resource sharing a point of injection with a co-located wind or solar resource",,"FERC accepted NYISO's Co-located Storage Resource participation model on March 30 2021, covering Energy and Ancillary Services market rules, metering rules, the Interconnection Process, ICAP market participation rules and market power mitigation, for an ESR that shares a common point of injection with a wind or solar resource. Distinct from the Aggregation model - within an Aggregation, a facility with two or more technology types behind a single point of interconnection is treated as one DER with a maximum Injection Limit of 20 MW",NYISO Services Tariff and OATT CSR provisions,,,,Yes,Pairs with the ESR participation model; a co-located solar+storage facility may alternatively enroll as a single DER facility inside an Aggregation,Active,https://www.rtoinsider.com/20058-ferc-approves-nyiso-co-located-storage-model/,2026-09-10,Secondary
NYISO-market,multi,New York Independent System Operator,RTO,Energy market price levels - 2025 average real-time LBMP by zone,Wholesale-Market,All,Battery;Solar+Storage;GeneralLoad;Any,Opt-in,Reference price level for BTM energy arbitrage and demand-reduction revenue,"2025 calendar-year average real-time LBMP ranged from $54.40/MWh in the West Zone to $81/MWh on Long Island, the spread driven by transmission congestion and losses. RGGI CO2 allowance prices averaged nearly $23/ton in 2025, contributing more than $10/MWh (about 28 percent of production cost) for a typical Central Zone combined cycle","NYISO reserve shortage prices reach $750 to $3,000/MWh even in deep shortages, materially below ISO-NE and PJM ($4,000 to $12,000/MWh), which caps the upside of scarcity-driven BTM dispatch in New York. TSA-related congestion in high-risk hours averaged $300 to $500/MWh in 2025",,,Zonal spread West $54.40/MWh to Long Island $81/MWh in 2025,Settled at Transmission Node LBMP for Aggregations,Yes,Energy arbitrage stacks with ICAP and ancillary services,Active,https://www.potomaceconomics.com/wp-content/uploads/2026/05/NYISO-2025-SOM-Report__5-19-2026-final.pdf,2026-09-10,Primary
NYISO-market,multi,New York Independent System Operator,RTO,SCR to DER Participation Model transition rules,Wholesale-Market,SmallC&I;LargeC&I,GeneralLoad;Battery;Solar+Storage;Generator,Opt-in,No payment - switching rule between the two capacity-earning DR pathways,,"An active SCR may move to the DER participation model monthly: the SCR must be separated in DRIS before the close of the Certification period for the auction month preceding the intended first DER month. A transitioning SCR may use a Provisional DMNC capped at the upper limit of Installed Capacity calculated for the SCR (its former Average Coincident Load) for the immediately prior like Capability Period, submitted within the first 7 days of the pending-review month; the Provisional DMNC must later be validated by an in-period DMNC test and the Aggregation is exposed to oversold-capacity penalties. Moving the other way is much slower: a DER whose capability contributed to an Aggregation's UCAP must give notice by August 1 and can only rejoin the SCR program the following May 1. An SCR base performance test cannot substitute for a DMNC test. As of June 2025 the MMU reported only ONE demand response resource had actually transitioned from SCR to DER","Services Tariff Sections 5.12.11.1, 5.12.11.1.1 and 5.12.13.1; NYISO Manual 38 Sections 2.2.5 and 4.3.3",,,,Yes,Mutually exclusive with SCR - a resource cannot be both an SCR and a DER at the same time,Active,https://www.nyiso.com/documents/20142/49802416/DER-and-Aggregation-Participation-Model-FAQ.pdf/967117fb-8bbb-1916-651a-0f9dbe904780,2026-09-10,Primary
CAISO,CA,California statewide (CPUC / CEC / GO-Biz administered),Federal/State,Net Billing Tariff (NBT) - successor to net energy metering; IOUs brand it 'Solar Billing Plan',Export-Comp,Residential;SmallC&I;LargeC&I,Solar+Storage;Battery,Default,Hourly avoided-cost export credit (Avoided Cost Calculator values) + 9-yr ACC Plus adder for PG&E/SCE residential,,Applies to interconnection applications submitted on/after 2023-04-15; 9-year NBT legacy period for the original interconnecting customer; system sizing up to annual load +50% with attestation,CPUC D.22-12-056 (adopted 2022-12-15); implemented via Resolution E-5301 (2023-11-30),"n/a - export credit is hourly, 8760 values per utility","Import billed on a required 'electrification' TOU rate: E-ELEC (PG&E), TOU-D-PRIME (SCE), EV-TOU-5 (SDG&E)",Exports credited at CPUC Avoided Cost Calculator hourly values (usually below retail; can exceed retail on late-summer evenings); net surplus at true-up paid at wholesale (~$0.02-0.03/kWh),Yes,NEM 2.0 legacy rules; SGIP; ELRP,Active,https://www.cpuc.ca.gov/industries-and-topics/electrical-energy/demand-side-management/customer-generation/net-energy-metering-and-net-billing,2026-09-16,Primary
CAISO,CA,California statewide (CPUC / CEC / GO-Biz administered),Federal/State,Net Energy Metering 2.0 (legacy / grandfathered),Export-Comp,Residential;SmallC&I;LargeC&I,Solar+Storage;Battery,Closed to new,"Retail-rate bill credit for exports (import rates), netted per metered interval",,"Closed to applications after 2023-04-14. 20-year legacy period from interconnection date (D.14-03-041); legacy runs with the system, not the owner. NEM 1.0 customers who rolled to NEM 2.0 do not get a second 20 years",NEM 2.0 (D.16-01-044); 20-yr transition per D.14-03-041,Customer's otherwise-applicable TOU rate,Exports credited at the customer's retail import rate,"1:1 retail-rate net metering, netted hourly (residential) / 15-min (non-res); non-bypassable charges on each net kWh consumed; net surplus at wholesale (~$0.02-0.03/kWh)",Yes,Storage may be paired with a NEM 2.0 system under D.14-05-033 / D.16-04-020 metering rules without losing legacy status,Closed to new enrollment,https://www.cpuc.ca.gov/industries-and-topics/electrical-energy/demand-side-management/customer-generation/net-energy-metering-and-net-billing,2026-09-16,Primary
CAISO,CA,California statewide (CPUC / CEC / GO-Biz administered),Federal/State,NEM legacy forfeiture threshold for system modifications (storage additions),Export-Comp,Residential;SmallC&I;LargeC&I,Battery;Solar+Storage,Default,"Rule, not an incentive",,A grandfathered NEM 1.0/2.0 customer moves to the Solar Billing Plan at their next True-Up only if they increase the RENEWABLE GENERATING nameplate capacity by more than the greater of 1 kW or 10% of the original facility. Adding battery storage alone does not increase renewable generating nameplate capacity and therefore does not forfeit NEM legacy status. PG&E states this in its Solar Billing Plan FAQ.,,,,Adding storage to a grandfathered NEM 2.0 system preserves NEM 2.0 export compensation; adding PV capacity above the 1 kW / 10% threshold forfeits it,Yes,NEM 2.0; SGIP,Active,https://www.pge.com/en/clean-energy/solar/getting-started-with-solar/solar-billing-plan.html,2026-09-16,Primary
CAISO,CA,Pacific Gas and Electric Co (PG&E),IOU,Solar Billing Plan (Schedule NBT),Export-Comp,Residential;SmallC&I;LargeC&I,Solar+Storage;Battery,Default,"Hourly Energy Export Credit at ACC values, plus Energy Export Bonus Credit (ACC Plus adder) for residential systems receiving PTO before 2028",,Residential Energy Export Bonus Credit locked at PTO and paid for 9 years; available only to customers on the Solar Billing Plan before 2028. Business customers moved to SBP billing March 2026,Schedule NBT (Solar Billing Plan),"Required import rate: E-ELEC (Electric Home), peak 4-9 p.m. daily",See E-ELEC row,Hourly Energy Export Credit set from CPUC Avoided Cost Calculator; 8760 hourly values published per year (2023-2026 sheets posted); + ACC Plus adder for residential pre-2028 adopters,Yes,SGIP; ELRP/Power Saver Rewards; SmartRate,Active,https://www.pge.com/tariffs/assets/pdf/tariffbook/ELEC_SCHEDS_NBT.pdf,2026-09-16,Primary
CAISO,CA,Southern California Edison Co (SCE),IOU,Solar Billing Plan (Net Billing Tariff),Export-Comp,Residential;SmallC&I;LargeC&I,Solar+Storage;Battery,Default,"Hourly export credit at ACC values, plus ACC Plus adder for residential systems interconnecting before end of 2027",,ACC Plus adder paid for 9 years; not available to customers required to install solar by building code,Schedule NBT,Required import rate: TOU-D-PRIME,See TOU-D-PRIME row,Hourly export credit at CPUC Avoided Cost Calculator values; + ACC Plus adder for residential pre-2028 adopters; net surplus at wholesale,Yes,SGIP; ELRP; Smart Energy Program,Active,https://www.sce.com/residential/generating-your-own-power/solar-billing-plan,2026-09-16,Primary
CAISO,CA,San Diego Gas & Electric Co (SDG&E),IOU,Solar Billing Plan (Net Billing Tariff),Export-Comp,Residential;SmallC&I;LargeC&I,Solar+Storage;Battery,Default,Hourly export credit at ACC values,,No ACC Plus adder - CPUC excluded SDG&E residential customers because SDG&E's higher retail rates already produce larger bill savings,Schedule NBT,Required import rate: EV-TOU-5,See EV-TOU-5 row,Hourly export credit at CPUC Avoided Cost Calculator values; NO ACC Plus adder; net surplus at wholesale,Yes,SGIP; ELRP/Power Saver Rewards,Active,https://www.sdge.com/solar/solar-billing-plan,2026-09-16,Primary
CAISO,CA,Pacific Gas and Electric Co (PG&E),IOU,Schedule E-ELEC - Residential Time-of-Use (Electric Home),TOU-Rate,Residential,Battery;EV/EVSE;HeatPump;Solar+Storage,Opt-in,TOU energy rate + daily income-tiered Base Services Charge,"Base Services Charge (eff 2026-03-01): $0.19713/day Income Tier 1, $0.39688/day Tier 2, $0.79343/day Tier 3. CA Climate Credit $36.18/household semiannual","Mandatory rate for residential Net Billing Tariff customers. Otherwise requires a qualifying technology: EV, energy storage (>=2 kWh, or >=0.05% of annual kWh if usage >6,000 kWh/yr), or electric heat pump",Schedule E-ELEC (Cal. P.U.C. Sheet 61545-E; Advice 7975-E eff 2026-08-28; rates per Advice 7921-E eff 2026-06-01),Peak 4-9pm every day incl weekends/holidays; Part-peak 3-4pm and 9pm-12am; Off-peak all other hours. Summer = Jun 1-Sep 30,Total bundled eff 2026-06-01: summer peak $0.55214 / part-peak $0.39026 / off-peak $0.33358 per kWh; winter peak $0.32063 / part-peak $0.29854 / off-peak $0.28468,Per Schedule NBT if on Solar Billing Plan; E-ELEC also open to legacy NEM/NEM2 customers with a qualifying technology,Yes,Solar Billing Plan (NBT); NEM/NEM2; SGIP; ELRP,Active,https://www.pge.com/tariffs/assets/pdf/tariffbook/ELEC_SCHEDS_E-ELEC.pdf,2026-09-16,Primary
CAISO,CA,Pacific Gas and Electric Co (PG&E),IOU,Schedule E-TOU-C - Residential Time-of-Use (Peak Pricing 4-9 p.m. Every Day),TOU-Rate,Residential,GeneralLoad;Battery,Opt-in,TOU energy rate with baseline credit + daily income-tiered Base Services Charge,Baseline credit $0.08140/kWh on baseline usage; Base Services Charge $0.19713 / $0.39688 / $0.79343 per day by income tier (eff 2026-03-01),Bill protection closed to customers enrolling after 2022-05-04,"Schedule E-TOU-C (Cal. P.U.C. Sheet 61124-E, eff 2026-03-01; rates Advice 7921-E eff 2026-06-01)",Peak 4-9pm all days year-round; Off-peak all other times. Summer = Jun 1-Sep 30,Total bundled eff 2026-06-01: summer peak $0.52240 / off-peak $0.39940; winter peak $0.39757 / off-peak $0.36757 per kWh; less $0.08140/kWh baseline credit,Not a solar tariff by itself - export terms come from NEM2 or Schedule NBT,Yes,NEM2; SmartRate; SmartAC,Active,https://www.pge.com/tariffs/assets/pdf/tariffbook/ELEC_SCHEDS_E-TOU-C.pdf,2026-09-16,Primary
CAISO,CA,Pacific Gas and Electric Co (PG&E),IOU,Schedule EV2 (EV2-A) - Residential Time-of-Use for Plug-in Electric Vehicle Customers,EV-Rate,Residential,EV/EVSE;Battery;HeatPump,Opt-in,TOU energy rate with a very wide peak/off-peak spread + daily income-tiered Base Services Charge,Base Services Charge $0.19713 / $0.39688 / $0.79343 per day by income tier (eff 2026-03-01),"Storage-only enrollment is a PILOT capped at 30,000 storage-only customers; battery must be >=2 kWh (or >=0.05% of annual kWh above 6,000 kWh/yr). Whole-premise usage above 800% of baseline over 12 months forces removal to E-TOU-D and a 12-month ban from EV rates",Schedule EV2 (Cal. P.U.C. Sheet 61169-E eff 2026-03-01; rates Advice 7921-E eff 2026-06-01),Peak 4-9pm every day; Part-peak 3-4pm and 9pm-12am; Off-peak all other hours. Summer = Jun 1-Sep 30,Total bundled eff 2026-06-01: summer peak $0.53809 / part-peak $0.42760 / off-peak $0.22558; winter peak $0.41099 / part-peak $0.39428 / off-peak $0.22558 per kWh,Not a solar tariff by itself; NEM2 customers may take EV2,Yes-restricted,NEM2; SGIP; ELRP,Active,https://www.pge.com/tariffs/assets/pdf/tariffbook/ELEC_SCHEDS_EV2%20(Sch).pdf,2026-09-16,Primary
CAISO,CA,Southern California Edison Co (SCE),IOU,Schedule TOU-D Option 4-9PM (TOU-D-4-9PM),TOU-Rate,Residential,GeneralLoad;Battery;HeatPump,Opt-in,TOU energy rate + baseline credit + daily Base Services Charge,"Baseline credit $0.10/kWh up to monthly baseline allocation; Base Services Charge $0.79/day. Extra baseline allocation for heat-pump water heater customers (1.9 kWh/day summer, 2.6 kWh/day winter)",Switching onto a TOU rate locks the customer out of another rate change for 12 months,"Schedule TOU-D, Option 4-9PM","Summer (Jun-Sep): On-peak weekdays 4-9pm; weekend 4-9pm is Mid-peak; Off-peak all other. Winter (Oct-May): Super-off-peak 8am-4pm, Mid-peak 4-9pm, Off-peak all other","Summer weekday on-peak 58c / off-peak 34c; summer weekend mid-peak 46c / off-peak 34c; winter mid-peak 51c / super-off-peak 33c / off-peak 37c per kWh (SCE-published rounded values, no effective date shown on page; subtract 10c baseline credit within allocation)","Per Schedule NBT or NEM2, depending on vintage",Yes,Solar Billing Plan; NEM2; SGIP; ELRP; Smart Energy Program,Active,https://www.sce.com/save-money/rates-financing/residential-rate-plans/time-of-use-plans,2026-09-16,Primary
CAISO,CA,Southern California Edison Co (SCE),IOU,Schedule TOU-D Option 5-8PM (TOU-D-5-8PM),TOU-Rate,Residential,GeneralLoad;Battery;HeatPump,Opt-in,TOU energy rate + baseline credit + daily Base Services Charge,Baseline credit $0.10/kWh up to monthly baseline allocation; Base Services Charge $0.79/day,12-month lock-in after a rate switch,"Schedule TOU-D, Option 5-8PM","Summer (Jun-Sep): On-peak weekdays 5-8pm; weekend 5-8pm Mid-peak; Off-peak all other. Winter (Oct-May): Super-off-peak 8am-4pm, Mid-peak 5-8pm, Off-peak all other","Summer weekday on-peak 74c / off-peak 34c; summer weekend mid-peak 54c / off-peak 34c; winter mid-peak 60c / super-off-peak 32c / off-peak 38c per kWh (SCE-published rounded values, no effective date shown on page)",Per Schedule NBT or NEM2,Yes,NEM2; SGIP; ELRP; Smart Energy Program,Active,https://www.sce.com/save-money/rates-financing/residential-rate-plans/time-of-use-plans,2026-09-16,Primary
CAISO,CA,Southern California Edison Co (SCE),IOU,Schedule TOU-D Option PRIME (TOU-D-PRIME),TOU-Rate,Residential,Battery;EV/EVSE;HeatPump;Solar+Storage,Default,TOU energy rate with wide peak/off-peak spread + daily Base Services Charge; no baseline credit,Base Services Charge $0.79/day; no baseline credit,"MANDATORY rate for SCE Solar Billing Plan (NBT) customers. Otherwise requires attestation of EV/PHEV ownership or lease, a residential battery, or an electric heat pump for water or space heating. 12-month lock-in after switching","Schedule TOU-D, Option PRIME","Summer (Jun-Sep): On-peak weekdays 4-9pm; weekend 4-9pm Mid-peak; Off-peak all other. Winter (Oct-May): Super-off-peak 8am-4pm, Mid-peak 4-9pm, Off-peak all other","Summer weekday on-peak 59c / off-peak 26c; summer weekend mid-peak 40c / off-peak 26c; winter mid-peak 56c / super-off-peak 24c / off-peak 24c per kWh (SCE-published rounded values, no effective date shown on page)",Per Schedule NBT (hourly ACC export credit + ACC Plus adder),Yes,Solar Billing Plan; SGIP; ELRP; Smart Energy Program,Active,https://www.sce.com/save-money/rates-financing/residential-rate-plans/time-of-use-plans,2026-09-16,Primary
CAISO,CA,Southern California Edison Co (SCE),IOU,"Schedule TOU-D Options A, B and T (discontinued TOU periods)",TOU-Rate,Residential,GeneralLoad;Battery,Closed to new,Legacy TOU rate options,,Closed to new enrollment; existing customers may stay but cannot return once they leave,Schedule TOU-D Options A / B / T,Legacy TOU periods (not the 4-9pm or 5-8pm structure),,Per NEM2 vintage,Yes-restricted,NEM2,Closed to new enrollment,https://www.sce.com/save-money/rates-financing/residential-rate-plans/time-of-use-plans,2026-09-16,Primary
CAISO,CA,San Diego Gas & Electric Co (SDG&E),IOU,Schedule TOU-DR1 - Residential Time of Use Service,TOU-Rate,Residential,GeneralLoad;Battery,Default,TOU energy rate + baseline adjustment credit + daily Base Services Charge,"Baseline Adjustment Credit $0.10905/kWh up to 130% of baseline; Base Services Charge $0.79343/day standard, $0.39688/day for CARE(DRAH) and FERA (eff 2026-01-01)",SDG&E states TOU-DR1 is its standard residential schedule,Schedule TOU-DR1 (total rates table effective 2026-01-01),On-Peak 4-9pm; Off-Peak and Super Off-Peak all other hours. Summer = Jun-Oct,Total eff 2026-01-01: summer on-peak $0.69654 / off-peak $0.47560 / super-off-peak $0.38818; winter on-peak $0.62200 / off-peak $0.54019 / super-off-peak $0.44933 per kWh,Per NEM2 or Schedule NBT depending on vintage,Yes,NEM2; SGIP; ELRP,Active,https://www.sdge.com/sites/default/files/regulatory/1-1-26%20Schedule%20TOU-DR1%20Total%20Rates%20Table.pdf,2026-09-16,Primary
CAISO,CA,California statewide (CPUC / CEC / GO-Biz administered),Federal/State,Emergency Load Reduction Program (ELRP) - non-residential / Group A and Group B,DR-Curtailment,SmallC&I;LargeC&I,Battery;Solar+Storage;EV/EVSE;V2G;GeneralLoad,Opt-in,$/kWh performance payment for measured load reduction; no penalty for non-performance,$2.00/kWh for every kWh of measured voluntary reduction (non-residential),"May-Oct, 7 days/wk, 4-9pm window; events 1 hr min to 5 hr max; up to 60 event-hours per year; consecutive days allowed. Triggered by CAISO EEA Watch/EEA-1/2/3 or (residential) a day-ahead Flex Alert",ELRP pilot per CPUC D.21-12-015 as updated by D.23-12-005,4-9pm May-Oct when called,"n/a - event-based payment, not a rate",BTM solar+storage with permission to export explicitly eligible under Group A,Yes,"Group B allows customers already in CAISO market-integrated DR (DRAM, CBP) to earn ELRP for INCREMENTAL reduction beyond what is committed to CAISO. Base Interruptible Program customers are eligible for Group A",Active,https://www.cpuc.ca.gov/industries-and-topics/electrical-energy/electric-costs/demand-response-dr/emergency-load-reduction-program,2026-09-16,Primary
CAISO,CA,California statewide (CPUC / CEC / GO-Biz administered),Federal/State,Power Saver Rewards (residential ELRP sub-program A.6),CPP-PTR,Residential,GeneralLoad;Thermostat/AC;Battery,Opt-out,$/kWh performance payment for incremental load reduction during events,$1.00/kWh for voluntary incremental residential load reduction,"May-Oct, 4-9pm; 1-5 hr events; 60 hr/yr program cap. Nearly 4 million IOU customers were auto-enrolled starting summer 2022",ELRP sub-program A.6,4-9pm May-Oct when called,n/a,"n/a - measured against a baseline, not an export tariff",Yes-restricted,Non-res ELRP; utility DR programs,Terminated,https://www.cpuc.ca.gov/industries-and-topics/electrical-energy/electric-costs/demand-response-dr/emergency-load-reduction-program,2026-09-16,Primary
CAISO,CA,Pacific Gas and Electric Co (PG&E),IOU,"Emergency Load Reduction Program (PG&E, administered via Olivine)",DR-BYOD,SmallC&I;LargeC&I,Battery;Solar+Storage;EV/EVSE;V2G;GeneralLoad,Opt-in,$/kWh performance payment,"$2.00/kWh of measured load reduction (non-residential, per CPUC ELRP terms)","May-Oct, 4-9pm, 1-5 hr events, 60 hr/yr cap",ELRP (PG&E implementation),4-9pm May-Oct when called,,,Yes,"Base Interruptible Program; Capacity Bidding Program (Group B, incremental only)",Active,https://www.cpuc.ca.gov/industries-and-topics/electrical-energy/electric-costs/demand-response-dr/emergency-load-reduction-program,2026-09-16,Primary
CAISO,CA,Southern California Edison Co (SCE),IOU,Emergency Load Reduction Program (SCE),DR-BYOD,SmallC&I;LargeC&I,Battery;Solar+Storage;EV/EVSE;V2G;GeneralLoad,Opt-in,$/kWh performance payment,"$2.00/kWh of measured load reduction (non-residential, per CPUC ELRP terms)","May-Oct, 4-9pm, 1-5 hr events, 60 hr/yr cap",ELRP (SCE implementation),4-9pm May-Oct when called,,,Yes,"Base Interruptible Program; Capacity Bidding Program (Group B, incremental only); Smart Energy Program",Active,https://www.sce.com/factsheet/emergency-load-reduction-program,2026-09-16,Primary
CAISO,CA,San Diego Gas & Electric Co (SDG&E),IOU,Emergency Load Reduction Program (SDG&E),DR-BYOD,SmallC&I;LargeC&I,Battery;Solar+Storage;EV/EVSE;V2G;GeneralLoad,Opt-in,$/kWh performance payment,"$2.00/kWh of measured load reduction (non-residential, per CPUC ELRP terms)","May-Oct, 4-9pm, 1-5 hr events, 60 hr/yr cap",ELRP (SDG&E implementation),4-9pm May-Oct when called,,,Yes,"Base Interruptible Program; Capacity Bidding Program (Group B, incremental only)",Active,https://www.cpuc.ca.gov/industries-and-topics/electrical-energy/electric-costs/demand-response-dr/emergency-load-reduction-program,2026-09-16,Primary
CAISO,CA,California statewide (CPUC / CEC / GO-Biz administered),Federal/State,"Self-Generation Incentive Program (SGIP) - Residential Solar and Storage Equity (RSSE, AB 209 budget)",Storage-Incentive,Residential,Battery;Solar+Storage,Waitlist,Upfront $/kWh storage rebate + $/kW solar rebate,"Storage $1,100/kWh; Solar $3,100/kW (CPUC-published rate table, current as of 2026-09-16). Authorized budget $280 million",Reservations opened 2025-06-02. Open to any low-income residential electric and/or gas customer in California (not only IOU customers). All applicants must enroll in a qualified Demand Response program within one year of reserving funds. CPUC D.24-03-071 established the budget; Resolution E-5362 opened it; Resolution E-5373 handles IRA tax-credit interaction,SGIP RSSE budget,,,Rebate is upfront; export compensation comes from the customer's NEM/NBT tariff,Yes,NBT / Solar Billing Plan; ELRP; a qualified DR program is REQUIRED,Active,https://www.cpuc.ca.gov/industries-and-topics/electrical-energy/demand-side-management/self-generation-incentive-program,2026-09-16,Primary
CAISO,CA,California statewide (CPUC / CEC / GO-Biz administered),Federal/State,SGIP - Small Residential Storage budget (general market),Storage-Incentive,Residential,Battery,Closed to new,Upfront $/kWh storage rebate,$150/kWh (CPUC rate table),CPUC lists this budget as available through 2025. Requires enrollment in a qualified DR program within one year of reservation,SGIP Small Residential Storage,,,,Yes,NBT; ELRP,Closed to new enrollment,https://www.cpuc.ca.gov/industries-and-topics/electrical-energy/demand-side-management/self-generation-incentive-program,2026-09-16,Primary
CAISO,CA,California statewide (CPUC / CEC / GO-Biz administered),Federal/State,SGIP - Equity Resiliency budget,Storage-Incentive,Residential;SmallC&I;LargeC&I,Battery;Solar+Storage,Closed to new,Upfront $/kWh storage rebate,"$1,000/kWh (CPUC rate table)","CPUC lists this budget as available through 2025. Targeted at customers in high fire-threat districts, PSPS-affected areas and medical-baseline / vulnerable households. Established by D.19-09-027",SGIP Equity Resiliency,,,,Yes,NBT; ELRP,Closed to new enrollment,https://www.cpuc.ca.gov/industries-and-topics/electrical-energy/demand-side-management/self-generation-incentive-program,2026-09-16,Primary
CAISO,CA,California statewide (CPUC / CEC / GO-Biz administered),Federal/State,SGIP - San Joaquin Valley Residential budget,Storage-Incentive,Residential,Battery,Closed to new,Upfront $/kWh storage rebate,"$1,100/kWh (CPUC rate table)",PG&E or SCE residential customers only; CPUC lists as available through 2025,SGIP San Joaquin Valley Residential,,,,Yes,NBT; ELRP,Closed to new enrollment,https://www.cpuc.ca.gov/industries-and-topics/electrical-energy/demand-side-management/self-generation-incentive-program,2026-09-16,Primary
CAISO,CA,California statewide (CPUC / CEC / GO-Biz administered),Federal/State,SGIP - Non-Residential Equity and Large-Scale Storage budgets,Storage-Incentive,SmallC&I;LargeC&I,Battery;Solar+Storage,Closed to new,Upfront $/kWh storage rebate,"Non-Residential Equity $850/kWh; Large-Scale Storage $250/kWh; SCE San Joaquin Valley Non-Residential $1,000/kWh; Generation $2,000/kW (CPUC rate table)","IOU customers (PG&E, SCE, SDG&E, SoCalGas) including unbundled/CCA customers. CPUC lists these budgets as available through 2025",SGIP non-residential budgets,,,,Yes,ELRP; Base Interruptible Program; Capacity Bidding Program,Closed to new enrollment,https://www.cpuc.ca.gov/industries-and-topics/electrical-energy/demand-side-management/self-generation-incentive-program,2026-09-16,Primary
CAISO,CA,California statewide (CPUC / CEC / GO-Biz administered),Federal/State,Demand Side Grid Support (DSGS) Program,VPP,Residential;SmallC&I;LargeC&I,Battery;Solar+Storage;EV/EVSE;GeneralLoad;Generator,Opt-in,Upfront capacity commitment payment plus per-unit net-load-reduction payment,,Events May through October during extreme grid events. Options 1-4; residential batteries participate via aggregators. Guidelines Fifth Edition adopted 2026; CEC issued a budget update notice 2025-10-01,"DSGS Program Guidelines, Fifth Edition (docket 22-RENEW-01)",May-Oct extreme-event windows,"n/a - event payment, not a rate",n/a,Yes,Separate from and stackable in principle with CPUC ELRP; verify per-event double-counting rules with the administrator (Olivine),Active,https://www.energy.ca.gov/programs-and-topics/programs/demand-side-grid-support-program,2026-09-16,Primary
CAISO,CA,Pacific Gas and Electric Co (PG&E),IOU,Schedule E-BIP - Base Interruptible Program,DR-Curtailment,LargeC&I,Battery;GeneralLoad;Solar+Storage,Opt-in,"$/kW-month capacity payment on Potential Load Reduction, with $/kWh penalty for energy above Firm Service Level","15-Minute BIP: Nov-Apr $10.60 (1-500 kW) / $11.20 (501-1,000 kW) / $11.80 (>1,000 kW) per kW-month; May-Oct $13.60 / $14.20 / $14.80 per kW-month. 30-Minute BIP: Nov-Apr $9.50 / $10.00 / $10.50; May-Oct $12.50 / $13.00 / $13.50 per kW-month. Rates effective 2025-05-17 (Advice 7572-E); D.23-12-005 authorized the $2/kW May-Oct adder for 2024-2027. Excess Energy Charge $6.00/kWh above Firm Service Level ($8.40/kWh after a failed re-test)","Max 1 event/day, 6 hours max per event, max 10 events/calendar month, 180 hours/calendar year; year-round; 15- or 30-minute notice. Two utility test events per year count as program events. Requires >=100 kW max demand and FSL <=85% of highest monthly max demand, minimum 100 kW reduction","Schedule E-BIP (Cal. P.U.C. Sheet 61454-E et seq.; Advice 7942-E eff 2026-07-10, Res. E-5451)","Dispatch triggered by CAISO market award / Operating Procedure 4420, or PG&E T&D reliability need; measured against summer on-peak / winter on-peak or partial-peak demand","n/a - capacity payment, not a rate",Customers on Net Energy Metering schedules (except NEMCCSF) are eligible,Yes,"STACKS WITH: ELRP, Schedule E-SLRP, and (legacy dual enrollments only) Peak Day Pricing. PROHIBITED with any other capacity-based program including the Capacity Bidding Program",Active,https://www.pge.com/tariffs/assets/pdf/tariffbook/ELEC_SCHEDS_E-BIP.pdf,2026-09-16,Primary
CAISO,CA,Pacific Gas and Electric Co (PG&E),IOU,Underfrequency Relay (UFR) Program (rider to Schedule E-BIP),DR-Curtailment,LargeC&I,GeneralLoad,Opt-in,$/kW-month demand credit for automatic underfrequency interruption,$0.67/kW-month demand credit on average monthly summer on-peak / winter partial-peak demand,Automatic interruption when system frequency drops to 59.65 Hz for 20 cycles. Direct-enrolled customers only (not available through DR aggregators). PG&E may require up to 3 years written notice to terminate,"Schedule E-BIP, Underfrequency Relay Program section","Automatic, any time",n/a,,No,Base Interruptible Program,Active,https://www.pge.com/tariffs/assets/pdf/tariffbook/ELEC_SCHEDS_E-BIP.pdf,2026-09-16,Primary
CAISO,CA,California statewide (CPUC / CEC / GO-Biz administered),Federal/State,Demand Response Auction Mechanism (DRAM),Wholesale-Market,SmallC&I;LargeC&I;Residential,Battery;GeneralLoad;Thermostat/AC,Closed to new,Competitive auction for Resource Adequacy capacity from third-party DR aggregators bidding into CAISO,,"Last delivery year was 2024. The CPUC issued its final decision in April 2024 to discontinue DRAM after the 2024 delivery year; the pilot ran from 2016 through 2024 via D.16-06-029, D.17-10-017 and D.19-07-009. Successor capacity-accreditation treatment for DR is being developed in the CPUC DR proceeding",DRAM pilot (CPUC DR proceeding; CAISO Proxy Demand Resource registration),,n/a,,Yes-restricted,Superseded; aggregators now reach CAISO via the Proxy Demand Resource / DERP models and ELRP,Terminated,https://www.utilitydive.com/news/demand-response-california-dram-der-distributed-energy-resources/715987/,2026-09-16,Secondary
CAISO,CA,Pacific Gas and Electric Co (PG&E),IOU,Schedule E-CBP - Capacity Bidding Program,VPP,Residential;SmallC&I;LargeC&I,Battery;GeneralLoad;Thermostat/AC;Solar+Storage,Opt-in,"Monthly $/kW capacity payment on nominated load plus $/kWh energy payment for delivered event curtailment; paid to the aggregator, who sets customer compensation",,"Aggregator-managed and integrated into CAISO as a Proxy Demand Resource (PDR). Season May 1 - Oct 31. 'Elect' option: max 1 event/day, 4-hour max event duration, participant may elect more than 6 events/month. Day-ahead notification by 5 p.m. Triggered by a CAISO market award for the CBP PDR. NO minimum demand requirement. Net-metered, partial-standby, Auto-DR, bundled, DA and CCA customers eligible; full-standby, WAPA-served and NEMCCSF customers are not","Schedule E-CBP (Cal. P.U.C. Sheet 49623-E; Advice 6160-E, D.21-03-056)","May 1 - Oct 31 event windows, day-ahead notice",n/a - capacity + energy payment,Net-metered customers explicitly eligible,Yes,May dual-participate with Schedule E-OBMC and with ELRP Group B (incremental reduction only). NOT compatible with the Base Interruptible Program (both are capacity-based),Active,https://www.pge.com/tariffs/assets/pdf/tariffbook/ELEC_SCHEDS_E-CBP.pdf,2026-09-16,Primary
CAISO,CA,Pacific Gas and Electric Co (PG&E),IOU,Peak Day Pricing (PDP),CPP-PTR,SmallC&I;LargeC&I,GeneralLoad;Battery,Opt-in,Summer rate discount in exchange for a high event-day surcharge,,"9 to 15 Peak Day Pricing Event Days per year, typically the hottest summer days. New dual enrollment with the Base Interruptible Program has not been available since 2018-10-26",Peak Day Pricing rate option,Event-day peak hours in summer,"Summer rates are discounted; effective rates are higher during PDP event hours (specific credit and surcharge values published in the underlying rate schedules, not on the program page)",Per NEM2 / Schedule NBT,Yes,Automated Demand Response; legacy BIP dual enrollment only,Active,https://www.pge.com/en/account/rate-plans/peak-day-pricing.html,2026-09-16,Primary
CAISO,CA,Pacific Gas and Electric Co (PG&E),IOU,Schedule E-OBMC - Optional Binding Mandatory Curtailment Plan,DR-Curtailment,SmallC&I;LargeC&I,GeneralLoad;Battery,Opt-in,No cash incentive - the benefit is exemption from rotating outages; penalty-only structure,$0 incentive; $6.00/kWh penalty for each kWh above the commitment,Must reduce entire circuit load 5-15% within 15 minutes of alert (eligibility requires ability to achieve 15% below baseline). Events any day including weekends/holidays with no frequency or duration limit. Second failure in a 1-year period terminates the plan and bars re-entry for 5 years,Schedule E-OBMC,"Any day, any hour, no cap",n/a,,Yes,Capacity Bidding Program,Active,https://www.pge.com/tariffs/assets/pdf/tariffbook/ELEC_SCHEDS_E-OBMC.pdf,2026-09-16,Primary
CAISO,CA,Pacific Gas and Electric Co (PG&E),IOU,Automated Demand Response (ADR) incentive,DR-BYOD,SmallC&I;LargeC&I,GeneralLoad;Thermostat/AC;Battery,Opt-in,"Upfront $/kW incentive for OpenADR-capable automation, capped as a share of project cost","$200/kW for approved projects, up to 75% of eligible project costs","Requires enrollment in an eligible PG&E DR program (Peak Day Pricing or Capacity Bidding Program), OpenADR 2.0a/2.0b capability, 12 months billing history, and a 3-year (Standard option 1) or 5-year (option 2) participation commitment",Automated Demand Response program,n/a - enabling incentive,n/a,,Yes,REQUIRES co-enrollment in Peak Day Pricing or the Capacity Bidding Program,Active,https://www.pge.com/en/save-energy-and-money/energy-saving-programs/demand-response-programs/business-programs.html,2026-09-16,Primary
CAISO,CA,Pacific Gas and Electric Co (PG&E),IOU,Automated Response Technology (ART),VPP,Residential,Battery;Solar+Storage;Thermostat/AC;EV/EVSE,Opt-in,"Incentive set and paid by the third-party ART provider, not by PG&E",,Events may occur at any time and last 1 to 4 hours in a single day; day-ahead email notification. Enrollment is via a third-party provider. Batteries may export stored energy to the grid during events,Automated Response Technology (pge.com/art),Any time; 1-4 hour events,n/a,Battery may send energy to the grid during program events,Yes,"Mutually exclusive with SmartRate, SmartAC, WatterSaver and other PG&E residential DR - PG&E residential rule: a customer may participate in only ONE energy incentive / peak-hour / direct-bidding program at a time",Active,https://www.pge.com/en/save-energy-and-money/energy-saving-programs/demand-response-programs/automated-response-technology.html,2026-09-16,Primary
CAISO,CA,Pacific Gas and Electric Co (PG&E),IOU,SmartRate (residential critical peak pricing),CPP-PTR,Residential,GeneralLoad;Thermostat/AC;Battery,Opt-in,"Summer rate discount plus a high per-kWh surcharge during SmartRate event hours, with a first-year Bill Protection guarantee",,PG&E's page states SmartRate is 'risk free and backed by our Bill Protection guarantee'; the per-kWh credit and event surcharge are set in the underlying rate schedule and were not retrievable from the published tariff PDF path tested,SmartRate rate option,Summer SmartRate event days,,,Yes,Mutually exclusive with other PG&E residential DR programs - PG&E residential rule: a customer may participate in only ONE energy incentive / peak-hour / direct-bidding program at a time,Active,https://www.pge.com/en/account/rate-plans/smartrate.html,2026-09-16,Primary
CAISO,CA,Pacific Gas and Electric Co (PG&E),IOU,SmartAC,DR-DLC,Residential,Thermostat/AC,Opt-in,Bill credit for utility-controlled A/C cycling via a SmartAC switch,,Requires a central air conditioning unit; PG&E remotely shifts A/C load out of peak hours,SmartAC program,Summer peak event hours,n/a,n/a,No,Mutually exclusive with other PG&E residential DR programs - PG&E residential rule: a customer may participate in only ONE energy incentive / peak-hour / direct-bidding program at a time,Active,https://www.pge.com/en/save-energy-and-money/energy-saving-programs/demand-response-programs/smartac.html,2026-09-16,Primary
CAISO,CA,Pacific Gas and Electric Co (PG&E),IOU,WatterSaver,DR-DLC,Residential,ElectricWaterHeater;HeatPump,Opt-in,Enrollment bonus plus monthly participation credit,$50 gift card enrollment bonus plus $5 gift card credit for every month of participation,Requires an electric water heater; heating is shifted automatically to lower-cost hours,WatterSaver,Shifts water heating out of high-price hours,n/a,n/a,No,Mutually exclusive with other PG&E residential DR programs - PG&E residential rule: a customer may participate in only ONE energy incentive / peak-hour / direct-bidding program at a time,Active,https://www.pge.com/en/save-energy-and-money/energy-saving-programs/demand-response-programs.html,2026-09-16,Primary
CAISO,CA,Southern California Edison Co (SCE),IOU,Behind-the-Meter Optimization of Load Technology (BOLT) Study,VPP,Residential,Battery;EV/EVSE;Thermostat/AC;Solar+Storage,Pilot,"One-time enrollment bonus plus a post-participation reward, per device","Behind-the-meter batteries up to $400 each; electric vehicles up to $125 each; smart thermostats up to $100 each. No device limit. Rewards paid in two stages (enrollment bonus, then after study participation)","Study, not a permanent tariff. Enrollment through study partners EnergyHub, Octopus or Uplight/Optiwatt. EV participants must have home charging",Behind-the-Meter Optimization of Load Technology Study,Peak demand periods,n/a,n/a,Yes,Runs through third-party aggregators; interaction with Smart Energy Program / Summer Discount Plan not stated on SCE's page,Pilot,https://www.sce.com/save-money/savings-programs/ways-to-save-at-home/what-is-demand-response,2026-09-16,Primary
CAISO,CA,Southern California Edison Co (SCE),IOU,Smart Energy Program (SEP),DR-BYOT,Residential,Thermostat/AC,Opt-in,One-time sign-up bill credit plus annual bill credits for thermostat events,$75 one-time sign-up credit plus up to $50/year in bill credits for maintaining enrollment June 1 - Sept 30,Requires a qualifying smart thermostat with a central A/C system. SCE raises the thermostat setpoint up to 4 degrees during events; customer may override any event at any time,Smart Energy Program,"Summer event hours, June 1 - Sept 30",n/a,n/a,No,SCE states customers may be enrolled in only one A/C-based program at a time (SEP or Summer Discount Plan),Active,https://www.sce.com/residential/demand-response/smart-energy-program,2026-09-16,Primary
CAISO,CA,Southern California Edison Co (SCE),IOU,Summer Discount Plan (SDP),DR-DLC,Residential;SmallC&I,Thermostat/AC,Opt-in,Monthly summer bill credits for utility-controlled A/C cycling,Up to $160/year in summer bill credits,Requires a central A/C system. SCE cycles the A/C off and on during events. The 'override' program option allows opting out of up to 5 events per year. Credits earned June 1 - Sept 30,Summer Discount Plan,"Summer event hours, June 1 - Sept 30",n/a,n/a,No,Mutually exclusive with the Smart Energy Program,Active,https://www.sce.com/save-money/savings-programs/enroll-in-savings-programs/summer-discount-plan,2026-09-16,Primary
CAISO,CA,Southern California Edison Co (SCE),IOU,Capacity Bidding Program - Elect (CBP-E) and CBP-E Direct,VPP,Residential;SmallC&I;LargeC&I,Battery;GeneralLoad;Thermostat/AC;Solar+Storage,Opt-in,Capacity Payments plus Energy Payments; for CBP-E the aggregator sets what the customer receives,Aggregator-determined for CBP-E; CBP-E Direct pays based on event performance,"Summer-only, event-based. CBP-E Direct credits earned May 1 - Oct 31. Open to all customer classes",Schedule CBP,Summer event windows,n/a,n/a,Yes,"Aggregator-mediated; SCE lists AutoGrid, EnergyHub, Enersponse, Leap and Stem as third-party DR providers in its territory",Active,https://www.sce.com/save-money/savings-programs/enroll-in-savings-programs/capacity-bidding-program-elect,2026-09-16,Primary
CAISO,CA,Southern California Edison Co (SCE),IOU,Critical Peak Pricing (CPP) - residential and non-residential,CPP-PTR,Residential;SmallC&I;LargeC&I,GeneralLoad;Battery,Opt-in,Monthly summer bill credits in exchange for much higher energy rates during CPP events,SCE states average savings around $50/year for residential participants,"12-15 CPP events per year, 4 p.m. to 9 p.m.; events may be called year-round including weekends and holidays. Monthly bill credits earned June 1 - Sept 30. First-year bill protection: total paid will not exceed what the customer would have paid on their prior rate. No penalties for not curtailing",Critical Peak Pricing (CPP) rate option; requires a TOU rate and Bundled Service from SCE,CPP events 4-9pm,Event-hour energy rates are significantly higher than the underlying TOU rate,Per NEM2 / Schedule NBT,Yes,Requires SCE bundled service on a TOU rate; not available to CCA or Direct Access generation customers,Active,https://www.sce.com/business/rates-financing/rate-plans/critical-peak-pricing,2026-09-16,Primary
CAISO,CA,Southern California Edison Co (SCE),IOU,SmartShift Rewards,DR-DLC,Residential,ElectricWaterHeater;HeatPump,Opt-in,Enrollment reward plus monthly participation payments,$100 enrollment reward plus $5 to $10 per month of participation (SCE's comparison table cites a $50 sign-up credit and about $60/year average),Year-round. Heat pump water heaters require a thermostatic mixing valve and WiFi; electric resistance water heaters require WiFi (a free external communication device is available). Must be connected at least 2 weeks each month to earn the reward. Opt out at any time,SmartShift Rewards,Year-round,n/a,n/a,No,Unknown,Active,https://www.sce.com/save-money/savings-programs/ways-to-save-at-home/what-is-demand-response,2026-09-16,Primary
CAISO,CA,Southern California Edison Co (SCE),IOU,"Charge Smart - SoCal (managed EV charging, operated with WeaveGrid)",EV-Rate,Residential,EV/EVSE,Opt-in,Sign-up bonus plus annual reward for allowing managed off-peak charging,$50 sign-up bonus plus $50 annually for up to three years,"Compatible with most smart chargers and Teslas. Customers may override the charging schedule at any time via dashboard or by texting 'Charge Now'. No penalty for opting out. SCE's cited ~$650/yr combined figure assumes TOU-D-PRIME off-peak charging, 12,000 miles/yr and 3.7 mi/kWh",Charge Smart - SoCal,Shifts charging to off-peak hours,n/a,n/a,No,Designed around TOU-D-PRIME,Active,https://weavegrid.com/sce/charge-smart-socal,2026-09-16,Primary
CAISO,CA,San Diego Gas & Electric Co (SDG&E),IOU,Schedule EV-TOU-5 - Domestic Time-of-Use for Households with Electric Vehicles,EV-Rate,Residential,EV/EVSE;Battery;Solar+Storage,Default,"TOU energy rate with a very deep super-off-peak period, plus a daily Base Services Charge","Base Services Charge $0.79343/day standard, $0.39688/day CARE(DRAH) and FERA",MANDATORY import rate for SDG&E Solar Billing Plan (NBT) customers. Otherwise requires a qualifying EV registered with the California DMV (or a natural gas home fueling pump),Schedule EV-TOU-5 (total rates table effective 2026-08-01),On-Peak 4-9pm; Super Off-Peak overnight/midday; Off-Peak all other. Summer = Jun-Oct,Total eff 2026-08-01: summer on-peak $0.80205 / off-peak $0.49627 / super-off-peak $0.13090; winter on-peak $0.52383 / off-peak $0.46566 / super-off-peak $0.12332 per kWh,"Per Schedule NBT (hourly ACC export credit, no ACC Plus adder) or NEM2 depending on vintage",Yes,Solar Billing Plan; SGIP; ELRP A.4,Active,https://www.sdge.com/sites/default/files/regulatory/8-1-26%20Schedule%20EV-TOU-5%20Total%20Rates%20Table.pdf,2026-09-16,Primary
CAISO,CA,San Diego Gas & Electric Co (SDG&E),IOU,Emergency Load Reduction Program A.4 - residential battery storage,VPP,Residential,Battery;Solar+Storage,Opt-in,"Per-event compensation for battery discharge, PAID BY THE BATTERY MANUFACTURER rather than by SDG&E",,"Events may be called any day of the week, 4-9 p.m., May through October; events last 1 to 3 hours. Triggered when CAISO issues an Emergency Energy Alert; SDG&E notifies the battery manufacturer, which dispatches the fleet. Enrollment is ONLY through a participating battery storage manufacturer. Available to bundled, Direct Access and CCA customers. Authority: CPUC D.21-12-015",ELRP A.4,"4-9pm, May-Oct",n/a - event compensation set by the battery manufacturer,Battery discharges to serve load and/or export during events,Yes,STACKS WITH the Time-of-Use Plus (TOU-DR-P) pricing plan. NOT compatible with a Rule 32 program. Enrolling in ELRP A.4 un-enrolls the customer from Power Saver Rewards,Active,https://www.sdge.com/residential/savings-center/energy-saving-programs/reduce-your-use/demand-response-residential-programs/ELRP,2026-09-16,Primary
CAISO,CA,San Diego Gas & Electric Co (SDG&E),IOU,Power Saver Rewards (SDG&E residential ELRP A.6),CPP-PTR,Residential,GeneralLoad;Thermostat/AC;Battery,Closed to new,$/kWh bill credit for load reduction during 4-9 p.m. events,$1.00/kWh of measured incremental load reduction while the program operated (CPUC ELRP A.6 rate),SDG&E stopped accepting applications as of 2025-11-01 and unenrolled participating customers; the program does not continue in 2026. Matches the CPUC statement that residential ELRP sunsets at the end of the 2025 program year,ELRP A.6,4-9pm May-Oct when called,n/a,n/a,Yes-restricted,Superseded for battery owners by ELRP A.4,Terminated,https://www.sdge.com/residential/savings-center/energy-saving-programs/reduce-your-use/power-saver-program,2026-09-16,Primary
CAISO,CA,Pacific Gas and Electric Co (PG&E),IOU,Schedule B-19 - Medium General Demand-Metered TOU Service (standard rate),Demand-Charge,LargeC&I,Battery;Solar+Storage;GeneralLoad,Default,Monthly $/kW demand charges (time-related peak/part-peak plus non-coincident maximum demand) + TOU energy + daily customer charge,"Secondary voltage, eff 2026-03-01: Maximum Peak Demand Summer $46.16/kW; Maximum Part-Peak Demand Summer $10.52/kW; Maximum Demand Summer $37.37/kW; Maximum Peak Demand Winter $2.31/kW; Maximum Demand Winter $37.37/kW. Primary voltage $37.89 / $8.54 / $29.11 / $1.69 / $29.11 per kW. Customer charge $58.62824/meter/day mandatory B-19, $11.36882/day voluntary B-19",Mandatory for customers whose maximum billing demand exceeded 499 kW for at least three consecutive months in the most recent 12 (and below the B-20 threshold). Demand is averaged over 15-minute intervals,"Schedule B-19 (Advice 7846-E, eff 2026-03-01)","SUMMER (Jun 1-Sep 30): Peak 4-9pm every day incl weekends/holidays; Partial-Peak 2-4pm and 9-11pm every day; Off-Peak all other. WINTER (Oct 1-May 31): Peak 4-9pm every day; Super Off-Peak 9am-2pm every day in March, April and May; Off-Peak all other",Secondary voltage energy eff 2026-03-01: summer peak $0.18648 / part-peak $0.14775 / off-peak $0.12037; winter peak $0.16188 / off-peak $0.12026 / super-off-peak $0.06442 per kWh,Per Schedule NBT or NEM2,Yes,Peak Day Pricing; Base Interruptible Program; Capacity Bidding Program; ELRP,Active,https://www.pge.com/tariffs/assets/pdf/tariffbook/ELEC_SCHEDS_B-19.pdf,2026-09-16,Primary
CAISO,CA,Pacific Gas and Electric Co (PG&E),IOU,Schedule B-19 Option S (storage rate option),Demand-Charge,LargeC&I,Battery;Solar+Storage,Opt-in,"Demand charges restructured to DAILY peak/part-peak $/kW plus a much smaller monthly non-coincident charge, with higher TOU energy rates - designed so a battery can shave demand day by day","Secondary voltage, eff 2026-03-01: Maximum Peak Demand Summer $1.60/kW PER DAY; Maximum Part-Peak Demand Summer $0.08/kW per day; Maximum Demand Summer $6.35/kW per monthly billing (all hours except 9am-2pm) plus $9.13/kW per monthly billing; Maximum Peak Demand Winter $1.22/kW per day; Winter Maximum Demand $6.35 + $9.13 per kW-month",ELIGIBILITY: storage system rated capacity in watts must be at least 10% of the customer's peak demand over the previous 12 months. Option S is subject to an ENROLLMENT CAP,"Schedule B-19, Option S (Sections 3 and 20)","SUMMER (Jun 1-Sep 30): Peak 4-9pm every day incl weekends/holidays; Partial-Peak 2-4pm and 9-11pm every day; Off-Peak all other. WINTER (Oct 1-May 31): Peak 4-9pm every day; Super Off-Peak 9am-2pm every day in March, April and May; Off-Peak all other",Secondary voltage energy eff 2026-03-01: summer peak $0.43568 / part-peak $0.25184 / off-peak $0.19137; winter peak $0.18276 / off-peak $0.14044 / super-off-peak $0.10462 per kWh - materially higher energy than standard B-19 in exchange for far lower monthly demand charges,Per Schedule NBT or NEM2,Yes,"Available to Bundled, Direct Access and CCA customers",Active,https://www.pge.com/tariffs/assets/pdf/tariffbook/ELEC_SCHEDS_B-19.pdf,2026-09-16,Primary
CAISO,CA,Pacific Gas and Electric Co (PG&E),IOU,Schedule B-19 Option R (standalone storage and renewable DG rate option),Demand-Charge,LargeC&I,Battery;Solar+Storage,Opt-in,Shifts most of the demand charge from time-related peak demand to non-coincident maximum demand,"Secondary voltage, eff 2026-03-01: Maximum Peak Demand Summer $6.50/kW; Maximum Part-Peak Demand Summer $1.87/kW; Maximum Demand Summer $36.61/kW; Maximum Peak Demand Winter $0.00/kW; Maximum Demand Winter $36.61/kW. Primary voltage $5.20 / $1.49 / $28.43 per kW","ELIGIBILITY (standalone storage): minimum discharge capacity at least 20 percent of the customer's annual peak demand over the previous 12 months. ELIGIBILITY (renewable DG): solar, wind, fuel cells or other eligible onsite renewable DG, subject to a participation cap","Schedule B-19, Option R (Sections 3 and 18)","SUMMER (Jun 1-Sep 30): Peak 4-9pm every day incl weekends/holidays; Partial-Peak 2-4pm and 9-11pm every day; Off-Peak all other. WINTER (Oct 1-May 31): Peak 4-9pm every day; Super Off-Peak 9am-2pm every day in March, April and May; Off-Peak all other",See Option R energy table in the tariff,Per Schedule NBT or NEM2,Yes,"Available to Bundled, Direct Access and CCA customers",Active,https://www.pge.com/tariffs/assets/pdf/tariffbook/ELEC_SCHEDS_B-19.pdf,2026-09-16,Primary
CAISO,CA,Pacific Gas and Electric Co (PG&E),IOU,Peak Day Pricing rates on Schedule B-19,CPP-PTR,LargeC&I,Battery;GeneralLoad,Opt-in,Summer demand-charge credits year-round in exchange for a flat surcharge on all usage during PDP events,"PDP charge $0.90/kWh on all usage during a PDP event. PDP demand credits (secondary voltage, eff 2026-03-01): Peak Summer ($6.72)/kW, Part-Peak Summer ($0.98)/kW; primary voltage ($6.61) and ($0.97) per kW",9 to 15 PDP event days per year,Schedule B-19 PDP rates,"SUMMER (Jun 1-Sep 30): Peak 4-9pm every day incl weekends/holidays; Partial-Peak 2-4pm and 9-11pm every day; Off-Peak all other. WINTER (Oct 1-May 31): Peak 4-9pm every day; Super Off-Peak 9am-2pm every day in March, April and May; Off-Peak all other",$0.90/kWh adder during PDP event hours,Per NBT or NEM2,Yes,Base Interruptible Program (legacy dual enrollments only); Automated Demand Response,Active,https://www.pge.com/tariffs/assets/pdf/tariffbook/ELEC_SCHEDS_B-19.pdf,2026-09-16,Primary
CAISO,CA,Southern California Edison Co (SCE),IOU,Schedules TOU-GS-3 and TOU-8 - non-residential demand-metered TOU service,Demand-Charge,LargeC&I,Battery;Solar+Storage;GeneralLoad,Default,Monthly customer charge + TOU energy + a year-round Facilities-Related Demand (FRD) charge per kW + a Time-Related Demand (TRD) charge per kW,,"TOU-GS-3 applies to demands of 200-500 kW; TOU-8 to demands above 500 kW. FRD is billed on the highest recorded demand in each monthly billing period (all hours, year-round). TRD is billed on the highest demand during summer On-Peak and winter Mid-Peak periods on weekdays. TOU-GS-3 Option E carries FRD only and no TRD, which changes how a battery should be dispatched. Specific $/kW values change each CPUC General Rate Case / advice-letter cycle and were not published in a machine-readable table at the URLs tested","Schedules TOU-GS-3, TOU-8 (SCE tariff book)",Summer On-Peak and winter Mid-Peak weekday windows (see schedule),,Per Schedule NBT or NEM2,Yes,Capacity Bidding Program; Base Interruptible Program; ELRP; Critical Peak Pricing,Active,https://www.sce.com/regulatory/tariff-books/rates-pricing-choices,2026-09-16,Primary
CAISO,CA,San Diego Gas & Electric Co (SDG&E),IOU,"Schedule AL-TOU - general service, demand-metered time-of-use",Demand-Charge,LargeC&I,Battery;Solar+Storage;GeneralLoad,Default,Basic service fee + TOU energy + non-coincident and on-peak demand charges per kW,,SDG&E's primary demand-metered commercial/industrial TOU schedule. The 2026 total-rates table was not retrievable at the URL pattern that works for SDG&E's residential schedules; the tariff sheet itself is posted at the source URL. Values are updated by advice letter and change several times a year,Schedule AL-TOU,On-Peak 4-9pm; summer season Jun-Oct,,Per Schedule NBT or NEM2,Yes,Capacity Bidding Program; Base Interruptible Program; ELRP,Active,https://www.sdge.com/sites/default/files/elec_elec-scheds_al-tou.pdf,2026-09-16,Primary
WECC-nonRTO,CA,Los Angeles Department of Water and Power (LADWP),Municipal,Time-of-Use Residential Rate (R-1B),TOU-Rate,Residential,GeneralLoad;Battery;EV/EVSE,Opt-in,rate discount / TOU pricing,,,Schedule R-1B,Weekdays High Peak 1-5pm; Low Peak 10am-1pm & 5-8pm; Base 8pm-10am weekdays + all Sat/Sun,"High Peak > Low Peak > Base (three-tier TOU); rates set by Electric Rate Ordinance, not published on program page",,Unclear,Unknown,Active,https://www.ladwp.com/account/understanding-your-rates/residential-electric-rates,2026-09-16,Primary
WECC-nonRTO,CA,Los Angeles Department of Water and Power (LADWP),Municipal,Demand Response - Power Savers,DR-BYOT,Residential;SmallC&I,Thermostat/AC,Opt-in,one-time enrollment card + annual participation incentive,$55 enroll (one-time); $40/yr at 25-75% event participation; $90/yr at >75% participation,"up to 30 events/season, 4 hr max, Jun 1-Oct 31 2026, 1-10pm window, holidays excluded",,"Weekdays 1-10pm (event window), holidays excluded",,,No,Unknown,Active,https://www.ladwp.com/residential-services/programs-and-rebates-residential/demand-response-%E2%80%93-power-savers,2026-09-16,Primary
WECC-nonRTO,CA,Los Angeles Department of Water and Power (LADWP),Municipal,Net Energy Metering (NEM),Export-Comp,Residential;SmallC&I;LargeC&I,Solar+Storage,Opt-in,retail-rate netting (not subject to CPUC NEM 3.0),,,"NEM Guidelines (LADWP, not a CPUC tariff)",,,1:1 retail-rate net metering; LADWP is not bound by CPUC NEM 3.0 avoided-cost export decisions since it is a municipal utility governed by LA City Council/Board of Water and Power Commissioners,Yes,Unknown,Active,https://www.ladwp.com/sites/default/files/2023-09/NEM%20Guidelines%20(with%20April%202021%20technical%20modification)%20(1).pdf,2026-09-16,Primary
WECC-nonRTO,CA,Los Angeles Department of Water and Power (LADWP),Municipal,Self-Generation Incentive Program (SGIP) - Residential Solar and Storage Equity (RSSE),Storage-Incentive,Residential,Battery;Solar+Storage,Opt-in,"upfront rebate, income-qualified pathway only",,first-come first-served; $32M additional funding announced Aug 2025,,,,,Yes-restricted,Unknown,Active,https://www.ladwp.com/residential-services/solar-programs/self-generation-incentive-program,2026-09-16,Primary
WECC-nonRTO,CA,Sacramento Municipal Utility District (SMUD),Municipal,Time-of-Day (5-8 p.m.) Rate,TOU-Rate,Residential,GeneralLoad;Battery;EV/EVSE,Default,rate discount / TOU pricing,"Summer (as of ~2026): peak ~37.65 c/kWh; mid-peak ~21.39 c/kWh; off-peak ~15.50 c/kWh (per third-party report, not directly confirmed on primary page)",,Rate Schedule R-TOD,Weekdays 5-8pm peak; all other hours + all weekends/holidays off-peak,"peak ~37.65c / mid ~21.39c / off ~15.50c per kWh (summer, third-party-reported)",,Unclear,Unknown,Active,https://www.smud.org/Rate-Information/Residential-rates/Time-of-Day-5-8pm-Rate,2026-09-16,Primary
WECC-nonRTO,CA,Sacramento Municipal Utility District (SMUD),Municipal,Solar and Storage Rate (SSR) - Excess Electricity Compensation,Export-Comp,Residential;SmallC&I;LargeC&I,Solar+Storage,Default,flat per-kWh export credit,"9.6 cents/kWh (effective June 1, 2026, up from 7.4 c/kWh)","reviewed every 4 years, capped at +/-30% per cycle",Solar and Storage Rate (SSR),,,"flat 9.6 c/kWh any time of day/season, not CPUC NEM 3.0; legacy NEM customers (pre 3/1/2022) may stay on old NEM through 12/31/2030 with 5.5c/kWh avoided-cost true-up or rollover option",Yes,My Energy Optimizer Partner+,Active,https://www.smud.org/Rate-Information/Solar-and-Storage-Rate,2026-09-16,Primary
WECC-nonRTO,CA,Sacramento Municipal Utility District (SMUD),Municipal,My Energy Optimizer Partner+,VPP,Residential,Battery;Solar+Storage,Opt-in,upfront $/kWh enrollment incentive + ongoing quarterly incentive (Tesla only),"$500/kWh up to $10,000 (projects interconnected by 9/22/2026, enrolled by 12/31/2026); $300/kWh up to $6,000 thereafter; Tesla quarterly: $110 (1 battery)/$220 (2)/$330 (3+)",must enroll within 90 days of Permission to Operate; 20% reserve maintained for backup power,,,,,Yes,Solar and Storage Rate (SSR) required,Active,https://www.smud.org/Going-Green/Battery-storage/Homeowner,2026-09-16,Primary
WECC-nonRTO,CA,Sacramento Municipal Utility District (SMUD),Municipal,Peak Corps,DR-DLC,Residential,Thermostat/AC,Closed to new,per-event bill credit,$5 bill credit per day cycled,"cycling 30-60 min/hr, up to ~2 hrs per event, events rare (multi-year gaps); not currently installing new devices",,,,,No,Unknown,Closed to new enrollment,https://www.smud.org/Going-Green/Peak-Corps,2026-09-16,Primary
WECC-nonRTO,CA,Modesto Irrigation District (MID),Municipal,Residential - Time-of-Use Electric Vehicle Option (Pilot Program),EV-Rate,Residential,EV/EVSE,Opt-in;Pilot,TOU rate discount for EV charging,,,Schedule EV-D,,,,Unclear,Unknown,Pilot,https://www.mid.org/wp-content/uploads/2026-EV-D-RESIDENTIAL-TIME-OF-USE-PILOT.pdf,2026-09-16,Primary
WECC-nonRTO,CA,Modesto Irrigation District (MID),Municipal,Net Metering 2.0,Export-Comp,Residential;SmallC&I;LargeC&I,Solar+Storage,Default,"retail-rate netting (own tariff, not subject to CPUC NEM 3.0)",,systems >1MW subject to capacity charge and forfeit excess generation credits,NEM2,,,1:1 retail-rate netting under MID's own NEM2 tariff; MID is not subject to CPUC NEM 3.0 since it is a POU; legacy NEM1 tariff also on file,Yes,Unknown,Active,https://www.mid.org/wp-content/uploads/2024_net_metering_2_0.pdf,2026-09-16,Primary
CAISO,CA,Turlock Irrigation District (TID),Municipal,EnergySync,DR-BYOT,Residential,Thermostat/AC,Opt-in,enrollment bill credit + season-end participation credit,$50 enroll + $25 participation (up to $75/season),"event season May 1-Oct 31; events typically weekdays 12pm-9pm, 1-4 degree adjustment, up to 4 hrs; forfeits participation incentive after opting out of >2 events",,Weekdays 12pm-9pm (typical event window),,,No,Unknown,Active,https://www.tid.org/energysync/,2026-09-16,Primary
CAISO,CA,Turlock Irrigation District (TID),Municipal,Domestic Self-Generation Rate (DG),Export-Comp,Residential,Solar+Storage,Default,monthly on/off-peak netting + Short Run Marginal Cost true-up for excess,2024 avg cost of power (SRMC) ~$0.0786/kWh (used for annual excess-generation true-up),system sizes not limited to load at this time; TID reserves right to study/limit interconnection,Schedule DG,,,"monthly net on-peak/off-peak energy netting; net annual excess generation credited at TID's published Short Run Marginal Cost, not a 1:1 retail rate and not CPUC NEM 3.0; legacy RNT (residential net metering, true 1:1) closed to new accounts",Yes,Unknown,Active,https://www.tid.org/wp-content/uploads/2024/10/DG-Rate-Tariff-Effective-2025.pdf,2026-09-16,Primary
WECC-nonRTO,CA,Imperial Irrigation District (IID),Municipal,Shift & Save! Time-of-Use,TOU-Rate,Residential,GeneralLoad;EV/EVSE,Opt-in,rate discount / TOU pricing,,,Shift & Save TOU Residential,May-Oct: weekdays 4-9pm on-peak; winter on-peak hours differ; weekends/holidays off-peak all day year-round,,,Unclear,Unknown,Active,https://www.iid.com/power/rates-regulations/time-of-use,2026-09-16,Primary
WECC-nonRTO,CA,Imperial Irrigation District (IID),Municipal,Net Billing Program,Export-Comp,Residential;SmallC&I;LargeC&I,Solar+Storage,Default,variable per-kWh export credit pegged to IID's wholesale solar procurement cost,"6.98 cents/kWh (variable, adjusted as IID's lowest wholesale solar contract cost changes)",no participation cap (cap eliminated in 2016 policy change),Distributive Self-Generation Service Rate Schedule,,,"monthly netting of consumption vs. generation at customer's load; excess/overgeneration paid at IID's wholesale solar procurement rate (6.98c/kWh), NOT retail 1:1 net metering; IID is a POU governed by its own elected board, not CPUC, so NEM 3.0 does not apply; legacy Net Energy Metering program is closed/fully subscribed and not available to new customers",Yes,Unknown,Active,https://www.iid.com/power/rooftop-solar/interconnection/net-billing,2026-09-16,Primary
CAISO,CA,City of Anaheim Public Utilities,Municipal,myPower Savings Program,DR-DLC,Residential,Thermostat/AC;GeneralLoad,Opt-in,enrollment bill credit + per-kWh event performance credit,"up to $30 enrollment bill credit; $1.00/kWh reduced during event hours, up to $100/fiscal year","non-holiday weekdays, up to 3 hrs/event, 1 event/day, max 10 events/yr; requires interval smart meter",,,,,No,Battery Storage Rebate (requires MyPower + TOU enrollment),Active,https://www.anaheim.net/5920/myPower-Savings,2026-09-16,Primary
CAISO,CA,City of Anaheim Public Utilities,Municipal,Residential Energy Storage Rebate,Storage-Incentive,Residential,Battery;Solar+Storage,Opt-in,upfront rebate,"up to $3,000/household (through 6/30/2026); up to $1,500/household effective 7/1/2026","min 5kWh capacity, UL certified; requires 12-month enrollment in TOU rate + myPower Savings Program",,,,,Yes,myPower Savings Program; TOU rate (required),Active,https://www.anaheim.net/5730/Battery-Storage,2026-09-16,Primary
CAISO,CA,City of Anaheim Public Utilities,Municipal,Net Energy Metering 2.0,Export-Comp,Residential;SmallC&I;LargeC&I,Solar+Storage,Default,retail credit netting transitioning to wholesale-based rate under NEM 2.0,,"retail NEM offered up to 5% (30MW) of peak aggregate load, cap met in 2019; NEM1 customers grandfathered unless system expanded",NEM 2.0,,,Anaheim not subject to CPUC NEM 3.0 since it is a municipal POU; NEM 2.0 uses wholesale-based (non-retail) export rate vs NEM1's full retail kWh-for-kWh credit; legacy NEM1 customers grandfathered,Yes,Residential Energy Storage Rebate,Active,https://www.anaheim.net/5587/NEM-20,2026-09-16,Primary
CAISO,CA,Riverside Public Utilities,Municipal,Domestic Time-of-Use Tiered Rate (DTOU),TOU-Rate,Residential,GeneralLoad;EV/EVSE,Opt-in;Waitlist,rate discount / TOU pricing,,capped at 500 total customers; closed to new enrollment once cap reached,Schedule DTOU,,on-peak/mid-peak/off-peak periods defined in tariff (not itemized on program page),,Unclear,Unknown,Active,https://riversideca.gov/utilities/sites/riversideca.gov.utilities/files/pdf/rates-electric/2024/Electric%20Schedule%20DTOU%20-%20Effective%2001-1-24%20Final.pdf,2026-09-16,Primary
CAISO,CA,Riverside Public Utilities,Municipal,Self-Generation Program (Net Export),Export-Comp,Residential,Solar+Storage,Default,"Avoided Cost of Energy x Time-of-Delivery factor, per-kWh export credit",,system size up to 150% of historic annual consumption,Self-Generation Program (successor to NEM),,,"export credited at RPU's Avoided Cost of Energy adjusted by a Time-of-Delivery factor for the export hour, NOT 1:1 retail net metering and NOT CPUC NEM 3.0 (RPU is a municipal utility, CPUC does not set its solar rules); solar customers placed on DTOU rate; older NEM agreements generally grandfathered",Yes,Domestic Time-of-Use Tiered Rate (DTOU),Active,https://riversideca.gov/utilities/residents/solar-info,2026-09-16,Primary
CAISO,CA,Riverside Public Utilities,Municipal,Residential Energy Storage Rebate Program,Storage-Incentive,Residential,Battery;Solar+Storage,Opt-in,upfront $/kWh rebate,"$500/kWh, up to $10,000/project (standard); $850/kWh up to $17,000 for SHARE-qualified low-income customers",$5M program budget; retroactive to systems installed on/after 7/1/2026; requires enrollment in a residential TOU rate,,,,,Yes-restricted,Domestic Time-of-Use Tiered Rate (DTOU) (required),Active,https://riversideca.gov/press/riverside-public-utilities-power-customers-benefit-greater-efficiency-improved-resiliency,2026-09-16,Secondary
CAISO,CA,Silicon Valley Power (City of Santa Clara),Municipal,Time of Use (TOU) Option,TOU-Rate,Residential;SmallC&I;LargeC&I,GeneralLoad;EV/EVSE,Opt-in,rate discount / TOU pricing,,customer responsible for installed cost of TOU meter,Rate Schedule D-1 TOU option,Peak: Mon-Sat (excl. holidays) starting 6:00am; Off-Peak: all other hours,,,Unclear,Unknown,Active,https://www.siliconvalleypower.com/home/showpublisheddocument/6253/639032058815300000,2026-09-16,Primary
CAISO,CA,Silicon Valley Power (City of Santa Clara),Municipal,Net Energy Metering (NM1.0),Export-Comp,Residential;SmallC&I;LargeC&I,Solar+Storage,Default,annual netting with Generation Buy-back rate true-up for net export,,SVP has not reached the 5% aggregate peak load threshold under Public Utilities Code 2827 (own tariff not CPUC-set for POUs),Rate Schedule NM,,,annual net metering true-up; net excess generation purchased at SVP's Generation Buy-back rate (value not published on program page); SVP is not governed by CPUC NEM 3.0 as a municipal POU,Yes,Battery Storage Rebate,Active,https://www.siliconvalleypower.com/home/showpublisheddocument/58854/639080506621200000,2026-09-16,Primary
CAISO,CA,Silicon Valley Power (City of Santa Clara),Municipal,Battery Storage Rebate,Storage-Incentive,Residential,Battery;Solar+Storage,Opt-in,upfront $/Wh rebate + income-qualified bonus,"$0.15/Wh up to $2,700 base; +$2,000 bonus for Financial Rate Assistance Program enrollees; +$2,000 more for LIHEAP-qualified customers; up to $6,700 total for eligible customers","battery must be integrated with PV system, min 3kWh capacity, purchased/installed after 7/1/2024",,,,,Yes,Net Energy Metering (NM1.0),Active,https://www.siliconvalleypower.com/residents/rebates/solar-rebates/battery-storage-rebate-rules,2026-09-16,Primary
WECC-nonRTO,CA,Glendale Water & Power,Municipal,L-1-B Time-of-Use Service Rate,TOU-Rate,Residential,GeneralLoad;EV/EVSE,Opt-in,rate discount / TOU pricing,"High season (Jul-Oct): Base $0.2280/kWh, Peak $0.6839/kWh; Low season (Nov-Jun): Base $0.1901/kWh, Peak $0.5700/kWh; $0.75/meter/day customer charge",,Rate L-1-B,High season peak: weekdays 2-8pm; Low season peak: weekdays 12-9pm; Base = all other hours incl. weekends/holidays,High season: base $0.2280 / peak $0.6839 per kWh; Low season: base $0.1901 / peak $0.5700 per kWh,,Unclear,Unknown,Active,https://www.glendaleca.gov/government/departments/glendale-water-and-power/rates/residential-electric-rates,2026-09-16,Primary
WECC-nonRTO,CA,Glendale Water & Power,Municipal,Peak Savings,DR-BYOT,Residential;SmallC&I,Thermostat/AC,Opt-in,enrollment + annual anniversary bill credit via prepaid debit card,$50 enrollment + $50/yr on enrollment anniversary (residential); commercial up to $250/event,up to 15 events/yr; residential customers may opt out of up to 2 events without losing incentive; designed for up to 10MW controllable demand by 2024,,,,,No,Unknown,Active,https://www.glendaleca.gov/Home/Components/News/News/7902,2026-09-16,Secondary
WECC-nonRTO,CA,Glendale Water & Power,Municipal,L-1-D / L-1-E Customer-Owned Generation (Net Energy Metering),Export-Comp,Residential;SmallC&I,Solar+Storage,Default,retail-rate netting under own municipal NEM tariff (not CPUC NEM 3.0),,first-come-first-served until total generating capacity exceeds 5% of GWP's aggregate customer peak demand; GWP no longer offers solar incentives but keeps NEM available; L-1-E TOU solar rate not currently offered,Rate L-1-D / L-1-E,,,excess generation earns a bill credit under GWP's own NEM program; GWP is a municipal POU not governed by CPUC NEM 3.0 decisions,Yes,Peak Savings,Active,https://www.glendaleca.gov/government/departments/glendale-water-and-power/rates/residential-electric-rates,2026-09-16,Primary
CAISO-market,multi,California Independent System Operator,RTO,"Distributed Energy Resource Provider (DERP) - Distributed Energy Resource Aggregation (DERA), energy and ancillary services",Wholesale-Market,SmallC&I;LargeC&I;Residential,Battery;Solar+Storage;Generator;EV/EVSE;Any,Opt-in,$/MWh Day-Ahead and Real-Time LMP at the aggregation's PNode(s) (weighted by Generation Distribution Factors) plus $/MW ancillary service capacity awards; settled as a single supply resource,,"Aggregation minimum 100 kW (reduced from 0.5 MW under Order 2222; validated as aggregate Pmax >= 0.1 MW); individual DERs must be under 1 MW (a generating unit of 1 MW or more in the CAISO BAA must become a Participating Generator instead); aggregation spanning multiple PNodes capped at 20 MW; all DERs must sit in ONE Sub-LAP; a DER may be in only one DERA and may not also participate in the CAISO market separately. Modeled as a generic Non-Generating Resource, non-REM subtype. Requires a DERP Agreement (Tariff Appendix B.21), a certified Scheduling Coordinator with a Meter Service Agreement for SCs (SC Metered Entity, SQMD submitted daily for all intervals), a 30-business-day UDC/MSS concurrence review before New Resource Implementation, and UDC interconnection (Rule 21 / WDT) approval. Telemetry: not required for energy-only unless 10 MW or greater; required at any size for Spin/Non-Spin (4-second status). Aggregated response at each PNode must move in the direction of the dispatch","CAISO Tariff Section 4.17 (4.17.3 Requirements, 4.17.4 UDC review, 4.17.5 Characteristics, 4.17.6 Operating Requirements) and Appendix B.21 (DERP Agreement); Appendix K ASRP A.1.1/B.1.1/C.1.1; BPM for Generator Management; BPM for Market Instruments; BPM for Direct Telemetry",,,Net injections settled at PNode LMP (GDF-weighted); charging settled as negative supply,Yes,"Energy + Spinning + Non-Spinning Reserve from the same DERA. NOT eligible to provide Resource Adequacy per CAISO's PDR-DERP-NGR-LFA comparison matrix (Nov 2023). A DER in a DERA may not also be in another DERA, may not bid separately, and may not be on a retail NEM program that does not expressly permit wholesale participation (Tariff 4.17.3). Seven entities hold DERP Agreements (3rd Rock Systems, Apparent Energy, Galt Power, Olivine, SDG&E, Shell Energy North America, Silicon Valley Clean Energy)",Active,https://www.caiso.com/documents/participationcomparison-proxydemand-distributedenergy-storage-forecastadjustment.pdf,2026-09-23,Primary
CAISO-market,multi,California Independent System Operator,RTO,Heterogeneous DER Aggregation (HDERA) with Distributed Curtailment Resources - FERC Order 2222 model,Wholesale-Market,SmallC&I;LargeC&I;Residential,Battery;Solar+Storage;GeneralLoad;EV/EVSE;Generator;Any,Opt-in,$/MWh LMP on the SUM of net DER energy injection plus DCR demand curtailment (curtailment metered as positive supply); settled as one generic NGR non-REM resource,,"Live since November 1 2024 (Tariff 4.17.7, 11.6.5.1, 30.5.2.6). Must contain at least one Distributed Curtailment Resource (demand response) and may also contain injecting DERs. Minimum 100 kW aggregate Pmax. All locations in the same Sub-LAP; PNodes Pre-Defined (default GDFs) or Customized (DERP-specified GDFs summing to 1); GDFs may be resubmitted with hourly bids. Bids are subject to the same Net Benefits Test price threshold as PDR. DCR curtailment is measured against an ISO-approved baseline from Tariff 4.13.4 (weather matching, control group, day-matching 10-in-10 / 5-in-10 residential / combined, Meter Generator Output variants, EVSE residential/non-residential variants, PDR-LSR variants). SCME must submit net DER energy, DCR curtailment, the baseline used, and underlying hourly consumption for all baseline days. Any change to locations, capacity, baseline or SC requires a new UDC concurrence (Attachment A) submission","CAISO Tariff Sections 4.17.7, 11.6.5.1, 30.5.2.6, 4.13.4; FERC Order 2222 Business Requirements Specification v1.2 (Jun 28 2024) BRQ-002, BRQ-005, BRQ-008, BRQ-009, BRQ-106; BPM for Demand Response Section 5 (baselines)",,,Net DER injection + DCR curtailment both settled at PNode LMP,Yes,Energy + Spin/Non-Spin as for DERA. Same double-counting guard as DERA: DER on a retail NEM program that does not expressly permit wholesale participation is barred; UDC may raise double-counting concerns in its review,Active,https://www.caiso.com/documents/business-requirements-specification-ferc-order-2222.pdf,2026-09-23,Primary
CAISO-market,multi,California Independent System Operator,RTO,FERC Order 2222 implementation status - CAISO DER Aggregation,Wholesale-Market,SmallC&I;LargeC&I;Residential,Battery;Solar+Storage;Generator;GeneralLoad;EV/EVSE;Any,Opt-in,Rule / timeline row - no direct payment,,"COMPLETE. CAISO has had a DERP/DERA model since 2016 (tariff 4.17 as of Jun 3 2016; minimum 0.5 MW). Order 2222 compliance filed July 19 2021 (amended Nov 1 2021); FERC accepted it June 17 2022 (179 FERC 61197), most revisions effective June 16 2022 (incl. 100 kW minimum, small-utility opt-in, NEM double-count guard, revised DER definition). Second compliance filing Aug 15 2022 (amended Jan 10 2023) accepted May 18 2023 (183 FERC 61119) with the heterogeneous DERA / Distributed Curtailment Resource provisions deferred to no later than Nov 1 2024. CAISO implemented them November 1 2024 and filed an informational filing Nov 5 2024 stating this completes its Order 2222 compliance. CAISO was the first RTO/ISO to finish","FERC Docket ER21-2455; CAISO Tariff Sections 4.17.3-4.17.7, 11.6.5.1, 30.5.2.6, Appendix B.21, Appendix K",,,,Yes,Applies to DERA and HDERA; does not change PDR/RDRR rules,Active,https://www.caiso.com/documents/nov-5-2024-informational-filing-of-effective-date-ferc-order-no-2222-er21-2455.pdf,2026-09-23,Primary
CAISO-market,multi,California Independent System Operator,RTO,Small utility opt-in gate and state aggregation rules for DER Aggregations,Wholesale-Market,SmallC&I;LargeC&I;Residential,Battery;Solar+Storage;Generator;GeneralLoad;Any,Opt-in,Eligibility gate - no payment,,"California has NOT opted out of third-party aggregation of retail customers; CPUC has permitted third-party Demand Response Providers to bid retail customers into CAISO as PDR since the DR direct-participation rules (Electric Rule 24 at PG&E/SCE, Rule 32 at SDG&E). The only Order 2222 gate is the small-utility provision: CAISO may not accept a DERA containing customers of a utility that distributed 4 million MWh or less in the prior fiscal year unless that utility's RERRA permits it (DERP Agreement Appendix B.21 Section 4.1.4; the same opt-in already existed in the pro forma Demand Response Provider Agreement). In practice this reaches small California publicly owned utilities and MSS operators inside the CAISO BAA. Separately a DER on a retail net energy metering program that does not expressly permit wholesale participation is barred from a DERA",CAISO Tariff Appendix B.21 Section 4.1.4 (Small Utility Limits); Tariff Section 4.17.3; FERC 183 FERC 61119 (May 18 2023) at P 5,,,,Yes,"Customers of PG&E, SCE and SDG&E face no opt-in gate",Active,https://www.caiso.com/Documents/May18-2023-OrderAcceptingComplianceFilingofFERCOrderNo2222-ER21-2455.pdf,2026-09-23,Primary
CAISO-market,multi,California Independent System Operator,RTO,Proxy Demand Resource (PDR) - energy,Wholesale-Market,Residential;SmallC&I;LargeC&I,GeneralLoad;Thermostat/AC;Battery;Solar+Storage;EV/EVSE;Generator;Any,Opt-in,$/MWh Day-Ahead and Real-Time LMP (at a proxy-generator PNode or GDF-weighted Sub-LAP aggregation) on Demand Response Energy Measurement = Customer Baseline minus actual load; paid only when bids clear at or above the monthly Net Benefits Test price threshold,"DMM-reported 2024 net energy market revenue per MWh delivered (RA-counted PDR): utility PDR about $144/MWh, third-party PDR about $48/MWh; per kW-year: utility PDR $1.59, third-party PDR $2.67 (2024), down from $26.97 and $15.18 (2022). Real-time soft offer cap $1,000/MWh (hard cap $2,000/MWh under stressed conditions); CPUC caps non-DRAM RA PDR bids at $949/MWh from 2024 (D.23-06-029)","Minimum 100 kW curtailment for energy, sustainable for bid duration; must bid at or above the Net Benefits Test threshold price (Tariff 30.6.3, posted monthly); Day-Ahead and Real-Time energy; real-time bid dispatch option 60, 15 or 5 minutes (default 60; hourly-block option not eligible for energy bid cost recovery); all locations under one LSE and one Sub-LAP per registration (resource may span LSEs per comparison matrix); Demand Response Provider Agreement plus a certified SC; LSE and UDC 10-day location review in DRRS; outages only as 0 MW (all-or-nothing) PMax derates; telemetry not required for energy unless Pmax 10 MW or greater; statistical sampling permitted where interval metering is incomplete (min sample 271/(N+271)). Baselines: 10-in-10 (adj. cap 80-120%), 5-in-10 residential (71-140%), weather matching, control group (>=150 end users), Meter Generator Output (MGO) and combinations, EVSE","CAISO Tariff Sections 4.13, 4.13.4 (baselines), 11.6, 30.6.3 (NBT), Appendix B (DRPA); BPM for Demand Response Sections 2, 5, 7, 11, 15, 16",,,No export credit - net export intervals set to zero,Yes-restricted,"Stacks with PDR Spin/Non-Spin and with RA (NQC). NEM locations may join, but any interval with net export at a location is set to zero under Customer Load Baseline methods; under MGO the storage/generator output counts only up to on-site demand and is zeroed while charging - so a PDR battery earns for offsetting on-site load, NOT for export. CPUC-jurisdictional double-counting rules (e.g. no simultaneous enrollment in utility DR programs for the same load) apply via the UDC/LSE review",Active,https://bpmcm.caiso.com/BPM%20Document%20Library/Demand%20Response/BPM_for_Demand_Response_V10_Redline.pdf,2026-09-23,Primary
CAISO-market,multi,California Independent System Operator,RTO,Proxy Demand Resource - Load Shift Resource (PDR-LSR),Wholesale-Market,Residential;SmallC&I;LargeC&I,Battery;Solar+Storage,Opt-in,Two resource IDs: Curtailment (CUR) paid $/MWh LMP for load reduction/discharge like a PDR; Consumption (CON) bids from the bid floor up to below $0/MWh and is paid (negative LMP) for increasing load (charging) during oversupply,,"Registered location(s) must include at least one behind-the-meter storage device (sub-metered). Must bid real-time in 5- or 15-minute intervals only (no hourly option); both IDs registered on the same GRDT with the same bid option, SC and effective dates. CUR ID: FUEL_TYPE GEN, eligible for RA and Spin/Non-Spin, must bid at or above the NBT threshold, non-export rules apply. CON ID: modeled like an NGR Dispatchable Demand Resource (MIN_GEN<0, MAX_GEN=0), ineligible for RA and ancillary services, bid must be below $0. Performance: storage-only configuration, or facility-load CLB plus storage (PDR-LSR with 5-in-10, 10-in-10, combined, or weather-matching)","CAISO Tariff Sections 4.13.4.7 and 11.6.7; BPM for Demand Response Sections 2, 5.7, 7, 8, 16",,,No export credit - curtailment side uses non-export rules,Yes,The CUR side stacks with RA and Spin/Non-Spin; the CON side is energy-only. Charging credit only when the CON resource is dispatched at negative prices; ordinary retail-rate charging is not credited,Active,https://www.caiso.com/library/proxy-demand-resource-load-shift-resource-pdrlsr,2026-09-23,Primary
CAISO-market,multi,California Independent System Operator,RTO,Proxy Demand Resource (PDR) - Spinning and Non-Spinning Reserve,Wholesale-Market,SmallC&I;LargeC&I,GeneralLoad;Battery;Solar+Storage;Generator,Opt-in,$/MW-hour ancillary service capacity award (Day-Ahead and Real-Time Spin / Non-Spin marginal prices) plus energy if dispatched,,"Minimum 500 kW curtailment, sustainable 30 minutes for Spin/Non-Spin awards; requires Ancillary Service certification and direct telemetry at ANY size (4-second status, 60-second update, 1-minute scan per Direct Telemetry BPM); PDR must submit load meter data for the interval before, during and after awarded intervals; No-Pay charge rescinds reserve capacity payment if the resource does not perform. PDR cannot provide Regulation. Statistical sampling allowed for RT/AS only when all locations have interval meters","CAISO Tariff Section 8 and Appendix K (ASRP); BPM for Demand Response Sections 2, 11, 12; BPM for Direct Telemetry",,,,Yes-restricted,Stacks with PDR energy and RA; PDR-LSR Consumption ID is ineligible,Active,https://www.caiso.com/documents/participationcomparison-proxydemand-distributedenergy-storage-forecastadjustment.pdf,2026-09-23,Primary
CAISO-market,multi,California Independent System Operator,RTO,Reliability Demand Response Resource (RDRR),Wholesale-Market,SmallC&I;LargeC&I,GeneralLoad;IrrigationPump;Generator;Battery,Opt-in,$/MWh LMP on Demand Response Energy Measurement; primary value is RA credit to the load-serving entity,"DMM 2024: utility RDRR net energy market revenue about $46/MWh delivered, about $0.41/kW-year (2024), vs $3.42/kW-year (2022)","Minimum 500 kW load reduction per RDRR; reach full curtailment within 40 minutes of dispatch; sustain at least 4 consecutive hours per event; minimum run time no more than 1 hour; discrete dispatch option capped at 100 MW (exception by attestation), marginal option uncapped; dispatch option selected once per season (summer Jun-Sep, winter Oct-May). May bid economically in Day-Ahead; real-time incremental bids must be at least 95% of the energy bid cap (e.g. $950 at a $1,000 cap; $1,900 at $2,000) and can only be dispatched in real time under an Energy Emergency Alert Watch or higher (since 2023 per CPUC D.23-06-029; previously EEA 2). Cannot offer Ancillary Services or RUC. Primarily utility Base Interruptible Program and agricultural pumping loads",CAISO Tariff Section 4.13; BPM for Demand Response Sections 2 and 7; CAISO Operating Procedure 4420,,,,Yes-restricted,RA (credited against IOU obligations). Not stackable with AS. Accessible to BTM customers mainly by enrolling in a utility emergency program (e.g. BIP) rather than directly,Active,https://bpmcm.caiso.com/BPM%20Document%20Library/Demand%20Response/BPM_for_Demand_Response_V10_Redline.pdf,2026-09-23,Primary
CAISO-market,multi,California Independent System Operator,RTO,"Demand Response Auction Mechanism (DRAM) - CPUC pilot, third-party PDR/RDRR capacity contracts with PG&E, SCE, SDG&E",Wholesale-Market,Residential;SmallC&I;LargeC&I,Thermostat/AC;Battery;Solar+Storage;EV/EVSE;GeneralLoad;Any,Closed to new,Pay-as-bid $/kW-month RA capacity contract paid by the IOU (performance-banded) plus CAISO energy payments to the third-party DRP when its PDR/RDRR is dispatched,"2024 (final year) authorized pilot budgets: PG&E $6,000,000; SCE $6,000,000; SDG&E $2,000,000 (D.23-01-006). Contract prices were confidential; not published","SUNSET. CPUC D.24-04-006 (Apr 18 2024) ended the DRAM pilots of PG&E, SCE and SDG&E by December 31 2024 (or earlier if 2024 funding was exhausted); IOUs may process invoices through 2025 and true up in 2026 Annual Electric True-Up advice letters. No 2025+ DRAM deliveries. Reasons found: Nexant evaluation showed at most 3 of 6 criteria met; failed reliability and cost-competitiveness; bids at or near the CAISO price cap; demonstrated capacity 57% of contracted in 2021; 2024 solicitation offered only 73.05 MW vs 200+ MW/yr in 2018-2021","CPUC D.14-12-024 (created), D.16-06-029, D.17-10-017, D.19-07-009, D.19-12-040, D.23-01-006 (2024 funding), D.24-04-006 (sunset); A.22-05-002/-003/-004; IOU Electric Rule 24 (PG&E/SCE) and Rule 32 (SDG&E)",,,,Yes-restricted,"Was a wrapper around CAISO PDR/RDRR (energy paid by CAISO, RA capacity paid by IOU). CPUC-named successor pathways for third-party DRPs: PG&E and SCE Capacity Bidding Program Elect, SDG&E CBP, IOU and CCA RA solicitations (bilateral), and CEC Demand Side Grid Support (DSGS). Customers remain free to be bid into CAISO as PDR by a third party - only the IOU-funded capacity contract ended",Terminated,https://docs.cpuc.ca.gov/PublishedDocs/Published/G000/M530/K195/530195415.PDF,2026-09-23,Primary
CAISO-market,multi,California Independent System Operator,RTO,Resource Adequacy (RA) pathway for demand response - PDR/RDRR shown on LSE Supply Plans under the CPUC Slice-of-Day framework,Wholesale-Market,Residential;SmallC&I;LargeC&I,GeneralLoad;Thermostat/AC;Battery;Solar+Storage;EV/EVSE;Any,Opt-in,"No CAISO capacity payment and no CAISO capacity auction. Value is a bilateral $/kW-month RA contract with a California LSE (IOU, CCA, ESP) or an IOU DR program (e.g. Capacity Bidding Program) that counts the PDR/RDRR toward the LSE's CPUC RA obligation",,"CAISO side (BPM for Reliability Requirements Sections 7.1.1-7.1.2 as summarized in CAISO PDR-DERP-NGR-LFA matrix): System RA must-offer obligation - a PDR must bid whenever it has demand-reduction availability (24 h/day if capable); minimum DR MOO capability of 4 hours per dispatch, 3 consecutive days of dispatch, and 24 hours per month; PDR bids are not subject to local market power mitigation. Flexible RA: DR fits Use-Limited Super-Peak Ramping (MOO May-Sep 7am-12pm per matrix text, Oct-Apr 3-8pm; non-holiday weekdays; min 3 hours at EFC; at least 5 dispatches/month). CPUC side (2025 RA and Slice-of-Day Guide; D.23-04-010, D.23-06-029, D.24-06-004): DR shown for four consecutive hours of the Availability Assessment Hour window (or the full AAH window if contract/tariff requires longer dispatch); hourly value = capability on the worst day of the month under a 1-in-2 framework from ex ante Load Impact Protocol results; TLF and PRM adders removed, distribution loss factor adder retained; DR MCC bucket limit 8.3% of each slice; 17% PRM for 2025. Supply-side DR and storage may not be used to cover the LSE's storage-charging sufficiency requirement. RA NQC for DR must be re-authorized by the Local Regulatory Authority from the latest LIP before it is placed on CAISO's NQC list","CAISO Tariff Section 40 (RA), 40.10.3.2-40.10.3.4 (flexible categories); BPM for Reliability Requirements Sections 7.1.1, 7.1.2; CPUC D.23-04-010, D.23-06-029 (OP 29), D.24-06-004; CPUC 2025 RA and Slice of Day Filing Guide Section 7",,,,Yes-restricted,"RA-shown PDR and RDRR still earn CAISO energy (and PDR Spin/Non-Spin) revenues. The DERA/HDERA (DERP) model is INELIGIBLE to provide RA per the CAISO comparison matrix, so a BTM battery aggregation seeking RA value must register as PDR/PDR-LSR (CUR side only), not as a DERA. PDR-LSR Consumption ID is ineligible for RA. DRAM (IOU-funded RA contracts for third-party DR) ended Dec 31 2024",Active,https://www.cpuc.ca.gov/-/media/cpuc-website/divisions/energy-division/documents/resource-adequacy-homepage/resource-adequacy-compliance-materials/guides-and-resources/2025-ra-slice-of-day-filing-guide121724.pdf,2026-09-23,Primary
CAISO-market,multi,California Independent System Operator,RTO,"Ancillary Services (Regulation Up/Down, Spinning Reserve, Non-Spinning Reserve) - reachability for BTM aggregations and DMM clearing prices",Wholesale-Market,SmallC&I;LargeC&I;Residential,Battery;Solar+Storage;GeneralLoad;Generator,Opt-in,$/MW-hour capacity payment at the Day-Ahead ancillary service market clearing price; Real-Time pays only incremental capacity above the DA award; rescinded (No-Pay) if the resource does not perform,"DMM quantity-weighted average clearing prices ($/MW per hour), 2024 -> 2025. Day-Ahead: Reg Up $4.37 -> $3.40; Reg Down $6.29 -> $7.51; Spin $4.18 -> $0.84; Non-Spin $1.96 -> $0.94. Real-Time: Reg Up $7.18 -> $10.14; Reg Down $7.15 -> $16.18; Spin $1.03 -> $0.80; Non-Spin $0.85 -> $0.85. About 90% of 2025 AS cost was incurred day-ahead. Total CAISO AS cost $94.5M in 2025 ($0.47/MWh of load). DMM: actual CAISO batteries earned about $9/kW-yr from regulation in 2025; batteries supplied 53% of AS requirements","Which BTM participation models can reach which product (CAISO PDR-DERP-NGR-LFA comparison matrix): PDR - Spin and Non-Spin only (500 kW minimum curtailment sustainable 30 min; direct telemetry at any size); DERA/HDERA - Energy plus Spin and Non-Spin (modeled as generic NGR, NON-REM subtype per Order 2222 BRS BRQ-002; direct telemetry required at any size for AS); REGULATION UP/DOWN is listed only for the Non-Generator Resource (NGR) model (LESR/DDR subtypes; 500 kW minimum; 4-second telemetry with 8-second round trip; 60-min continuous energy non-REM or 15-min under REM), which requires the ISO interconnection and New Resource Implementation process and ISO- or SC-metering of the resource - i.e. not a retail-meter BTM aggregation path. RDRR and the PDR-LSR Consumption ID cannot provide any AS. All AS requires AS certification (Tariff Appendix K) and unannounced compliance testing (7% of resources failed in 2025)",CAISO Tariff Section 8 and Appendix K (Ancillary Service Requirements Protocol); Tariff 4.17.7; BPM for Market Instruments Section 3.2; BPM for Direct Telemetry; DMM 2025 Annual Report on Market Issues and Performance Chapter 12 (Figures 12.4 and 12.5),,,,Yes-restricted,Co-optimized with energy for the same resource. BTM battery aggregations realistically reach Spin/Non-Spin (via PDR or DERA) but not Regulation; Regulation needs a wholesale-metered NGR. RA-shown PDR can also sell Spin/Non-Spin,Active,https://www.caiso.com/documents/2025-annual-report-on-market-issues-and-performance.pdf,2026-09-23,Primary
CAISO-market,multi,California Independent System Operator,RTO,"WEIM / EDAM - access for customer-sited batteries in non-CAISO California balancing areas (LADWP, BANC/SMUD, TID, IID)",Wholesale-Market,Residential;SmallC&I;LargeC&I,Battery;Solar+Storage;GeneralLoad;Any,Opt-in,"No direct CAISO payment to the customer or a third-party aggregator. In WEIM, demand response enters only as a Load Forecast Adjustment submitted by the WEIM Entity (the utility/BA) - implicitly valued as a self-schedule; the BA, not the DR provider, sees any real-time imbalance settlement",,"Answer: effectively NO direct path. The CAISO retail-DR and DER aggregation models (PDR, PDR-LSR, RDRR, DERA/HDERA) are CAISO-balancing-area participation models. In a WEIM BAA the only CAISO-recognized DR mechanism is the WEIM Entity's Load Forecast Adjustment (no minimum size; aggregated across forecast zones within the WEIM BAA; 5-minute schedule submitted a day ahead and updated to T-45; WEIM Entity must sign a DR attestation per EIM BPM Appendix C; no telemetry requirement). A BTM battery can only reach WEIM value indirectly through the host utility's own DR/VPP program. Status of the host BAs: TID has been a WEIM participant since 2021; LADWP and BANC (incl. SMUD) are WEIM participants and signed EDAM implementation agreements (BANC Nov 22 2024; LADWP Jan 13 2025) for planned EDAM entry in 2027; TID signed May 19 2025 for 2027; IID signed May 22 2025 for 2028. EDAM went live May 1 2026 with PacifiCorp (PGE planned 2026). CAISO matrix notes a day-ahead LFA option pending EDAM tariff approval","CAISO Tariff Section 29 (WEIM), 29.34 (WEIM Entity load forecast / DR); EDAM Tariff Section 33; BPM for Energy Imbalance Market Appendix C (Demand Response Attestation); EDAM Implementation Agreements for BANC, LADWP, TID, IID",,,,No,"Only via the POU's own retail program (e.g. SMUD, LADWP, TID DR/VPP programs), which is outside CAISO. FERC Order 2222 DER aggregation rights attach to RTO/ISO balancing areas and do not reach these public-power BAs",Active,https://www.caiso.com/documents/participationcomparison-proxydemand-distributedenergy-storage-forecastadjustment.pdf,2026-09-23,Primary
SERC-nonRTO,NC,"Duke Energy Carolinas, LLC",IOU,PowerPair,Storage-Incentive,Residential,Solar+Storage;Battery,Opt-in,upfront $/W solar + $/kWh battery rebate,"$0.36/W solar (max 10kW-AC; $3,600 cap) + $400/kWh battery (max 13.5kWh; $5,400 cap); combined max $9,000",First-come first-served after random selection window; capped at 30000 kW-AC solar per operating company,Rider NMB / Rider RSC required,n/a,n/a,Bridge Rate (flat) or Solar Choice (TOU) required for enrollment,Yes,Power Manager Battery Control,Active,https://www.duke-energy.com/partner-with-us/trade-allies/residential/powerpair,2026-09-24,Primary
SERC-nonRTO,NC,"Duke Energy Carolinas, LLC",IOU,Power Manager Battery Control,DR-BYOD,Residential,Battery,Opt-in,$/kW-month bill credit based on discharge nameplate x capability factor,$6.50/kW x capability factor (~70.9%) monthly credit,min 30 to max 36 dispatch events/yr; customer may opt out of 4 events/yr and keep credit,n/a,Utility-determined dispatch windows,n/a,n/a,Yes,PowerPair,Active,https://www.duke-energy.com/home/products/power-manager/battery-control,2026-09-24,Primary
SERC-nonRTO,NC,"Duke Energy Carolinas, LLC",IOU,Residential Solar Choice (Rider RSC),Export-Comp,Residential,Solar+Storage,Opt-in,net billing under mandatory TOU-CPP rate,n/a,n/a,Rider RSC,see R-TOU-CPP window,see R-TOU-CPP rates,net billing at TOU rate; export valued at time-varying retail rate minus riders,Yes,PowerPair,Active,https://www.duke-energy.com/home/billing/rates/new-rates-nc,2026-09-24,Primary
SERC-nonRTO,NC,"Duke Energy Carolinas, LLC",IOU,Net Metering Bridge Rate (Rider NMB),Export-Comp,Residential,Solar+Storage,Opt-in,net metering on non-time-varying rate; available through transition period,n/a,available to interconnection applicants until ~Jan 2027; locks in for 15 yrs from approval,Rider NMB,n/a,flat ~$0.11/kWh,near 1:1 net metering on flat rate during bridge period,Yes,PowerPair,Active,https://www.duke-energy.com/home/billing/rates/new-rates-nc,2026-09-24,Secondary
SERC-nonRTO,NC,"Duke Energy Carolinas, LLC",IOU,Residential TOU with Critical Peak Pricing (R-TOU-CPP / Flex Savings Option),CPP-PTR,Residential,GeneralLoad;Battery;EV/EVSE,Opt-in,critical peak day elevated on-peak rate; no demand charge,n/a,~20 CPP event days/yr; day-ahead notification,Schedule R-TOU-CPP,Summer wkdy 6-9pm; Non-summer wkdy 6-9am,on/discount/off-peak periods with CPP day surcharge; discount period 30% below standard off-peak,n/a,Unclear,Residential Solar Choice,Active,https://www.duke-energy.com/home/billing/rates/new-rates-nc,2026-09-24,Primary
SERC-nonRTO,NC,"Duke Energy Carolinas, LLC",IOU,Residential Time-of-Use (R-TOU),TOU-Rate,Residential,GeneralLoad;EV/EVSE,Opt-in,time-varying energy rate,n/a,n/a,Schedule R-TOU,Summer wkdy 6-9pm; Non-summer wkdy 6-9am,on-peak / discount (1-6am) / off-peak periods,n/a,Unclear,Unknown,Active,https://www.duke-energy.com/home/billing/rates/new-rates-nc,2026-09-24,Primary
SERC-nonRTO,NC,"Duke Energy Carolinas, LLC",IOU,Power Manager (AC/heat pump switch),DR-DLC,Residential,Thermostat/AC;HeatPump,Opt-in,upfront + annual bill credit,up to $150 upfront + $50/yr depending on devices enrolled,seasonal cycling events,n/a,summer peak afternoon/evening,n/a,n/a,Unclear,Power Manager Battery Control,Active,https://news.duke-energy.com/releases/new-year-bigger-incentives-as-temperatures-fall-in-the-carolinas-duke-energy-increases-financial-incentives-for-customer-energy-efficiency-and-demand-response-programs,2026-09-24,Secondary
SERC-nonRTO,NC,"Duke Energy Carolinas, LLC",IOU,Power Manager Smart Thermostat (BYOT),DR-BYOT,Residential,Thermostat/AC,Opt-in,one-time + annual bill credit,$150 one-time enrollment credit,seasonal cycling events,n/a,summer peak,n/a,n/a,No,Power Manager AC switch,Active,https://www.duke-energy.com/home/products/power-manager/smart-thermostat,2026-09-24,Secondary
SERC-nonRTO,NC,"Duke Energy Carolinas, LLC",IOU,PowerShare (Rider PS),DR-Curtailment,LargeC&I,GeneralLoad;Generator,Opt-in,monthly capacity credit + energy curtailment credit,$3.50-$5.00/kW-month capacity credit + $0.10/kWh curtailment energy credit,min 100 kW curtailable; max 100 MW per customer,Rider PS,utility-called curtailment events,n/a,n/a,Unclear,Unknown,Active,https://dms.psc.sc.gov/Attachments/Matter/c60eaa90-4800-42dc-bf87-2f844a42c5cc,2026-09-24,Secondary
SERC-nonRTO,SC,"Duke Energy Carolinas, LLC",IOU,Solar Choice Metering Tariff,Export-Comp,Residential,Solar+Storage,Opt-in,net billing per Act 62 settlement; legacy full-retail credit grandfathered by application date,n/a,pre-5/16/2019 apps: full retail credit through 12/31/2025; 5/16/19-5/31/21 apps: through 5/31/2029,Solar Choice Metering Tariff,n/a,n/a,net billing at avoided-cost-based rate post-transition; full retail NEM grandfathered per above dates,Yes,Unknown,Active,https://ors.sc.gov/sites/scors/files/Documents/Consumers/Solar/ORS%20Duke%20Solar%20Choice%20Overview.pdf,2026-09-24,Secondary
SERC-nonRTO,SC,"Duke Energy Carolinas, LLC",IOU,PowerShare Nonresidential Load Curtailment Rider,DR-Curtailment,LargeC&I,GeneralLoad;Generator,Opt-in,monthly capacity credit + energy curtailment credit,capacity credit increased toward $5/kW-month per 2025-26 filing,min 100 kW curtailable,Rider PS (SC),utility-called curtailment events,n/a,n/a,Unclear,Unknown,Active,https://dms.psc.sc.gov/Attachments/Matter/c60eaa90-4800-42dc-bf87-2f844a42c5cc,2026-09-24,Secondary
SERC-nonRTO,NC,"Duke Energy Progress, LLC",IOU,PowerPair,Storage-Incentive,Residential,Solar+Storage;Battery,Opt-in,upfront $/W solar + $/kWh battery rebate,"$0.36/W solar (max 10kW-AC; $3,600 cap) + $400/kWh battery (max 13.5kWh; $5,400 cap); combined max $9,000",First-come first-served; capped at 30000 kW-AC solar; DEP territory reported at capacity as of mid-2026,Rider NMB / Rider RSC required,n/a,n/a,Bridge Rate (flat) or Solar Choice (TOU) required for enrollment,Yes,EnergyWise Home Battery Control,Closed to new enrollment,https://www.duke-energy.com/partner-with-us/trade-allies/residential/powerpair,2026-09-24,Primary
SERC-nonRTO,NC,"Duke Energy Progress, LLC",IOU,Residential Time-of-Use (R-TOU),TOU-Rate,Residential,GeneralLoad;EV/EVSE,Opt-in,time-varying energy rate; discount period 30% below standard off-peak,n/a,n/a,Schedule R-TOU,Summer wkdy 6-9pm; Non-summer wkdy 6-9am,on-peak / discount (1-6am summer; 1-3am & 11am-4pm winter) / off-peak,n/a,Unclear,Unknown,Active,https://www.duke-energy.com/home/billing/rates/new-rates-nc,2026-09-24,Primary
SERC-nonRTO,NC,"Duke Energy Progress, LLC",IOU,Residential TOU with Critical Peak Pricing (R-TOU-CPP / Flex Savings Option),CPP-PTR,Residential,GeneralLoad;Battery;EV/EVSE,Opt-in,critical peak day elevated on-peak rate; no demand charge,n/a,~20 CPP event days/yr; day-ahead notification,Schedule R-TOU-CPP,Summer wkdy 6-9pm; Non-summer wkdy 6-9am,on/discount/off-peak periods with CPP day surcharge,n/a,Unclear,Residential Solar Choice,Active,https://www.duke-energy.com/home/billing/rates/new-rates-nc,2026-09-24,Primary
SERC-nonRTO,NC,"Duke Energy Progress, LLC",IOU,Residential Solar Choice (Rider RSC),Export-Comp,Residential,Solar+Storage,Opt-in,net billing under mandatory TOU-CPP rate,n/a,n/a,Rider RSC,see R-TOU-CPP window,see R-TOU-CPP rates,net billing at TOU rate; export valued at time-varying retail rate minus riders,Yes,PowerPair,Active,https://www.duke-energy.com/home/billing/rates/new-rates-nc,2026-09-24,Primary
SERC-nonRTO,NC,"Duke Energy Progress, LLC",IOU,Net Metering Bridge Rate (Rider NMB),Export-Comp,Residential,Solar+Storage,Opt-in,net metering on non-time-varying rate during transition period,n/a,available to interconnection applicants until ~Jan 2027; locks in for 15 yrs from approval,Rider NMB,n/a,flat rate,near 1:1 net metering on flat rate during bridge period,Yes,PowerPair,Active,https://www.duke-energy.com/home/billing/rates/new-rates-nc,2026-09-24,Secondary
SERC-nonRTO,NC,"Duke Energy Progress, LLC",IOU,EnergyWise Home Smart Thermostat (BYOT),DR-BYOT,Residential,Thermostat/AC,Opt-in,one-time + annual bill credit,$150 one-time enrollment credit + $50/yr renewal,brief adjustments during peak demand; typically <=4 hrs; not on holidays except emergencies,n/a,summer/winter peak,n/a,n/a,No,EnergyWise Home Switch,Active,https://www.duke-energy.com/home/products/energywise-home/smart-thermostat,2026-09-24,Primary
SERC-nonRTO,NC,"Duke Energy Progress, LLC",IOU,EnergyWise Home Switch (AC/heat pump control),DR-DLC,Residential,Thermostat/AC;HeatPump,Opt-in,bill credit for switch-based cycling,see current program incentive schedule,seasonal cycling events,n/a,summer peak afternoon/evening,n/a,n/a,No,EnergyWise Home Smart Thermostat,Active,https://www.duke-energy.com/Home/Products/EnergyWise-Home/Switch,2026-09-24,Primary
SERC-nonRTO,NC,"Duke Energy Progress, LLC",IOU,PowerShare (Rider PS),DR-Curtailment,LargeC&I,GeneralLoad;Generator,Opt-in,monthly capacity credit + energy curtailment credit,$3.50-$5.00/kW-month capacity credit + $0.10/kWh curtailment energy credit,min 100 kW curtailable; max 100 MW per customer,Rider PS,utility-called curtailment events,n/a,n/a,Unclear,Unknown,Active,https://dms.psc.sc.gov/Attachments/Matter/c60eaa90-4800-42dc-bf87-2f844a42c5cc,2026-09-24,Secondary
SERC-nonRTO,SC,"Duke Energy Progress, LLC",IOU,Solar Choice Metering Tariff,Export-Comp,Residential,Solar+Storage,Opt-in,net billing per Act 62 settlement; legacy full-retail credit grandfathered by application date,n/a,pre-5/16/2019 apps: full retail credit through 12/31/2025; 5/16/19-5/31/21 apps: through 5/31/2029,SC Original Leaf No. 670,n/a,n/a,net billing at avoided-cost-based rate post-transition; full retail NEM grandfathered per above dates,Yes,Unknown,Active,https://dms.psc.sc.gov/Attachments/Matter/27add76f-6553-4c71-a2ae-4b05c86d8e7e,2026-09-24,Primary
SERC-nonRTO,SC,"Duke Energy Progress, LLC",IOU,New nonresidential demand-side program (2026 SC filing),Demand-Charge,SmallC&I;LargeC&I,GeneralLoad,Opt-in,program details per 2026 SC filing,n/a,n/a,n/a,n/a,n/a,n/a,Unclear,Unknown,Proposed/pending,https://news.duke-energy.com/releases/new-duke-energy-program-helps-south-carolina-nonresidential-customers-lower-costs-while-supporting-a-growing-grid,2026-09-24,Secondary
SERC-nonRTO,GA,Georgia Power Company,IOU,Nights & Weekends,TOU-Rate,Residential,GeneralLoad;EV/EVSE;Battery,Opt-in,time-varying energy rate; no demand charge,On-peak $0.303/kWh; Off-peak $0.078/kWh,n/a; 12-month commitment,Schedule TOU-REO,Jun-Sep M-F 2pm-7pm,on $0.303/kWh / off $0.078/kWh,n/a,Unclear,Smart Usage;Overnight Advantage,Active,https://www.georgiapower.com/residential/rate-plans/nights-weekends.html,2026-09-25,Primary
SERC-nonRTO,GA,Georgia Power Company,IOU,Smart Usage,Demand-Charge,Residential,GeneralLoad;EV/EVSE;Battery,Opt-in,time-varying energy rate + monthly single-hour demand charge,On-peak $0.146/kWh; Off-peak $0.016/kWh; Demand $12.44/kW-month (highest hour),n/a; 12-month commitment,Schedule TOU-RD,Jun-Sep M-F 2pm-7pm,on $0.146/kWh / off $0.016/kWh + $12.44/kW demand,n/a,Unclear,Nights & Weekends,Active,https://www.georgiapower.com/residential/rate-plans/smart-usage.html,2026-09-25,Primary
SERC-nonRTO,GA,Georgia Power Company,IOU,Thermostat Energy Management Program (TEMP√ / Smart Thermostat),DR-BYOT,Residential,Thermostat/AC,Opt-in,enrollment bonus + free program,$50 enrollment bonus (thermostat credit),"FLEX HOURS event days, count/duration not published",n/a,utility-called Flex Hours events,n/a,n/a,No,Unknown,Active,https://georgiapowermarketplace.com/s/GeorgiaPower/programs/content_drpe_info.html,2026-09-25,Secondary
SERC-nonRTO,GA,Georgia Power Company,IOU,Resiliency Asset Service (RAS-1) + DER Demand Response Credit (DRC-1),DR-BYOD,LargeC&I,Battery;Generator;GeneralLoad,Opt-in,fixed monthly bill credit valued at 100% of capacity value for dispatch rights,"not published in $/kW; credit = 100% of capacity value (utility-owned DER, min 200kW, min 1,000kW demand reduction for DRC)","min DER capacity 200kW; min 1,000 kW demand reduction; dispatch during extreme supply/demand events",RAS-1 / DRC-1 (Pilot),utility-called extreme system conditions,n/a,n/a,Yes,Unknown,Pilot,https://www.georgiapower.com/content/dam/georgia-power/pdfs/business-pdfs/DRC-1_Tariff.pdf,2026-09-25,Primary
SERC-nonRTO,GA,Georgia Power Company,IOU,Customer-Sited Solar Plus Storage Pilot,Storage-Incentive,Residential;SmallC&I,Solar+Storage;Battery,Opt-in;Waitlist,upfront $/kW incentive (two tracks) + performance $/kWh for customer-directed,"Customer-directed: $15/kW upfront + $1.50/kWh discharged (LMI/MUSH $45/kW upfront); Utility-directed: $750/kW upfront ($1,000/kW LMI/MUSH)",50 MW total program cap (25MW customer-directed / 25MW utility-directed); enrollment expected Q3 2026,Pilot per 2025 IRP order,utility-dispatched events (utility-directed) or customer-requested events (customer-directed),n/a,n/a,Yes,Unknown,Proposed/pending,https://services.psc.ga.gov/api/v1/External/Public/Get/Document/DownloadFile/218262/99306,2026-09-25,Primary
SERC-nonRTO,GA,Georgia Power Company,IOU,RNR - Monthly Netting (legacy Net Metering Pilot),Export-Comp,Residential,Solar+Storage,Closed to new,1:1 monthly net metering; grandfathered legacy customers only,n/a,"capped at 5,000 customers; program hit cap and closed; grandfathered through 2038",Schedule RNR-11 (Monthly Netting),n/a,n/a,"1:1 net metering, netted monthly, grandfathered to 2038",Yes,Unknown,Closed to new enrollment,https://www.georgiapower.com/content/dam/georgia-power/pdfs/residential-pdfs/residential-rate-plans/RNR-11.pdf,2026-09-25,Primary
SERC-nonRTO,GA,Georgia Power Company,IOU,RNR - Instantaneous Netting,Export-Comp,Residential;SmallC&I,Solar+Storage,Opt-in,instantaneous netting at avoided cost + adder,avoided cost ~$0.027/kWh + $0.04/kWh adder = ~$0.067/kWh total export value,n/a,Schedule RNR-11 (Instantaneous Netting),n/a,n/a,"avoided-cost export ~6.7c/kWh (instantaneous netting, not monthly)",Yes,Unknown,Active,https://www.georgiapower.com/content/dam/georgia-power/pdfs/residential-pdfs/residential-rate-plans/RNR-11.pdf,2026-09-25,Primary
SERC-nonRTO,AL,Alabama Power Company,IOU,Residential Time Advantage (Rate RTA),TOU-Rate,Residential,GeneralLoad;EV/EVSE;Battery,Opt-in,time-varying energy rate,Summer/winter peak $0.302554/kWh; off-peak (economy) $0.102554/kWh,n/a,Rate RTA,Jun-Sep M-F 1-7pm CST; Nov-Mar M-F 5-9am CST,peak ~30.26c / economy ~10.26c per kWh,n/a,Unclear,Unknown,Active,https://www.alabamapower.com/content/dam/alabama-power/pdfs-docs/Rates/RTA.pdf,2026-09-25,Primary
SERC-nonRTO,AL,Alabama Power Company,IOU,"Smart Peak Rewards (FlexSaver, AC/thermostat DR)",DR-BYOT,Residential,Thermostat/AC;HeatPump,Opt-in,enrollment bonus + per-season bonus (prepaid card),$50 enrollment + $25/season participation (Virtual Prepaid Mastercard),seasonal peak events; count/duration not published,n/a,summer/winter peak events,n/a,n/a,No,Smart Thermostat Rebate,Active,https://smartpeak.alabamapowerprograms.com/,2026-09-25,Secondary
SERC-nonRTO,AL,Alabama Power Company,IOU,Smart Thermostat Reimbursement,DR-BYOT,Residential,Thermostat/AC,Opt-in,one-time rebate,up to $200 reimbursement (based on purchase price),one per account; must purchase/install on or after 11/1/2024,n/a,n/a,n/a,n/a,No,Smart Peak Rewards,Active,https://programs.dsireusa.org/system/program/detail/22483/alabama-power-smart-thermostat-reimbursement,2026-09-25,Secondary
SERC-nonRTO,AL,Alabama Power Company,IOU,Capacity Reservation Charge (Rider RGB self-generation),Interconnection,Residential;SmallC&I,Solar+Storage;Generator,Default,monthly $/kW standby capacity charge on self-generation customers,$5.41/kW-month of installed generating capacity (increased from $5.00/kW in Sept 2020),applies to customers with interconnected self-generation; upheld by federal court ruling March 2026,Rate Rider RGB,n/a,n/a,materially reduces solar/storage export economics; charged regardless of export volume,Yes-restricted,Unknown,Active,https://www.alabamapower.com/content/dam/alabama-power/pdfs-docs/Rates/RGB.pdf,2026-09-25,Primary
SERC-nonRTO,AL,Alabama Power Company,IOU,Purchase of Alternate Energy (Rate PAE),Export-Comp,Residential;SmallC&I,Solar+Storage,Opt-in,avoided-cost energy credit for exported generation,~$0.03/kWh energy credit (varies by rate plan); systems <100kW,systems must be <=100kW; >=100kW uses Rate CPE (Contract for Purchased Energy),Rate PAE,n/a,n/a,"avoided cost ~3c/kWh, well below retail rate; plus Rider RGB capacity charge applies",Yes-restricted,Unknown,Active,https://www.alabamapower.com/content/dam/alabama-power/pdfs-docs/Rates/CPE.pdf,2026-09-25,Secondary
SERC-nonRTO,SC,Dominion Energy South Carolina,IOU,You Shift You Save (Rate 5-TOU),TOU-Rate,Residential,GeneralLoad;EV/EVSE;Battery,Opt-in,time-varying energy rate with super off-peak tier,rate values not published in $/kWh in sources reviewed; structure only,n/a,Rate 5-TOU,Summer (May-Sep) on-peak 4-8pm; Winter (Oct-Apr) on-peak 6-9am; super off-peak 1-5am year-round; new periods effective 7/1/2026 apply on weekends/holidays too,"on/off/super-off-peak tiers, rate $ not published as of review",n/a,Unclear,Solar Choice,Active,https://www.dominionenergy.com/south-carolina/updates/time-of-use,2026-09-25,Primary
SERC-nonRTO,SC,Dominion Energy South Carolina,IOU,Solar Choice Metering Tariff (Rider to Rate 5),Export-Comp,Residential,Solar+Storage,Opt-in,net billing on TOU rate; legacy full-retail credit grandfathered by application date,n/a,pre-5/16/2019 apps: full retail credit through 12/31/2025; 5/16/19-5/31/21 apps: through 5/31/2029,Solar Choice Rider to Rate 5,see Rate 5-TOU windows,"excess generation applied first to same-period usage, then to equal/lower-value periods",net billing at TOU value; full retail NEM grandfathered per dates above,Yes,Unknown,Active,https://ors.sc.gov/sites/scors/files/Documents/Consumers/Solar/ORS%20Dominion%20Solar%20Choice%20Overview.pdf,2026-09-25,Secondary
SERC-nonRTO,SC,Santee Cooper (South Carolina Public Service Authority),Federal/State,Santee Cooper Rewards (Smart Thermostat DR),DR-BYOT,Residential,Thermostat/AC,Opt-in,enrollment bonus + annual bonus,$75 enrollment + $50/yr participation,seasonal peak/extreme-weather events; count not published,n/a,extreme heat/cold event days,n/a,n/a,No,Unknown,Active,https://newsroom.santeecooper.com/news/Santee-Cooper-Announces-Rewards-for-Smart-Thermostat-Customers/,2026-09-25,Secondary
SERC-nonRTO,SC,Santee Cooper (South Carolina Public Service Authority),Federal/State,EmpowerSolar / Distributed Generation Rider,Export-Comp,Residential;SmallC&I,Solar+Storage,Opt-in,full retail credit for self-consumption; DG Rider rate for exported excess (not 1:1 net metering),"exported excess credited at Distributed Generation Rider rate, historically ~$0.0415/kWh (vs. ~$0.0388/kWh prior avoided-cost rate); metering/standby fees eliminated April 2025",n/a,Distributed Generation Rider,n/a,n/a,"self-use at full retail; export at DG Rider rate (~4.15c/kWh), not full retail 1:1",Yes,Unknown,Active,https://www.santeecooper.com/programs-incentives/empowersolar/,2026-09-25,Secondary
SERC-nonRTO,GA,Jackson EMC,Cooperative,Residential Time-of-Use Service,TOU-Rate,Residential,GeneralLoad;EV/EVSE;Battery,Opt-in,"time-varying energy rate, year-round enrollment window",On-peak $0.3435/kWh; Off-peak $0.0735/kWh,annual enrollment window Jan 1-May 1 only,Residential Time-Of-Use Service,Jun 1-Sep 15 weekdays 3-8pm,on $0.3435/kWh / off $0.0735/kWh,n/a,Unclear,Unknown,Active,https://www.jacksonemc.com/my-cooperative/rates/residential-rates/residential-time-of-use-service,2026-09-25,Primary
SERC-nonRTO,GA,Cobb EMC,Cooperative,Smart Choice Rate,Demand-Charge,Residential,GeneralLoad;Battery,Opt-in,peak-day demand-based service charge,not published in $/kW; based on 2-7pm usage on Energy Saving Peak Days,utility-designated Energy Saving Peak Days,Smart Choice Rate,2pm-7pm on designated Energy Saving Peak Days,n/a,n/a,Unclear,NiteFlex,Active,https://www.cobbemc.com/smart-choice-rate,2026-09-25,Primary
SERC-nonRTO,GA,Cobb EMC,Cooperative,NiteFlex (Residential EV/TOU Rate),TOU-Rate,Residential,EV/EVSE;GeneralLoad,Opt-in,time-varying energy rate,rate values not published in sources reviewed,n/a,NiteFlex,not published,"on/off-peak periods, values not published",n/a,Unclear,Smart Choice Rate,Active,https://www.cobbemc.com/niteflex,2026-09-25,Primary
SERC-nonRTO,GA,Sawnee EMC,Cooperative,Residential Time-of-Use Rate (Schedule TU-27),TOU-Rate,Residential,GeneralLoad;EV/EVSE,Opt-in,time-varying energy rate,rate values not published in sources reviewed,n/a,Schedule TU-27,not published,n/a,n/a,Unclear,NEM Rider,Active,https://sawnee.coop/residential-rate-schedules,2026-09-25,Primary
SERC-nonRTO,GA,Sawnee EMC,Cooperative,Net Energy Metering Rider (NEM),Export-Comp,Residential;SmallC&I,Solar+Storage,Opt-in,monthly net-negative excess credited at NEM rider rate; not full retail 1:1,rider rate not published in sources reviewed,applies only when account is net-negative for the billing period,NEM Rider,n/a,n/a,excess (net-negative) credited at NEM rider rate; standard billing otherwise,Yes,Unknown,Active,https://file.sawnee.coop/web-docs/solar/PV-System-FAQ-v2.pdf,2026-09-25,Secondary
SERC-nonRTO,GA,GreyStone Power Corporation,Cooperative,"Load Management Service (Rate 9, Schedule LM)",DR-Curtailment,SmallC&I;LargeC&I,GeneralLoad;Generator,Opt-in,coincident-peak demand billing tied to wholesale provider's top-5 peak hours,not published in $/kW,dispatched during Peak Period Notification Hours (Wholesale Provider-forecast peak conditions),"Rate 9, Schedule LM",utility-notified peak periods,n/a,n/a,Unclear,Unknown,Active,https://greystonepower.com/sites/default/files/PDF/Rates/010522/Load%20Management%20Service.pdf,2026-09-25,Primary
SERC-nonRTO,GA,GreyStone Power Corporation,Cooperative,"General Service Seasonal Off-Peak (Rate 72, Schedule GS-SOFF)",TOU-Rate,SmallC&I,GeneralLoad,Opt-in,seasonal time-varying energy rate,rate values not published in sources reviewed,n/a,"Rate 72, Schedule GS-SOFF","seasonal (summer) on/off-peak, hours not published in summary",n/a,n/a,Unclear,Unknown,Active,https://www.greystonepower.com/sites/default/files/PDF/Rates/010522/General%20Service%20Seasonal%20Off%20Peak.pdf,2026-09-25,Primary
SERC-nonRTO,GA,Walton EMC,Cooperative,Net Metering / Solar Buyback,Export-Comp,Residential;SmallC&I,Solar+Storage,Opt-in,"per-kWh credit for exported generation, not full retail",$0.04247/kWh (effective 7/1/2020 through 12/31/2025),one-time metering equipment cost ~$800 borne by customer,Net Metering Rider,n/a,n/a,"export credited at $0.04247/kWh, well below retail rate",Yes,Unknown,Active,https://www.waltonemc.com/solar-power-center/rooftop-solar/selling-your-solar-power/,2026-09-25,Primary
SERC-nonRTO,NC,EnergyUnited,Cooperative,Net Metering (Residential & Non-Residential),Export-Comp,Residential;SmallC&I,Solar+Storage,Opt-in,avoided-cost credit for exported generation; no standby charge,credited at avoided cost rate; specific $/kWh not published in sources reviewed,n/a,"Net Metering Rate Schedule (Docket EC-82, Sub 21)",n/a,n/a,"export at avoided cost, no standby charge (differs from Duke's approach)",Yes,Unknown,Active,https://www.energyunited.com/wp-content/uploads/2021/05/EU-Rate-Schedules_02012021_Net-Metering-Commercial.pdf,2026-09-25,Primary
SERC-nonRTO,SC,Berkeley Electric Cooperative,Cooperative,Time-of-Day Rate (Rate 80/81),TOU-Rate,Residential,GeneralLoad;EV/EVSE,Opt-in,time-varying energy rate; not compatible with net metering,rate values not published in sources reviewed,n/a; not available to net-metered accounts,Rate 80/81 (TOD),not published,n/a,n/a,No,Unknown,Active,https://www.berkeleyelectric.coop/rate-structure,2026-09-25,Primary
SERC-nonRTO,SC,Berkeley Electric Cooperative,Cooperative,Net Metering (Residential RS / General Service <100kVA),Export-Comp,Residential;SmallC&I,Solar+Storage,Opt-in,"per-kWh credit for exported generation, updated annually",$0.0603/kWh (updated ~March 1 each year),not available on Time-of-Day rate accounts,Net Metering Rider,n/a,n/a,"export credited at $0.0603/kWh, below retail rate; incompatible with TOD rate",Yes-restricted,Unknown,Active,https://www.berkeleyelectric.coop/renewable-energy,2026-09-25,Secondary
FRCC-nonRTO,FL,Florida Power & Light Company,IOU,FPL On Call (Residential),DR-DLC,Residential,Thermostat/AC;ElectricWaterHeater;PoolPump,Opt-in,flat monthly bill credit,$6/mo (1-2 A/C units Apr-Oct); $2.75/mo (elec heat Nov-Mar); $1.50/mo ea. water heater/pool pump; max $91.75/yr,up to 3 hr/day A/C cycling summer; up to 3 hr/day heat cycling winter; up to 4 hr/day water heater/pool pump,ROC,,,,No,Unknown,Active,https://www.fpl.com/save/programs/on-call-program.html,2026-09-24,Primary
FRCC-nonRTO,FL,Florida Power & Light Company,IOU,FPL On Call (Business),DR-DLC,SmallC&I,Thermostat/AC,Opt-in,$/ton-month bill credit,"$2/ton/month, Apr-Oct (7 months); e.g. 2x5-ton units = $140/yr",up to 17.5 min/30 min cycling; max 3.5 hr/day; Apr-Oct; A/C normally operates 3-6pm 4+ days/wk,BOC,3-6pm,,,No,Unknown,Active,https://www.fpl.com/business/save/programs/oncall.html,2026-09-24,Primary
FRCC-nonRTO,FL,Florida Power & Light Company,IOU,Residential Time of Use Rate (RTR-1),TOU-Rate,Residential,Any,Opt-in,rate discount/premium by time period,,,RTR-1,Summer (Apr-Oct) 12pm-9pm; Winter (Nov-Mar) 6-10am & 6-10pm weekdays,"on ~26c/kWh / off ~9c/kWh (approx, varies by location)",,Unclear,Cannot combine with On Call; Budget Billing; EVolution,Active,https://www.fpl.com/rates/time-of-use.html,2026-09-24,Primary
FRCC-nonRTO,FL,Florida Power & Light Company,IOU,Net Metering (COG-1),Export-Comp,All,Solar+Storage,Opt-in,full retail monthly netting; annual true-up at avg. annual cost of generation,,,COG-1,,,1:1 monthly netting; annual true-up credit each December at FPL's average annual cost of generation,Yes-restricted,Unknown,Active,https://www.fpl.com/content/dam/fplgp/us/en/rates/pdf/electric-tariff-section10.pdf,2026-09-24,Primary
FRCC-nonRTO,FL,Florida Power & Light Company,IOU,FPL EVolution Home,EV-Rate,Residential,EV/EVSE,Opt-in,flat monthly program charge + off-peak per-kWh rate,"$36/mo full install or $27/mo equipment-only, plus off-peak ~7c/kWh vs on-peak ~28c/kWh",10-yr agreement; early termination fee $1851 (full) or $1204 (equip-only) declining ~$15.43/$10.03 per month + $50 admin fee,,"Summer (Apr-Oct) off-peak noon-9pm; Winter (Nov-Mar) off-peak 6-10am & 6-10pm, plus weekends/holidays",off-peak ~7c/kWh / on-peak ~28c/kWh,,No,Not compatible with Net Metering or TOU rate,Active,https://www.fpl.com/electric-vehicles/for-drivers/evolution-home.html,2026-09-24,Primary
FRCC-nonRTO,FL,Florida Power & Light Company,IOU,Commercial/Industrial Load Control (CILC-1),DR-Curtailment,LargeC&I,GeneralLoad,Opt-in,demand credit vs. curtailment penalty,"base demand $5.67/kW credit; curtailment penalty $14.17/kW (CILC-1(G), eff. Jan 2026)",,CILC-1,,,,No,Unknown,Active,https://www.fpl.com/content/dam/fplgp/us/en/rates/pdf/bus-eff-jan-2026.pdf,2026-09-24,Primary
FRCC-nonRTO,FL,"Duke Energy Florida, LLC",IOU,EnergyWise Home (Switch),DR-DLC,Residential,Thermostat/AC;ElectricWaterHeater;PoolPump,Opt-in,annual bill credit prorated by usage,up to $141/yr,"AC up to 16.5 min/30 min; water heater/pool pump up to 5 hr; mostly weekdays, rarely AC",,,,,No,Compatible with Time-of-Use rate,Active,https://www.duke-energy.com/home/products/energywise-home/switch,2026-09-24,Primary
FRCC-nonRTO,FL,"Duke Energy Florida, LLC",IOU,EnergyWise Home Battery Control,DR-BYOD,Residential,Battery,Opt-in,monthly bill credit,,up to 30-36 events/yr,,,,,Yes,Unknown,Active,https://www.duke-energy.com/home/products/energywise-home/battery-control,2026-09-24,Primary
FRCC-nonRTO,FL,"Duke Energy Florida, LLC",IOU,Residential Time-of-Use Rate,TOU-Rate,Residential,Any,Opt-in,rate discount/premium by time period,~10c-20c/kWh depending on time of day (approx.),,,,,,Unclear,Compatible with EnergyWise Home,Active,https://www.duke-energy.com/home/billing/rates/time-of-use,2026-09-24,Secondary
FRCC-nonRTO,FL,"Duke Energy Florida, LLC",IOU,Net Metering (Rider RE),Export-Comp,All,Solar+Storage,Opt-in,full retail monthly netting; annual true-up at COG-1 as-available rate,,,Rider RE,,,1:1 monthly netting; annual true-up at Duke's COG-1 as-available energy tariff each December,Yes-restricted,Unknown,Active,https://www.energysage.com/local-data/net-metering/duke-energy/,2026-09-24,Secondary
FRCC-nonRTO,FL,Tampa Electric Company,IOU,Energy Planner (Residential TOU),TOU-Rate,Residential,Any,Opt-in,rate discount/premium by time period,off-peak as low as 11.044c/kWh vs standard 14.235c/kWh,avg 8-10% annual bill savings reported,,Weekdays 2pm-8pm approx (peak),on/off differential ~3.2c/kWh (approx),,Unclear,Unknown,Active,https://www.tampaelectric.com/residential/saveenergy/energyplanner/,2026-09-24,Primary
FRCC-nonRTO,FL,Tampa Electric Company,IOU,Time-of-Day Service (Business),TOU-Rate,SmallC&I;LargeC&I,Any,Opt-in,rate discount/premium by time period,GST off-peak 7.514c/kWh vs on-peak 14.113c/kWh (eff. Jan 2026),,GST/GSDT,Weekdays 2pm-8pm,"on 14.113c/kWh / off 7.514c/kWh (GST, eff Jan 2026)",,Unclear,Unknown,Active,https://www.tampaelectric.com/business/billing-options/time-of-day-service/,2026-09-24,Primary
FRCC-nonRTO,FL,Tampa Electric Company,IOU,Net Metering,Export-Comp,All,Solar+Storage,Opt-in,full retail monthly netting under PSC Rule 25-6.065,,,,,,1:1 monthly netting; excess banked for future months,Yes-restricted,Unknown,Active,https://www.tampaelectric.com/solarsolutions/solareducation/incentives/,2026-09-24,Secondary
FRCC-nonRTO,FL,JEA,Municipal,Net Metering / Distributed Generation Policy,Export-Comp,All,Solar+Storage,Opt-in,monthly netting; annual true-up at fuel charge rate (post-2018 customers); pre-2018 grandfathered at full retail for 20 yrs,10 MW aggregate system-wide cap for Tier 1-3 net metering,,,,,1:1 monthly netting; annual true-up in Dec paid at retail rate (fuel+conservation+environmental charges) for post-4/1/2018 interconnections; full retail rate for pre-4/1/2018 customers through 20-yr grandfather,Yes-restricted,Unknown,Active,https://www.jea.com/Environment/Distributed_Generation_Policy/,2026-09-25,Secondary
FRCC-nonRTO,FL,JEA,Municipal,SmartSavings (Dual Flex Pricing / Demand Rate),Demand-Charge,Residential,Any,Opt-in,"two demand charges: Peak-Hours max demand + Anytime max demand, plus lower energy rate",,,,Apr-Oct: weekdays noon-7pm; Nov-Mar: weekdays 6-9am,,,Unclear,Unknown,Active,https://www.jea.com/my_account/rates/smartsavings/,2026-09-25,Secondary
FRCC-nonRTO,FL,Orlando Utilities Commission,Municipal,TruNet Solar (Net Metering),Export-Comp,All,Solar+Storage,Opt-in,full retail rate (grandfathered) or Community Solar Energy rate + Retail Levelized Fuel Rate (new),,,,,,"Pre-6/30/2025 interconnection: full retail rate (10.7c/kWh) through 6/30/2045; post-6/30/2025: full retail during grace period to Fall 2026, then Community Solar Energy rate (4.6c/kWh) through 6/30/2030, then Retail Levelized Fuel Rate",Yes-restricted,OUC Battery Storage Rebate (forfeits full retail export rate),Active,https://www.ouc.com/solutions-programs/solar-programs/rooftop-solar/,2026-09-25,Primary
FRCC-nonRTO,FL,Orlando Utilities Commission,Municipal,Battery Storage Rebate,Storage-Incentive,Residential,Battery;Solar+Storage,Opt-in,"one-time rebate, must pair with solar PV","up to $2,000 one-time rebate (2019 pilot, first 50 customers; program under evaluation for next phase per 2024 status)",limit one per customer; must forfeit TruNet full retail export rate to participate,,,,forfeits TruNet Full Retail Rate (10.7c/kWh) for exported energy if rebate taken,Yes,TruNet Solar (mutually exclusive on export rate),Active,https://www.ouc.com/solutions-programs/savings/rebates/battery-storage/,2026-09-25,Primary
FRCC-nonRTO,FL,Orlando Utilities Commission,Municipal,PeakSHIFT Plan (DemandLevel + Shift & Save),Demand-Charge,Residential,Any,Default,"fixed monthly demand-tier charge based on monthly peak usage, plus off-peak usage incentive","DemandLevel fixed charges of $5, $10 or $15/mo based on monthly peak kW tier (effective ~March 2026); Shift & Save TOU incentive follows January 2027",,,,,,Unclear,Unknown,Proposed/pending,https://www.ouc.com/about/news/ouc-approve-peakshift-plan/,2026-09-25,Primary
FRCC-nonRTO,FL,Lakeland Electric,Municipal,Shift to Save Plan,TOU-Rate,Residential,Any,Opt-in,on/off-peak per-kWh energy + fuel charge differential,Energy: on-peak $0.14140/kWh vs off-peak $0.01592/kWh; Fuel: on-peak $0.069597/kWh vs off-peak $0.051528/kWh (effective 6/1/2026),Weekends and 6 major holidays are off-peak,,"Summer (Apr-Oct): on-peak 12:01pm-9pm, off-peak 9:01pm-12pm; Winter (Nov-Mar): on-peak 6:01-10am & 6:01-10pm, off-peak 10:01pm-6am & 10:01am-6pm","on $0.14140+$0.069597=~$0.211/kWh / off $0.01592+$0.051528=~$0.067/kWh (summer, effective 6/1/2026)",,Unclear,Unknown,Active,https://lakelandelectric.com/billing-and-payment/pricing-plans,2026-09-25,Primary
FRCC-nonRTO,FL,Lakeland Electric,Municipal,Demand Price Plan,Demand-Charge,Residential,Any;Battery,Opt-in,low energy rate + demand charge during peak window,Demand charge $6.69/kW (or $5.77/kW with Value of Solar Credit); Energy $0.02674/kWh; Fuel $0.057/kWh (effective 6/1/2026),"Peak = weekdays only, ~15% of year; 6 holidays off-peak",,Winter (Nov1-Mar31): weekdays 6:01-10am; Summer (Apr1-Oct31): weekdays 1:01-8pm,,,Yes-restricted,Unknown,Active,https://lakelandelectric.com/billing-and-payment/pricing-plans,2026-09-25,Primary
FRCC-nonRTO,FL,Lakeland Electric,Municipal,Net Metering / PV-ESS Interconnection,Export-Comp,All,Solar+Storage,Opt-in,net metering per Agreement for Parallel Connection of PV and/or ESS up to 2MW,,up to 2 MW system size,,,,per PSC Rule 25-6.065 standard net metering (retail rate monthly netting),Yes-restricted,Unknown,Active,https://cdn.kubra.com/a_published/lakelandelectric/assets-docs/rate%20tariff%20%20fy26%20-%20effective%2010.01.25.pdf,2026-09-25,Secondary
FRCC-nonRTO,FL,Gainesville Regional Utilities,Municipal,General Service Time-of-Demand (GSD),Demand-Charge,SmallC&I;LargeC&I,GeneralLoad,Opt-in,"demand charge above 49kW threshold, or non-demand rate below","Customer charge $100/mo, Demand charge $8.50/kW-month, Energy $0.04/kWh (GSD, as filed); GSND alternative: Customer charge $29.50/mo, Energy $0.069/kWh (0-1500kWh), $0.100/kWh (>1500kWh)",min 12-month commitment; billed for min 35kW once 50kW+ demand established during peak,GSD/GSND,"Weekdays 6am-10pm (peak), weekends/holidays excluded",,,No,Unknown,Active,https://www.gru.com/Portals/0/GS-Time%20of%20Demand.pdf,2026-09-25,Primary
FRCC-nonRTO,FL,Gainesville Regional Utilities,Municipal,Net Metering,Export-Comp,All,Solar+Storage,Opt-in,net metering at retail rate per PSC Rule 25-6.065,,,,,,1:1 monthly netting at retail rate,Yes-restricted,Unknown,Active,https://www.gru.com/Portals/0/FY2025%20850%20Electric%20rates.pdf,2026-09-25,Secondary
FRCC-nonRTO,FL,City of Tallahassee Utilities,Municipal,Net Metering,Export-Comp,All,Solar+Storage,Opt-in,net excess generation (NEG) carried to next bill at retail rate; annual reconciliation,"up to 100 kW system size; NEG reconciled over rolling 12-month period, unused balance granted to utility at year-end without compensation",,,,,1:1 monthly netting at retail rate; unclaimed annual excess forfeited to utility (no cash-out),Yes-restricted,Unknown,Active,https://www.energybot.com/incentives/florida/city-of-tallahassee-utilities-net-metering-2634.html,2026-09-25,Secondary
FRCC-nonRTO,FL,City of Tallahassee Utilities,Municipal,Time-of-Use Rate,TOU-Rate,Residential,Any,Opt-in,on/off-peak per-kWh rate,"Standard $0.10267/kWh; off-peak $0.05640/kWh; on-peak $0.2136/kWh (approx., per third-party rate summary)",,,,on $0.2136/kWh / off $0.05640/kWh (approx.),,Unclear,Unknown,Active,https://www.talgov.com/you/you-customer-helpful-rates,2026-09-25,Unverified
FRCC-nonRTO,FL,Withlacoochee River Electric Cooperative,Cooperative,"Cooperative Rewards (BYOT, via Seminole Electric)",DR-BYOT,Residential,Thermostat/AC,Opt-in,annual bill credit + sweepstakes entry for high participation,up to $30/yr bill credit; chance at $250 prize if 75%+ of control minutes completed (summer+winter),"eligible thermostats: Alarm.com, Emerson Sensi, Honeywell Home, Lux, Ecobee, Google Nest",,,,,Unclear,Unknown,Active,https://www.seminole-electric.com/cooperative-rewards/,2026-09-25,Secondary
FRCC-nonRTO,FL,Withlacoochee River Electric Cooperative,Cooperative,Net Metering,Export-Comp,All,Solar+Storage,Opt-in,excess credited to next bill at retail rate; annual reconciliation at avoided cost,,,,,,monthly credit at retail rate; annual true-up excess paid at avoided-cost rate,Yes-restricted,Unknown,Active,https://www.solarqcgroup.com/solar-incentives/FL/20702/withlacoochee-river-electric-coop-inc-net-metering,2026-09-25,Secondary
FRCC-nonRTO,FL,SECO Energy,Cooperative,"Cooperative Rewards (BYOT, via Seminole Electric)",DR-BYOT,Residential,Thermostat/AC,Opt-in,annual bill credit + sweepstakes entry for high participation,up to $30/yr bill credit; chance at $250 prize if 75%+ of control minutes completed,"eligible thermostats: Alarm.com, Emerson Sensi, Honeywell Home, Lux, Ecobee, Google Nest",,,,,Unclear,Unknown,Active,https://www.seminole-electric.com/cooperative-rewards/,2026-09-25,Secondary
FRCC-nonRTO,FL,SECO Energy,Cooperative,Net Metering (avoided cost),Export-Comp,All,Solar+Storage,Opt-in,"excess energy credited at SECO's avoided (wholesale) cost, not retail rate",,member treated as small wholesale power provider,,,,"export credited at SECO's avoided cost (same rate SECO pays Seminole for fossil generation), not retail rate",Yes-restricted,Unknown,Active,https://secoenergy.com/tag/net-metering/,2026-09-25,Secondary
FRCC-nonRTO,FL,"Clay Electric Cooperative, Inc.",Cooperative,"Cooperative Rewards (BYOT, via Seminole Electric)",DR-BYOT,Residential,Thermostat/AC,Opt-in,annual bill credit + sweepstakes entry for high participation,up to $30/yr bill credit; chance at $250 prize if 75%+ of control minutes completed,"eligible thermostats: Alarm.com, Emerson Sensi, Honeywell Home, Lux, Ecobee, Google Nest",,,,,Unclear,Unknown,Active,https://www.seminole-electric.com/cooperative-rewards/,2026-09-25,Secondary
FRCC-nonRTO,FL,"Clay Electric Cooperative, Inc.",Cooperative,"Net Metering (avoided-cost buyback, QF-1)",Export-Comp,All,Solar+Storage,Opt-in,excess kWh instantly bought back monthly at current QF-1 wholesale rate,,system capped at 100 kW AC,QF-1,,,"excess credited monthly at QF-1 wholesale avoided-cost rate, not retail rate",Yes-restricted,Unknown,Active,https://www.clayelectric.com/rates,2026-09-25,Secondary
FRCC-nonRTO,FL,Lee County Electric Cooperative (LCEC),Cooperative,Net Meter Rider,Export-Comp,Residential,Solar+Storage,Opt-in,"flat (non-tiered) per-kWh rate replacing standard inverted-block rate, plus PCA",Net Metering Rider flat energy rate $0.0821/kWh vs standard tiered rate (first 500 kWh $0.1129/kWh); Customer charge $22.22/mo (vs $20.00 standard); PCA $0.00892/kWh (Sept 2026),,Net Meter Rider (RS),,flat $0.0821/kWh all usage plus PCA (~$0.0917/kWh all-in per third-party estimate),1:1 monthly netting implied by flat-rate rider structure,Yes-restricted,Unknown,Active,https://www.lcec.net/my-account/rates/,2026-09-25,Primary
FRCC-nonRTO,FL,Lee County Electric Cooperative (LCEC),Cooperative,Interruptible General Service-Demand (IS-GSD),DR-Curtailment,LargeC&I,GeneralLoad,Opt-in,monthly rebate for contracted minimum load shed at LCEC's request during peak,Interruptible Credit: monthly rebate amount not published (see IS-GSD tariff sheet),requires pre-determined contracted minimum load reduction at LCEC's request,IS-GSD,,,,No,Unknown,Active,https://www.lcec.net/wp-content/uploads/Rate-Tariff-Sheet-2026.pdf,2026-09-25,Primary
TVA,TN,Tennessee Valley Authority,Federal/State,EnergyRight Smart Thermostat Rewards,DR-BYOT,Residential;SmallC&I,Thermostat/AC,Opt-in,enrollment + annual participation bill rebate,$65 enrollment rebate (existing thermostat) or up to $100 purchase+enrollment rebate; $65/yr annual (year-round) or $20/yr (summer-only) participation rebate,"up to 4 degF adjustment, up to 4 hrs/event, up to 60 hrs/season; must maintain 65% event participation for annual rebate",N/A,"Peak demand events, hours vary by LPC",,,No,Unknown,Active,https://energyright.com/residential/rebates/smartthermostat/,2026-09-24,Primary
TVA,TN,Tennessee Valley Authority,Federal/State,PowerFlex,DR-Curtailment,LargeC&I,GeneralLoad,Opt-in,bill credit for capacity/emergency curtailment (rate not published),Not published; replaces Interruptible Power (IP5/IP30); higher credits than predecessor IP program per TVA,"Requires contract demand >=1 MW and 500 kW min annual average on-peak interruptible demand; capacity calls 2-4 hrs, emergency calls unlimited; customer selects cumulative curtailable hours block",N/A,Emergency: anytime; Capacity: TVA-called events,,,No,Unknown,Active,https://energyright.com/business-industry/demand-response/powerflex/,2026-09-24,Primary
TVA,TN,Tennessee Valley Authority,Federal/State,Peak Rewards (administered by Enel),DR-Curtailment,SmallC&I;LargeC&I,GeneralLoad,Opt-in,seasonal bill payment for curtailment (rate not published),Not published; no upfront/out-of-pocket cost; min 50 kW curtailable demand required,up to 32 event hours/fiscal year (Oct-Sep); events called 5am-8pm CT with 30-min notice; 1-4 hr event duration,N/A,"5am-8pm CT, TVA-called events",,,No,Unknown,Active,https://energyright.com/business-industry/demand-response/peak-rewards/,2026-09-24,Primary
TVA,multi,Tennessee Valley Authority,Federal/State,"Wholesale Time-of-Use Rate Structure (GSA/GSB/GSC/GSD, MSB/MSC/MSD)",TOU-Rate,All,GeneralLoad,Default,"seasonal TOU wholesale rate: base demand + energy rate + fuel cost adjustment + grid access charge, billed to LPCs",Not published in $/kWh here; varies by rate schedule and season; LPCs individually decide whether/how to pass TOU structure through to retail rates,N/A,"TVA wholesale tariff schedules (GSA, GSB, GSC, GSD; MSB, MSC, MSD)","Seasonal peak/off-peak, varies by schedule",Varies by LPC pass-through; not universally mirrored at retail,,No,Unknown,Active,https://www.tva.com/about-tva/tva-rates,2026-09-24,Secondary
TVA,multi,Tennessee Valley Authority,Federal/State,Dispersed Power Production (DPP),Export-Comp,Residential;SmallC&I;LargeC&I,Solar+Storage;Generator,Opt-in,avoided-cost energy purchase (sell all or excess generation to TVA),~4.41 cents/kWh flat schedule (Jan 2026); TOU pricing ranges ~4.96c/kWh (Super Peak) to ~3.6-3.8c/kWh (Super Off-Peak); revised at least annually; tiered in 100 MW increments for suppliers >100 MW,Requires executed interconnection agreement (IA) with local power company; enrollment via TVA Green Hub,N/A,Varies (TOU option available),Not published at retail; wholesale avoided-cost tiers only,Avoided-cost PPA; sell-all or use-and-sell-excess options,Yes-restricted,Green Connect (interconnection facilitation),Active,https://www.tva.com/docs/default-source/1-float/dpp_customer_process_flow_finala99b8478-07f0-4731-89ce-f65bb2799261.pdf,2026-09-24,Secondary
TVA,multi,Tennessee Valley Authority,Federal/State,Green Connect,Interconnection,Residential;SmallC&I,Solar+Storage,Opt-in,non-financial: connects customers with vetted installers and facilitates interconnection agreement with LPC; no direct payment,"N/A - facilitation program, not a PPA rate",Solar with or without battery storage allowed; installation verified by independent third party,N/A,N/A,N/A,N/A - Green Connect itself does not purchase power; pairs with DPP for compensation,Yes,Dispersed Power Production (DPP),Active,https://www.tva.com/energy/valley-renewable-energy/green-connect,2026-09-24,Primary
TVA,TN,Nashville Electric Service,Municipal,Time-of-Use Rate,TOU-Rate,Residential;SmallC&I;LargeC&I,GeneralLoad,Opt-in,rate discount off-peak / surcharge on-peak (rates not published in search),Not published; see NES rates page for current schedule,Varies,NES Rate Schedule (TOU),Not published; varies by season,Not published,,No,Unknown,Active,https://www.nespower.com/rates/,2026-09-24,Secondary
TVA,TN,Nashville Electric Service,Municipal,Demand Response Program,DR-Curtailment,LargeC&I,GeneralLoad,Opt-in,bill credit for curtailing usage during peak periods,Not published,Varies,NES Business rate schedules,TVA-called peak events,,,No,Unknown,Active,https://www.nespower.com/rates/,2026-09-24,Secondary
TVA,TN,"Memphis Light, Gas and Water Division",Municipal,Residential Time-of-Use Rate (Schedule RSTOU),TOU-Rate,Residential,GeneralLoad,Opt-in;Waitlist,on-peak surcharge / off-peak discount vs. standard residential rate,"Off-peak ~$0.05/kWh; on-peak ~$0.11/kWh summer, ~$0.07/kWh winter",Enrollment currently limited to pilot participants; billing system not yet updated for general enrollment; requires electric smart meter,Schedule RSTOU,Summer weekdays 12pm-8pm; Winter weekdays 4am-10am,on-peak ~11c/kWh (summer) / ~7c/kWh (winter); off-peak ~5c/kWh,,No,Unknown,Pilot,https://www.mlgw.com/home/tou,2026-09-24,Primary
TVA,TN,"Memphis Light, Gas and Water Division",Municipal,Commercial EV Charging Rebate,EV-Rate,SmallC&I;LargeC&I,EV/EVSE,Opt-in,technical & consulting rebate for workplace/public EV charging project,"up to $2,000",Workplace or public charging project; no residential rebate offered,N/A,N/A,,,No,Unknown,Active,https://www.mlgw.com/about/ElectricVehicles,2026-09-24,Secondary
TVA,TN,Middle Tennessee Electric,Cooperative,NiteFlex,TOU-Rate,Residential,GeneralLoad;EV/EVSE,Opt-in,flat $/kWh on-peak surcharge and off-peak discount vs base residential rate,On-peak: +$0.01/kWh over base rate; Off-peak: -$0.03/kWh vs base rate,365 days/yr; requires AMI meter; must stay enrolled 1 yr before opting back; whole-house rate (not EV-only),NiteFlex (optional residential rate),On-peak 4:00am-10:00pm (18 hrs); Off-peak 10:00pm-4:00am (6 hrs),on-peak base+1c/kWh / off-peak base-3c/kWh,,No,Unknown,Active,https://mte.com/NiteFlex,2026-09-24,Primary
TVA,TN,Middle Tennessee Electric,Cooperative,EV Ready (Level 2 charger install credit),EV-Rate,Residential,EV/EVSE,Opt-in,one-time bill credit for Level 2 EVSE wiring/install,$50 bill credit,Requires 240V outlet or direct-wired Level 2 charger; receipt required; work must be within past 12 months of application,N/A,N/A,N/A,,No,NiteFlex,Active,https://mte.com/EVReady,2026-09-24,Primary
TVA,TN,Knoxville Utilities Board,Municipal,Residential Time-Of-Use Rate (Schedule RS-TOU),TOU-Rate,Residential,GeneralLoad;EV/EVSE,Opt-in,on-peak surcharge / off-peak discount vs standard residential rate; requires advanced meter,Onpeak $0.19489/kWh; Offpeak $0.06279/kWh (basic service charge $20.50/mo),"Pilot; may unenroll once per year, then locked out of re-enrollment for 12 months",Schedule RS-TOU,Weekdays: Apr-Oct 2pm-8pm; Nov-Mar 5am-11am; all other hours + weekends/holidays off-peak,on-peak 19.489c/kWh / off-peak 6.279c/kWh,,,Unknown,Active,https://www.kub.org/uploads/RS-TOU_4.pdf,2026-09-25,Primary
TVA,TN,Knoxville Utilities Board,Municipal,General Power Time-Of-Use Rate (Schedule GSA-TOU),TOU-Rate,SmallC&I,GeneralLoad,Opt-in,"tiered demand charge + on/off-peak energy charge; requires advanced meter, contract demand <=1000kW","Tier <=50kW: $2.12/kW demand, on 21.647c/off 8.337c per kWh; Tier 50-100kW: $4.77/kW demand, on 23.019c/off 9.709c; Tier 100-1000kW: $7.02/kW demand, on 20.542c/off 7.232c","Pilot; contract demand must be <=1,000 kW; removed from pilot if demand rises above 1,000kW",Schedule GSA-TOU,Weekdays: Apr-Oct 2pm-8pm; Nov-Mar 5am-11am; all other hours + weekends/holidays off-peak,varies by demand tier; see incentive_value_usd,,,Unknown,Active,https://www.kub.org/uploads/GSA-TOU_44.pdf,2026-09-25,Primary
TVA,TN,Knoxville Utilities Board,Municipal,eScore Smart Thermostat Pilot,DR-BYOT,Residential,Thermostat/AC,Opt-in;Pilot,enabled smart thermostat provided; automated setpoint adjustment during demand response events,Not published (no cash incentive disclosed; device provided),Demand Response Events called during periods of high electrical demand; details not fully published,N/A,Not published,,,No,Unknown,Pilot,https://www.kub.org/uploads/eScore_Smart_Thermostat_Pilot_-_Customer_Participation_Agreement._Final_.pdf,2026-09-25,Primary
TVA,TN,EPB (Electric Power Board of Chattanooga),Municipal,Time Shift Plan,TOU-Rate,Residential,GeneralLoad;EV/EVSE,Opt-in,reduced off-peak kWh rate / higher on-peak kWh rate vs Base Rate Plan; includes variable TVA Fuel Cost Adjustment,"Summer (Apr-Oct): off-peak $0.110/kWh, on-peak $0.206/kWh; Non-summer (Nov-Mar): off-peak $0.110/kWh, on-peak $0.206/kWh; weekends/holidays $0.110/kWh flat (rates as of 11/1/24 incl. fuel adj.)",N/A,Time Shift Plan,Summer Apr-Oct Mon-Fri 3pm-7pm; Non-summer Nov-Mar Mon-Fri 6am-10am; all other hours + weekends/holidays off-peak,on-peak 20.6c/kWh / off-peak 11.0c/kWh (incl. TVA fuel cost adj. as of 2024-11-01),,,Unknown,Active,https://epb.com/energy/energy-rates/,2026-09-25,Primary
TVA,TN,EPB (Electric Power Board of Chattanooga),Municipal,Night Shift Plan,TOU-Rate,Residential,GeneralLoad;EV/EVSE,Opt-in,reduced overnight kWh rate vs Base Rate Plan; 1-year enrollment commitment required,Day rate (5am-11pm) $0.134/kWh; Night rate (11pm-5am) $0.092/kWh (rates as of 11/1/24 incl. fuel adj.),Must commit to rate for one year once enrolled,N/A,"Night 11pm-5am; Day 5am-11pm, all days",day 13.4c/kWh / night 9.2c/kWh (incl. TVA fuel cost adj. as of 2024-11-01),,,Unknown,Active,https://epb.com/energy/energy-rates/,2026-09-25,Primary
ISO-NE,MA,NSTAR Electric Co (Eversource MA),IOU,ConnectedSolutions - Small Scale Batteries (Mass Save),VPP,Residential;SmallC&I,Battery;Solar+Storage,Opt-in,$/kW-summer pay-for-performance on average seasonal discharge (kW-AC); rate locked 5 yrs for new installs,"$275/kW-summer average event performance (rate since summer 2023; program materials dated 2026-03-13); ~5 kW battery = up to $1,375/yr",30-60 events/summer (plan ~40 top daily peaks Jul-Aug); Jun 1-Sep 30; 2-3 hr events; 3-8pm; weekdays+weekends except Juneteenth/July 4/Labor Day; day-ahead; no events before major storms; no winter season for MA residential,,3-8pm event window Jun-Sep,,Export allowed per interconnection agreement; can co-participate with net metering (cap-exempt <25kW solar inverter) and SMART,Yes,"SMART storage adder (satisfies 52-cycle rule); Net Metering; ISO-NE FCM; Mass Save HEAT Loan (0% up to $25,000); CPECs assigned to PA",Active,https://www.masssave.com/residential/rebates-offers-services/battery-storage-and-evs/batteries,2026-09-26,Primary
ISO-NE,MA,NSTAR Electric Co (Eversource MA),IOU,ConnectedSolutions C&I - Daily Dispatch,VPP,SmallC&I;LargeC&I,Battery;Solar+Storage;GeneralLoad,Opt-in,$/kW-summer pay-for-performance; 5-yr rate lock for new batteries; optional 2-yr commitment-letter lock for >50kW-AC pre-interconnection,"$200/kW-summer (offering materials 2023-06-08, current as linked by Mass Save 2026)",30-60 events/summer (~40 planned); Jun-Sep; 2-3 hr; 3-8pm; any day incl. holidays; notice 1pm day-ahead; exporting sites capped at 150% of site annual peak load (ISA after 2023-06-08),,3-8pm Jun-Sep,,Export permitted with executed ISA; incentive capped at 150% of site peak for exporters,Yes,Clean Peak Standard (CPECs retained by customer); ISO-NE FCM/demand resources; SMART,Active,https://www.masssave.com/-/media/Files/PDFs/Business/CI-ConnectedSolutions-Offering-Materials_June-2023.pdf,2026-09-26,Primary
ISO-NE,MA,NSTAR Electric Co (Eversource MA),IOU,ConnectedSolutions C&I - Targeted Dispatch,DR-Curtailment,SmallC&I;LargeC&I,GeneralLoad;Battery;Thermostat/AC,Opt-in,$/kW-summer pay-for-performance (10-of-10 baseline w/ same-day adjustment),$35/kW-summer + $10/kW-summer weekend bonus (2023-06-08 materials),1-8 events/summer; 3 hr; 3-8pm; Jun-Sep; no events July 4/Juneteenth/Labor Day; day-ahead 1pm notice; fossil generation excluded,,3-8pm Jun-Sep,,,Yes,Clean Peak Standard; ISO-NE demand resources; SMART,Active,https://www.masssave.com/-/media/Files/PDFs/Business/CI-ConnectedSolutions-Offering-Materials_June-2023.pdf,2026-09-26,Primary
ISO-NE,MA,Massachusetts Electric Co (National Grid MA),IOU,ConnectedSolutions - Small Scale Batteries (Mass Save),VPP,Residential;SmallC&I,Battery;Solar+Storage,Opt-in,$/kW-summer pay-for-performance on average seasonal discharge (kW-AC); rate locked 5 yrs for new installs,"$275/kW-summer average event performance (rate since summer 2023; program materials dated 2026-03-13); ~5 kW battery = up to $1,375/yr",30-60 events/summer (plan ~40 top daily peaks Jul-Aug); Jun 1-Sep 30; 2-3 hr events; 3-8pm; weekdays+weekends except Juneteenth/July 4/Labor Day; day-ahead; no events before major storms; no winter season for MA residential,,3-8pm event window Jun-Sep,,Export allowed per interconnection agreement; can co-participate with net metering (cap-exempt <25kW solar inverter) and SMART,Yes,"SMART storage adder (satisfies 52-cycle rule); Net Metering; ISO-NE FCM; Mass Save HEAT Loan (0% up to $25,000); CPECs assigned to PA",Active,https://www.nationalgridus.com/media/pdfs/resi-ways-to-save/ma_resi_battery_program_materials.pdf,2026-09-26,Primary
ISO-NE,MA,Massachusetts Electric Co (National Grid MA),IOU,ConnectedSolutions C&I - Daily Dispatch,VPP,SmallC&I;LargeC&I,Battery;Solar+Storage;GeneralLoad,Opt-in,$/kW-summer pay-for-performance; 5-yr rate lock for new batteries; optional 2-yr commitment-letter lock for >50kW-AC pre-interconnection,"$200/kW-summer (offering materials 2023-06-08, current as linked by Mass Save 2026)",30-60 events/summer (~40 planned); Jun-Sep; 2-3 hr; 3-8pm; any day incl. holidays; notice 1pm day-ahead; exporting sites capped at 150% of site annual peak load (ISA after 2023-06-08),,3-8pm Jun-Sep,,Export permitted with executed ISA; incentive capped at 150% of site peak for exporters,Yes,Clean Peak Standard (CPECs retained by customer); ISO-NE FCM/demand resources; SMART,Active,https://www.masssave.com/-/media/Files/PDFs/Business/CI-ConnectedSolutions-Offering-Materials_June-2023.pdf,2026-09-26,Primary
ISO-NE,MA,Massachusetts Electric Co (National Grid MA),IOU,ConnectedSolutions C&I - Targeted Dispatch,DR-Curtailment,SmallC&I;LargeC&I,GeneralLoad;Battery;Thermostat/AC,Opt-in,$/kW-summer pay-for-performance (10-of-10 baseline w/ same-day adjustment),$35/kW-summer + $10/kW-summer weekend bonus (2023-06-08 materials),1-8 events/summer; 3 hr; 3-8pm; Jun-Sep; no events July 4/Juneteenth/Labor Day; day-ahead 1pm notice; fossil generation excluded,,3-8pm Jun-Sep,,,Yes,Clean Peak Standard; ISO-NE demand resources; SMART,Active,https://www.masssave.com/-/media/Files/PDFs/Business/CI-ConnectedSolutions-Offering-Materials_June-2023.pdf,2026-09-26,Primary
ISO-NE,MA,Cape Light Compact,Municipal,ConnectedSolutions - Small Scale Batteries (Mass Save),VPP,Residential;SmallC&I,Battery;Solar+Storage,Opt-in,$/kW-summer pay-for-performance on average seasonal discharge (kW-AC); rate locked 5 yrs for new installs,"$275/kW-summer average event performance (rate since summer 2023; program materials dated 2026-03-13); ~5 kW battery = up to $1,375/yr",30-60 events/summer (plan ~40 top daily peaks Jul-Aug); Jun 1-Sep 30; 2-3 hr events; 3-8pm; weekdays+weekends except Juneteenth/July 4/Labor Day; day-ahead; no events before major storms; no winter season for MA residential,,3-8pm event window Jun-Sep,,Export allowed per interconnection agreement; can co-participate with net metering (cap-exempt <25kW solar inverter) and SMART,Yes,"SMART storage adder (satisfies 52-cycle rule); Net Metering; ISO-NE FCM; Mass Save HEAT Loan (0% up to $25,000); CPECs assigned to PA",Active,https://www.nationalgridus.com/media/pdfs/resi-ways-to-save/ma_resi_battery_program_materials.pdf,2026-09-26,Primary
ISO-NE,MA,Cape Light Compact,Municipal,ConnectedSolutions C&I - Daily Dispatch,VPP,SmallC&I;LargeC&I,Battery;Solar+Storage;GeneralLoad,Opt-in,$/kW-summer pay-for-performance; 5-yr rate lock for new batteries; optional 2-yr commitment-letter lock for >50kW-AC pre-interconnection,"$200/kW-summer (offering materials 2023-06-08, current as linked by Mass Save 2026)",30-60 events/summer (~40 planned); Jun-Sep; 2-3 hr; 3-8pm; any day incl. holidays; notice 1pm day-ahead; exporting sites capped at 150% of site annual peak load (ISA after 2023-06-08),,3-8pm Jun-Sep,,Export permitted with executed ISA; incentive capped at 150% of site peak for exporters,Yes,Clean Peak Standard (CPECs retained by customer); ISO-NE FCM/demand resources; SMART,Active,https://www.masssave.com/-/media/Files/PDFs/Business/CI-ConnectedSolutions-Offering-Materials_June-2023.pdf,2026-09-26,Primary
ISO-NE,MA,Cape Light Compact,Municipal,ConnectedSolutions C&I - Targeted Dispatch,DR-Curtailment,SmallC&I;LargeC&I,GeneralLoad;Battery;Thermostat/AC,Opt-in,$/kW-summer pay-for-performance (10-of-10 baseline w/ same-day adjustment),$35/kW-summer + $10/kW-summer weekend bonus (2023-06-08 materials),1-8 events/summer; 3 hr; 3-8pm; Jun-Sep; no events July 4/Juneteenth/Labor Day; day-ahead 1pm notice; fossil generation excluded,,3-8pm Jun-Sep,,,Yes,Clean Peak Standard; ISO-NE demand resources; SMART,Active,https://www.masssave.com/-/media/Files/PDFs/Business/CI-ConnectedSolutions-Offering-Materials_June-2023.pdf,2026-09-26,Primary
ISO-NE,MA,NSTAR Electric Co (Eversource MA),IOU,ConnectedSolutions - Smart Thermostats (Mass Save),DR-BYOT,Residential;SmallC&I,Thermostat/AC;HeatPump,Opt-in,one-time enrollment incentive + annual per-thermostat reward,$50 enrollment ($100 on low-income R-2 rate) + $20/yr per thermostat on central AC/heat pump,~15 events/summer; 2-3 hr; 3-8pm non-holiday weekdays Jun 1-Sep 30; max +4F offset; customer can opt out,,3-8pm weekdays Jun-Sep,,,No,Unknown,Active,https://www.masssave.com/residential/rebates-offers-services/connectedsolutions/connectedsolutions-thermostat,2026-09-26,Primary
ISO-NE,MA,Massachusetts Electric Co (National Grid MA),IOU,ConnectedSolutions - Smart Thermostats (Mass Save),DR-BYOT,Residential;SmallC&I,Thermostat/AC;HeatPump,Opt-in,one-time enrollment incentive + annual per-thermostat reward,$50 enrollment ($100 on low-income R-2 rate) + $20/yr per thermostat on central AC/heat pump,~15 events/summer; 2-3 hr; 3-8pm non-holiday weekdays Jun 1-Sep 30; max +4F offset; customer can opt out,,3-8pm weekdays Jun-Sep,,,No,Unknown,Active,https://www.masssave.com/residential/rebates-offers-services/connectedsolutions/connectedsolutions-thermostat,2026-09-26,Primary
ISO-NE,MA,Fitchburg Gas & Electric Light Co (Unitil MA),IOU,ConnectedSolutions - Smart Thermostats (Mass Save),DR-BYOT,Residential;SmallC&I,Thermostat/AC;HeatPump,Opt-in,one-time enrollment incentive + annual per-thermostat reward,$50 enrollment ($100 on low-income R-2 rate) + $20/yr per thermostat on central AC/heat pump,~15 events/summer; 2-3 hr; 3-8pm non-holiday weekdays Jun 1-Sep 30; max +4F offset; customer can opt out,,3-8pm weekdays Jun-Sep,,,No,Unknown,Active,https://www.masssave.com/residential/rebates-offers-services/connectedsolutions/connectedsolutions-thermostat,2026-09-26,Primary
ISO-NE,MA,Cape Light Compact,Municipal,ConnectedSolutions - Smart Thermostats (Mass Save),DR-BYOT,Residential;SmallC&I,Thermostat/AC;HeatPump,Opt-in,one-time enrollment incentive + annual per-thermostat reward,$50 enrollment ($100 on low-income R-2 rate) + $20/yr per thermostat on central AC/heat pump,~15 events/summer; 2-3 hr; 3-8pm non-holiday weekdays Jun 1-Sep 30; max +4F offset; customer can opt out,,3-8pm weekdays Jun-Sep,,,No,Unknown,Active,https://www.masssave.com/residential/rebates-offers-services/connectedsolutions/connectedsolutions-thermostat,2026-09-26,Primary
ISO-NE,MA,NSTAR Electric Co (Eversource MA),IOU,Massachusetts EV Home Charger Managed Charging,EV-Rate,Residential,EV/EVSE,Opt-in,enrollment incentive + monthly off-peak charging reward,$50 enrollment + $10/month (up to $120/yr) - Baseline (off-peak) or Advanced (scheduled) tier,Off-peak = all hours except 1-9pm; >=90% of a monthly session off-peak,,Peak 1-9pm daily (avoid),,,No,ConnectedSolutions,Active,https://www.eversource.com/residential/save-money-energy/clean-energy-options/electric-vehicles/ev-charger-managed-charging,2026-09-26,Primary
ISO-NE,MA,Massachusetts Electric Co (National Grid MA),IOU,Massachusetts EV Off-Peak Charging Program (Charge Smart MA),EV-Rate,Residential,EV/EVSE,Opt-in,$/kWh rebate on off-peak EV charging + enrollment incentive,$0.05/kWh off-peak Jun 1-Sep 30; $0.03/kWh off-peak Oct 1-May 31; $50 one-time enrollment,Off-peak 9pm-1pm daily (effective 2025-11-01),,Peak 1-9pm daily,,,No,ConnectedSolutions,Active,https://www.nationalgridus.com/electric-vehicle-hub/Programs/Massachusetts/Off-Peak-Charging-Program,2026-09-26,Secondary
ISO-NE,MA,NSTAR Electric Co (Eversource MA),IOU,Residential Seasonal Heat Pump Rate,TOU-Rate,Residential,HeatPump,Default,seasonal (not hourly) discounted distribution rate for heat-pump homes; auto-enroll Mass Save HP rebate recipients since 2019,$0.02052/kWh base distribution Nov-Apr (vs R-1 $0.06264); transmission $0.01492/kWh (vs $0.04545); effective 2025-11-01,,,Seasonal: Nov 1-Apr 30 discount; May-Oct standard R-1,see incentive_value (base distribution component only),,No,Unknown,Active,https://www.mass.gov/info-details/residential-electric-seasonal-heat-pump-rates,2026-09-26,Primary
ISO-NE,MA,Massachusetts Electric Co (National Grid MA),IOU,Residential Seasonal Heat Pump Rate,TOU-Rate,Residential,HeatPump,Default,seasonal (not hourly) discounted distribution rate for heat-pump homes; auto-enroll Mass Save HP rebate recipients since 2019,$0.02440/kWh base distribution Nov-Apr (vs R-1 $0.06677); effective 2025-11-01,,,Seasonal: Nov 1-Apr 30 discount; May-Oct standard R-1,see incentive_value (base distribution component only),,No,Unknown,Active,https://www.mass.gov/info-details/residential-electric-seasonal-heat-pump-rates,2026-09-26,Primary
ISO-NE,MA,Fitchburg Gas & Electric Light Co (Unitil MA),IOU,Residential Seasonal Heat Pump Rate,TOU-Rate,Residential,HeatPump,Default,seasonal (not hourly) discounted distribution rate for heat-pump homes; auto-enroll Mass Save HP rebate recipients since 2019,$0.03633/kWh base distribution Nov-Apr (vs R-1 $0.10176); effective 2025-11-01,,,Seasonal: Nov 1-Apr 30 discount; May-Oct standard R-1,see incentive_value (base distribution component only),,No,Unknown,Active,https://www.mass.gov/info-details/residential-electric-seasonal-heat-pump-rates,2026-09-26,Primary
ISO-NE,MA,Massachusetts Department of Energy Resources (DOER) - statewide,Federal/State,"SMART 3.0 (Solar Massachusetts Renewable Target, 225 CMR 28.00) - Energy Storage Adder",Storage-Incentive,All,Solar+Storage;Battery,Opt-in,$/kWh adder on solar production via Energy Storage Multiplier formula (storage kW/kWh vs PV kW); >25kW AC only,"PY2026 Energy Storage Multiplier $0.04/kWh (scaled by storage/PV ratio formula; storage >=25% of PV kW and >=2 hr); PY2026 base rates >25-250kW $0.2807/kWh, >250-500kW $0.2430, >500-1000kW $0.2317, >1-5MW $0.1790 (minus value of energy for BTM)",Storage must be online >=85% of Summer (May15-Sep14) and Winter (Dec-Feb) 4-8pm peak periods OR enroll in ConnectedSolutions/DPU-approved DR; >=100 complete cycle equivalents/yr; STGUs >1MW must co-locate storage unless locational adder,225 CMR 28.00; EDC SMART 3.0 tariffs approved by DPU 2026-07-08 (D.P.U. 25-175),,,SMART incentive is on top of net metering/value of energy,Yes,ConnectedSolutions (satisfies operational requirement); Clean Peak Standard (SMART ES Resource multiplier 0.3); Net Metering,Active,https://www.mass.gov/info-details/smart-30-program-details,2026-09-26,Primary
ISO-NE,MA,Massachusetts Department of Energy Resources (DOER) - statewide,Federal/State,SMART 3.0 - Flat Incentive Rate for STGUs <=25 kW AC,Export-Comp,Residential;SmallC&I,Solar+Storage,Opt-in,"flat $/kWh production incentive (cap-exempt), set annually from prior-year avg net metering credit",PY2026: $0.03/kWh (<=25kW AC); $0.06/kWh Low-Income STGUs; applications accepted from 2025-10-15; PY2026 600 MW AC capacity block for capped STGUs,,225 CMR 28.00,,,Paid in addition to net metering credits,Yes-restricted,Net Metering; ConnectedSolutions,Active,https://www.mass.gov/info-details/smart-30-program-details,2026-09-26,Primary
ISO-NE,MA,Massachusetts Department of Energy Resources (DOER) - statewide,Federal/State,SMART 1.0/2.0 (225 CMR 20.00) Energy Storage Adder,Storage-Incentive,All,Solar+Storage,Closed to new,$/kWh adder on solar production for co-located storage,,Operational requirement: 52 complete cycle equivalents/yr or DR (ConnectedSolutions) participation,225 CMR 20.00,,,,Yes,ConnectedSolutions; Clean Peak Standard,Closed to new enrollment,https://www.mass.gov/info-details/smart-10-20-program-details,2026-09-26,Secondary
ISO-NE,MA,Massachusetts Department of Energy Resources (DOER) - statewide,Federal/State,"Clean Peak Energy Standard (CPS, 225 CMR 21.00) - Clean Peak Energy Certificates (CPECs)",Storage-Incentive,All,Battery;Solar+Storage;GeneralLoad,Opt-in,tradable certificate per MWh discharged/reduced in Seasonal Peak Periods x multipliers; sold to retail suppliers,"ACP (price ceiling) per 2020 reg schedule: $43.46/MWh 2025, $41.92/MWh 2026, $40.38/MWh 2027 (later amendments may differ - see gaps); multipliers: summer & winter x4, spring/fall x1, monthly system peak hour x25, resilience x1.5, SMART ES resource x0.3, contracted x0.01, existing x0.1; NOTE 2024 emergency amendments lowered 2024-2028 Minimum Standard (see separate NTRM row)",Seasonal Peak Periods (business days): Spring Mar1-May14 5-9pm; Summer May15-Sep14 3-7pm; Fall Sep15-Nov30 4-8pm; Winter Dec1-Feb28 4-8pm; storage must charge primarily from renewables (co-location or charging windows),225 CMR 21.00,Summer 3-7pm; Fall/Winter 4-8pm; Spring 5-9pm (business days),,,Yes,ConnectedSolutions C&I (customer keeps CPECs); residential ConnectedSolutions CPECs assigned to PAs; SMART,Active,https://www.mass.gov/doc/clean-peak-energy-standard-final-regulation/download,2026-09-26,Primary
ISO-NE,MA,NSTAR Electric Co (Eversource MA),IOU,Net Metering (220 CMR 18.00),Export-Comp,All,Solar+Storage;Any,Opt-in,monthly net metering $ credit on net excess generation; credits roll over indefinitely (cap-exempt on-site-load facilities may cash out),Example: Eversource East R-1 Class I cap-exempt credit Aug 2024 = 27.607c/kWh (basic service 15.772 + distribution 7.820 + transmission 4.052 + transition -0.037),Class I <=60kW; Class II 60kW-1MW; Class III 1-2MW private (10MW public); private cap 408.24 MW / public 466.56 MW (Dec 2024); <=25kW renewable Class I is cap-exempt,"Net metering tariff (M.D.P.U.), 220 CMR 18.00",,,"Class I credit ~ basic service + distribution + transmission + transition (excludes customer charge, SBC/EE, demand charges, net metering recovery surcharge); some solar get 'market' credits at 60% or 100% per Appendix A",Yes-restricted,ConnectedSolutions; SMART 3.0,Active,https://www.mass.gov/info-details/net-metering-guide,2026-09-26,Primary
ISO-NE,MA,Massachusetts Electric Co (National Grid MA),IOU,Net Metering (220 CMR 18.00),Export-Comp,All,Solar+Storage;Any,Opt-in,monthly net metering $ credit on net excess generation; credits roll over indefinitely (cap-exempt on-site-load facilities may cash out),,Class I <=60kW; Class II 60kW-1MW; Class III 1-2MW private (10MW public); private cap 359.191 MW / public 410.504 MW (Dec 2024); <=25kW renewable Class I is cap-exempt,"Net metering tariff (M.D.P.U.), 220 CMR 18.00",,,"Class I credit ~ basic service + distribution + transmission + transition (excludes customer charge, SBC/EE, demand charges, net metering recovery surcharge); some solar get 'market' credits at 60% or 100% per Appendix A",Yes-restricted,ConnectedSolutions; SMART 3.0,Active,https://www.mass.gov/info-details/net-metering-guide,2026-09-26,Primary
ISO-NE,MA,Fitchburg Gas & Electric Light Co (Unitil MA),IOU,Net Metering (220 CMR 18.00),Export-Comp,All,Solar+Storage;Any,Opt-in,monthly net metering $ credit on net excess generation; credits roll over indefinitely (cap-exempt on-site-load facilities may cash out),,Class I <=60kW; Class II 60kW-1MW; Class III 1-2MW private (10MW public); private cap 7.167 MW / public 8.191 MW (Dec 2024); <=25kW renewable Class I is cap-exempt,"Net metering tariff (M.D.P.U.), 220 CMR 18.00",,,"Class I credit ~ basic service + distribution + transmission + transition (excludes customer charge, SBC/EE, demand charges, net metering recovery surcharge); some solar get 'market' credits at 60% or 100% per Appendix A",Yes-restricted,ConnectedSolutions; SMART 3.0,Active,https://www.mass.gov/info-details/net-metering-guide,2026-09-26,Primary
ISO-NE,RI,Rhode Island Energy (Narragansett Electric),IOU,ConnectedSolutions - Battery Energy Storage (Residential & Small Business),VPP,Residential;SmallC&I,Battery;Solar+Storage,Opt-in,$/kW-summer pay-for-performance on average event discharge; 5-summer rate lock,$225/kW-summer for enrollments on/after 2024-06-01 (cut from $400/kW for enrollees on/before 2024-05-31); legacy 2019-21 enrollees dropped to $200/kW after 5th summer; 2027-29 rates TBD in next 3-yr plan,Max 60 events/summer (42 called in 2024 and 2025); 2-3 hr; 3-8pm; Jun 1-Sep 30; any day except Juneteenth/July 4/Labor Day; no events before Type 1/2 storms; inverter <=50kW (larger -> C&I Daily Dispatch),"Rate classes A-16, A-60, C-06",3-8pm Jun-Sep,,Export allowed per ISA during events,Yes,Net Metering; Renewable Energy Growth (battery not behind REG meter); ISO-NE FCM; 0% HEAT loan (A-60 low-income only since 2024-06-01),Active,https://www.rienergy.com/site/-/media/rie-jss-app/home/ways-to-save/rebates-and-savings-programs/connectedsolutions/battery-program/RIE_Program-Guide_Battery-Energy-Storage-2025.ashx,2026-09-26,Primary
ISO-NE,RI,Rhode Island Energy (Narragansett Electric),IOU,ConnectedSolutions C&I - Daily Dispatch,VPP,SmallC&I;LargeC&I,Battery;GeneralLoad,Opt-in,$/kW-summer pay-for-performance; max $1M/participant/yr,$275/kW-summer for new customers (2024-2026 program),"Max 60 events/summer (41 in 2024, 42 in 2025); 2-3 hr; 3-8pm; Jun-Sep; day-ahead notice; targets top 40 daily peaks Jul-Aug","Rate classes C-06, G-02, G-32",3-8pm Jun-Sep,,,Yes,Targeted Dispatch (Dual Enrollment allowed); ISO-NE FCM,Active,https://rienergy.com/site/ways-to-save/save-money-with-rebates-and-incentives/savings-for-your-business/ci-connectedsolutions,2026-09-26,Primary
ISO-NE,RI,Rhode Island Energy (Narragansett Electric),IOU,ConnectedSolutions C&I - Targeted Dispatch,DR-Curtailment,SmallC&I;LargeC&I,GeneralLoad;Battery,Opt-in,$/kW-summer pay-for-performance,$35/kW-summer average curtailment (2024-2026),"2-8 events/summer (6 in 2024, 4 in 2025 per RIE recap); 3 hr; 3-8pm; Jun-Sep","Rate classes C-06, G-02, G-32",3-8pm Jun-Sep,,,Yes,Daily Dispatch (Dual Enrollment),Active,https://eec.ri.gov/wp-content/uploads/2026/02/RIE_ConnectedSolutions-2025-Summer-Recap_EEC-Meeting_02192026.pdf,2026-09-26,Secondary
ISO-NE,RI,Rhode Island Energy (Narragansett Electric),IOU,ConnectedSolutions - Bring Your Own Thermostat (BYOT),DR-BYOT,Residential;SmallC&I,Thermostat/AC;HeatPump,Opt-in,instant enrollment incentive + end-of-season participation incentive,$50 instant per thermostat + $20/season (enroll by Aug 15),~15 events/summer; 3 hr; 3-8pm; any day except holidays; max 80 event hr + 60 pre-cool hr/season,,3-8pm Jun-Sep,,,No,Unknown,Active,https://www.rienergy.com/site/-/media/rie-jss-app/home/ways-to-save/rebates-and-savings-programs/connectedsolutions/thermostat-program/rie_program_guide_byo_thermostat.ashx,2026-09-26,Primary
ISO-NE,RI,Rhode Island Energy (Narragansett Electric),IOU,ConnectedSolutions - Electric Vehicle Demand Response (EVDR),EV-Rate,Residential;SmallC&I,EV/EVSE,Opt-in,instant enrollment incentive + annual participation incentive,$50 instant + $20/yr per EV or EV charger,Max 60 events/summer (42 in 2025); 3-8pm Jun-Sep,,3-8pm Jun-Sep,,,No,Unknown,Active,https://www.rienergy.com/site/ways-to-save/save-money-with-rebates-and-incentives/connectedsolutions/electric-vehicle-demand-response-program,2026-09-26,Secondary
ISO-NE,RI,Rhode Island Energy (Narragansett Electric),IOU,Net Metering (R.I. Gen. Laws 39-26.4),Export-Comp,All,Solar+Storage;Any,Opt-in,kWh bill credits up to 100% of consumption; 100-125% at avoided cost (last-resort service rate); system sized to 3-yr avg load,Credits for output <=100% of billing-period consumption at retail net-metering credit; projects initiated after 2023-04-15 get credit reduced 20% (275 MW limit) per OER summary; 100-125% excess = last resort service charge for rate class,Credits capped at 125% of on-site consumption; virtual/remote net metering up to 10 MW for public/C&I/community,R.I. Gen. Laws 39-26.4-2,,,1:1 retail credit (80% for post-2023-04-15 projects) to 100% of use; avoided-cost (last resort service) for 100-125%,Yes-restricted,ConnectedSolutions; OER Energy Storage Rebate,Active,https://energy.ri.gov/renewable-energy/net-metering,2026-09-26,Primary
ISO-NE,RI,Rhode Island Office of Energy Resources (OER) - statewide,Federal/State,Energy Storage Rebate (ESR) Program,Storage-Incentive,Residential;SmallC&I;LargeC&I,Battery;Solar+Storage,Opt-in,"upfront $/kWh nameplate rebate (RGGI-funded, first-come); DR enrollment required","Tier 1 (<=25kW AC): $250/kWh up to $8,000 (income-eligible $500/kWh up to $16,000); Tier 2 (25-250kW AC): $175/kWh up to $45,500; $2.0M total ($1.3M Tier 1 / $0.7M Tier 2); launched April 10 (2026 program page)",Must enroll in RIE ConnectedSolutions or CSP DR; new BTM grid-tied only; residential <=50kW AC; not combinable with REF storage adder,,,,,Yes,ConnectedSolutions (required); 0% HEAT loan for A-60,Active,https://energy.ri.gov/storage/energy-storage-rebates,2026-09-26,Primary
ISO-NE,RI,Rhode Island Commerce - Renewable Energy Fund (statewide),Federal/State,Renewable Energy Fund (REF) Small-Scale Solar - Storage Adder,Storage-Incentive,Residential;SmallC&I,Solar+Storage,Opt-in,upfront storage adder on REF solar grant,,Mutually exclusive with OER ESR rebate for same equipment,,,,,Yes,Net Metering; ConnectedSolutions,Active,https://energy.ri.gov/storage/energy-storage-rebates,2026-09-26,Unverified
ISO-NE,CT,Connecticut Public Utilities Regulatory Authority (PURA) / CT Green Bank - statewide (Eversource CT & UI territories),Federal/State,"Energy Storage Solutions - Residential (new design, applications on/after 2026-04-01)",Storage-Incentive,Residential,Battery;Solar+Storage,Opt-in,"small upfront enrollment $/kWh + 10-yr performance $/kW (avg kW-AC during Active Dispatch events, paid twice annually)","Enrollment: $30/kWh standard, $130/kWh Grid-Edge; Performance (yrs 1-10): $300/kW standard, $450/kW underserved, $550/kW low-income. Example 20kW/30kWh: $900 ($3,900 Grid-Edge) enrollment + $18,000 / $27,000 / $33,000 performance over 10 yrs",Active Dispatch only (Passive Dispatch removed for new enrollees): ~50 summer events + ~5 winter events; performance from inverter data,,,,Export per interconnection,Yes,RRES/netting tariff (solar); CT Green Bank financing,Active,https://energystoragect.com/program-changes-for-april-1-2026/,2026-09-26,Primary
ISO-NE,CT,Connecticut Public Utilities Regulatory Authority (PURA) / CT Green Bank - statewide (Eversource CT & UI territories),Federal/State,"Energy Storage Solutions - Commercial & Industrial (new design, applications on/after 2026-04-01)",Storage-Incentive,SmallC&I;LargeC&I,Battery;Solar+Storage,Opt-in,enrollment $/kWh (Priority customers only) + 10-yr performance $/kW,"Enrollment: $10/kWh C&I Priority, none for Standard; Performance: Small/Medium C&I $325/kW yrs 1-5 then $175/kW yrs 6-10; Large C&I $275/kW yrs 1-5 then $175/kW yrs 6-10. Example 1.9MW/3.7MWh: ~$1.82-2.03M performance over 10 yrs",Active Dispatch: ~50 summer + ~5 winter events,ESS Program Manual rev. 2026-01-27,,,,Yes,Unknown,Active,https://energystoragect.com/program-changes-for-april-1-2026/,2026-09-26,Primary
ISO-NE,CT,Connecticut Public Utilities Regulatory Authority (PURA) / CT Green Bank - statewide (Eversource CT & UI territories),Federal/State,Energy Storage Solutions - Legacy design (upfront incentive + Passive Dispatch),Storage-Incentive,Residential;SmallC&I;LargeC&I,Battery;Solar+Storage,Closed to new,upfront $/kWh incentive tied to 10-yr summer Passive Dispatch schedule + performance $/kW for Active Dispatch,"Example 20kW/30kWh residential: upfront $6,375 ($9,563 Grid-Edge) standard, $13,500-16,000 underserved, $16,000 low-income + ~$11,627 performance over 10 yrs",Passive Dispatch daily summer schedule for 10 yrs + Active Dispatch events; closed to applications after 2026-03-31,ESS Program Manual rev. 2026-01-27,,,,Yes,Unknown,Closed to new enrollment,https://energystoragect.com/program-changes-for-april-1-2026/,2026-09-26,Primary
ISO-NE,CT,Connecticut Light & Power Co (Eversource CT),IOU,Residential Renewable Energy Solutions (RRES) - Netting Tariff,Export-Comp,Residential,Solar+Storage,Opt-in,monthly netting with net excess credited at retail + REC $/kWh (adders only) for 20 yrs; Solar Energy Adjustment charge on production,2026 applications: REC rate $0.000/kWh base; income-eligible adder $0.035/kWh; distressed-municipality adder $0.0175/kWh; Solar Energy Adjustment charge $0.0402/kWh of total solar production (2026 netting enrollees),20-yr tariff term,RRES Netting,,,Net excess production credited on-bill at retail rate (monthly netting),Yes-restricted,Energy Storage Solutions,Active,https://eversource-solar.zendesk.com/hc/en-us/articles/23446120004627-What-are-the-2025-vs-2026-CT-residential-incentive-rates-and-how-are-they-assigned,2026-09-26,Primary
ISO-NE,CT,Connecticut Light & Power Co (Eversource CT),IOU,Residential Renewable Energy Solutions (RRES) - Buy-All Tariff,Export-Comp,Residential,Solar+Storage,Opt-in,utility buys 100% of solar production at fixed $/kWh for 20 yrs; customer buys all load at retail,2026: $0.3289/kWh (2025: $0.3195); + income-eligible adder $0.055/kWh; distressed-municipality adder $0.0275/kWh,20-yr fixed term,RRES Buy-All,,,Buy-all at fixed $/kWh; no netting,Yes-restricted,Energy Storage Solutions,Active,https://eversource-solar.zendesk.com/hc/en-us/articles/23446120004627-What-are-the-2025-vs-2026-CT-residential-incentive-rates-and-how-are-they-assigned,2026-09-26,Primary
ISO-NE,CT,United Illuminating Co,IOU,Residential Renewable Energy Solutions (RRES) - Netting Tariff,Export-Comp,Residential,Solar+Storage,Opt-in,monthly netting with net excess credited at retail + REC $/kWh (adders only) for 20 yrs; Solar Energy Adjustment charge on production,2026 applications: REC rate $0.000/kWh base; income-eligible adder $0.035/kWh; distressed-municipality adder $0.0175/kWh; Solar Energy Adjustment charge $0.0402/kWh of total solar production (2026 netting enrollees),20-yr tariff term,RRES Netting,,,Net excess production credited on-bill at retail rate (monthly netting),Yes-restricted,Energy Storage Solutions,Active,https://eversource-solar.zendesk.com/hc/en-us/articles/23446120004627-What-are-the-2025-vs-2026-CT-residential-incentive-rates-and-how-are-they-assigned,2026-09-26,Secondary
ISO-NE,CT,United Illuminating Co,IOU,Residential Renewable Energy Solutions (RRES) - Buy-All Tariff,Export-Comp,Residential,Solar+Storage,Opt-in,utility buys 100% of solar production at fixed $/kWh for 20 yrs; customer buys all load at retail,2026: $0.3289/kWh (2025: $0.3195); + income-eligible adder $0.055/kWh; distressed-municipality adder $0.0275/kWh,20-yr fixed term,RRES Buy-All,,,Buy-all at fixed $/kWh; no netting,Yes-restricted,Energy Storage Solutions,Active,https://eversource-solar.zendesk.com/hc/en-us/articles/23446120004627-What-are-the-2025-vs-2026-CT-residential-incentive-rates-and-how-are-they-assigned,2026-09-26,Secondary
ISO-NE,CT,Connecticut Light & Power Co (Eversource CT),IOU,Time-of-Day Rate 7,TOU-Rate,Residential,Any,Opt-in,time-differentiated transmission and FMCC delivery components,,1-yr commitment; TOD meter installed free,Rate 7,On-peak weekdays 12pm-8pm; off-peak all other hours incl. weekends,,,Yes,Unknown,Active,https://www.eversource.com/residential/account-billing/manage-bill/about-your-bill/rates-tariffs/connecticut-time-of-day-rate-7,2026-09-26,Primary
ISO-NE,CT,United Illuminating Co,IOU,Time-of-Use Rate RT,TOU-Rate,Residential,Any,Opt-in,time-of-use energy pricing vs flat Rate R,"on-peak 33.4018c/kWh, off-peak 21.4557c/kWh (same summer Jun-Sep and winter); vs Rate R flat 26.5339c/kWh; basic service charge $13.02/mo (page labels values as $/kWh - clearly c/kWh)",Customers typically save 1-8%,Rate RT,On-peak weekdays 12pm-8pm; off-peak weekdays 8pm-12pm and all weekend,on 33.40c / off 21.46c per kWh,,Yes,Unknown,Active,https://www.uinet.com/w/time-of-day-rate-rt,2026-09-26,Primary
ISO-NE,CT,Connecticut Light & Power Co (Eversource CT),IOU,ConnectedSolutions - Smart Thermostat Demand Response,DR-BYOT,Residential;SmallC&I,Thermostat/AC;HeatPump,Opt-in,one-time enrollment reward + annual per-device reward,Residential: $50 enrollment ($100 income-eligible) + $20/yr per device; Small business: $50 enrollment + $200/yr per device,10-20 events/summer; Jun 1-Sep 30; 3-8pm; up to 3 hr; max +4F,,3-8pm Jun-Sep,,,No,Unknown,Active,https://www.energizect.com/explore-solutions/smart-thermostat-demand-response,2026-09-26,Primary
ISO-NE,CT,United Illuminating Co,IOU,UI Smart Savers Rewards (Avangrid) - Smart Thermostat,DR-BYOT,Residential,Thermostat/AC;HeatPump,Opt-in,one-time enrollment reward + annual per-device reward,$35 enrollment + $25/yr per device (enroll before Sep 1 for season reward),10-20 events/summer; Jun-Sep; 3-8pm; up to 3 hr,,3-8pm Jun-Sep,,,No,Unknown,Active,https://www.energizect.com/explore-solutions/smart-thermostat-demand-response,2026-09-26,Primary
ISO-NE,CT,Connecticut Light & Power Co (Eversource CT),IOU,Energize CT Commercial Demand Response - Daily Curtailment / Targeted Curtailment,DR-Curtailment,SmallC&I;LargeC&I,GeneralLoad;Battery,Opt-in,$/kW pay-for-performance (via CSP or direct); interval-meter bonus,"Targeted: +$10/kW weekend bonus; up to $1,500 interval meter bonus; base $/kW rates not published on page",Daily: 30-60 events/season; Targeted: 3-8 events; Jun 1-Sep 30; 3-8pm; 2-3 hr; 24-hr notice,,3-8pm Jun-Sep,,,Yes,Energy Storage Solutions (C&I batteries enroll via ESS),Active,https://www.energizect.com/explore-solutions/commercial-demand-response,2026-09-26,Primary
ISO-NE,CT,United Illuminating Co,IOU,Energize CT Commercial Demand Response - Daily Curtailment / Targeted Curtailment,DR-Curtailment,SmallC&I;LargeC&I,GeneralLoad;Battery,Opt-in,$/kW pay-for-performance (via CSP or direct); interval-meter bonus,"Targeted: +$10/kW weekend bonus; up to $1,500 interval meter bonus; base $/kW rates not published on page",Daily: 30-60 events/season; Targeted: 3-8 events; Jun 1-Sep 30; 3-8pm; 2-3 hr; 24-hr notice,,3-8pm Jun-Sep,,,Yes,Energy Storage Solutions (C&I batteries enroll via ESS),Active,https://www.energizect.com/explore-solutions/commercial-demand-response,2026-09-26,Primary
ISO-NE,NH,Public Service Co of New Hampshire (Eversource NH),IOU,ConnectedSolutions Battery Storage Demand Response (NH),VPP,Residential,Battery;Solar+Storage,Opt-in,$/kW-summer pay-for-performance on average event discharge,"$225 per average kW per season; typical 5 kW = $1,125/yr (page states program accepts applications from May 1)",30-60 events; Jun 1-Sep 30; 2-3 hr; 3-8pm; no draw ahead of extreme weather,,3-8pm Jun-Sep,,Export per interconnection agreement,Yes,Net Metering (NEM 2.0); NHCEF upfront battery incentive,Active,https://www.eversource.com/residential/save-money-energy/energy-efficiency-programs/demand-response/battery-storage-demand-response/nh,2026-09-26,Primary
ISO-NE,NH,Public Service Co of New Hampshire (Eversource NH),IOU,New Hampshire Clean Energy Fund (NHCEF) Home Battery Storage Incentive,Storage-Incentive,Residential,Battery;Solar+Storage,Opt-in,upfront $/kWh incentive (check after PTO + DR acceptance); no annual performance payments; 3-season DR commitment,"$230/kWh eligible capacity, max $3,000 per system; battery purchased after 2022-10-01; Enphase IQ / FranklinWH aPower only; funding limited",~40 DR events Jun-Sep 3-8pm; discharge floor 20% SOC; min 3 seasons participation,,3-8pm Jun-Sep,,,Yes,Net Metering,Active,https://www.eversource.com/residential/save-money-energy/energy-efficiency-programs/demand-response/nhcef-home-battery,2026-09-26,Primary
ISO-NE,NH,Public Service Co of New Hampshire (Eversource NH),IOU,Small Business Battery Storage (NH),Storage-Incentive,SmallC&I,Battery,Opt-in,,,,,,,,Yes,Unknown,Active,https://www.eversource.com/business/save-money-energy/energy-efficiency-programs/demand-response/small-business-battery-storage,2026-09-26,Unverified
ISO-NE,NH,Public Service Co of New Hampshire (Eversource NH),IOU,Residential Time-of-Day Delivery Service Rate R-OTOD-2,TOU-Rate,Residential,Any,Opt-in,time-differentiated transmission and distribution delivery charges,,,Rate R-OTOD-2 (eff. 2026-02-01),On-peak Mon-Fri 1pm-7pm; off-peak all other hours,,,Yes,Unknown,Active,https://tou.tools/utilities/public-service-co-of-nh/,2026-09-26,Secondary
ISO-NE,NH,Public Service Co of New Hampshire (Eversource NH),IOU,Net Energy Metering Tariff - Alternative NEM (NEM 2.0),Export-Comp,All,Solar+Storage;Any,Opt-in,net excess kWh converted to monetary bill credit each cycle; carried forward,Small (<=100 kWAC): credit = 100% default energy service + 100% transmission + 25% distribution; no credit for SBC/stranded cost/storm recovery. Large (>100kW-1MW AC; 5MW municipal hosts): energy service only. LMI group adder +$0.025/kWh,"Non-bypassable charges (SBC, stranded cost, storm recovery) applied to all imports",NEM 2.0 / Alternative Net Metering tariff (since 2017-09-01),,,~energy + transmission + 25% distribution per exported kWh (monetary credit),Yes-restricted,ConnectedSolutions (Eversource NH),Active,https://www.energy.nh.gov/sites/g/files/ehbemt551/files/inline-documents/sonh/group-net-metering-overview-on-line-bill-crediting-lmi-adder.pdf,2026-09-26,Primary
ISO-NE,NH,Unitil Energy Systems (NH),IOU,Net Energy Metering Tariff - Alternative NEM (NEM 2.0),Export-Comp,All,Solar+Storage;Any,Opt-in,net excess kWh converted to monetary bill credit each cycle; carried forward,Small (<=100 kWAC): credit = 100% default energy service + 100% transmission + 25% distribution; no credit for SBC/stranded cost/storm recovery. Large (>100kW-1MW AC; 5MW municipal hosts): energy service only. LMI group adder +$0.025/kWh,"Non-bypassable charges (SBC, stranded cost, storm recovery) applied to all imports",NEM 2.0 / Alternative Net Metering tariff (since 2017-09-01),,,~energy + transmission + 25% distribution per exported kWh (monetary credit),Yes-restricted,ConnectedSolutions (Eversource NH),Active,https://www.energy.nh.gov/sites/g/files/ehbemt551/files/inline-documents/sonh/group-net-metering-overview-on-line-bill-crediting-lmi-adder.pdf,2026-09-26,Primary
ISO-NE,NH,Unitil Energy Systems (NH),IOU,Time of Use (Whole House) Residential Rate TOU-R,TOU-Rate,Residential,Any,Opt-in,3-period TOU on delivery + fixed energy service,"All-in (fixed energy service, Aug 2026-Jan 2027): off-peak $0.18188/kWh, mid-peak $0.18887, on-peak $0.60857; delivery-only on 29.857c/mid 7.254c/off 6.625c; customer charge $16.22/mo; vs standard R delivery $0.11372 + energy $0.14348 (eff. 2026-09-01)",,TOU-R,On-peak Mon-Fri 3-8pm; mid-peak Mon-Fri 6am-3pm; off-peak Mon-Fri 8pm-6am + weekends/holidays,"on 60.86c / mid 18.89c / off 18.19c per kWh (all-in, default fixed energy service)",,Yes,Net Metering,Active,https://unitil.com/sites/default/files/2024-01/NH-Residential-Electric-Rates.pdf,2026-09-26,Primary
ISO-NE,NH,Unitil Energy Systems (NH),IOU,Time of Use (Electric Vehicle) Residential Rate TOU-EV-R,EV-Rate,Residential,EV/EVSE,Opt-in,separately metered 3-period TOU for EV charging only,"All-in (Aug 2026-Jan 2027): off-peak $0.17374/kWh, mid $0.18073, on-peak $0.60043; customer charge $5.26/mo (eff. 2026-09-01)",EV charging load only,TOU-EV-R,On-peak Mon-Fri 3-8pm; mid-peak Mon-Fri 6am-3pm; off-peak otherwise,on 60.04c / mid 18.07c / off 17.37c per kWh,,No,Unknown,Active,https://unitil.com/sites/default/files/2024-01/NH-Residential-Electric-Rates.pdf,2026-09-26,Primary
ISO-NE,VT,Green Mountain Power,IOU,Energy Storage System Service (Tesla Powerwall lease),VPP,Residential;SmallC&I,Battery;Solar+Storage,Opt-in,"utility-owned leased battery; customer pays lease, GMP controls dispatch for peak/wholesale value","Two Tesla Powerwalls (or equivalent): $55/month x 120 months ($6,600 total) or $5,500 single upfront payment; lease covers $22,000 equipment+installation contribution; 60-month renewal with no monthly fee; early termination $450 + prorated equipment charge on $18,000 base","GMP continuous access/control for peak reduction (ISO-NE monthly/annual peaks, regional transmission) and wholesale value; available until 2026-09-30 unless otherwise ordered; non-TOU customers only",Energy Storage System Service tariff (eff. 2024-05-25),,,,Yes,Net Metering,Active,https://static.greenmountainpower.com/tariffs/add-ons/Energy-Storage-System.pdf,2026-09-26,Primary
ISO-NE,VT,Green Mountain Power,IOU,Bring Your Own Device (BYOD) Program,VPP,Residential;SmallC&I,Battery;Solar+Storage,Opt-in,upfront $/kW incentive for 10-yr shared GMP access (grid charging required); prorated clawback on early exit,"Backup-only: $850/kW (3-hr duration) or $950/kW (4-hr), up to 10 kW (max $9,500; +$100/kW in GMP constrained areas); Self-consumption: flat $850 (+$100 constrained); software fee $3.97/month; access-disruption fee $12.70/kW-month after 30 days",10-yr (120-month) term; GMP controls for peaks/wholesale; available until 2026-09-30 unless otherwise ordered; non-TOU customers only,BYOD tariff (eff. 2023-08-17),,,,Yes,Net Metering,Active,https://static.greenmountainpower.com/tariffs/add-ons/Bring-Your-Own-Device.pdf,2026-09-26,Primary
ISO-NE,VT,Green Mountain Power,IOU,Energy Storage Access Program (ESAP) Rider,Storage-Incentive,Residential,Battery,Opt-in,no-cost Powerwall lease for income-eligible customers funded by VT DPS ESAP grant,"$0 lease: 2 Tesla Powerwalls 10 yrs + 60-month renewal at no monthly/upfront cost; household income <=120% AMI; priority to lowest-income, disadvantaged, frequent-outage medical needs",Available while DPS ESAP grant funds last,ESAP Rider (eff. 2024-06-04),,,,Yes,Unknown,Active,https://static.greenmountainpower.com/tariffs/add-ons/Energy-Storage-Access-Program-Rider.pdf,2026-09-26,Primary
ISO-NE,VT,Green Mountain Power,IOU,Residential Time-of-Use Service Rate 11,TOU-Rate,Residential,Any,Opt-in,2-period TOU,Peak $0.34072/kWh; off-peak $0.14522/kWh; customer charge $0.830/day (eff. 2025-10-01),1-yr minimum,Rate 11,Peak = 8 consecutive hours between 1pm-9pm Mon-Fri (specific window posted); all else off-peak,peak 34.07c / off 14.52c per kWh,,Yes,Unknown,Active,https://static.greenmountainpower.com/tariffs/rates/Rate-11-Residential-Time-of-Use.pdf,2026-09-26,Primary
ISO-NE,VT,Green Mountain Power,IOU,Residential Seasonal Time-of-Use Service Rate 22,TOU-Rate,Residential,Any;HeatPump,Opt-in,seasonal 2-period TOU,Peak $0.34072/kWh; off-peak $0.14522/kWh; $0.830/day (eff. 2025-10-01),Advanced meter required; 1-yr minimum,Rate 22,May-Oct: 8 consecutive hrs within 1pm-9pm Mon-Fri; Nov-Apr: 4 hrs within 7:30-11:30am + 4 hrs within 4:30-8:30pm Mon-Fri,peak 34.07c / off 14.52c per kWh,,Yes,Unknown,Active,https://static.greenmountainpower.com/tariffs/rates/Rate-22-Residential-Time-of-Use.pdf,2026-09-26,Primary
ISO-NE,VT,Green Mountain Power,IOU,Residential TOU & Critical Peak Pricing Rate 14,CPP-PTR,Residential,Any,Opt-in,TOU with up to 10 critical peak days,Critical peak $0.87697/kWh; peak $0.33175/kWh; off-peak $0.14141/kWh; $0.830/day (eff. 2025-10-01),"Max 10 critical peak days/yr, weekdays May 1-Sep 30 (excl. Memorial Day, July 4, Labor Day); 8 consecutive hrs within 12-8pm; day-ahead notice by 6pm",Rate 14,Peak = 8 consecutive hrs within 1pm-9pm Mon-Fri; CPP 8 hrs within 12-8pm on called days,CPP 87.70c / peak 33.18c / off 14.14c per kWh,,Yes,Unknown,Active,https://static.greenmountainpower.com/tariffs/rates/Rate-14-Residential-TOU-Critical-Peak-Pricing.pdf,2026-09-26,Primary
ISO-NE,VT,Green Mountain Power,IOU,"Net-Metering (PUC Rule 5.100; 2026 Biennial Update, Case 26-0291-INV)",Export-Comp,All,Solar+Storage;Any,Opt-in,monthly bill credit on excess kWh at blended residential rate + REC adjustor + siting adjustor (adjustors fixed per system; apply to all kWh produced),"Blended residential rate $0.2071/kWh eff. 2026-08-01 (was $0.18398 since 2024); REC adjustor $0.00 if RECs transferred, -$0.04/kWh if retained; siting adjustors for new systems (CPG filed on/after 2026-08-01): Cat I -$0.05, Cat II -$0.05, Cat III -$0.07, Cat IV -$0.08/kWh",Cat I <=15 kW; Cat II 15-150 kW preferred site; Cat III 150-500 kW preferred site; Cat IV 15-150 kW non-preferred,GMP net-metering tariff (compliance tariff eff. 2026-08-01),,,e.g. new Cat I w/ RECs transferred: $0.2071 - $0.05 = ~$0.157/kWh excess credit,Yes-restricted,Energy Storage System Service; BYOD,Active,https://puc.vermont.gov/document/2026-biennial-update-net-metering-program,2026-09-26,Primary
ISO-NE,MA,Fitchburg Gas & Electric Light Co (Unitil MA),IOU,ConnectedSolutions C&I - Daily Dispatch,VPP,SmallC&I;LargeC&I,Battery,Opt-in,$/kW-summer pay-for-performance; 5-yr rate lock for new batteries; Unitil pays up to 120% of committed seasonal kW without written permission,$200/kW-summer (2023-06-08 materials),30-60 events/summer (~40 planned); 2-3 hr; 3-8pm Jun-Sep; batteries only for Unitil Daily Dispatch with battery-level data,,3-8pm Jun-Sep,,Exporting sites capped at 150% of site peak,Yes,Clean Peak Standard; ISO-NE FCM; SMART,Active,https://www.masssave.com/-/media/Files/PDFs/Business/CI-ConnectedSolutions-Offering-Materials_June-2023.pdf,2026-09-26,Primary
ISO-NE,MA,Fitchburg Gas & Electric Light Co (Unitil MA),IOU,ConnectedSolutions C&I - Targeted Dispatch,DR-Curtailment,SmallC&I;LargeC&I,GeneralLoad;Battery,Opt-in,$/kW-summer pay-for-performance; CSPs must pass through minimum share to customer,$35/kW-summer + $10/kW-summer weekend bonus,1-8 events/summer; 3 hr; 3-8pm; Jun-Sep,,3-8pm Jun-Sep,,,Yes,Clean Peak Standard; ISO-NE demand resources,Active,https://www.masssave.com/-/media/Files/PDFs/Business/CI-ConnectedSolutions-Offering-Materials_June-2023.pdf,2026-09-26,Primary
ISO-NE,MA,Fitchburg Gas & Electric Light Co (Unitil MA),IOU,Electric Vehicle Time-of-Use Rate (MA residential),EV-Rate,Residential,EV/EVSE,Opt-in,separately metered 3-period TOU for EV charging,,12-month commitment; dedicated EV meter (customer installs socket),EV TOU,On-peak Mon-Fri 3-8pm (~3x standard); mid-peak Mon-Fri 6am-3pm (~standard); off-peak 8pm-6am + weekends/holidays,,,No,Unknown,Active,https://unitil.com/time-of-use/ev-tou,2026-09-26,Primary
ISO-NE,MA,Massachusetts Electric Co (National Grid MA),IOU,"ConnectedSolutions+ (locational, select communities)",VPP,Residential;SmallC&I,Battery;Thermostat/AC,Pilot,enhanced (above-standard) ConnectedSolutions incentives in constrained locations,,"Limited-time; 15 locations (Barre-Athol, Bridgewater, East Longmeadow/Hampden, Foxborough, Lynn, Malden, Medford, Millbury, Nantucket, Palmer, Plainville, Salem, Ware, Whitman, Worcester); expanded after first season 2025",,,,,Yes,ConnectedSolutions,Pilot,https://www.nationalgridus.com/MA-Home/Connected-Solutions/BatteryProgram,2026-09-26,Primary
ISO-NE,MA,Cape Light Compact,Municipal,Cape & Vineyard Electrification Offering (CVEO),Storage-Incentive,Residential,Battery;Solar+Storage;HeatPump,Pilot,turnkey no/low-cost solar + battery + heat pumps for low/moderate-income households,"Low-income (<=60% SMI): battery, solar, heat pumps at no cost (target ~25 batteries); moderate-income (61-80% SMI): low/no-cost heat pumps + solar, 0% HEAT loan for battery",,,,,,Yes,ConnectedSolutions,Pilot,https://www.capelightcompact.org/cveo/,2026-09-26,Secondary
ISO-NE,MA,Massachusetts Department of Energy Resources (DOER) - statewide,Federal/State,Clean Peak Standard - Near-Term Resource Multiplier (2024 emergency amendments to 225 CMR 21.00),Storage-Incentive,All,Battery;GeneralLoad,Opt-in,2x CPEC multiplier for 10 yrs from SOQ effective date,2x CPECs; capped at 50 MW total (DOER may raise); plus lowered 2024-2028 Minimum Standard and removal of minimum-obligation ratchet (ACP-decline ratchet retained),Standalone distribution-connected Qualified Energy Storage (not co-located with RPS resource) or distribution-connected Demand Response; no SOQ before 2025-01-01; COD before 2027-01-01,"225 CMR 21.00 (emergency regs 2024-07-19, follow-on 2024-10-11)",,,,Yes,ConnectedSolutions C&I,Active,https://cleanpeakmarketoutlook.com/doer-emergency-cps-again/,2026-09-26,Secondary
ISO-NE,NH,New Hampshire Electric Cooperative,Cooperative,Transactive Energy Rate Pilot Program,VPP,Residential,Battery;EV/EVSE;V2G;Solar+Storage,Pilot;Opt-in,24 hourly avoided-cost rates set day-ahead; export credited at hourly rate,Est. $1200/yr (5kW battery); $1700/yr (8.6kW PV+battery); $4000/yr per V2G EV,"Pilot limited to 50 of 85,000 customers; 6-month pilot",Transactive Energy Rate,"Day-ahead 24-hour price signal, no fixed window","Hourly avoided-cost rate, varies day-ahead",Net export at same hourly avoided-cost rate,Yes,Unknown,Pilot,https://www.nhec.com/energy-management/transactive-energy-rate-program/,2026-09-26,Secondary
ISO-NE,NH,New Hampshire Electric Cooperative,Cooperative,Time of Day Rate,TOU-Rate,Residential,GeneralLoad;EV/EVSE;Battery,Opt-in,rate discount off-peak / premium on-peak,"on-peak ~$0.21/kWh, off-peak ~$0.11/kWh (2023 figures, verify current)",N/A - always-on TOU schedule,Time of Day Rate Schedule,See tariff for seasonal on/off-peak hours,on ~21c / off ~11c per kWh (2023),Not specified,Unclear,Peak Days program,Active,https://www.nhec.com/time-of-day-rates/,2026-09-26,Primary
ISO-NE,NH,New Hampshire Electric Cooperative,Cooperative,Peak Days Program,CPP-PTR,Residential;SmallC&I,GeneralLoad;Thermostat/AC,Opt-in,bill credit for reduced usage on called peak days,Not published,Small number of high-demand days per year,Peak Days,"Called day, hours not published",,Not applicable,Unclear,Time of Day Rate,Active,https://www.nhec.com/peak-days/,2026-09-26,Primary
ISO-NE,NH,New Hampshire Electric Cooperative,Cooperative,"ENGIE Moultonborough Battery Storage (utility-owned, non-BTM)",Storage-Incentive,All,Battery,Default,utility-scale 2.45MW battery discharges to reduce transmission/capacity charges,Est. $2.3M savings to members over 12 years,N/A - utility dispatched,N/A,Discharges during regional peak,,"N/A - utility-side asset, no customer BTM participation",No,N/A,Active,https://www.nhec.com/mobo-battery-storage/,2026-09-26,Primary
ISO-NE,NH,Liberty Utilities (Granite State Electric),IOU,Battery Storage Program (Tesla Powerwall pilot),Storage-Incentive,Residential,Battery,Closed to new,"utility-owned Powerwall 2 lease; customer pays $25/mo per battery x2 (or $4,866 upfront); customer moved to TOU rate; exports at net metering rate during monthly peak event","$25/battery/month x 2 batteries = $50/mo for 10 yrs, or $4,866 upfront",Phase 1: 200 batteries (100 customers); Phase 2: +300 batteries (150 customers); dispatched at Liberty's believed monthly peak,Battery Storage Program / TOU Rider,"On-peak 8am-3pm weekdays, Critical-Peak 3-8pm weekdays (May-Oct and Nov-Apr identical)",Off-peak/On-peak/Critical-Peak per TOU schedule (values not published on this page),Net Metering rate for battery export during monthly peak event,Yes,Unknown,Closed to new enrollment,https://new-hampshire.libertyutilities.com/bath/residential/smart-energy-use/electric/battery-storage.html,2026-09-26,Primary
ISO-NE,ME,Efficiency Maine,Federal/State,Demand Response Initiative (DRI),DR-Curtailment,SmallC&I;LargeC&I,GeneralLoad;Generator,Opt-in,"$/MW-season pay-for-performance curtailment, paid via Program Partner","$35,000 per 1 MW of average curtailment per season","3-5 events/summer (Jun-Sep), day-ahead notice, afternoon window","N/A - third-party administered via Program Partners, serves CMP and Versant customers","Typically 3-6pm or 4-7pm, non-holiday weekdays, Jun-Sep",,,Unclear,ISO-NE Active Demand Capacity Resource (ADCR) - stackable,Active,https://www.efficiencymaine.com/demand-response/,2026-09-26,Secondary
ISO-NE,ME,Efficiency Maine,Federal/State,Energy Storage System (ESS) Program,Storage-Incentive,SmallC&I;LargeC&I,Battery,Opt-in,"$/kW performance incentive for validated peak demand reduction, paid annually for 5 years","$200/kW of validated reduction; awards $4,000-$600,000/project/year for 5 years","Summer peak demand conditions, annual evaluation",Energy Storage System PON,"Summer peak events, per PON",,,Yes,Unknown,Active,https://www.efficiencymaine.com/energy-storage-system-projects/,2026-09-26,Primary
ISO-NE,ME,Efficiency Maine,Federal/State,Small Battery Management Program,DR-BYOD,Residential;SmallC&I,Battery,Opt-in,"$/kW of average discharge during DR events, paid annually in December, plus signup bonus",$100/kW average discharge; $100 signup bonus (enroll by 12/31/2026); +$100 for first 50 enrollees; ~$300/yr typical,40-60 events between Jun 1-Sep 30; battery inverter capacity capped at 20kW,Small Battery Program Opportunity Notice,"Summer DR events, hours per notice",,,Yes,Unknown,Active,https://www.efficiencymaine.com/docs/Small-Battery-Program-Opportunity-Notice.pdf,2026-09-26,Primary
ISO-NE,ME,Versant Power,IOU,Home Eco Time-of-Use Rate,TOU-Rate,Residential,Battery;EV/EVSE;GeneralLoad,Opt-in,rate discount off-peak nights/weekends,Not published on program page,N/A,Home Eco TOU Rate,Primarily nights and weekends,Not published,Not applicable,Yes,Home Eco with Bonus Meter TOU Rate,Active,https://www.versantpower.com/energy-solutions/eco-rates,2026-09-26,Primary
ISO-NE,ME,Versant Power,IOU,Home Eco with Bonus Meter Time-of-Use Rate,TOU-Rate,Residential,Battery;EV/EVSE,Opt-in,separately-metered TOU rate discount nights/weekends,Not published on program page,N/A,Home Eco Bonus Meter TOU Rate,Primarily nights and weekends,Not published,Not applicable,Yes,Home Eco TOU Rate,Active,https://www.versantpower.com/energy-solutions/eco-rates,2026-09-26,Primary
ISO-NE,ME,Versant Power,IOU,Business Eco Rate - Separate Meter,EV-Rate,SmallC&I;LargeC&I,Battery;EV/EVSE,Opt-in,separately-metered rate for L2 EV charging and/or battery storage,Not published on program page,N/A,Business Eco Rate Separate Meter,Not published,Not published,Not applicable,Yes,Unknown,Active,https://www.versantpower.com/energy-solutions/eco-rates,2026-09-26,Primary
ISO-NE,ME,Versant Power,IOU,Net Energy Billing (NEB),Export-Comp,All,Solar+Storage;Battery;GeneralLoad,Default,kWh-credit (residential) or PUC-set dollar tariff-rate (non-residential) net export credit,"Rate varies by MPUC order, tiered by facility size/vintage",N/A,Net Energy Billing Tariff,N/A,N/A,kWh 1:1 credit (residential/small) or PUC tariff dollar rate (non-residential),Yes,Unknown,Active,https://www.versantpower.com/energy-solutions/clean-energy/net-energy-billing,2026-09-26,Primary
ISO-NE,ME,Central Maine Power Co,IOU,Net Energy Billing (NEB) - Commercial/Industrial Tariff Rate,Export-Comp,SmallC&I;LargeC&I,Solar+Storage;GeneralLoad,Default,PUC-set dollar-credit tariff rate for non-residential NEB accounts,Rate set annually by MPUC Order (2046 sunset); varies by facility vintage/size tier,N/A,CMP Standard C&I NEB Tariff Rate Agreement,N/A,N/A,"PUC-set tariff dollar rate per kWh, tiered by size/vintage; kWh 1:1 credit option also available",Yes,Unknown,Active,https://www.cmpco.com/documents/40117/46387196/CMP+standard+CI+NEB+Tariff+Rate+Agreement_Alt_02.07.23.pdf,2026-09-26,Primary
ISO-NE,VT,Vermont Electric Cooperative,Cooperative,Home Battery Flexible Load Program,DR-BYOD,Residential,Battery,Opt-in,"monthly bill credit or upfront payment, formula-based on battery kWh/reserve/inverter capacity","Monthly: $6.40/mo x kWh x (1-reserve%) /4hrs (e.g. $34.56/mo for 27kWh); OR upfront $268 x same formula (e.g. $1,447.20) + half monthly credit","Peak Events require 4 hrs discharge capability; limited events/yr; min 10kWh battery, min 2kW inverter",Flexible Load Program - Home Batteries,"Called peak events, ~4hr duration",,Not applicable,Yes,Unknown,Active,https://vermontelectric.coop/flexible-load,2026-09-26,Primary
ISO-NE,VT,Vermont Electric Cooperative,Cooperative,Level II EV Charger Flexible Load Program,EV-Rate,Residential,EV/EVSE,Opt-in,free L2 charger + monthly incentive for allowing curtailment; or self-owned charger enrollment incentive,$8/month for enrolled charger (no opt-out of events); OR $250 for scheduling avoidance of 5-9pm; OR $50 upfront + $8/mo for ChargePoint/Emporia enrollment,"5-6 events/month, 3-4 hrs each",Flexible Load Program - EV Chargers,5-9pm weekdays (self-scheduled option); event-based for enrolled chargers,,Not applicable,No,Beat the Peak,Active,https://vermontelectric.coop/flexible-load,2026-09-26,Primary
ISO-NE,VT,Vermont Electric Cooperative,Cooperative,EV Direct Enrollment Flexible Load Program,EV-Rate,Residential,EV/EVSE,Opt-in,one-time enrollment incentive plus monthly incentive for vehicle-direct charge curtailment,$100 one-time enrollment + $8/month; $50 bill credit at signup (per program page wording),Events last 2-4 hours; opt-out allowed per event,Flexible Load Program - EVs,"Called events, 2-4 hrs",,Not applicable,No,Beat the Peak,Active,https://vermontelectric.coop/flexible-load,2026-09-26,Primary
ISO-NE,VT,Vermont Electric Cooperative,Cooperative,Commercial & Industrial Flexible Load Program,DR-Curtailment,SmallC&I;LargeC&I,HeatPump;GeneralLoad;Battery;Generator,Opt-in,"$/kW bill credit for load reduction during ISO-NE FCM/RNS peak periods, two compensation models",All-Hour Average: $5.00/kW average reduction across peak events per month; Single-Hour: $6.00/kW for reduction during month's single highest peak hour; plus FCM bill credits at ISO-NE annual peak hour,Dispatched during FCM and RNS peak periods; performance measured against baseline,C&I Flexible Load Program,ISO-NE FCM/RNS peak periods (called),,Not applicable,Yes,Unknown,Active,https://vermontelectric.coop/flexible-load,2026-09-26,Primary
ISO-NE,VT,Burlington Electric Department,Municipal,Electric Vehicle Rate - Fixed/Flexible Load/Flexible Real-Time Options,EV-Rate,Residential;SmallC&I;LargeC&I,EV/EVSE,Opt-in,bill credit ($/kWh or $/kW) for EV charging during defined/flexible off-peak hours,Residential/Small General: $0.090522/kWh credit; Large General Service: $26.77/kW demand credit,"Fixed: 10pm-12pm next day; Flexible Load: BED-designated in advance, max 10hrs/day, min 8hrs notice; Flexible Real-Time: no advance notice, max 10hrs/day",Electric Vehicle Rate Tariff,Fixed: 10pm-12pm(+1); Flexible: BED-designated,EV charging credited $0.090522/kWh (res/small) or demand credit for large,Not applicable,No,Unknown,Active,https://www.burlingtonelectric.com/wp-content/uploads/Tariff-Sheet-EV.pdf,2026-09-26,Primary
ISO-NE,VT,Burlington Electric Department,Municipal,Moduly Home Battery Pilot,Storage-Incentive,Residential,Battery,Pilot,utility-managed battery dispatch pilot; reserves battery for customer reliability outside peak events,Not published,"Pilot phase, 5kW and 7.5kW units",N/A,Called peak events,,Not applicable,Yes,Unknown,Pilot,https://www.burlingtonelectric.com/strategic-direction/,2026-09-26,Secondary
ISO-NE,MA,Taunton Municipal Lighting Plant,Municipal,Solar Battery Storage Rebate,Storage-Incentive,Residential,Battery;Solar+Storage,Opt-in,upfront rebate per battery unit,$300 rebate per solar battery (units 5kW+),"One-time, per installation",N/A,N/A,N/A,N/A,Yes,"TMLP Solar PV rebate ($1.50/W up to $4,500)",Active,https://ene.org/sustainability/rebates/residential/taunton/,2026-09-26,Secondary
ISO-NE,MA,Taunton Municipal Lighting Plant,Municipal,Net Metering (60kW and under / 60kW-2000kW tiers),Export-Comp,Residential;SmallC&I;LargeC&I,Solar+Storage;GeneralLoad,Default,two-tier net metering credit,"Not published (tiered by system size, <=60kW and 60kW-2000kW)",N/A,N/A,N/A,N/A,"Net metering credit, two tiers by system size",Yes,Solar Battery Storage Rebate,Active,https://isaksensolar.com/how-solar-works-in-tmlp/,2026-09-26,Secondary
ISO-NE,MA,Reading Municipal Light Department,Municipal,Commercial Peak Demand Response (PDR) Program,DR-Curtailment,SmallC&I;LargeC&I,GeneralLoad,Opt-in,"bill credit for meeting reduction threshold during called peak hour, administered with Tangent Energy","Credit for reducing 100kW during peak hour, OR reducing >=3% of customer's baseline demand during peak hour (credit amount not published)","Called events, advance notice given by RMLD/Tangent Energy",Shred the Peak - Commercial PDR,Called peak hours,,Not applicable,Unclear,Shred the Peak residential alerts; TOU rate,Active,https://www.rmld.com/cpdr,2026-09-26,Primary
ISO-NE,MA,Reading Municipal Light Department,Municipal,Shred the Peak - Connected Homes automated residential DR,DR-BYOT,Residential,Thermostat/AC,Opt-in,"automated Wi-Fi device reduction during peak alerts, partnership with Connected Homes",Not published,"Peak alert events, frequency not published",N/A,Called peak alerts,,Not applicable,Unclear,Commercial PDR Program,Active,https://www.rmld.com/198/Shred-the-Peak-Save,2026-09-26,Primary
ISO-NE,MA,Holyoke Gas & Electric,Municipal,Tesla Powerwall Demand Response Program,DR-BYOD,Residential,Battery,Opt-in,upfront rebate plus $/kW monthly incentive for dispatch during peaks,"$1,000 rebate for Tesla Powerwall + $8/kW monthly incentive based on electricity dispatched to grid during electric peaks",Dispatched during electric peak events,N/A,Called peak events,,Not applicable,Yes,Beat the Peak,Active,https://www.hged.com/residential/ee-home/tesla-powerwall-demand-response-program.aspx,2026-09-26,Primary
ISO-NE,MA,Holyoke Gas & Electric,Municipal,Beat the Peak (smart device DR),DR-BYOT,Residential,Thermostat/AC,Opt-in,monthly incentive for allowing remote adjustment of Wi-Fi/smart devices a few times/month,$5-$30/month incentive,A few events per month,N/A,Called events,,Not applicable,No,Tesla Powerwall DR Program,Active,https://www.hged.com/residential/ee-home/beat-the-peak.aspx,2026-09-26,Primary
ISO-NE,MA,Holyoke Gas & Electric,Municipal,"Distributed Generation Credit (buy-all/sell-all, no net metering)",Export-Comp,Residential;SmallC&I,Solar+Storage,Default,1:1 full retail rate net metering credit,~$0.063/kWh DG credit vs ~$0.165/kWh residential retail (approx. May 2026),N/A,N/A,N/A,N/A,All DG output production-metered and credited at wholesale-based DG Credit; consumption billed at retail. Corrected 2026-09-26: earlier row (full retail NEM) came from an installer site and was wrong.,Yes,Tesla Powerwall DR Program,Active,https://www.hged.com/residential/solar-energy-for-residential-customers.aspx,2026-09-26,Primary
ISO-NE,MA,Peabody Municipal Light Plant,Municipal,Optional Seasonal Time-of-Use Service (Rate T),TOU-Rate,SmallC&I;LargeC&I,GeneralLoad;Battery,Opt-in,on/off-peak demand charge + energy charge TOU rate,"On-peak demand $16.76/kW (to 800kW), $19.52/kW (excess); off-peak demand $0/kW; on-peak energy $0.1527/kWh; off-peak energy $0.1103/kWh; $375 one-time install fee",N/A - always-on seasonal TOU schedule,Rate T,On-Peak: 8am-8pm EST/9am-9pm EDT Mon-Fri; Off-Peak: all other hours,on $0.1527/kWh / off $0.1103/kWh,Not applicable,Yes,Unknown,Active,https://www.pmlp.com/DocumentCenter/View/154,2026-09-26,Primary
ISO-NE,MA,Peabody Municipal Light Plant,Municipal,EV Charging Service (Rate EV-C),EV-Rate,Residential;SmallC&I;LargeC&I,EV/EVSE,Default,TOU per-kWh/per-min rate at PMLP-owned public L3 chargers,$0.055/kWh (4-9pm) vs $0.40/kWh (9pm-4pm); per-min $0.03/kWh (6am-9pm) vs $0.00 (9pm-6am),"10-year rate through June 2034; PMLP-owned public chargers only (Foster St, Railroad Ave, Mill St)",Rate EV-C,"Premium 4-9pm, discount 9pm-4pm",on $0.40/kWh(daytime)/ off $0.055/kWh(evening) [note: rate structure inverted vs typical TOU - cheaper during typical peak],Not applicable,No,Unknown,Active,https://www.pmlp.com/DocumentCenter/View/334/Rate-EV-C-,2026-09-26,Primary
ISO-NE,MA,Peabody Municipal Light Plant,Municipal,Net Metering Policy,Export-Comp,Residential;SmallC&I;LargeC&I,Solar+Storage,Default,net metering credit per PMLP Net Metering Policy,Not published in fetched excerpt - see policy PDF,N/A,N/A,N/A,N/A,Net metering credit per PMLP policy (rate not confirmed),Unclear,Unknown,Active,https://www.pmlp.com/DocumentCenter/View/148/Net-Metering-Policy-PDF,2026-09-26,Primary
ISO-NE,MA,Chicopee Electric Light,Municipal,Connected Homes (NextZero/MMWEC smart device DR),DR-BYOT,Residential,Thermostat/AC;ElectricWaterHeater;Battery;EV/EVSE;HeatPump,Opt-in,"monthly bill credit per enrolled device type, credited quarterly",Battery (Duracell/Emporia) $30/mo; EV $10/mo; EV Charger (ChargePoint/Emporia) $10/mo; Electric Water Heater (GE/Rheem) $5/mo; Mini-Split Controller (Flair) $5/mo; Wi-Fi Thermostat (Amazon/Nest/Honeywell/Sensi) $5/mo,"Up to 170 hours of peak events/yr, ~5-6 events/month (3-4x in many months); battery drawdown capped at 80%; EV min SOC 20%",N/A,"Called peak events, advance text/email alert",,Not applicable,Yes,Unknown,Active,https://nextzero.org/chicopee/connected-homes/,2026-09-26,Primary
ISO-NE,MA,Chicopee Electric Light,Municipal,Electric Yard Equipment Rebate,Storage-Incentive,Residential,Battery,Opt-in,rebate for battery-operated yard equipment,Not published on this page,N/A,N/A,N/A,,Not applicable,Unclear,Connected Homes,Active,https://nextzero.org/chicopee/electric-yard-equipment/,2026-09-26,Primary
ISO-NE,ME,Central Maine Power Co,IOU,Rate A-TOU (Residential Time-of-Use),TOU-Rate,Residential,GeneralLoad;EV/EVSE;HeatPump;Battery,Opt-in,fixed service charge + 3-period TOU energy rate,Service charge $13.44/mo; On-Peak $0.132431/kWh; Shoulder $0.132431/kWh; Off-Peak $0.063740/kWh,N/A - always-on TOU schedule,Rate A-TOU,On-Peak 7am-12pm & 4-8pm weekdays; Shoulder 12-4pm weekdays; Off-Peak 8pm-7am + all weekends/holidays,on/shoulder $0.132431/kWh / off $0.063740/kWh,Not applicable,Unclear,Unknown,Active,https://www.cmpco.com/documents/40117/46387176/atou+2+12.30.22.pdf,2026-09-26,Primary
ISO-NE,ME,Central Maine Power Co,IOU,Rate LGS-S-TOU (Large General Service - Secondary - Time-of-Use),Demand-Charge,LargeC&I,GeneralLoad;Battery,Default,fixed service charge + TOU demand charge + de minimis kWh charge; for loads >1000kW on-peak,Service charge $734.28/mo; On-Peak demand $17.89/kW (Jul-Aug) or $17.33/kW (Sep-Jun); Shoulder demand $3.34/kW (Jul-Aug) or $2.78/kW (Sep-Jun); kWh charges ~$0.001068/kWh all periods; reactive demand $1.38/kVar over threshold,Applies to customers with on-peak demand >1000kW for 12 consecutive months,Rate LGS-S-TOU,On-Peak 7am-12pm & 4-8pm weekdays; Shoulder 12-4pm weekdays (and weekends/holidays Dec-Mar); Off-Peak 8pm-7am,"Demand-driven, not energy-driven; kWh ~flat at $0.001068",Not applicable,Yes,Unknown,Active,https://www.cmpco.com/documents/40117/46387176/lgsstou_12.30.22.pdf,2026-09-26,Primary
ISO-NE,NH,New Hampshire Electric Cooperative,Cooperative,Electric Vehicle Time-of-Day Rate + Charger Rebate,EV-Rate,Residential,EV/EVSE,Opt-in,dedicated second meter TOU rate + one-time charger install rebate,Off-peak $0.087/kWh (42% below basic residential rate); $300 rebate per Level 2 home charger (max 2 rebates),"Off-peak: 9pm-7am weekdays, all weekends/holidays",EV Time-of-Day Rate,Off-peak 9pm-7am weekdays + all weekends/holidays,off $0.087/kWh vs standard residential rate,Not applicable,No,Transactive Energy Rate Program,Active,https://www.nhec.com/electric-vehicle-charging/,2026-09-26,Secondary
ISO-NE,VT,Vermont Electric Cooperative,Cooperative,Net Metering,Export-Comp,Residential;SmallC&I;LargeC&I,Solar+Storage;GeneralLoad,Default,"blended residential rate credit for excess generation, less siting charge, less REC retention charge if applicable",Credit: blended residential rate currently $0.2071/kWh; siting charge (for apps dated 8/1/26+): 5c/kWh (systems <=150kW) or 7-8c/kWh (>150kW); REC retention charge 4c/kWh if customer keeps RECs,No program cap; credits expire after 12 months if unused,VEC Net Metering Tariff,N/A,N/A,Blended residential rate ($0.2071/kWh) minus siting/REC charges,Yes,Home Battery Flexible Load Program,Active,https://vermontelectric.coop/net-metering,2026-09-26,Primary
ISO-NE,MA,Reading Municipal Light Department,Municipal,Net Metering (fuel-charge credit),Export-Comp,Residential;SmallC&I,Solar+Storage,Default,credit at monthly fuel charge rate only (not full retail) for excess generation exported same billing period,"Credit = exported kWh x that month's fuel charge (variable, published monthly on RMLD Rate Adjustments page); same-hour generation/use not eligible",N/A,N/A,N/A,N/A,"Fuel-charge-only credit (variable monthly rate), not full retail net metering",Yes,Commercial Peak Demand Response Program,Active,https://www.rmld.com/home/pages/solar-choice-frequently-asked-questions,2026-09-26,Primary
ISO-NE,MA,Reading Municipal Light Department,Municipal,Residential & Small Commercial Solar Rebate (<20kW),Storage-Incentive,Residential;SmallC&I,Solar+Storage,Opt-in,upfront $/kW rebate for new solar installations,"$1,200 per kW for eligible new solar systems",<20kW systems,N/A,N/A,N/A,Not applicable,Unclear,Net Metering (fuel-charge credit),Active,https://www.rmld.com/189/Residential-Small-Commercial-Solar-Rebat,2026-09-26,Primary
ISO-NE-market,multi,ISO New England Inc.,RTO,Forward Capacity Market - Active Demand Capacity Resource (ADCR),Wholesale-Market,SmallC&I;LargeC&I;Residential,Battery;Solar+Storage;Generator;GeneralLoad;Thermostat/AC;EV/EVSE,Opt-in,$/kW-month Capacity Supply Obligation (CSO) payment = CSO kW x FCA clearing price; plus/minus Pay-for-Performance adjustments during Capacity Scarcity Conditions,FCA 17 (CCP 2026/27): $2.590/kW-month all zones; FCA 18 (CCP 2027/28): $3.580/kW-month all zones (finalized); FCA 16 (CCP 2025/26) ~ $2.59/kW-month per IMM 2025 AMR,ADCR maps to one or more Demand Response Resources (DRRs) in a single Dispatch Zone; each DRR >= 100 kW demand reduction; each Demand Response Asset (retail delivery point) >= 10 kW and must deliver 5-minute meter data in real time; seasonal audits (summer and winter) with reduction measured as baseline minus actual load at DRA level; must offer CSO into energy market and respond to ISO dispatch,Tariff Section III.13 (Forward Capacity Market); Market Rule 1 Section III.8B (Demand Response Baselines); Manual M-20 (Forward Capacity Market); Manual M-MVDR,,,No export compensation - demand reduction measured against customer baseline,Yes-restricted,Energy market (DRR offers required) + real-time reserves via same DRR; FCA 18 is the last Forward Capacity Auction - FCA 19 replaced by prompt auction (see CAR-PD row),Active,https://www.necpuc.org/wp-content/uploads/2024/10/2024_10_04_necpuc_iso_presentation_final.pdf,2026-09-26,Primary
ISO-NE-market,multi,ISO New England Inc.,RTO,Forward Capacity Market - FCA 18 clearing price (Capacity Commitment Period 2027/2028),Wholesale-Market,All,Any,Opt-in,$/kW-month uniform clearing price,"$3.580/kW-month all zones and import interfaces (finalized; CCP Jun 1 2027 - May 31 2028); 2,614 MW of new and existing demand resources cleared",Auction held Feb 5 2024; FCA 18 is the final forward (3-year-ahead) auction before the transition to the prompt capacity auction,Tariff Section III.13.2; Manual M-20,,,,Yes,Unknown,Active,https://www.iso-ne.com/static-assets/documents/100008/20240209_pr_fca18_initial_results.pdf,2026-09-26,Primary
ISO-NE-market,multi,ISO New England Inc.,RTO,Forward Capacity Market - FCA 17 clearing price (Capacity Commitment Period 2026/2027),Wholesale-Market,All,Any,Opt-in,$/kW-month uniform clearing price,"$2.590/kW-month all zones and import interfaces except New Brunswick interface ($2.551/kW-month) (preliminary per press release; CCP Jun 1 2026 - May 31 2027); 2,940 MW of demand resources cleared incl. 130 MW new",Auction closed Mar 6 2023,Tariff Section III.13.2; Manual M-20,,,,Yes,Unknown,Active,https://www.iso-ne.com/static-assets/documents/2023/03/20230310_pr_fca17_initial_results_final.pdf,2026-09-26,Primary
ISO-NE-market,multi,ISO New England Inc.,RTO,Pay-for-Performance - Capacity Performance Payment Rate (PPR),Wholesale-Market,All,Any,Default,"$/MWh charge or credit during Capacity Scarcity Conditions: Capacity Performance Payment = PPR x (Actual Capacity Provided - Balancing Ratio x CSO) per 5-minute interval; Balancing Ratio = (Load + Reserve Requirement) / total system CSO, capped at 1.0 per FERC order EL25-106","PPR $9,337/MWh (CCP 2025/26 onward); $5,455/MWh for CCP 2024/25","Applies to every CSO holder (incl. ADCRs and DERAs with CSO) and also credits non-CSO resources that over-perform during a scarcity condition; FERC Jan 22 2026 order in EL25-106 capped the Balancing Ratio at 1.0 (compliance filing due Jul 21 2026, refund effective date Jul 25 2025); ISO proposed allocating deficient funds to over-performers (effective PPR for over-performance can fall below $9,337/MWh) and removing Capacity Performance Bilaterals","Tariff Section III.13.7 (Performance, Payments and Charges in the FCM)",,,,Yes,Paid on top of FCM base payment and energy/reserve revenue,Active,https://www.iso-ne.com/static-assets/documents/100033/a04_mc_2026_03_10-12_pfp_revisions_balancing_ratio_ferc_order_nepga_complaint_el25-106.pdf,2026-09-26,Primary
ISO-NE-market,multi,ISO New England Inc.,RTO,Capacity Auction Reforms - Prompt/Deactivation (CAR-PD) replacing FCA 19,Wholesale-Market,All,Any,Opt-in,$/kW-month prompt capacity auction held shortly before the Capacity Commitment Period (instead of ~3 years ahead),,FCA 19 (originally for CCP 2028/29) was delayed under FERC acceptance of ISO's further-delay filing (ER24-1710-000); CAR-PD accepted by FERC Mar 30 2026 (ER26-925-000); first prompt auction held in 2028 for CCP beginning Jun 1 2028; retirement decisions decoupled from auction via new deactivation notice process,FERC Dockets ER24-1710-000 and ER26-925-000; Tariff Section III.13 (as revised),,,,Yes,Unknown,Proposed/pending,https://www.iso-ne.com/committees/key-projects/capacity-auction-reforms-key-project,2026-09-26,Primary
ISO-NE-market,multi,ISO New England Inc.,RTO,Capacity Auction Reforms - Seasonal/Accreditation (CAR-SA),Wholesale-Market,All,Any,Opt-in,Seasonal (summer/winter) $/kW-month capacity commitments with updated capacity accreditation,,Moves the Capacity Commitment Period from annual to sub-annual (seasonal) structure and updates capacity accreditation; intended for CCP starting Jun 1 2028; FERC filing expected Q4 2026 - not yet filed/approved as of last_verified,ISO-NE CAR-SA proposal (NEPOOL MC/RC/TC Sep 8-10 2026 design update),,,,Unclear,Unknown,Proposed/pending,https://www.iso-ne.com/static-assets/documents/100037/carsa_proposal_information_summary.pdf,2026-09-26,Primary
ISO-NE-market,multi,ISO New England Inc.,RTO,FERC Order 2222 - DER Aggregation (DERA) participation models - energy and ancillary services,Wholesale-Market,SmallC&I;LargeC&I;Residential,Battery;Solar+Storage;Generator;GeneralLoad;EV/EVSE;Any,Opt-in,"$/MWh LMP for energy and ancillary-service clearing prices, settled at LD pnode or DRR aggregation zone pnode depending on model",,"Effective Nov 1 2026. Minimum aggregation size 100 kW; any single resource or aggregation >= 5 MW at a single node must participate standalone or via a more geographically limited aggregation. Seven models: SODERA (settlement-only generator and/or load asset, new Day-Ahead Market asset types); DRDERA (SOG + DRR assets, may include load, activation/deactivation on monthly boundary); Modeled Generator asset (fuel index 'DER aggregation'); Binary Storage Facility; Continuous Storage Facility; DRR; ATRR (regulation, min 0.1 MW, >=5 MW restricted to node)",FERC Order No. 2222; ISO-NE compliance filings ER22-983; Market Rule 1 (as revised effective Nov 1 2026),,,Injections settled at LMP under SODERA/DDERA models,Yes,Capacity participation for DERAs (Distributed Energy Capacity Resource) starts later - see capacity row,Proposed/pending,https://www.iso-ne.com/participate/support/participant-readiness-outlook/ferc-order-no-2222,2026-09-26,Primary
ISO-NE-market,multi,ISO New England Inc.,RTO,Energy market price levels - 2025 average Day-Ahead and Real-Time LMP (IMM Annual Markets Report),Wholesale-Market,All,Any,Opt-in,$/MWh LMP (reference value for energy arbitrage / DRR energy payments),2025 average Day-Ahead LMP $71.81/MWh (+73% vs 2024); 2025 average Real-Time LMP $65.89/MWh (+67% vs 2024); avg natural gas $6.27/MMBtu (2024: $3.06),Region-wide annual averages as reported by the IMM; nodal and zonal values differ,ISO-NE Internal Market Monitor 2025 Annual Markets Report,,,,Yes,,Active,https://www.iso-ne.com/static-assets/documents/100035/2025-annual-markets-report.pdf,2026-09-26,Primary
ISO-NE-market,multi,ISO New England Inc.,RTO,Demand Response Resource (DRR) - Day-Ahead and Real-Time Energy Market participation (Price-Responsive Demand),Wholesale-Market,SmallC&I;LargeC&I;Residential,Battery;Solar+Storage;Generator;GeneralLoad;Thermostat/AC;EV/EVSE,Opt-in,"$/MWh: demand reduction (MWh) paid at Real-Time LMP for each 5-minute interval of the dispatch period, as if generated; Day-Ahead cleared reductions settled at Day-Ahead LMP","Reference: 2023 average Real-Time LMP $35.70/MWh; 88% of DRRs offered at $1,000/MWh in 2023 (per ISO)","DRA (retail customer site) >= 10 kW reduction capability with near-real-time meter data; DRR = one or more DRAs collectively >= 100 kW; a DRA >= 5 MW must be its own DRR; DRRs submit DA and RT offers, can be committed day-ahead and dispatched in real time, are co-optimized for energy and reserves and can set price; dispatched when RT price >= offer price, usually a few hours around the evening peak. Baseline: DRA average use over the last 10 weekdays, adjusted by the DRA's average use in the 15 minutes before the start-up instruction; reduction = adjusted baseline minus actual use; offers subject to the Demand Reduction Threshold Price floor (see separate row)",Market Rule 1 Section III.8B (Demand Response Baselines); Section III.1.10.1A (DRR offers); Manual M-MVDR; Price-Responsive Demand framework effective Jun 1 2018,,,No export compensation for DRR model - payment is for reduction vs baseline (battery discharge behind the RDP reduces metered load),Yes-restricted,Real-time reserves and DA ancillary services via same DRR; capacity via Active Demand Capacity Resource (ADCR) mapping; utility retail DR (e.g. ConnectedSolutions) is outside ISO dispatch - dual-participation rules not stated on source,Active,https://isonewswire.com/2025/01/08/faq-demand-response-and-the-new-england-power-grid/,2026-09-26,Primary
ISO-NE-market,multi,ISO New England Inc.,RTO,Demand Reduction Threshold Price - Order 745 net-benefits offer floor for Demand Response Resources,Wholesale-Market,All,Any,Default,"Minimum $/MWh offer price for DRR demand reductions, calculated monthly from the reference-month supply curve (Order 745 net benefits test)",,Calculated per Market Rule 1 Section III.1.10.1A(f); published monthly by ISO in the Demand-Response Threshold Price Summary/Details reports (ISO Express) - monthly $/MWh values not retrieved,Tariff Section I.2.2 (definition of Demand Reduction Threshold Price); Market Rule 1 Section III.1.10.1A(f) and III.1.10.1A(e)(ii),,,,Yes-restricted,Applies to all DRR energy offers,Active,https://www.iso-ne.com/static-assets/documents/regulatory/tariff/sect_1/sect_i.pdf,2026-09-26,Primary
ISO-NE-market,multi,ISO New England Inc.,RTO,Passive Demand Capacity Resources - On-Peak Demand Resource,Wholesale-Market,SmallC&I;LargeC&I;Residential,Solar+Storage;GeneralLoad;HeatPump;Any,Opt-in,$/kW-month Forward Capacity Market CSO payment for measured load reduction during fixed on-peak hours (capacity market only),Paid FCA clearing price - see FCA 17/18 rows ($2.590 and $3.580/kW-month),"Non-dispatchable; capacity market only - ineligible for energy/reserve markets. Performance hours: summer non-holiday weekdays 1-5 pm Jun-Aug; winter non-holiday weekdays 5-7 pm Dec-Jan. Examples: energy efficiency, passive behind-the-meter solar",Tariff Section III.13 (FCM); Manual M-MVDR (Measurement and Verification of Demand Reduction Value),Summer: non-holiday weekdays 1-5pm Jun-Aug; Winter: non-holiday weekdays 5-7pm Dec-Jan,,,Unclear,Unknown,Active,https://www.iso-ne.com/markets-operations/markets/demand-resources/about,2026-09-26,Primary
ISO-NE-market,multi,ISO New England Inc.,RTO,Passive Demand Capacity Resources - Seasonal Peak Demand Resource,Wholesale-Market,SmallC&I;LargeC&I;Residential,Solar+Storage;GeneralLoad;HeatPump;Any,Opt-in,$/kW-month Forward Capacity Market CSO payment for measured load reduction during system-peak hours (capacity market only),Paid FCA clearing price - see FCA 17/18 rows,Non-dispatchable; capacity market only. Performance hours: non-holiday weekdays in Jun-Aug and Dec-Jan when real-time system hourly load >= 90% of the most recent 50/50 CELT seasonal peak-load forecast,Tariff Section III.13 (FCM); Manual M-MVDR,Non-holiday weekdays Jun-Aug and Dec-Jan in hours with RT system load >= 90% of 50/50 seasonal peak forecast,,,Unclear,Unknown,Active,https://www.iso-ne.com/markets-operations/markets/demand-resources/about,2026-09-26,Primary
ISO-NE-market,multi,ISO New England Inc.,RTO,FERC Order 2222 - Distributed Energy Capacity Resource (DECR) capacity market participation - effective date,Wholesale-Market,SmallC&I;LargeC&I;Residential,Battery;Solar+Storage;Generator;GeneralLoad;EV/EVSE;Any,Opt-in,$/kW-month capacity payment for DER Aggregations qualified as Distributed Energy Capacity Resources,,"Gate: Tariff changes affecting Forward Capacity Market rules are effective for the 2028-29 Capacity Commitment Period (CCP 19); originally targeted FCA 18, pushed to FCA 19 after FERC's Mar 1 2023 order; FCA 19 then delayed and replaced by prompt auction (CAR-PD) - additional CCP 19 changes reflecting capacity auction reforms expected to be filed ahead of CCP 19. FCM Order 2222 software (qualification of DECRs) completed Feb 2024 (search snippet, not verified on page). Energy/ancillary rules separately effective Nov 1 2026",FERC Order No. 2222; ER22-983; Tariff Section III.13 (as revised for CCP 19),,,,Yes,See Order 2222 energy/AS DERA row and CAR-PD row,Proposed/pending,https://www.iso-ne.com/static-assets/documents/100025/order-no-2222-refresher.pdf,2026-09-26,Primary
ISO-NE-market,multi,ISO New England Inc.,RTO,FERC Order 2222 - behind-the-meter DER metering and eligibility restrictions for DER Aggregations (net-metered / retail program exclusion),Wholesale-Market,SmallC&I;LargeC&I;Residential,Battery;Solar+Storage;Generator;EV/EVSE;Any,Opt-in,Eligibility gate (no payment),,"Meters of behind-the-meter DERs must be located at the Retail Delivery Point (RDP); DER sub-metering allowed only if the Host Utility can accommodate metering configurations that address double-counting; metering must comply with OP-18 and Manual M-28. DER Aggregator is responsible for meter data (FERC 185 FERC 61,021, Oct 6 2023 sustained this; ISO final compliance filing Jan 31 2024) and may designate itself, an agent, or the Host Participant as Assigned Meter Reader. Distribution utility has 60 calendar days to confirm each DER: net consumption/injection not included in another Load Asset; NOT participating in a retail program that prohibits wholesale market participation; safety/reliability; interconnection agreement executed where state rules require. Distribution utility may override ISO dispatch of a DERA for distribution safety/reliability. FERC Mar 1 2023 order (182 FERC 61,137) had found RDP-metering proposal inadequately supported - final accepted status of RDP rule taken from ISO 2025/2026 presentations","FERC Docket ER22-983 (182 FERC 61,137; 185 FERC 61,021; 187 FERC 61,100); ISO OP-18; Manual M-28",,,Net-metered BTM DERs: participation depends on retail program terms - utility confirms DER is not in a retail program prohibiting wholesale participation,Yes-restricted,Cannot be counted in another Load Asset; retail program stacking governed by state/utility rules,Proposed/pending,https://www.iso-ne.com/static-assets/documents/100015/20240913-mrwg-a07-order-2222-overview-and-update.pdf,2026-09-26,Primary
ISO-NE-market,multi,ISO New England Inc.,RTO,FERC Order 2222 - small distribution utility opt-in (<= 4 million MWh annual),Wholesale-Market,All,Any,Default,Eligibility gate (no payment),,ISO-NE compliance implements the Order 2222 opt-in provision for distribution companies with <= 4 million MWh of annual deliveries/sales: under Order 2222 the RTO may not accept DERs from such utilities into aggregations unless the relevant electric retail regulatory authority permits (opt-in). Which New England small utilities or RERRAs have opted in was not found,FERC Order No. 2222 (directive 11); ER22-983,,,,Unclear,,Proposed/pending,https://www.iso-ne.com/static-assets/documents/100025/order-no-2222-refresher.pdf,2026-09-26,Primary
ISO-NE-market,multi,ISO New England Inc.,RTO,Distributed Energy Resource equivalent Capacity Network Resource Capability (CNRC) - deliverability pathway for DERs,Wholesale-Market,SmallC&I;LargeC&I;Residential,Battery;Solar+Storage;Generator;GeneralLoad;Any,Opt-in,Eligibility gate for capacity market (no payment),,"Accepted by FERC May 29 2026 (ER26-1956-000, 195 FERC 61,156), effective May 29 2026. DERs (incl. Distributed Energy Capacity Resources and Active Demand Capacity Resources) in areas found deliverable in the latest cluster-study deliverability analysis may establish equivalent CNRC by (1) clearing a Capacity Supply Obligation (first cleared, first served) or (2) 'lock-in' request with state interconnection agreement, proof of commercial readiness, and COD <= 2.5 years out. Equivalent NRC for DER generating facilities from state interconnection agreement values (not DRRs/DERAs)",Tariff Section II.48 (II.48.5.1-II.48.5.3); FERC Docket ER26-1956-000,,,,Yes,,Active,https://www.iso-ne.com/static-assets/documents/100035/er26-1956-000_5-29-26_order_accept_der_participation_rev.pdf,2026-09-26,Primary
ISO-NE-market,multi,ISO New England Inc.,RTO,Day-Ahead Ancillary Services Market - Flexible Response Services (DA TMSR / DA TMNSR / DA TMOR),Wholesale-Market,SmallC&I;LargeC&I,Battery;Generator;GeneralLoad,Opt-in,"$/MWh day-ahead clearing price per hourly award (call option): credit = award MW x clearing price; closeout charge = award MW x max(RT Hub LMP - Strike Price, 0); Strike Price = expected RT Hub LMP + $10/MWh","First-year (Mar 2025-Feb 2026) net settlements: DA TMSR $74.4M, DA TMNSR $113.6M, DA TMOR $60.3M; FRS clearing prices averaged $16-17/MWh Summer 2025 and $12-13/MWh Fall 2025; DA TMOR monthly averages $5.43/MWh Sep 2025, $12.20/MWh Oct 2025, $19.25/MWh Nov 2025; clearing prices cascade TMSR >= TMNSR >= TMOR; fleetwide DA A/S revenue ~ $3.50/kW-month (vs ~$1.30/kW-month under former Forward Reserve Market 2023-24)","Live for operating day Mar 1 2025 (replaced Forward Reserve Market); voluntary; generators, Demand Response Resources and Dispatchable Asset Related Demand must submit hourly price-quantity A/S offers in the Day-Ahead Market; optional Maximum Daily Award Limit (MDAL). Requirements: Total 10 = first contingency x non-performance factor (115% since May 1 2026, was 120%); TMSR generally 25% of Total 10; Total 30 adds 50% of second contingency + 160-180 MW replacement reserves. First-year clearing dominated by oil/gas CTs and gas CCs; batteries not separately reported",Market Rule 1 Section III.1.7.19.2 (reserve capability); ISO Operating Procedure OP-8; Day-Ahead Ancillary Services Initiative (DASI),,,,Yes-restricted,Co-optimized with Day-Ahead Energy; award carries real-time closeout exposure; DRDERAs added to DA A/S from Nov 1 2026 (Order 2222 conforming changes),Active,https://www.iso-ne.com/static-assets/documents/100036/imm_assessment_of_da_ancillary_services_market.pdf,2026-09-26,Primary
ISO-NE-market,multi,ISO New England Inc.,RTO,Day-Ahead Ancillary Services Market - Energy Imbalance Reserve (EIR) and Forecast Energy Requirement Price (FERP),Wholesale-Market,SmallC&I;LargeC&I,Battery;Generator;GeneralLoad,Opt-in,"$/MWh: cleared EIR paid FERP only; cleared day-ahead energy from physical supply (generators, DRRs, imports) paid LMP + FERP; EIR subject to same call-option closeout","First-year (Mar 2025-Feb 2026) EIR net settlements $13.4M; FER credits ~ $1,005M ($8.49/MWh of load); average annual FER price $7.13/MWh (all hours incl. zero-price hours)",60-minute reserve capability used to meet the Forecast Energy Requirement (ISO next-day load forecast) together with day-ahead physical energy awards,Market Rule 1 (DASI provisions); Day-Ahead Ancillary Services Initiative,,,,Yes-restricted,Co-optimized with Day-Ahead Energy and FRS,Active,https://www.iso-ne.com/static-assets/documents/100036/imm_assessment_of_da_ancillary_services_market.pdf,2026-09-26,Primary
ISO-NE-market,multi,ISO New England Inc.,RTO,"Day-Ahead Ancillary Services Market - 2026 post-implementation changes (non-performance factor, strike price floor, FER adjustment)",Wholesale-Market,All,Any,Opt-in,Parameter changes affecting DA A/S clearing prices and closeout exposure,ISO estimated savings ~ $23M/yr (per trade press); IMM estimated first-year incremental DA A/S cost $974M,"Non-performance factor cut from 120% to 115% effective operating day May 1 2026 (lowers TMSR and total reserve requirements) - verified on ISO page. Strike price floor and downward FER Demand Quantity adjustment (IMM recommendation Feb 4 2026): trade press reports FERC accepted the ISO/NEPOOL filing Sep 14 2026 in Docket ER26-3176-000, adjusting four DA A/S parameters, effective Oct 22 2026 - not verified on an ISO or FERC page; ISO readiness page (updated Aug 13 2026) still lists implementation date TBA",FERC Docket ER26-3176-000 (reported); ISO OP-8,,,,Yes-restricted,,Proposed/pending,https://www.troutmanenergyreport.com/2026/09/ferc-approves-changes-to-iso-nes-day-ahead-ancillary-services-market/,2026-09-26,Secondary
ISO-NE-market,multi,ISO New England Inc.,RTO,Real-Time Operating Reserves (TMSR / TMNSR / TMOR) - real-time reserve pricing,Wholesale-Market,SmallC&I;LargeC&I,Battery;Generator;GeneralLoad,Opt-in,$/MWh real-time reserve clearing price paid on designated reserve MW in 5-minute intervals; non-zero only when ISO must re-dispatch to hold reserves,"Fall 2025 average non-zero prices: TMSR $22.63/MWh (133.4 hours priced; $13.82/MWh excl. Nov 23 2025 scarcity day), TMNSR $200.38/MWh (9.8 h), TMOR $151.86/MWh (9.7 h); Fall 2024: TMSR $6.39 (196.1 h), TMNSR $15.06 (0.3 h), TMOR $0.00 (0 h)","Demand Response Resources are co-optimized for energy and reserves in real time (Price-Responsive Demand framework, Jun 1 2018). During the Nov 23 2025 capacity scarcity condition the 30-minute reserve price hit $1,000/MWh (30-min RCPF) and total 10-minute reserve price $2,500/MWh (30-min price + $1,000 10-min RCPF); oil, hydro and battery storage units ramping up created ten-minute spinning reserves. Four intervals in Fall 2025 had a binding TMNSR RCPF ($1,500/MWh above TMOR)",Market Rule 1 (real-time reserve pricing - section number not verified); ISO Operating Procedure OP-8,,,,Yes,Energy market (co-optimized); DA A/S awards; capacity (Pay-for-Performance),Active,https://www.iso-ne.com/static-assets/documents/100032/2025-fall-quarterly-markets-report.pdf,2026-09-26,Primary
ISO-NE-market,multi,ISO New England Inc.,RTO,Regulation Market - Alternative Technology Regulation Resource (ATRR) and generator regulation,Wholesale-Market,SmallC&I;LargeC&I,Battery;Generator,Opt-in,Two clearing prices: $/MW-hr regulation capacity price and $/MW service (mileage) price; paid on cleared regulation capacity and mileage,"Fall 2025 total regulation payments $4.02M (Fall 2024 $4.3M); capacity prices down 21% year over year; Fall 2025 average cleared regulation 110 MW of which ATRRs 92 MW (84%); ATRR available capacity 598 MW (Fall 2024: 237 MW); IMM 2025 AMR: battery net revenue just under $10/kW-month in 2025, down on lower regulation prices; regulation RSI > 900% (large excess supply). Average $/MW-hr capacity and mileage prices not captured","ATRR: one or more facilities providing regulation (almost all batteries in New England); current rule: ATRR with >= 1 MW regulation capacity registers as a separate ATRR (Tariff Section I.2.2 definition, via search snippet); under Order 2222 compliance the ATRR minimum drops from 1 MW to 100 kW with a locational requirement and the generator minimum size for regulation is reduced, effective Nov 1 2026 (ISO Order 2222 refresher). Batteries may participate as regulation-only ATRRs or combine charging, discharging and regulation",Market Rule 1 Section III.14 (Regulation Market); ISO Operating Procedure OP-14 / OP-8,,,,Yes,Batteries may combine regulation with energy (charge/discharge) participation; regulation MW reduce capability available for reserves,Active,https://www.iso-ne.com/static-assets/documents/100032/2025-fall-quarterly-markets-report.pdf,2026-09-26,Primary
ISO-NE-market,multi,ISO New England Inc.,RTO,State / RERRA opt-out of third-party demand response aggregation (FERC Order 719 prohibition notice),Wholesale-Market,All,Any,Default,Eligibility gate (no payment),,"Host utility submits the ISO form 'Notification of Service Territory Position on Demand Response Registration' stating whether its relevant electric retail regulatory authority prohibits or permits registration of its customers' demand response by aggregators; FERC rules bar ISO from accepting aggregator bids where the RERRA prohibits it. No New England state or utility prohibition was found, but the per-utility notification data is not published on the page - state positions unverified",FERC Order 719 (18 CFR 35.28(g)(1)); ISO-NE demand response registration form,,,,Unclear,,Active,https://www.iso-ne.com/markets-operations/markets/demand-resources/about,2026-09-26,Primary
ERCOT,TX,Austin Energy,Municipal,Residential Time-of-Use Rate (Pilot),TOU-Rate,Residential,GeneralLoad;Battery;EV/EVSE,Opt-in,rate discount/premium by period vs standard PSA,"on 8.442c/kWh, mid 4.118c/kWh, off 2.677c/kWh","min 12-month term, back-billed if early exit, limited to 100 meters",Residential Service Pilot TOU,"Weekdays on-peak 3-6pm, mid-peak 7am-3pm & 6-10pm; off-peak 10pm-7am; weekends all off-peak",on 8.442c / mid 4.118c / off 2.677c per kWh,Value-of-Solar Rider available separately,Yes,GreenChoice Rider; Community Solar Rider; Non-Demand Value-of-Solar Rider,Active,https://austinenergy.com/-/media/project/websites/shared/pdfs/rates/tariff.pdf,2026-09-27,Primary
ERCOT,TX,Austin Energy,Municipal,EV360 Plug-In Electric Vehicle Charging Subscription,EV-Rate,Residential,EV/EVSE,Closed to new,subscription flat + TOU energy charge,"$30-50/mo demand charge + $150 enroll fee + $200 early term fee; on-peak 40c/kWh summer, 14c/kWh non-summer; off-peak $0",Off-peak required for charging or on-peak penalty rate applies,Residential EV360 (closed),Weekdays on-peak 2-7pm; off-peak 7pm-2pm; weekends all off-peak,summer on 40.0c/off 0c; non-summer on 14.0c/off 0c per kWh,,No,Unknown,Closed to new enrollment,https://austinenergy.com/-/media/project/websites/shared/pdfs/rates/tariff.pdf,2026-09-27,Primary
ERCOT,TX,Austin Energy,Municipal,Load Shifting Voltage Discount Rider,Demand-Charge,SmallC&I;LargeC&I,Battery;GeneralLoad,Opt-in,on-peak demand/energy charge window with load-shift requirement,demand & energy charges applied only during on-peak window; no separate $ premium published,must shift >=30% of normal on-peak billed demand using storage tech (e.g. thermal/battery storage); no load forgiveness,Load Shifting Voltage Discount Rider,On-peak demand 3-6pm daily; on-peak energy 7am-10pm daily,"(rider narrows billing window, not a distinct rate)",cannot combine with Value-of-Solar Rider,Yes,Not combinable with Value-of-Solar Rider,Active,https://austinenergy.com/-/media/project/websites/shared/pdfs/rates/tariff.pdf,2026-09-27,Primary
ERCOT,TX,Austin Energy,Municipal,Value-of-Solar Rider,Export-Comp,Residential;SmallC&I;LargeC&I,Solar+Storage,Opt-in,$/kWh bill credit for solar production (avoided cost + societal benefit),Non-Demand $0.0761/kWh avoided cost + $0.023/kWh societal benefit; Demand <1000kW-ac same; Demand >=1000kW-ac $0.0494/kWh avoided cost + $0.023/kWh societal benefit,"credit capped at total bill, excess rolls forward, forfeited at service termination",Value-of-Solar Rider,,avoided cost 7.61c/kWh + societal 2.3c/kWh (small); 4.94c+2.3c (>=1MW-ac),Non-Demand/Demand VoS credit ~9.9c/kWh (small) or ~7.2c/kWh (large) for on-site solar; not net metering,Yes-restricted,Cannot combine with Load Shifting Voltage Discount Rider; GreenChoice Rider,Active,https://austinenergy.com/-/media/project/websites/shared/pdfs/rates/tariff.pdf,2026-09-27,Primary
ERCOT,TX,Austin Energy,Municipal,Solar Standard Offer Rider - Solar Integrator,Export-Comp,SmallC&I;LargeC&I,Solar+Storage,Opt-in,$/kWh export payment (buy-all-sell-all),<1MW-ac: $0.1124/kWh exported; >=1MW-ac: $0.0841/kWh exported,"paid quarterly, net of Secondary Voltage <10kW delivery charges",Solar Standard Offer Rider,,"export payment 11.24c/kWh (<1MW) or 8.41c/kWh (>=1MW), updated every 3 years starting March 2026","buy-all-sell-all export payment, separate from customer's own consumption billing",Yes-restricted,Not combinable with Value-of-Solar Rider,Active,https://austinenergy.com/-/media/project/websites/shared/pdfs/rates/tariff.pdf,2026-09-27,Primary
ERCOT,TX,Austin Energy,Municipal,Power Partner Thermostat,DR-BYOT,Residential,Thermostat/AC,Opt-in,$/enrollment + annual bill credit + rebate,"$75 one-time enrollment incentive + $30/yr recurring bill credit + $50 thermostat rebate (2026 rates, up from $85/$25/$30)",up to 40 events/yr; customer can override at any time,Power Partner Thermostat,,,,No,Unknown,Active,https://austinenergy.com/energy-efficiency/rebates-incentives/residential/cooling-heating/pp-thermostat,2026-09-27,Primary
ERCOT,TX,Austin Energy,Municipal,Power Partner Battery,VPP,Residential,Battery;Solar+Storage,Opt-in,upfront rebate + $/kW-event performance payment,"recent install: $500 rebate (PTO on/after 2/18/25); performance: $75 per average kW delivered per event, ~$324/yr average per battery (avg reward ~$750 total)",max 40 events/yr excl. grid emergencies; customer can override (5-min cutoff for Enphase); paid annually by check,Power Partner Battery,,,exports excess to grid after backup reserve/home load served; subject to installer export limits,Yes,Unknown,Active,https://austinenergy.com/energy-efficiency/rebates-incentives/residential/appliances-equipment/pp-battery,2026-09-27,Primary
ERCOT,TX,Austin Energy,Municipal,Residential Solar Rebate,Storage-Incentive,Residential,Solar+Storage,Opt-in,upfront $ rebate per qualifying system,"$4,000 flat rebate for eligible system-owned home solar (raised from $2,500 in July 2026)",system-owned (not leased/PPA); must use participating solar contractor,Residential Solar Rebate,,,paired with Value-of-Solar Rider for ongoing export payment,Yes-restricted,Value-of-Solar Rider,Active,https://austinenergy.com/green-power/solar-solutions/for-your-home,2026-09-27,Primary
ERCOT,TX,Austin Energy,Municipal,Commercial Demand Response (Standard DR / Fast DR / ADR),DR-Curtailment,SmallC&I;LargeC&I,GeneralLoad;Thermostat/AC;Generator excluded,Opt-in,"$/avg kW saved per event, tiered by window & speed","Standard DR $50-70/avg kW; Fast DR $65-80/avg kW; Fast ADR w/ Year-1 bonus $265-280/avg kW; min annual payout $25, max $76,000/facility/yr","max 25 events/yr (more if EEA emergency), up to 2 hrs each, Jun1-Sep30 1-7pm window (no events July 4/Labor Day)",Commercial DR Standard/Fast/ADR,1:00pm-7:00pm weekdays Jun-Sep (also 4-7pm and EEA emergencies 24/7/365 sub-tiers),Standard $50-70/avgkW; Fast $65-80/avgkW; ADR w/bonus $265-280/avgkW,,No,Cannot overlap with ERCOT ERS enrollment Jun-Sep,Active,https://savings.austinenergy.com/commercial/offerings/load-management/commercial-demand-response,2026-09-27,Primary
ERCOT,TX,CPS Energy,Municipal,WiFi Thermostat Rewards,DR-BYOT,Residential;SmallC&I,Thermostat/AC,Opt-in,$/enrollment + annual bill credit,$85 one-time enrollment credit (per thermostat) + $30/yr recurring bill credit (paid Oct/Nov),conservation events typically 1-10pm weekdays Jun-Sep; customer can override at thermostat/app anytime,WiFi Thermostat Rewards,"Weekdays 1pm-10pm (conservation events, summer)",,,No,Unknown,Active,https://www.cpsenergy.com/en/my-home/savenow/my-thermostat-rewards.html,2026-09-27,Primary
ERCOT,TX,CPS Energy,Municipal,Commercial Demand Response,DR-Curtailment,SmallC&I;LargeC&I,GeneralLoad;Thermostat/AC,Opt-in,"$/kW capacity credit, tiered by notice time & duration",30-min notice/2hr max: $73/kW-summer; 2hr notice/2hr max: $70/kW; 1hr notice/1hr max (max 6 events): $31/kW; Jul-Aug 2hr program: $47/kW,"max 25 events/yr (or 18 for Jul-Aug option, 6 for 1-hr option); Jun1-Sep30, weekdays 1-7pm typical, ~3 hrs/event; multi-site aggregation allowed",Commercial Demand Response,"Weekdays 1pm-7pm, Jun 1 - Sep 30 (Jul-Aug sub-option)",,,No,Unknown,Active,https://www.cpsenergy.com/content/dam/corporate/en/Documents/EnergyEfficiency/DemandResponse.pdf,2026-09-27,Primary
ERCOT,TX,CPS Energy,Municipal,Commercial & Industrial Energy Efficiency Incentives (HVAC/Lighting/Refrigeration),Demand-Charge,SmallC&I;LargeC&I,GeneralLoad,Opt-in,"$/kW + $/kWh upfront rebate, up to 60-75% of project cost",LED interior $325/kW + $0.05/kWh; LED exterior $250/kW + $0.05/kWh; HVAC chiller $525/kW + $0.05/kWh; HVAC DX/controls $350/kW + $0.05/kWh; building envelope/refrigeration $200/kW + $0.03/kWh; custom $200/kW + $0.05/kWh,lighting incentives capped at 60% of project cost; non-lighting capped at 75%,Commercial & Industrial Program,,,,No,Unknown,Active,https://commercial-savenow.cpsenergy.com/c-i/info/,2026-09-27,Primary
ERCOT,TX,"Pedernales Electric Cooperative, Inc.",Cooperative,Residential Time-of-Use Rate,TOU-Rate,Residential,GeneralLoad;Battery;EV/EVSE,Opt-in,$/kWh by season & period,"Summer peak 16.1843c, mid-peak 9.3169c, off-peak 4.3481c; Shoulder mid-peak 8.6442c, off-peak 4.3481c; Winter mid-peak 8.6442c, off-peak 4.3481c per kWh","optional rate, no stated event cap (retail rate design, not dispatch)",Residential TOU Rate,Summer peak 4-8pm; shoulder/winter mid-peak 5-9am & 5-9pm,summer on 16.1843c/mid 9.3169c/off 4.3481c; shoulder mid 8.6442c/off 4.3481c; winter mid 8.6442c/off 4.3481c per kWh,,Yes,Unknown,Active,https://mypec.com/residential-rates/time-of-use-rate/,2026-09-27,Primary
ERCOT,TX,"Pedernales Electric Cooperative, Inc.",Cooperative,DG Interconnection Rate - Regular (Sustainable Power Credit),Export-Comp,Residential;SmallC&I,Solar+Storage,Opt-in,$/kWh credit for exported energy (net billing),Sustainable Power Credit -$0.071921/kWh (credit to Base Power Charge); flat Base Power Charge $0.0659/kWh + Delivery $0.007849-0.026506/kWh + TCOS $0.0139/kWh on delivered energy,"credits applied to Base Power Charge only, unused credits expire annually (calendar year)",DG Interconnection Rate (<50kW),,"Sustainable Power Credit 7.19c/kWh exported vs ~8.7-11.9c/kWh delivered cost (net billing, not 1:1)",net billing per Value of Solar Study; single meter w/ two registers,Yes,Cannot combine with Community Solar Program; Interconnect TOU Rate is alternative,Active,https://mypec.com/residential-rates/dg-interconnection-rates/,2026-09-27,Primary
ERCOT,TX,"Pedernales Electric Cooperative, Inc.",Cooperative,Interconnect Time-of-Use Rate (DG),Export-Comp,Residential;SmallC&I,Solar+Storage;Battery,Opt-in,$/kWh credit varying by season & period (matches TOU rate),"Summer peak credit 16.1843c, mid-peak 9.3169c, off-peak 4.3481c/kWh; shoulder/winter mid-peak 8.6442c, off-peak 4.3481c/kWh exported","12-month minimum enrollment, 1-yr wait to reenroll after opt-out; credits expire at calendar year-end",Interconnect TOU Rate,Summer peak 4-8pm; shoulder/winter mid-peak 5-9am & 5-9pm,matches Residential TOU Rate schedule for credits,"time-varying net billing credit, higher value for peak-period exports (e.g. battery discharge)",Yes,Cannot combine with Interconnect Wholesale Energy Rate or Community Solar,Active,https://mypec.com/residential-rates/dg-interconnection-rates/,2026-09-27,Primary
ERCOT,TX,"Pedernales Electric Cooperative, Inc.",Cooperative,Large Power Time-of-Use Rate,Demand-Charge,LargeC&I,GeneralLoad;Battery,Default,$/kW demand charges + $/kWh TOU energy charge,"Service Availability $150/mo; Peak Capacity Charge $6.74/kW (15-min interval); TCOS pass-through $6.15/kW (based on prior summer 4CP) or $0.019930/kWh if no 4CP established; TOU energy: summer peak 16.1843c, mid 9.3169c, off 4.3481c/kWh",applies to members with rolling 12-mo avg demand >=50kW; 4CP measured previous summer (Jun-Sep),Large Power Rate,Summer peak 4-8pm; shoulder/winter mid-peak windows per TOU schedule,summer on 16.1843c/mid 9.3169c/off 4.3481c per kWh; TCOS $6.15/kW based on 4CP,,Yes,4CP forecast email alerts available; Renewable Energy Rider,Active,https://mypec.com/large-power-rates/,2026-09-27,Primary
ERCOT,TX,"CoServ Electric (Denton County Electric Cooperative, Inc.)",Cooperative,Summer Savings Rate,TOU-Rate,Residential,GeneralLoad;Battery;EV/EVSE,Opt-in,"$/kWh on/off peak, seasonal","On-peak 20.53c/kWh (summer, before PCRF/SCRF adj.); off-peak 8.17c/kWh (summer); winter flat ~12.30c/kWh",May-Oct on-peak 3-8pm; rest of day off-peak; winter Nov-Apr flat rate,Tariff Sec. 202.21,May-Oct on-peak 3pm-8pm daily; off-peak all other hours,summer on 20.53c/off 8.17c per kWh (before PCRF/SCRF); winter flat 12.30c/kWh,,Yes,DG Buyback with Summer Savings; PeakTime Perks,Active,https://www.coserv.com/service/residential/residential-rates/,2026-09-27,Primary
ERCOT,TX,"CoServ Electric (Denton County Electric Cooperative, Inc.)",Cooperative,Residential Time-of-Use (Closed),TOU-Rate,Residential,GeneralLoad,Closed to new,$/kWh on/off peak,On-peak 18.07c/kWh (before adj.); off-peak 8.74c/kWh (before adj.),"closed to new enrollment as of March 1, 2021; existing customers only",Tariff Sec. 202.11,May-Oct 3-8pm; Nov-Apr 6-8am & 3-8pm on-peak; else off-peak,on 18.07c/off 8.74c per kWh (before PCRF/SCRF),,Yes,Unknown,Closed to new enrollment,https://www.coserv.com/service/residential/residential-rates/,2026-09-27,Primary
ERCOT,TX,"CoServ Electric (Denton County Electric Cooperative, Inc.)",Cooperative,Distributed Generation (DG) with Buyback,Export-Comp,Residential,Solar+Storage,Opt-in,$/kWh avoided-wholesale-cost buyback,"Received Energy Rate -8.50c/kWh (avoided wholesale cost, varies monthly e.g. -8.53c in Aug 2026); delivered energy billed at standard/solar-savings/summer-savings rate; monthly customer charge $25/meter","credit applies to Customer Charge, PCRF, SCRF, Energy Charge, taxes; excess credit rolls to next month",Tariff Sec. 202.15,,buyback ~8.5c/kWh vs retail delivered rate 11.78-20.53c/kWh depending on plan (not 1:1 net metering),not full retail net metering; avoided-cost buyback,Yes,Combinable with Solar Savings or Summer Savings rate variants; not switchable back from post-2023 buyback election,Active,https://www.coserv.com/service/residential/residential-rates/,2026-09-27,Primary
ERCOT,TX,"CoServ Electric (Denton County Electric Cooperative, Inc.)",Cooperative,Reliability Plus with Base Power Battery Program,VPP,Residential,Battery;Solar+Storage,Opt-in,monthly bill credit + whole-home backup service (Base Power owns/maintains battery),"Reliability Plus Participation Credit $12.50/month per battery; member pays standard 11.78c/kWh energy rate, no upfront cost",battery monitored/maintained by Base Power at no additional cost; solar not required but compatible,Reliability Plus Rate (Tariff Sec. 202.16),,,battery can export excess (REC) which nets against delivered (DEL) energy on bill,Yes,DG with Reliability Plus (if customer also has solar),Active,https://www.coserv.com/service/residential/residential-rates/,2026-09-27,Primary
ERCOT,TX,"CoServ Electric (Denton County Electric Cooperative, Inc.)",Cooperative,PeakTime Perks: Thermostat Program,DR-BYOT,Residential,Thermostat/AC,Opt-in,annual bill credit based on peak event performance,up to $40 annually for saving energy during peak demand periods,peak events called during summer peak periods; customer can override,PeakTime Perks Thermostat,,,,No,Unknown,Active,https://www.coserv.com/energy-solutions/peaktime-perks/,2026-09-27,Primary
ERCOT,TX,"CoServ Electric (Denton County Electric Cooperative, Inc.)",Cooperative,PeakTime Perks: Tesla Battery Program,VPP,Residential,Battery;Solar+Storage,Opt-in,annual bill credit for battery dispatch during peak events,up to $360 annually for utilizing Tesla Powerwall during peak demand times,dispatched during peak demand events; customer retains override via Tesla app (typical VPP terms),PeakTime Perks Tesla Battery,,,exports stored energy to grid during peak events per VPP dispatch,Yes,PeakTime Perks Thermostat; EV Program,Active,https://www.coserv.com/energy-solutions/peaktime-perks/,2026-09-27,Primary
ERCOT,TX,Guadalupe Valley Electric Cooperative (GVEC),Cooperative,Time of Use Billing,TOU-Rate,Residential,GeneralLoad;Battery;EV/EVSE;Solar+Storage,Opt-in,"real-time wholesale G&T pass-through rate, peak vs off-peak",peak window billed at slightly higher rate than standard blended G&T; off-peak billed lower; no markup (cooperative pass-through),applies every day of week; billing cycle changes to calendar month; requires signed Interconnection Agreement,Time of Use Billing Program,Peak 3-7pm daily,peak modestly above standard G&T rate; off-peak below standard G&T rate (exact cents not published),excess solar bought back at TOU rate applicable when produced,Yes,Unknown,Active,https://www.gvec.org/electric/time-of-use-billing/,2026-09-27,Primary
ERCOT,TX,Guadalupe Valley Electric Cooperative (GVEC),Cooperative,Peak-Time Payback - Thermostat,DR-BYOT,Residential,Thermostat/AC,Opt-in,$/enrollment + annual bill credit,$85 one-time enrollment bill credit + $30/yr for each year enrolled through Sep 30,"max 40 events May-Oct, no more than 1 event/day; thermostat adjusted up to 3degF; customer can manually override anytime",Peak-Time Payback Thermostat,"May-October (event days, no fixed daily window stated)",,,No,GVEC X Base Power Battery Program,Active,https://www.gvec.org/peak-time-payback/,2026-09-27,Primary
ERCOT,TX,Guadalupe Valley Electric Cooperative (GVEC),Cooperative,Peak-Time Payback - Battery (Enphase/Tesla),VPP,Residential,Battery;Solar+Storage,Opt-in,upfront $/kW rebate + annual $/kW ongoing rebate,"Upfront: Enphase pre-7/1/24 $75/kW, post $220/kW; Tesla pre-1/1/25 $75/kW, 1/1/25-3/30/26 $220/kW, post-4/1/26 $515/kW first Powerwall + $220/kW additional; capped at 23kW total; Ongoing: $75/kW/yr for all brands, prorated monthly bill credit","Tesla: manual events mainly May-Sep + automated ADER rest of year; opt-out allowed via app; Enphase: manual events throughout year, no single-event opt-out; battery discharges up to 70% of capacity, serves home load first then exports",Peak-Time Payback Battery Program,Tesla manual events mainly May-Sep,,"battery exports excess to grid after serving home load; Tesla locked settings include Enable Exports to Grid, Allow Grid Charging",Yes,GVEC X Base Power Battery Program; 0% on-bill financing 10-yr,Active,https://www.gvec.org/peak-time-payback/,2026-09-27,Primary
ERCOT,TX,"Bluebonnet Electric Cooperative, Inc.",Cooperative,Large Power Service Rate (>250kW),Demand-Charge,LargeC&I,Battery;GeneralLoad,Default,flat $/kW demand charge + $/kWh energy,Demand Charge $6.00/peak kW; Large Power Service energy $0.009578/kWh; Service Availability $150/mo; plus Wholesale Power Charge $0.058936/kWh + PCRF $0.004/kWh,"no TOU/shifting design, flat per-kW demand charge only",Large Power Service (>250kW),,"flat rate, no time differentiation",,Yes-restricted,Green Energy Rate,Active,https://www.bluebonnet.coop/rates,2026-09-27,Primary
ERCOT,TX,"Magic Valley Electric Cooperative, Inc.",Cooperative,MyResponse (Nest Rush Hour Rewards),DR-BYOT,Residential,Thermostat/AC,Opt-in,$/enrollment + annual bill credit + rebate,$50 one-time enrollment bill credit + $25/yr for each additional year enrolled (through Sep 30) + separate $50 Nest purchase rebate,"max 36 events Jun-Sep, no more than 1/day & max 3/week, 1-7pm non-holiday weekdays, max 2 hrs/event; customer retains override if home",MyResponse Program,"Weekdays 1pm-7pm, Jun-Sep",,,No,Unknown,Active,https://www.magicvalley.coop/myresponse-program/,2026-09-27,Primary
ERCOT,TX,Bryan Texas Utilities,Municipal,SmartBUSINESS Demand Reduction Incentive,Demand-Charge,SmallC&I;LargeC&I,GeneralLoad,Opt-in,"one-time % of project cost incentive, tiered by kW reduced","10-20% of total project cost, capped at $30,000/customer/fiscal year (Oct1-Sep30)",project must achieve minimum 20% reduction in demand for that measure; must complete in same fiscal year submitted,SmartBUSINESS,,,,No,Unknown,Active,https://btutilities.com/smartbusiness,2026-09-27,Primary
ERCOT,TX,Farmers Electric Cooperative (Texas),Cooperative,Google Nest Rush Hour Rewards,DR-BYOT,Residential,Thermostat/AC,Opt-in,$/enrollment (yr1) + annual bill credit,$50 account credit in first year for enrolling; $25 annually thereafter for participating; limited to 1 per household,summer program May-Oct events noon-9pm; winter program Nov-Apr events 6am-9pm; max 4 hrs/event; customer can opt out via thermostat/app,Rush Hour Rewards,Summer noon-9pm May-Oct; Winter 6am-9pm Nov-Apr,,,No,Base Battery Backup Program,Active,https://farmerselectric.coop/energy-solutions/google-nest-rush-hour-rewards-program/,2026-09-27,Primary
ERCOT,TX,Farmers Electric Cooperative (Texas),Cooperative,Base Battery Backup Program,VPP,Residential,Battery,Opt-in,"discounted upfront cost for whole-home battery (grid-support partnership, no monthly fee)","$695 upfront + $0/month (vs. ~$13,000 market cost); maintenance/service covered for life of battery",battery provides up to 36 hrs backup during outages; automatically disconnects/reconnects to grid; monitored 24/7 via Base app; battery supports grid in times of need per partnership terms,Base Battery Backup Program,,,battery used to support grid in times of need per partnership (VPP-style arrangement with Base Power),Yes,Google Nest Rush Hour Rewards,Active,https://farmerselectric.coop/energy-solutions/base-battery-backup-program/,2026-09-27,Primary
SPP,TX,Southwestern Public Service Co. (Xcel Energy),IOU,Saver's Switch,DR-DLC,Residential,Thermostat/AC,Opt-in,annual flat bill credit,$50 credit on October electric bill each year of participation,AC cycling during summer peak demand periods (exact event limits not published on page),Saver's Switch,summer peak (specific hours not published),,,No,Unknown,Active,https://tx.my.xcelenergy.com/s/residential/heating-cooling/savers-switch,2026-09-27,Primary
SPP,TX,Southwestern Public Service Co. (Xcel Energy),IOU,Business Time-of-Use Rate Plan,TOU-Rate,SmallC&I;LargeC&I,GeneralLoad;Battery,Opt-in,$/kWh by period (rate design under review per 2024 TOU study),not published in accessible source; Xcel's TOU rate study describes expansion/redesign of an existing business TOU option,exact windows/rates not confirmed via accessible source,Business TOU Rate Plan,not confirmed,not confirmed,,Unclear,Unknown,Active,https://www.xcelenergy.com/company/rates_and_regulations/tou_rate_study,2026-09-27,Unverified
SPP,TX,Southwestern Public Service Co. (Xcel Energy),IOU,Interruptible Service Option Credit,DR-Curtailment,LargeC&I,GeneralLoad,Opt-in,bill credit for curtailable large C&I load (PUCT-filed tariff),not confirmed via accessible source; tariff filed with PUCT (Docket referenced in scan as Document 54634_549_1355340),exact event limits not confirmed via accessible source,Interruptible Service Option Credit,not confirmed,,,No,Unknown,Active,https://interchange.puc.texas.gov/Documents/54634_549_1355340.PDF,2026-09-27,Unverified
ERCOT,TX,Denton Municipal Electric,Municipal,General Service Time Of Use,TOU-Rate,SmallC&I;LargeC&I,GeneralLoad;Battery,Opt-in,Facility + Usage + on-peak Demand Charge ($/kW) + variable Energy Cost Adjustment,on-peak demand charge ~$13.97/kVA (per commercial rate schedule); exact off-peak/TOU energy split not confirmed on current-rates page,"Demand Charge applies to General Service Medium, Large, and Time Of Use classes only",General Service Time Of Use,not confirmed (on-peak window not published on accessible page),on-peak demand ~$13.97/kVA,,Yes-restricted,Unknown,Active,https://www.cityofdenton.com/333/Business-Electric-Services,2026-09-27,Primary
ERCOT,TX,Garland Power & Light,Municipal,Residential Service Seasonal Rate,TOU-Rate,Residential,GeneralLoad;Battery,Default,"seasonal $/kWh (higher summer, tiered winter)","Off-peak (Nov-May): first 600kWh $0.0528/kWh, above $0.0370/kWh; On-peak (Jun-Oct): all kWh $0.0561/kWh; plus Recovery Adjustment Factor $0.0819/kWh","seasonal design, not intraday TOU; no event limits",Residential Service (RS),Jun 1-Oct 31 (on-peak season); Nov1-May31 (off-peak season),on-peak (summer) 5.61c/kWh flat; off-peak (winter) tiered 5.28c/3.70c per kWh (before RAF),,Yes,Green Choice (Green Rate Rider),Active,https://www.gpltexas.org/residential/residential-rates,2026-09-27,Primary
ERCOT,TX,Garland Power & Light,Municipal,General Service - Large (GS-L),Demand-Charge,LargeC&I,Battery;GeneralLoad,Default,seasonal $/kW demand charge (tiered) + $/kWh energy,"Summer (May-Oct) demand $8.53/kW first 200kW, $7.98/kW over 200kW; Winter (Nov-Apr) demand $6.88/kW first 200kW, $6.33/kW over 200kW; energy $0.0276/kWh (0-60,000kWh), $0.0235/kWh above; plus RAF $0.0819/kWh","billing demand based on 15-min max, floor of 70% of prior May-Oct max or 20kW minimum",General Service - Large (GS-L),May1-Oct31 summer demand season; Nov1-Apr30 winter,summer demand $8.53/$7.98 per kW; winter demand $6.88/$6.33 per kW,,Yes,Green Choice; Large Load Customer Service (alternative),Active,https://www.gpltexas.org/business/commercial-rates,2026-09-27,Primary
MISO,TX,Entergy Texas,IOU,Battery Storage Solutions Program,VPP,Residential,Battery;Solar+Storage,Opt-in,annual $ reward for battery dispatch participation,up to $325/year; paid annually after Sep 30; enroll by Sep 15 to earn full-year amount,Entergy sends signals to battery inverter to temporarily share stored energy during high-demand periods; short automatic adjustments,Battery Storage Solutions Program,,,battery shares stored energy to grid during high-demand events (VPP dispatch via inverter signal),Yes,BYOT Demand Solutions; EV Demand Solutions,Active,https://greatergrid.com/enroll/programs/batteries/entergytxbattery,2026-09-27,Primary
MISO,TX,Entergy Texas,IOU,Demand Solutions (Smart Thermostat),DR-BYOT,Residential,Thermostat/AC,Opt-in,enrollment gift card + anniversary gift card,$25 virtual prepaid e-gift card on enrollment + $25 per thermostat at 12-month anniversary (up to $50 total),brief small thermostat adjustments during peak electric demand; customer can opt out anytime via thermostat/app/web,Demand Solutions,,,,No,Battery Storage Solutions Program; EV Demand Solutions,Active,https://greatergrid.com/enroll/programs/thermostats/entergytxdemandsolutions,2026-09-27,Primary
WECC-nonRTO,TX,El Paso Electric,IOU,Texas Time-of-Day (TOD) Rate,TOU-Rate,Residential,GeneralLoad;Battery;EV/EVSE,Opt-in,$/kWh on/off-peak vs standard rate,On-Peak (Jun-Sep) $0.31826/kWh; Off-Peak (Jun-Sep) $0.08638/kWh; Off-Peak (Oct-May) $0.11247/kWh; Customer Charge $13.71/mo,12-month minimum enrollment; first 500 enrollees get savings guarantee (opt out + credit if no savings vs Standard Rate after 12 months),Texas TOD Monthly Rate Tariff,"Weekdays 2pm-7pm MDT, Jun-Sep",on-peak 31.826c/kWh; off-peak 8.638c/kWh (summer) or 11.247c/kWh (winter),DG net energy metering applied by TOD period for billing cycle,Yes,Unknown,Active,https://www.epelectric.com/residential/customer-programs/time-of-day-rates/texas,2026-09-27,Primary
WECC-nonRTO,TX,El Paso Electric,IOU,Base Power Battery Pilot Program,VPP,Residential,Battery,Opt-in;Pilot,upfront $/battery incentive (grid-support hosting agreement),"$250 per battery installed, up to 2 batteries ($500 max); limited to first 500 installed homes; $0 cost to host, Base owns/maintains for 10-yr term","battery adds capacity for El Paso Electric during peak demand hours; automatically islands home during outages, does not discharge to grid; solar compatible (net metering unaffected)",Base Power Battery Pilot,,,battery does not export to grid during normal ops; supports grid capacity during peak demand per hosting agreement; solar customers keep existing net metering,Yes,Texas Shared Solar; Rooftop Solar interconnection,Pilot,http://www.basepowercompany.com/EPElectric,2026-09-27,Primary
WECC-nonRTO,TX,El Paso Electric,IOU,Texas Shared/Community Solar,Export-Comp,Residential;SmallC&I,Solar+Storage,Opt-in,subscription-based bill credit for local solar output (no on-site panels),"not published (subscription-based, flexible, no long-term contract); 10-kW block subscriptions for Texas Business Solar","first-come, first-served; cancel or adjust subscription anytime; available to renters and homeowners",Texas Shared Solar / Community Solar,,,"subscription credit reflected on bill, distinct from on-site net metering",No,Rooftop Solar net metering (separate program),Active,https://www.epelectric.com/txsolar,2026-09-27,Primary
WECC-nonRTO,TX,El Paso Electric,IOU,"Net Metering (DG Interconnection, Schedule No. 48)",Export-Comp,Residential;SmallC&I,Solar+Storage,Opt-in,net metering; net production credited under Rate Schedule 48,"not published on this page; net consumption billed at Residential Service Rate (T-01), net production credited per Schedule 48 (Non-Firm Purchased Power Service from Distributed Generators)","cannot combine with Texas Community Solar Program or Budget Billing Plan; requires bi-directional meter and interconnection application ($85 fee 1-100kW, $230 over 100kW)",Rate Schedule No. 48 / T-01,,,"net metering: net production credited under Schedule 48, net consumption billed at standard residential rate",Yes-restricted,Not combinable with Texas Community Solar or Budget Billing,Active,https://www.epelectric.com/residential/rooftop-solar/texas-interconnection-of-facilities-up-to-10-mw,2026-09-27,Primary
ERCOT,TX,CPS Energy,Municipal,General Service Peak Capacity Charge,Demand-Charge,SmallC&I,Battery;GeneralLoad,Default,"seasonal $/kWh surcharge above 600kWh threshold, tied to summer demand",Summer (Jun-Sep) $0.02150/kWh for all kWh over 600; Non-Summer (Oct-May) $0.01087/kWh for all kWh over 600; billing demand in non-summer = greater of monthly demand or 80% of prior summer peak demand,not a TOU rate; billed on energy above 600kWh threshold scaled by demand; discourages high summer peak demand carried into non-summer months,General Service Base Commercial Electric Rate,,"seasonal surcharge, not intraday TOU",,Yes-restricted,Unknown,Active,https://www.cpsenergy.com/content/dam/corporate/en/Documents/2024_Rate_GeneralService.pdf,2026-09-27,Primary
ERCOT,TX,Guadalupe Valley Electric Cooperative (GVEC),Cooperative,GVEC X Base Power Battery Program,VPP,Residential,Battery,Opt-in,"discounted upfront cost for whole-home battery (grid-support hosting agreement, no monthly fee)",$295 upfront for 25 kWh whole-home battery (vs. market cost); maintenance/service covered for life of battery,battery provides up to 24 hrs backup during outages; charges from grid during off-peak hours; supports GVEC grid balancing per partnership terms; monitored 24/7 via Base app,GVEC X Base Power Battery Program,,,battery supports grid balancing for GVEC in exchange for discounted hosting cost (separate from Peak-Time Payback battery incentive),Yes,"Peak-Time Payback (separate program, different battery brands/incentive structure)",Active,https://www.gvec.org/gvec-x-base-power/,2026-09-27,Primary
ERCOT,TX,Austin Energy,Municipal,Fleet and Public Electric Vehicle Charging Rate,EV-Rate,LargeC&I,EV/EVSE,Opt-in,monthly demand + energy charge for dedicated EV charging meter,Customer $883.58/mo; Demand $13.10/kW; Energy $0.00000/kWh (kWh recovered via demand); plus PSA $0.04118/kWh + Community Benefit + Regulatory Charge $3.73/kW,"limited to 10 customers first-come first-served; requires >=90% of load attributable to EV charging, avg monthly demand >100kW over prior 6 months; 12-month minimum before switching off rate",Fleet and Public EV Charging Rate,,,,No,Unknown,Active,https://austinenergy.com/-/media/project/websites/shared/pdfs/rates/tariff.pdf,2026-09-27,Primary
ERCOT,TX,Oncor Electric Delivery,IOU,Residential Load Management Standard Offer Program (RLMSOP) 2026,DR-DLC,Residential,Thermostat/AC;Battery;GeneralLoad,Opt-in,$/kW per season paid to aggregator (competitive bid); aggregator sets customer payout,"max bid $35/kW (summer 2026); performance multiplier 100%/90%/75%/50% by realized % of enrolled kW; 2026 budget $600,000",Jun 1-Nov 30 2026; called during/anticipating ERCOT EEA2 or Oncor grid emergency; 30-min notice; events 3-4 hr within 24 hr; one scheduled 3-hr test event in June; min 500 homes per project; AMI metered,PUCT Subst. R. 25.181 EE standard offer,1-7pm CT Jun-Nov (events can be called 24/7),,,Unclear,Not stackable with ERCOT load programs (ERS/ADER) or other EE-funded curtailment,Active,https://www.oncor.com/content/dam/oncorwww/eepm/documents/residential-resources/2026/2026_Residential_LM_Program_Manual.pdf.coredownload.pdf,2026-09-27,Primary
ERCOT,TX,Oncor Electric Delivery,IOU,Winter Residential Load Management Pilot Market Transformation Program (WRLMMTP) 2025-26,DR-DLC,Residential,Thermostat/AC;HeatPump;SpaceHeat;Battery;GeneralLoad,Pilot,$/kW per winter season paid to aggregator (competitive bid),"max bid $35/kW (winter 2025-26); same performance multipliers; budget $600,000","Dec 1 2025-May 31 2026; EEA2-triggered; 30-min notice; max 6 events; up to 12 hr each, min 3 hr; December test event; min 500 homes",PUCT Subst. R. 25.181 market transformation,6-10am and 6-10pm Dec-May (events 24/7),,,Unclear,Not stackable with ERCOT load programs or other EE-funded curtailment,Pilot,https://www.oncor.com/content/dam/oncorwww/eepm/documents/residential-resources/2025/2025-26%20Winter%20Residential%20LM%20Program%20Manual.pdf.coredownload.pdf,2026-09-27,Primary
ERCOT,TX,Oncor Electric Delivery,IOU,Commercial Load Management Standard Offer Program (CLMSOP) 2026,DR-Curtailment,SmallC&I;LargeC&I,GeneralLoad;Generator;Battery,Opt-in,"$/kW per summer season, competitive bid via service provider/aggregator or self-sponsor (>=100 kW)","max bid $35/kW (summer 2026; was $30/kW in 2025); performance multipliers 100%/90%/75%/50%; 2026 budget $1,000,000; 20% budget cap per provider",Jun 1-Nov 30 2026; EEA2-triggered or Oncor grid emergency; 30-min notice; events 3-4 hr within 24 hr; June 3-hr test; min 100 kW per project; paid on average kW across events,PUCT Subst. R. 25.181 EE standard offer,1-7pm CT Jun-Nov (events 24/7),,,Unclear,Not stackable with ERCOT ERS or other incentivized curtailment; excludes EECRF opt-out manufacturers and for-profit transmission-voltage load,Active,https://www.oncor.com/content/dam/oncorwww/eepm/documents/commercial-resources/2026/2026_Commercial_LM_Program_Manual.pdf.coredownload.pdf,2026-09-27,Primary
ERCOT,TX,Oncor Electric Delivery,IOU,Winter Commercial Load Management Market Transformation Program (WCLMMTP) 2025-26,DR-Curtailment,SmallC&I;LargeC&I,GeneralLoad;Generator;Battery,Opt-in,"$/kW per winter season, competitive bid","max bid $35/kW (winter 2025-26); budget $800,000","Dec 1 2025-May 31 2026; EEA2-triggered; 30-min notice; max 6 called events, up to 12 hr each; December 3-hr test event; min 100 kW; paid on lowest event performance",PUCT Subst. R. 25.181 market transformation,6-10am and 6-10pm Dec-May (events 24/7),,,Unclear,Not stackable with ERCOT ERS or other incentivized curtailment,Active,https://www.oncor.com/content/dam/oncorwww/eepm/documents/commercial-resources/2025/2025-26%20Winter%20Commercial%20LM%20Program%20Manual.pdf.coredownload.pdf,2026-09-27,Primary
ERCOT,TX,Oncor Electric Delivery,IOU,Solar Photovoltaic Program - Residential Option (2026),Storage-Incentive,Residential,Solar+Storage,Opt-in,"upfront incentive paid to installer, calculated from TRM/PVWatts kW and kWh savings; capped at 50% of project cost","2026 residential budget $1,774,000; per-project value from EEPM calculator (not published as $/W)",PV must be new and installed with new battery storage (web page); 2026 manual also adds a non-battery option; must sign Oncor interconnection agreement; lead-acid batteries not eligible; storage installed outside the residence,PUCT Subst. R. 25.181 standard offer,,,Set by customer's REP (Oncor directs customers to their REP for excess-generation credit),Yes,Unknown,Active,https://www.oncor.com/content/dam/oncorwww/eepm/documents/commercial-resources/2026/2026%20Solar%20Manual%202_0.pdf.coredownload.pdf,2026-09-27,Primary
ERCOT,TX,Oncor Electric Delivery,IOU,Solar Photovoltaic Program - Commercial Option (2026),Storage-Incentive,SmallC&I;LargeC&I,Solar+Storage,Opt-in,upfront incentive to service provider from TRM/PVWatts kW and kWh savings; capped at 50% of project cost,"2026 commercial budget $2,259,000",,PUCT Subst. R. 25.181 standard offer,,,Set by customer's REP,Yes-restricted,Unknown,Active,https://www.oncor.com/content/dam/oncorwww/eepm/documents/commercial-resources/2026/2026%20Solar%20Manual%202_0.pdf.coredownload.pdf,2026-09-27,Primary
ERCOT,TX,Oncor Electric Delivery,IOU,Distributed Generation Interconnection (DG Interconnection Portal) - surplus generation reported to REP,Export-Comp,Residential;SmallC&I,Solar+Storage;Battery,Opt-in,TDU interconnection only; no TDU export payment,,,PUCT Subst. R. 25.211/25.212; Oncor DG interconnection agreement,,,Set by the customer's retail electric provider (REP buyback plan); Oncor programs meter to measure surplus and sends surplus data to REP 30-60 days after PTO; no TDU net metering,Yes,Unknown,Active,https://www.oncor.com/content/oncorwww/us/en/home/smart-energy/renewables-solar-and-more/residential-small-commercial-thinking-about-solar.html,2026-09-27,Primary
ERCOT,TX,CenterPoint Energy Houston Electric,IOU,Commercial Load Management Standard Offer Program (CLM),DR-Curtailment,SmallC&I;LargeC&I,GeneralLoad;Generator,Opt-in,"$/kW of verified curtailed load per season, averaged across all events; paid to project sponsor (customer, ESCO, aggregator or REP)","$40.00/kW base rate (2025 summer; 2025 budget $4.4M, goal 110 MW); possible over-performance bonus; example 1 MW avg = $40,000/yr","Jun 1-Nov 30, 24/7 availability; 30-min notice; max 2 scheduled tests (1-3 hr) + 4 unscheduled (1-4 hr) = max 6 events / 22 hr per year; EEA2-triggered or local emergency; min 50 kW per meter",PUCT Subst. R. 25.181 standard offer,Program peak period 1-7pm weekdays Jun-Sep (events 24/7),,,Unclear,No double-dipping with ERCOT programs (ERS etc.) or other CNP incentives for same load; curtailable load definition excludes power exported to grid,Active,https://visionelements.programprocessing.com/framework/CenterPointTX/Program_Manual.pdf,2026-09-27,Primary
ERCOT,TX,CenterPoint Energy Houston Electric,IOU,Winter Load Management Standard Offer Program (WLM),DR-Curtailment,SmallC&I;LargeC&I,GeneralLoad;Generator,Opt-in,$/kW of verified curtailed load per winter season,"$40.00/kW base rate (2025-26 winter; budget $1.5M, goal 50 MW)","Dec 1 2025-May 31 2026, 24/7; 30-min notice; max 2 tests + 4 unscheduled events, 22 hr/yr cap; min 50 kW per meter",PUCT Subst. R. 25.181 standard offer,,,,Unclear,No double-dipping with ERCOT programs,Active,https://visionelements.programprocessing.com/framework/CenterPointTX/Program_Manual.pdf,2026-09-27,Primary
ERCOT,TX,CenterPoint Energy Houston Electric,IOU,Residential Load Management Program (Standard Offer),DR-DLC,Residential,Thermostat/AC;ElectricWaterHeater;PoolPump,Opt-in,"$/kW of average verified reduction per ESIID across all events, paid to sponsor (REP, aggregator, alarm/cable co.)","$35.00/kW, capped at 1.2 kW per ESIID (2025 summer); 2025 budget $900,000 (~22,000 ESIIDs); 20% cap per sponsor","Jun 1-Nov 30 24/7; 2 unannounced tests (1-4 hr, 30-min notice) + up to 5 EEA2 events = up to 7 events/yr; single-family central A/C only; High 3-of-5 baseline; pre-cooling prohibited",PUCT Subst. R. 25.181 standard offer,,,,No,Participants may not enroll in another ERCOT residential load program (list checked against ERCOT),Active,https://visionelements.programprocessing.com/framework/CenterPointTX/2025_Residential_Load_Management_Guidelines.pdf,2026-09-27,Primary
ERCOT,TX,CenterPoint Energy Houston Electric,IOU,Residential Solar Program,Storage-Incentive,Residential,Solar+Storage,Opt-in,upfront $/kW-DC incentive paid via participating contractors,"$135/kW-DC, capped at 15 kW (installer-reported, 2026); 2025 incentive budget $1M per CNP EEPR",,PUCT Subst. R. 25.181,,,Set by REP,Unclear,Unknown,Active,https://www.kw.solar/centerpoint-2026-solar-rebate-houston/,2026-09-27,Secondary
ERCOT,TX,CenterPoint Energy Houston Electric,IOU,Distributed Generation Interconnection - excess generation credited by REP,Export-Comp,Residential;SmallC&I,Solar+Storage;Battery,Opt-in,TDU interconnection only; no TDU export payment,,,CNP DER Application; Tariff for Retail Delivery Service; PUCT Subst. R. 25.211/25.212,,,CenterPoint does not buy power or offer net metering; buyback of exported energy is set by the customer's REP; meter reprogrammed after PTO,Yes,Unknown,Active,https://www.centerpointenergy.com/en-us/Services/Pages/DGAP-FAQs.aspx?sa=ho&au=res,2026-09-27,Primary
ERCOT,TX,AEP Texas Central,IOU,Summer Load Management Standard Offer Program (SLMP) 2025-26,DR-Curtailment,LargeC&I,GeneralLoad;Generator;IrrigationPump,Opt-in,"$/kW of verified demand savings per summer, paid to project sponsor (customer, ESCO, aggregator or REP); option-based","Option A $35/kW, Option B $25/kW, Option C (cotton gins) $20/kW; Central (ESIID 100327894) summer budget $650,700; demand-savings caps A 3,718 kW / B 5,205 kW / C 6,507 kW; $130,140 cap per option","Jun-Sep, weekdays 1-7pm; 30-min notice; 1 scheduled 1-hr June test; unscheduled: Option A up to 12 events (1-4 hr), B up to 12 (1-2 hr), C up to 8 (1-2 hr); web page: peak demand >=500 kW; manual: min 10 kW savings per site; sites below 50% of proposed kW become ineligible",PUCT Subst. R. 25.181 standard offer,Weekdays 1-7pm Jun-Sep,,,Unclear,Not with ERCOT ERS or any other DR/curtailable-load program for the same load,Active,https://aeptxsaves.com/wp-content/uploads/25-26-LM-Manual.pdf,2026-09-27,Primary
ERCOT,TX,AEP Texas Central,IOU,Winter Load Management Standard Offer Program (WLMP) 2025-26,DR-Curtailment,LargeC&I,GeneralLoad;Generator,Opt-in,$/kW of verified demand savings per winter season,"$35/kW; AEP Texas-wide winter budget $500,000; max $100,000 (20%) per sponsor","Dec 1 2025-Feb 28 2026, 24/7; 30-min notice; 1 scheduled 1-hr December test + up to 4 unscheduled events of max 4 hr; min 100 kW savings per site",PUCT Subst. R. 25.181 (SB 3 2021 authority),,,,Unclear,Not with ERCOT ERS or any other DR program for the same load,Active,https://aeptxsaves.com/wp-content/uploads/25-26-LM-Manual.pdf,2026-09-27,Primary
ERCOT,TX,AEP Texas Central,IOU,Residential Demand Response Program - Bring Your Own Device (BYOD) smart thermostat,DR-BYOT,Residential,Thermostat/AC,Opt-in,enrollment e-gift card + annual participation e-gift card,$30 per device at enrollment + $15 per season (per device on program page; FAQ says per household),"setpoint adjustments of up to 4 degrees F, max 4 hr; typically 10am-8pm CT, possible 6am-10pm CT; year-round; customer may opt out of any event; not allowed with other DR programs",AEP Texas EE portfolio (PUCT Subst. R. 25.181),,,,No,Not with other DR programs,Active,https://greatergrid.com/enroll/programs/thermostats/aep-texas-byod/faq,2026-09-27,Primary
ERCOT,TX,AEP Texas Central,IOU,SMART Source Solar PV Program 2026 - Battery Storage and EVSE add-ons,Storage-Incentive,Residential;SmallC&I;LargeC&I,Solar+Storage;EV/EVSE,Opt-in,fixed upfront incentive paid to enrolled installer; storage and EVSE add-ons only when installed with solar,"Residential solar $1,250 (3-4.999 kW-DC) / $2,250 (5-7.499) / $2,750 (7.5-30); commercial $0.50/W-DC first 5-25 kW + $0.25/W-DC to 200 kW; battery storage +$1,000; EVSE +$500; max $4,250 per residential project, $57,750 non-residential; 2026 budgets Central (ESIID 100327894): residential $503,206, commercial $215,483",annual generation must not exceed annual consumption,PUCT Subst. R. 25.181,,,Set by REP,Yes-restricted,Unknown,Active,https://aeptxsaves.com/wp-content/uploads/2026-AEP-Texas-SMART-Source-Program-Kickoff.pdf,2026-09-27,Primary
ERCOT,TX,AEP Texas Central,IOU,Distributed Renewable Generation interconnection and in-flow/out-flow metering - out-flows valued by REP,Export-Comp,Residential;SmallC&I;LargeC&I,Solar+Storage,Opt-in,TDU interconnection and metering only; AEP Texas does not purchase out-flows,,,PUCT Subst. R. 25.211/25.212/25.213 (DRG metering),,,"No TDU net metering. With customer-paid in-flow/out-flow meter, the REP may (not required) credit or buy out-flows at a rate it sets; detented in-flow-only meter is free but forfeits out-flow credit",Yes-restricted,Unknown,Active,https://www.txreincentives.com/netmetering.php,2026-09-27,Primary
ERCOT,TX,AEP Texas North,IOU,Summer Load Management Standard Offer Program (SLMP) 2025-26,DR-Curtailment,LargeC&I,GeneralLoad;Generator;IrrigationPump,Opt-in,"$/kW of verified demand savings per summer, paid to project sponsor (customer, ESCO, aggregator or REP); option-based","Option A $35/kW, Option B $25/kW, Option C (cotton gins) $20/kW; North (ESIID 102040497) summer budget $87,000; demand-savings caps A 498 kW / B 696 kW / C 870 kW; $17,400 cap per option","Jun-Sep, weekdays 1-7pm; 30-min notice; 1 scheduled 1-hr June test; unscheduled: Option A up to 12 events (1-4 hr), B up to 12 (1-2 hr), C up to 8 (1-2 hr); web page: peak demand >=500 kW; manual: min 10 kW savings per site; sites below 50% of proposed kW become ineligible",PUCT Subst. R. 25.181 standard offer,Weekdays 1-7pm Jun-Sep,,,Unclear,Not with ERCOT ERS or any other DR/curtailable-load program for the same load,Active,https://aeptxsaves.com/wp-content/uploads/25-26-LM-Manual.pdf,2026-09-27,Primary
ERCOT,TX,AEP Texas North,IOU,Winter Load Management Standard Offer Program (WLMP) 2025-26,DR-Curtailment,LargeC&I,GeneralLoad;Generator,Opt-in,$/kW of verified demand savings per winter season,"$35/kW; AEP Texas-wide winter budget $500,000; max $100,000 (20%) per sponsor","Dec 1 2025-Feb 28 2026, 24/7; 30-min notice; 1 scheduled 1-hr December test + up to 4 unscheduled events of max 4 hr; min 100 kW savings per site",PUCT Subst. R. 25.181 (SB 3 2021 authority),,,,Unclear,Not with ERCOT ERS or any other DR program for the same load,Active,https://aeptxsaves.com/wp-content/uploads/25-26-LM-Manual.pdf,2026-09-27,Primary
ERCOT,TX,AEP Texas North,IOU,Residential Demand Response Program - Bring Your Own Device (BYOD) smart thermostat,DR-BYOT,Residential,Thermostat/AC,Opt-in,enrollment e-gift card + annual participation e-gift card,$30 per device at enrollment + $15 per season (per device on program page; FAQ says per household),"setpoint adjustments of up to 4 degrees F, max 4 hr; typically 10am-8pm CT, possible 6am-10pm CT; year-round; customer may opt out of any event; not allowed with other DR programs",AEP Texas EE portfolio (PUCT Subst. R. 25.181),,,,No,Not with other DR programs,Active,https://greatergrid.com/enroll/programs/thermostats/aep-texas-byod/faq,2026-09-27,Primary
ERCOT,TX,AEP Texas North,IOU,SMART Source Solar PV Program 2026 - Battery Storage and EVSE add-ons,Storage-Incentive,Residential;SmallC&I;LargeC&I,Solar+Storage;EV/EVSE,Opt-in,fixed upfront incentive paid to enrolled installer; storage and EVSE add-ons only when installed with solar,"Residential solar $1,250 (3-4.999 kW-DC) / $2,250 (5-7.499) / $2,750 (7.5-30); commercial $0.50/W-DC first 5-25 kW + $0.25/W-DC to 200 kW; battery storage +$1,000; EVSE +$500; max $4,250 per residential project, $57,750 non-residential; 2026 budgets North (ESIID 102040497): residential $167,735, commercial $71,828",annual generation must not exceed annual consumption,PUCT Subst. R. 25.181,,,Set by REP,Yes-restricted,Unknown,Active,https://aeptxsaves.com/wp-content/uploads/2026-AEP-Texas-SMART-Source-Program-Kickoff.pdf,2026-09-27,Primary
ERCOT,TX,AEP Texas North,IOU,Distributed Renewable Generation interconnection and in-flow/out-flow metering - out-flows valued by REP,Export-Comp,Residential;SmallC&I;LargeC&I,Solar+Storage,Opt-in,TDU interconnection and metering only; AEP Texas does not purchase out-flows,,,PUCT Subst. R. 25.211/25.212/25.213 (DRG metering),,,"No TDU net metering. With customer-paid in-flow/out-flow meter, the REP may (not required) credit or buy out-flows at a rate it sets; detented in-flow-only meter is free but forfeits out-flow credit",Yes-restricted,Unknown,Active,https://www.txreincentives.com/netmetering.php,2026-09-27,Primary
ERCOT,TX,Texas-New Mexico Power,IOU,Summer Load Management Program (SLMP) 2026,DR-Curtailment,SmallC&I;LargeC&I,GeneralLoad;Generator,Opt-in,"$/kW of contracted curtailable load, paid on average verified savings across all curtailments; no penalty for non-performance","$40/kW (2026); 2026 budget $250,000 (6.25 MW); example 1,000 kW = $40,000/yr",Jun 1-Sep 30 weekdays 1-7pm CDT; 30-min notice; 1 scheduled 1-2 hr test (Jun 1-15) + up to 4 unscheduled events of 1-4 hr = max 5 events / 18 hr per year; TNMP prefers >=40 kW per site (manual; web page says 100 kW),PUCT Subst. R. 25.181 standard offer,Weekdays 1-7pm Jun-Sep,,,Unclear,Not with ERCOT ERS or other load management programs,Active,https://tnmp.com/sites/default/files/inline-images/TNMP%202026%20SLM%20Program%20Manual%20-%20Final_0.pdf,2026-09-27,Primary
ERCOT,TX,Texas-New Mexico Power,IOU,Winter Load Management Program 2025-26,DR-Curtailment,SmallC&I;LargeC&I,GeneralLoad;Generator,Opt-in,"$/kW of contracted curtailable load, paid on average of all curtailments","$40/kW; budget $175,000 (4,375 kW)","Dec 1 2025-Feb 28 2026, 24/7; 30-min notice; 1 scheduled 1-2 hr test in December + up to 4 unscheduled events of 1-4 hr; min 100 kW combined per participant",PUCT Subst. R. 25.181,,,,Unclear,Not with ERCOT ERS or other load management programs,Active,https://tnmp.com/sites/default/files/inline-images/TNMP%202026%20Winter%20LM%20Program%20Manual.pdf,2026-09-27,Primary
ERCOT,TX,Texas-New Mexico Power,IOU,Residential Load Management Program,DR-DLC,Residential,Thermostat/AC;GeneralLoad,Opt-in,,,,PUCT Subst. R. 25.181,,,,Unclear,Unknown,Active,https://tnmp.com/residentiallm,2026-09-27,Primary
ERCOT,TX,Texas-New Mexico Power,IOU,"Residential & Hard-to-Reach Standard Offer Program 2026 - Solar paired with new Energy Storage, EVSE with solar",Storage-Incentive,Residential,Solar+Storage;EV/EVSE,Opt-in,"fixed upfront incentive by PV size, paid to project sponsor; higher tier when paired with new battery storage","Solar only / solar + new storage: 3-4.999 kW-DC $1,250 / $2,250; 5-7.499 kW-DC $2,200 / $3,200; 7.5-30 kW-DC $2,750 / $3,750; EVSE with solar +$500; max $4,250 per customer/premise (manual updated May 2026)",,PUCT Subst. R. 25.181,,,Set by REP,Yes-restricted,Unknown,Active,https://tnmp.com/sites/default/files/inline-images/2026%20RESHTR%20Program%20Manual%20Updated-TNMPstorageupdate20260515.pdf,2026-09-27,Primary
ERCOT,TX,Texas-New Mexico Power,IOU,Distributed Generation interconnection (PowerClerk DG portal) - interconnection-only; export value set by REP,Export-Comp,Residential;SmallC&I,Solar+Storage;Battery,Opt-in,TDU interconnection and DG metering only,$227 DG meter change fee charged to customer,,PUCT Subst. R. 25.211/25.212,,,"TNMP publishes interconnection-only rules (application, IA, DG meter, load profile change 30-45 days after meter); no TDU net metering or export credit; any export credit comes from the customer's REP",Yes,Unknown,Active,https://tnmp.com/customers/interconnecting,2026-09-27,Primary
ERCOT,TX,ERCOT (statewide),RTO,"Aggregate Distributed Energy Resource (ADER) Pilot Project - Phase 3.3 (statewide, competitive-area customers via LSE-affiliated or third-party QSE)",VPP,Residential;SmallC&I;LargeC&I,Battery;Solar+Storage;Thermostat/AC;GeneralLoad;EV/EVSE,Pilot,"ADER earns ERCOT energy (SCED) and ancillary service (Non-Spin, ECRS) revenue through its QSE; the aggregator/REP sets the customer payment (e.g. Tesla Electric pays a monthly per-Powerwall VPP bill credit plus sellback credits for exported energy)","No ERCOT-set customer payment. Participation limits from 2026-03-02: registered capacity 500 MW (was 200 MW Oct 2025, 160 MW at Phase 3 start), ancillary services 100 MW, single-QSE limit 90%. Oct 2025: 6 ADERs participating, 64.7 MW energy / 40.7 MW Non-Spin / 41.5 MW ECRS, mainly batteries",Dispatched via SCED and AS deployments by ERCOT; two models: Aggregate Load Resource (QSE of the customer's LSE) and Phase 3 Aggregate NCLR (third-party QSE may aggregate premises >100 kW with LSE acknowledgment); device-level telemetry validation; each ADER must register with PUCT (Project 54311),ADER Pilot Project Governing Document Phase 3.3; PUCT Project 53911,,,,Yes,"Customers may not also be in a conflicting ERCOT or utility DR program (e.g. TDU load management SOPs, ERS)",Pilot,https://www.ercot.com/services/comm/mkt_notices/M-A030226-01,2026-09-27,Primary
ERCOT,TX,ERCOT (statewide),RTO,"Emergency Response Service (ERS) - ERS-10 and ERS-30, loads/aggregated loads and non-registered generators",DR-Curtailment,Residential;SmallC&I;LargeC&I,GeneralLoad;Generator;Battery,Opt-in,"capacity payment to the QSE for availability per ERS time period, as-bid or market-clearing, reduced for poor availability or performance; QSE/aggregator passes value to customers under its own contract",ERCOT ERS spending capped at $75 million per 12 months (+ up to $25 million for renewals after exhaustion); clearing prices published per term in ERS Procurement Results report,"4 standard contract terms (Dec-Mar, Apr-May, Jun-Sep, Oct-Nov); 10- or 30-minute response; deployed to prevent/alleviate EEA (when PRC < 3,000 MW); max 24 cumulative deployment hours per contract period unless renewed; 11 deployments 2007-2025",PUCT Subst. R. 25.507; ERCOT Nodal Protocols 3.14.3,,,,Yes-restricted,Resource cannot be separately obligated for the same capacity in the same hours; excluded from TDU load management SOPs and REP responsive device programs,Active,https://www.law.cornell.edu/regulations/texas/16-Tex-Admin-Code-SS-25-507,2026-09-27,Primary
ERCOT,TX,ERCOT (statewide),Federal/State,"Responsive Device Program - Goal for Average Total Residential Load Reduction (SB 1699 / PURA 39.919, 16 TAC 25.186)",DR-BYOD,Residential,Thermostat/AC;Battery;EV/EVSE;ElectricWaterHeater;PoolPump,Opt-in,"REP (optionally via a demand response provider) may offer residential customers an incentive for smart-device load reduction; REP-set, not a mandated payment",No statutory customer payment. Goal ratio 0.25 load reduction by participating residential customers during ERCOT daily net-load peak; TDUs may use up to 10% of their EE demand-response budget to fund REP responsive device programs,must allow summer and winter participation and respond to ERCOT EEAs; must protect critical care/chronic condition customers; enrollment ends with REP contract or when REP is no longer REP of record; REPs report ESI IDs and event times to ERCOT quarterly,16 TAC 25.186 (eff. 2025-01-01),,,,Yes,Not allowed with ERS or a TDU load management program (25.181-183),Active,https://www.law.cornell.edu/regulations/texas/16-Tex-Admin-Code-SS-25-186,2026-09-27,Primary
ERCOT,TX,ERCOT (statewide),RTO,Residential Demand Response (RDR) Program - NPRR 1296 (proposed ERCOT payment to REPs/NOIEs),DR-BYOD,Residential,Thermostat/AC;Battery;EV/EVSE;ElectricWaterHeater;PoolPump,Pilot,proposed voluntary pay-for-performance payment from ERCOT to REPs/NOIEs (via QSEs) measured on a high-x-of-y seasonal net-load basis; REP sets the customer incentive,proposed 500 MW seasonal cost cap/target; no rate adopted,targets highest seasonal net-load hours,NPRR 1296 (tabled at PRS 2025-09-17; pending as of Jul 2026),,,,Unclear,Unknown,Proposed/pending,https://www.ercot.com/mktrules/issues/NPRR1296,2026-09-27,Primary
ERCOT,TX,ERCOT (statewide),Federal/State,Texas Backup Power Package (TBPP) Program - Texas Energy Fund (critical facilities),Storage-Incentive,SmallC&I;LargeC&I,Solar+Storage;Battery;Generator,Opt-in,"grants plus forgivable low-cost loans for design, procurement, installation and operation of behind-the-meter backup power packages",$1.8 billion set aside within the $10 billion Texas Energy Fund; grants up to $500/kW plus forgivable loans (per TXSES summary of proposed rule),"package must run at least 48 continuous hours without refueling/recharging; must combine natural gas or propane generation, battery storage and solar; facility <2.5 MW; may not sell energy to the grid; eligible hosts limited to critical facilities (hospitals, nursing/assisted living, police/fire, 9-1-1, shelters, water/wastewater, rural fuel stations); rule adopted 2026-05-07, applications expected late 2026/2027",PUCT Project 59024; PURA Ch. 34 (Texas Energy Fund),,,no export sales allowed from TBPP,Yes-restricted,Unclear whether TBPP may be used for peak shaving or VPP/ADER participation,Active,https://txses.org/power-when-it-matters-most-texas-backup-power-package-program/,2026-09-27,Secondary
ERCOT,TX,ERCOT (statewide),Federal/State,No statewide net metering - export compensation set by retail electric provider in competitive areas,Export-Comp,Residential;SmallC&I;LargeC&I,Solar+Storage;Battery,Opt-in,REP-set buyback (not required by law); TDUs provide interconnection and in/out-flow metering only,,,PUCT Subst. R. 25.211/25.212/25.213; PURA 39.914,,,REP is not required to credit or buy back out-flows and the value is not set by law or regulation; customer must have in-flow/out-flow metering to be credited,Yes-restricted,Unknown,Active,https://www.txreincentives.com/netmetering.php,2026-09-27,Secondary
SPP,OK,Oklahoma Gas & Electric (OG&E),IOU,SmartHours Fixed (residential),TOU-Rate,Residential,Thermostat/AC;GeneralLoad;EV/EVSE,Opt-in,rate discount off-peak; higher fixed peak price,Peak price published as 2026 price table image on OG&E site (not extracted); $15 top-performer bill credit,,SmartHours Fixed,Weekdays 2-7pm Jun 1-Sep 30 (peak); off-peak all other hours incl weekends/holidays; Oct-May flat price,Fixed peak price same all peak hours; discounted off-peak (19 hr weekdays + weekends/holidays); exact cents not extracted,Net metering via NEBO; TOU required on solar per OG&E FAQ,Yes-restricted,Option to Connect; Silver Energy senior credit,Active,https://www.oge.com/web/portal/label_ord/residential/pricing-options/smart-hours,2026-09-28,Primary
SPP,OK,Oklahoma Gas & Electric (OG&E),IOU,SmartHours Daily (residential),CPP-PTR,Residential,Thermostat/AC;GeneralLoad;EV/EVSE,Opt-in,day-ahead variable peak price (Low/Standard/High/Critical) + Critical Events,$15 top-performer bill credit; Best Bill Guarantee first-year,"Critical Events can occur any day/time, up to 8 hr, typically 2 hr 4-6pm; 2-hr advance notice",SmartHours Daily,Weekdays 2-7pm Jun 1-Sep 30; Critical Events any time,Peak price varies daily Low/Standard/High/Critical (day-ahead notice); off-peak discounted; cents not extracted,Net metering via NEBO,Yes-restricted,Option to Connect,Active,https://www.oge.com/web/portal/label_ord/residential/pricing-options/smart-hours,2026-09-28,Primary
SPP,OK,Oklahoma Gas & Electric (OG&E),IOU,SmartHours Overnight (residential EV/night TOU),EV-Rate,Residential,EV/EVSE;GeneralLoad,Opt-in,super-off-peak discount 11pm-6am plus fixed peak price,,,SmartHours Overnight (EVTOU),Peak weekdays 2-7pm Jun 1-Sep 30; super-off-peak 11pm-6am,Fixed peak price; deeper discount 11pm-6am; cents not extracted (OK only),,Yes,,Active,https://www.oge.com/web/portal/label_ord/residential/pricing-options/smart-hours,2026-09-28,Primary
SPP,OK,Oklahoma Gas & Electric (OG&E),IOU,Option to Connect (residential smart thermostat DR),DR-BYOT,Residential,Thermostat/AC,Opt-in,one-time bill credit,$15 one-time bill credit at enrollment; additional $15 top-performer credit if also on SmartHours,"Setpoint changes 2-4 F, avg 2 hr and max 4 hr per event, max 15 events per Jun 1-Sep 30 season unless grid emergency",,Summer season Jun 1-Sep 30,,,No,SmartHours,Active,https://www.oge.com/web/portal/hidden/option-to-connect,2026-09-28,Primary
SPP,OK,Oklahoma Gas & Electric (OG&E),IOU,SmartHours (business) Fixed/Daily,TOU-Rate,SmallC&I;LargeC&I,GeneralLoad;Thermostat/AC,Opt-in,rate discount off-peak; peak price,$150 bill credit top-performer (Oklahoma only),"Critical Events (Daily only) up to 8 hr, typically 4-6pm","SmartHours business (GS, Power & Light)",Weekdays 2-7pm Jun 1-Sep 30 peak,Fixed or Daily peak price; discounted off-peak; cents not extracted,,Yes-restricted,Business Demand Response (Fixed only; not Daily),Active,https://www.oge.com/web/portal/label_ord/business/pricing-options/smart-hours,2026-09-28,Primary
SPP,OK,Oklahoma Gas & Electric (OG&E),IOU,Business Demand Response (BDR),DR-Curtailment,SmallC&I;LargeC&I,GeneralLoad;Generator;Thermostat/AC,Opt-in,$/kW pay-for-performance seasonal payment,Payment = incentive rate ($/kW) x reduction goal (kW) x avg performance (%); rate not published,1-10 events per season chosen by customer; events often 4 hr; Jun 1-Sep 30; no penalties,,Jun 1-Sep 30 event days,,,Yes-restricted,SmartHours Fixed (not Daily/Load Reduction),Active,https://www.oge.com/web/portal/hidden/article/business-demand,2026-09-28,Primary
SPP,OK,Oklahoma Gas & Electric (OG&E),IOU,Net Energy Billing Option (NEBO) net metering,Export-Comp,Residential;SmallC&I;LargeC&I,Solar+Storage,Opt-in,monthly netting at retail; excess at avoided cost,Excess credited/paid at on/off-peak avoided energy cost (OG&E NEBO rate sheet),,NEBO,,,"Net kWh monthly netting up to consumption; excess at avoided energy cost; <=300 kW AC, <=125% of peak load (17 O.S. 156; OAC 165:40-9)",Yes-restricted,,Active,https://oklahoma.gov/occ/divisions/public-utility/energy/electric-utility/netmetering.html,2026-09-28,Primary
SPP,OK,Oklahoma Gas & Electric (OG&E),IOU,NEBO net metering (OG&E customer-owned solar FAQ),Export-Comp,Residential;SmallC&I,Solar+Storage,Opt-in,monthly netting; excess at avoided cost,OG&E states no solar rebates; cannot buy SRECs,,NEBO,,,Bi-directional meter plus extra production meter (OK); excess at on/off-peak avoided energy cost; TOU required with solar,Yes-restricted,,Active,https://www.oge.com/web/portal/label_ord/energy-solutions/renewables/faqs,2026-09-28,Primary
SPP,OK,Public Service Co of Oklahoma (PSO),IOU,Residential Service Time of Day (RSTOD) Rate Code 028,TOU-Rate,Residential,Thermostat/AC;GeneralLoad,Opt-in,two-period TOU; on-peak surcharge Jun-Oct,,,RSTOD Rate Code 028,"Jun-Oct billing months weekdays 2-7pm on-peak (excl Juneteenth, Jul 4, Labor Day); Nov-May no on-peak","Jun-Oct: 24.8475c on-peak / 5.1016c all other kWh; Nov-May tiered 7.9241c first 475 kWh, 5.2529c next 775, 3.5221c above; $17.00/mo base (eff 1/30/2025; before fuel/tax riders)",NEBO / QF per OCC net metering rules,Yes-restricted,Power Hours (DLC),Active,https://www.psoklahoma.com/lib/docs/ratesandtariffs/Oklahoma/PSOResidentialServiceFeb2025.pdf,2026-09-28,Primary
SPP,OK,Public Service Co of Oklahoma (PSO),IOU,Residential Service (RS) standard seasonal tiered rate (baseline for TOD),TOU-Rate,Residential,GeneralLoad,Default,seasonal inclining/declining block (no TOU),,,RS Rate Code 015/038,,"Jun-Oct 8.8792c first 1,350 kWh, 11.4186c above; Nov-May 7.9241c/5.2529c/3.5221c; $17.00/mo (eff 1/30/2025)",,Unclear,,Active,https://www.psoklahoma.com/lib/docs/ratesandtariffs/Oklahoma/PSOResidentialServiceFeb2025.pdf,2026-09-28,Primary
SPP,OK,Public Service Co of Oklahoma (PSO),IOU,Power Hours (Wi-Fi thermostat DLC),DR-BYOT,Residential,Thermostat/AC,Opt-in,enrollment prepaid card + annual prepaid card,"$50 prepaid card per thermostat enrolled; +$25 prepaid card per thermostat each summer connected; entry to win one of three $1,000 cards for skipping no event","Thermostat up to 4 F; typically 2 hr, max 4 hr; weekdays 2-7pm Jun-Sep; max 16 events per season",Power Hours (DLC tariff),Weekdays 2-7pm Jun-Sep,,,No,TOD Rate 028; VPP Rate 036 (per program terms),Active,https://powerforwardwithpso.com/programs/power-hours/,2026-09-28,Primary
SPP,OK,Public Service Co of Oklahoma (PSO),IOU,Power Hours - legacy DLC event credit ($2.50/event),DR-BYOT,Residential,Thermostat/AC,Opt-in,$/event bill credit,$2.50 bill credit per registered thermostat per event (up to 16 events = $40/yr); older $110 thermostat rebate on up to 2 thermostats,Up to 16 events Jun-Oct; opt-out forfeits credit,DLC Tariff,Peak events Jun-Oct,,,No,TOD; VPP,Active,https://psopowerhours.com/terms-and-conditions,2026-09-28,Secondary
SPP,OK,Public Service Co of Oklahoma (PSO),IOU,Peak Performers (business load reduction),DR-Curtailment,SmallC&I;LargeC&I,GeneralLoad;Generator;Thermostat/AC,Opt-in,$/kW-average savings seasonal payment,$32 per average kW savings; +5% bonus if all peak events participated; >250 businesses enrolled,Notified before events; participate in as many as desired; no penalty for opt-out,Peak Performers,Summer peak events,,,Yes-restricted,,Active,https://powerforwardwithpso.com/programs/peak-performers/,2026-09-28,Primary
SPP,OK,Public Service Co of Oklahoma (PSO),IOU,Voluntary Curtailment Service (VCS) Tariff,DR-Curtailment,LargeC&I,GeneralLoad;Generator,Opt-in,$/MWh event credit at SPP day-ahead LMP,"Credit = curtailed kW x event hours x price; price = avg SPP DA LMP for event hours, floor $100/MWh","Event when SPP DA LMP > $200/MWh for 2+ consecutive hrs; price quoted by 4pm day prior; no non-compliance charges; min 1,000 kW curtailable; 1-yr initial term",VCS Tariff (Other Applicable Schedules),,,,Yes-restricted,,Active,https://www.psoklahoma.com/lib/docs/ratesandtariffs/Oklahoma/PSOOtherApplicableSchedulesJan2026.pdf,2026-09-28,Primary
SPP,OK,Public Service Co of Oklahoma (PSO),IOU,Residential Service Electric Vehicle (RSEV) Rate Code 029,EV-Rate,Residential,EV/EVSE,Opt-in,EV TOU with super-off-peak,,,RSEV Rate Code 029,Jun-Oct weekdays 2-7pm on-peak; super-off-peak 11pm-6am all days year-round,Jun-Oct: 24.8475c on / 3.0451c super-off / 8.4497c other; Nov-May: 3.0451c super-off / 6.1045c other; $17.00/mo (eff 1/30/2025),,Yes,Charge Choice,Active,https://www.psoklahoma.com/lib/docs/ratesandtariffs/Oklahoma/PSOElectricVehicleRateSchedulesFeb2025.pdf,2026-09-28,Primary
SPP,OK,Public Service Co of Oklahoma (PSO),IOU,Public Electric Vehicle Charging (PEVC) Rate Code 227,EV-Rate,LargeC&I;SmallC&I,EV/EVSE,Opt-in,TOU energy-only rate for public charging (no demand charge),,,PEVC Rate Code 227,On-peak 6am-11pm daily; off-peak 11pm-6am,Off-peak 4.5838c/kWh; on-peak 7.8256c/kWh; $37.75/mo base; no DG or NEBO allowed,No DG/NEBO/QF SPS allowed on this tariff,No,,Active,https://www.psoklahoma.com/lib/docs/ratesandtariffs/Oklahoma/PSOElectricVehicleRateSchedulesFeb2025.pdf,2026-09-28,Primary
SPP,OK,Public Service Co of Oklahoma (PSO),IOU,Fleet Electric Vehicle Charging (FEVC) Rate Codes 237/238,EV-Rate,LargeC&I;SmallC&I,EV/EVSE,Opt-in,demand + energy EV fleet rate,,,FEVC 237 (secondary) / 238 (primary),On-peak 7am-9pm daily for demand,"Secondary: $58.63/mo, $6.60/kW on-peak demand, $0.00 off-peak demand, 4.8611c/kWh; Primary: $6.45/kW, 4.7256c/kWh",,Yes-restricted,,Active,https://www.psoklahoma.com/lib/docs/ratesandtariffs/Oklahoma/PSOElectricVehicleRateSchedulesFeb2025.pdf,2026-09-28,Primary
SPP,OK,Public Service Co of Oklahoma (PSO),IOU,Charge Choice / Charge Choice Plus (managed EV charging via WeaveGrid),EV-Rate,Residential,EV/EVSE,Opt-in,annual reward for managed charging,"$60/yr (Charge Choice, self-scheduled); $120/yr (Charge Choice Plus, automatic scheduling)",Schedule ready-by time; can override,Charge Choice,Charges shifted to lower-demand periods,,,No,RSEV Rate 029,Active,https://powerforwardwithpso.com/programs/charge-choice/,2026-09-28,Primary
SPP,OK,Public Service Co of Oklahoma (PSO),IOU,Net Energy Billing Option (NEBO) / Oklahoma net metering,Export-Comp,Residential;SmallC&I;LargeC&I,Solar+Storage,Opt-in,monthly netting at retail; excess at avoided cost,"Excess purchased at PSO avoided energy cost, credited next cycle",,NEBO / QF SPS,,,Netting at full retail energy rate up to consumption; excess at avoided energy cost; <=300 kW; <=125% peak load (17 O.S. 156; OAC 165:40-9),Yes-restricted,,Active,https://oklahoma.gov/occ/divisions/public-utility/energy/electric-utility/netmetering.html,2026-09-28,Primary
SPP,OK,Oklahoma Electric Cooperative,Cooperative,Time of Use Rate (residential),TOU-Rate,Residential,Thermostat/AC;GeneralLoad,Opt-in,TOU energy rate; $1/day service availability charge,,,OEC Residential TOU,Weekdays 3-7pm Jun 1-Aug 31 (excl Jul 4),"On-peak 24c/kWh (Jun-Aug); other kWh 11c (Jun/Oct bills), 9.8688c (Jul-Sep bills); winter (Nov-May bills) 9.2752c first 1,000 kWh then 6c",Net metering to 300 kW; excess at WFEC-derived avoided cost,Yes-restricted,,Active,https://okcoop.org/time-of-use-rate/,2026-09-28,Primary
SPP,OK,Oklahoma Electric Cooperative,Cooperative,Electric Vehicle Rate (residential overnight),EV-Rate,Residential,EV/EVSE;GeneralLoad,Opt-in,two-period rate; EV ownership not required; $1.50/day service availability,,,OEC EV Rate,9pm-5am off-peak all year,9c/kWh 5am-9pm; 5c/kWh 9pm-5am (year-round),,Yes,,Active,https://okcoop.org/ev-rate/,2026-09-28,Primary
SPP,OK,Oklahoma Electric Cooperative,Cooperative,Demand Reduction Credit (non-residential INSD3 / LP150),DR-Curtailment,LargeC&I;SmallC&I,GeneralLoad,Opt-in,demand credit; request via form,Credit value not published on page,,INSD3; LP150,,,,Unclear,,Active,https://okcoop.org/demand-reduction-credit-form/,2026-09-28,Unverified
SPP,OK,Oklahoma Electric Cooperative,Cooperative,Net Metering / Power Export (Distributed Generation),Export-Comp,Residential;SmallC&I;LargeC&I,Solar+Storage,Opt-in,monthly net metering at retail; excess at avoided cost; 300 kW-3 MW power export at wholesale,Excess credited at WFEC-determined avoided cost (rate published on wfec.com); Power Export buy-back at wholesale rate,,OEC DG / Net Metering,,,Net metering <=300 kW (systems >125% of peak load may be excluded); Power Export 300 kW-3 MW at wholesale rate via separate meter,Yes-restricted,,Active,https://okcoop.org/renewable-energy-faqs/,2026-09-28,Primary
SPP,OK,Oklahoma Electric Cooperative,Cooperative,Level 2 EV charger rebate,EV-Rate,Residential,EV/EVSE,Opt-in,upfront rebate,Amount not shown on fetched page (third-party listings cite $300),,,,,,Yes,EV Rate,Active,https://okcoop.org/ev/,2026-09-28,Unverified
SPP,OK,City of Edmond (Edmond Electric),Municipal,Rate GS-TOU General Service Time-of-Use,TOU-Rate,SmallC&I,GeneralLoad,Opt-in,TOU energy rate (<50 kW),,,GS-TOU,Summer (Jun-Oct) on-peak hours defined in rate schedule (window not on page),"Summer on-peak 35.20c/kWh / off-peak 5.03c; winter first 1,000 kWh 9.04c, additional 5.03c; $35/mo",,Yes-restricted,,Active,https://www.edmondok.gov/1302/Business-Rates,2026-09-28,Primary
SPP,OK,City of Edmond (Edmond Electric),Municipal,Rate PL-TOU Power & Light Time-of-Use,TOU-Rate,LargeC&I,GeneralLoad,Opt-in,TOU demand rate (>200 kW),,,PL-TOU,Summer on-peak demand 2-7pm,"Summer: $1.58/kW max demand + $13.68/kW on-peak (2-7pm) demand; winter $6.80/kW; energy 4.28c first 1,000 kWh, 3.98c above; $100/mo",,Yes,,Active,https://www.edmondok.gov/1302/Business-Rates,2026-09-28,Primary
SPP,OK,City of Edmond (Edmond Electric),Municipal,Rate LPL-TOU Large Power & Light Time-of-Use,TOU-Rate,LargeC&I,GeneralLoad,Opt-in,TOU energy + demand (>=15 GWh/yr),,,LPL-TOU,Summer on-peak 2-7pm,Summer on-peak 13.61c/kWh / off-peak 3.40c; winter 3.40c; demand $6.79/kW; $650/mo,,Yes,,Active,https://www.edmondok.gov/1302/Business-Rates,2026-09-28,Primary
SPP,OK,City of Edmond (Edmond Electric),Municipal,Rate PL-1 Power & Light (demand charge),Demand-Charge,LargeC&I,GeneralLoad;Battery,Default,demand charge (>200 kW),,,PL-1,,"Capacity: summer (Jun-Oct) $13.70/kW, winter $8.40/kW; energy 4.23c/kWh; $80/mo",,Yes,,Active,https://www.edmondok.gov/1302/Business-Rates,2026-09-28,Primary
SPP,OK,City of Edmond (Edmond Electric),Municipal,Rate GS-M General Service Medium (demand charge),Demand-Charge,SmallC&I,GeneralLoad;Battery,Default,demand charge (50-200 kW),,,GS-M,,"Capacity: summer $12.00/kW, winter $4.50/kW; energy 5.25c/kWh; $50/mo",,Yes,,Active,https://www.edmondok.gov/1302/Business-Rates,2026-09-28,Primary
SPP,OK,City of Edmond (Edmond Electric),Municipal,Rate R-1 Residential (flat seasonal; no TOU),TOU-Rate,Residential,GeneralLoad,Default,seasonal inclining/declining block,,,R-1,No TOU window,"Summer (Jun-Sep) 8.51c first 1,400 kWh, 9.57c above; winter (Nov-Apr) 8.51c first 600 kWh, 4.85c above; shoulder 8.51c; $14/mo (plus FCA)",,Unclear,,Active,https://www.edmondok.gov/1246/Residential-Rates,2026-09-28,Primary
SPP,OK,City of Edmond (Edmond Electric),Municipal,Distributed Generation (solar) interconnection - residential/commercial,Export-Comp,Residential;SmallC&I,Solar+Storage,Opt-in,interconnection agreement; compensation terms not published on permit page,,,,,,Compensation not published on permit page,Unclear,,Active,https://www.edmondok.gov/2064/Distributed-Generation,2026-09-28,Unverified
SPP,OK,Oklahoma Municipal Power Authority (OMPA),Municipal,Turn Down the Watts BYOD thermostat DR (Edmond and other member cities),DR-BYOT,Residential,Thermostat/AC,Opt-in,enrollment + annual retention incentive,$50 one-time enrollment; +$50 after 12 consecutive months enrolled,Thermostat adjust <=3 F for <=3 hours; 2 F pre-cool/pre-heat before event,Turn Down the Watts BYOD,During peak system demand events,,,No,Smart Thermostat Rebate,Active,https://ompa.virtualpeaker.io/overview/,2026-09-28,Primary
SPP,OK,Oklahoma Municipal Power Authority (OMPA),Municipal,Turn Down the Watts Smart Thermostat Rebate,DR-BYOT,Residential,Thermostat/AC,Opt-in,upfront rebate (gift card),$50 per installed qualifying smart thermostat (not to exceed receipt),,,,,,No,Turn Down the Watts BYOD,Active,https://www.ompa.com/wp-content/uploads/securepdfs/2023/11/Smart-Thermostat-Rebate-Summary.pdf,2026-09-28,Primary
SPP,NE,Omaha Public Power District,Municipal,Cool Smart (outdoor A/C switch DLC),DR-DLC,Residential,Thermostat/AC;HeatPump,Opt-in,one-time bill credit + annual credit,$30 one-time bill credit; +$20 annual credit each September,"A/C or heat pump cycled in 15-minute intervals during peak times, <4 hr",Cool Smart,Peak energy use periods (summer),,,No,Not combinable with Smart Thermostat program,Active,https://www.oppd.com/residential/products-services/save-money-save-energy/cool-smart/,2026-09-28,Primary
SPP,NE,Omaha Public Power District,Municipal,"FlexDemand 100 (Rider 467 curtailable, <10 MW)",DR-Curtailment,SmallC&I;LargeC&I,GeneralLoad;Generator;Battery,Opt-in,$/kW-month curtailment credit,$4.67/kW-month credit (max 100 hr/yr); $84.70/mo service charge,"Jun 1-Sep 30, 12pm-10pm weekdays excl NERC holidays; max 100 hr/yr; 4-hr notice; one <=10 hr test day; min 100 kW (>=20% of load) or 500 kW",FlexDemand 100 (formerly Rider 467),Jun-Sep weekdays 12-10pm,,,Yes-restricted,"Not with FlexDemand 10,000/365/Leased/Voluntary/Emergency",Active,https://oppd.com/media/320428/oppd-flexdemand-program-terms-conditions.pdf,2026-09-28,Primary
SPP,NE,Omaha Public Power District,Municipal,"FlexDemand 10,000 (Rider 467H, >=10 MW)",DR-Curtailment,LargeC&I,GeneralLoad;Generator;Battery,Opt-in,$/kW-month curtailment credit,$4.96/kW-month credit (max 100 hr/yr); $84.70/mo service charge,"Jun 1-Sep 30, 12pm-10pm weekdays; max 100 hr/yr; 4-hr notice; min 10,000 kW; 3-yr term","FlexDemand 10,000 (Rider 467H)",Jun-Sep weekdays 12-10pm,,,Yes-restricted,,Active,https://oppd.com/media/320428/oppd-flexdemand-program-terms-conditions.pdf,2026-09-28,Primary
SPP,NE,Omaha Public Power District,Municipal,FlexDemand 365,DR-Curtailment,LargeC&I,GeneralLoad;Generator;Battery,Opt-in,$/kW-month curtailment credit (year-round events),$4.96/kW-month; $84.70/mo service charge,"Any time of year when load >=95% of deficit load condition or SPP directs; max 100 hr aggregate per contract year; 4-hr notice; min 10,000 kW; 1-yr term",FlexDemand 365,Year-round,,,Yes-restricted,,Active,https://oppd.com/media/320428/oppd-flexdemand-program-terms-conditions.pdf,2026-09-28,Primary
SPP,NE,Omaha Public Power District,Municipal,"FlexDemand Leased (Rider 467L, backup generation / stored energy)",DR-Curtailment,SmallC&I;LargeC&I,Generator;Battery,Opt-in,$/kW-month capacity lease + $/kWh energy credit,$4.60/kW-month (max 100 hr/yr); energy credit $0.25/kWh generated (indexed to Nebraska diesel price; formula uses $3.30 diesel base),Year-round weekdays 12-10pm; 4-10 hr events; max 100 hr/yr; two <=10-hr test days; min 100 kW; 3-yr term; no maintenance Jun-Sep,FlexDemand Leased (Rider 467L),Weekdays 12-10pm year-round,,,Yes-restricted,,Active,https://oppd.com/media/320428/oppd-flexdemand-program-terms-conditions.pdf,2026-09-28,Primary
SPP,NE,Omaha Public Power District,Municipal,FlexDemand Voluntary (467V),DR-Curtailment,SmallC&I;LargeC&I,GeneralLoad;Generator;Battery,Opt-in,$/kW per event-day credit,$5.12/kW per curtailment event day,"Events when SPP declares EEA 1-3 or OPPD local grid emergency, any time of year; 4-hr notice attempted; min 100 kW; 3-yr term",FlexDemand Voluntary (467V),,,,Yes-restricted,,Active,https://oppd.com/media/320428/oppd-flexdemand-program-terms-conditions.pdf,2026-09-28,Primary
SPP,NE,Omaha Public Power District,Municipal,FlexDemand Emergency (467E),DR-Curtailment,LargeC&I,GeneralLoad;Generator;Battery,Opt-in,$/kW per event-day credit,$10.25/kW per curtailment event day,"Severe grid emergencies (SPP EEA 1-3 or OPPD-declared); infrequent; min 5,000 kW; 3-yr term",FlexDemand Emergency (467E),,,,Yes-restricted,,Active,https://oppd.com/media/320428/oppd-flexdemand-program-terms-conditions.pdf,2026-09-28,Primary
SPP,NE,Omaha Public Power District,Municipal,Smart Thermostat Program (BYOT),DR-BYOT,Residential,Thermostat/AC;HeatPump,Opt-in,enrollment bill credit + annual credit,$100 bill credit at enrollment; +$30 bill credit each year participating (per OPPD program page as summarized),"Up to 15 event days/yr, May-Oct, weekdays 12-9pm, max 4 hr, one per day, max 3 per week",Smart Thermostat Program,Weekdays 12-9pm May-Oct,,,No,Not with Cool Smart,Active,https://www.oppd.com/residential/products-services/smart-thermostat-program/,2026-09-28,Secondary
SPP,NE,Omaha Public Power District,Municipal,Solar Rebate Program (PV; no storage rebate),Export-Comp,Residential;SmallC&I,Solar+Storage,Opt-in,one-time upfront rebate for solar PV via Trade Ally,"$2,000 per rebate (max 50% of equipment cost); min 3 kW AC; 1 per address per calendar year; Mar 2026 terms","Recipient may not contract system to third parties for market services (energy, capacity, reserves, regulation); REC ownership retained by recipient or transferred to OPPD",Solar Rebate Program T&C,,,,No,,Active,https://www.oppd.com/media/318989/solar-rebate-program-terms-and-conditions.pdf,2026-09-28,Primary
SPP,NE,Omaha Public Power District,Municipal,Net Metering (Customer-Owned Generation) per Neb. Rev. Stat. 70-2001 to 70-2005,Export-Comp,Residential;SmallC&I,Solar+Storage,Opt-in,"netting at retail; net excess at avoided cost, annual payout",Net excess generation credited at avoided cost of electricity supply; monetary credits carry forward; paid out at end of annualized period,,OPPD COG / Net Metering,,,Retail netting up to consumption; excess at avoided cost; qualified facility <=25 kW; no added standby/demand fee; net metering cap 1% of peak-demand forecast (statute); OPPD may offer >25 kW,Yes-restricted,,Active,https://nebraskalegislature.gov/laws/statutes.php?statute=70-2003,2026-09-28,Primary
SPP,NE,Omaha Public Power District,Municipal,Residential rates 2026 (flat seasonal; no residential TOU or EV rate),TOU-Rate,Residential,GeneralLoad,Default,flat seasonal energy rate,,,Rate 110/115 residential,No TOU,Summer (Jun 1-Sep 30) 11.937c/kWh; non-summer (Oct 1-May 31) 9.503c/kWh (per OPPD residential rates page as summarized),,Unclear,,Active,https://oppd.com/residential/residential-rates/,2026-09-28,Secondary
SPP,NE,Omaha Public Power District,Municipal,Rider 469/469S General Service Time-of-Use (business demand-ratchet TOU),TOU-Rate,SmallC&I;LargeC&I,GeneralLoad;Battery,Opt-in,TOU rider giving lower demand ratchet for off-peak use,,,Rider 469 / 469S (eff. 1/1/2026),On-peak window not confirmed,Values not extracted,,Yes,,Active,https://www.oppd.com/business/business-rates/service-regulations-all-rates/,2026-09-28,Unverified
SPP,NE,Nebraska Public Power District,Municipal,RateWise Time-of-Use (residential),TOU-Rate,Residential,GeneralLoad;EV/EVSE;Thermostat/AC,Opt-in,"three-period TOU energy rate (energy only, before fees)",,,RateWise TOU,Summer (Jun-Sep) weekdays on-peak 2pm-7pm; winter (Oct-May) weekdays on-peak 7-9am and 4-7pm; super off-peak overnight (~10pm-7am); weekends/holidays off-peak,Summer on-peak 22.50c / off-peak 8.00c; winter on-peak 19.00c / off-peak 6.60c; super off-peak 4.68c/kWh (RateWise schedule PDF; layout mapped by inspection),NM Rider (PV credited 9.07c summer / 5.06c winter),Yes,,Active,https://docs.nppd.com/RateWiseSchedule.pdf,2026-09-28,Primary
SPP,NE,Nebraska Public Power District,Municipal,RateWise Anytime (residential flat seasonal),TOU-Rate,Residential,GeneralLoad,Opt-in,flat seasonal energy rate,,,RateWise Anytime,No TOU,"Summer 10.04c/kWh; winter 7.90c/kWh (energy only, before fees)",,Unclear,,Active,https://docs.nppd.com/RateWiseSchedule.pdf,2026-09-28,Primary
SPP,NE,Nebraska Public Power District,Municipal,Net Metering Service Rider (NM-Rider),Export-Comp,Residential;SmallC&I,Solar+Storage,Opt-in,NEG credited at fixed seasonal purchase rates; retail offset for self-consumption,"Net excess generation: PV 9.07c/kWh summer (Jun-Sep), 5.06c winter (Oct-May); wind 4.96c/3.99c; baseload 4.58c/4.33c (eff. 1/1/2026)",,NM-RIDER,,,"<=25 kW AC; program capped at 1% of retail peak demand; credits applied to non-energy charges, carried forward, paid out at annualized period end; customer keeps environmental attributes",Yes-restricted,,Active,https://cdn.prod.website-files.com/5a26c42ac0c9b0000147937c/69542f2f23daa6daaa1f4ad2_NetMetering.pdf,2026-09-28,Primary
SPP,NE,Nebraska Public Power District,Municipal,Pilot Program Demand Response Resource Rider (DRR-Rider),VPP,LargeC&I,GeneralLoad;Generator;Battery,Pilot,75% of SPP net revenue passed through; $50/week admin charge while offered,"Customer receives 75% of weekly positive SPP net revenue from its DRR output (charged if negative); $50 per week administrative charge in weeks output is offered; NPPD covers first $10,000 metering/telemetry cost",Dispatched by SPP market through NPPD's designated market participant; >=500 kW at single location; pilot limited to 3 customers; effective 7/1/2025,DRR-RIDER,,,,Yes-restricted,Demand Waiver Rider; Market-Based Rate Rider; not with ST/INT/IMB riders,Pilot,https://cdn.prod.website-files.com/5a26c42ac0c9b0000147937c/6859680858dcad4bc9c1eabf_PilotProgramDemandResponseResourceRider.pdf,2026-09-28,Primary
SPP,NE,Nebraska Public Power District,Municipal,Demand Waiver Program Rider (DW-Rider),DR-Curtailment,LargeC&I,GeneralLoad;Battery;Generator,Opt-in,demand-charge waiver for load reduced in called on-peak hours,Waives measured demand in called hours; $200/month administrative charge; must reduce >=100 kW,"On-peak Oct-May 8am-10pm, Jun-Sep 10am-10pm (CPT) excl Sundays/6 holidays; notice ~9:15am (Jun-Sep) or ~7:15am (Oct-May) same day",DW-RIDER (GS Demand codes 17/18; High Tension 19/20),Jun-Sep 10am-10pm; Oct-May 8am-10pm,,,Yes,DRR-Rider,Active,https://cdn.prod.website-files.com/5a26c42ac0c9b0000147937c/69542b6c7b778fe505562ca2_DemandWaiver_Rider.pdf,2026-09-28,Primary
SPP,NE,Nebraska Public Power District,Municipal,Energy Curtailment Service Rider (EC-Rider),DR-Curtailment,LargeC&I,GeneralLoad;Generator,Opt-in,voluntary curtailment credit,Credit not extracted (PDF unreadable),Voluntary reduction >=50 kW during energy curtailment period,EC-RIDER,,,,Yes-restricted,,Active,https://www.nppd.com/rates/interruptible,2026-09-28,Unverified
SPP,NE,Nebraska Public Power District,Municipal,Interruptible Service Rider (INT-Rider) / Interruptible Market-Based Rider (IMB),DR-Curtailment,LargeC&I,GeneralLoad,Opt-in,rate discount for interruptible 24x7 process load,Discount schedule in 19-page tariff (not extracted),"Non-firm service curtailed per rider options; 3 shifts/day, 7 days/week, 52 weeks/yr customers",INT-RIDER; IMB-RIDER,,,,Unclear,,Active,https://cdn.prod.website-files.com/5a26c42ac0c9b0000147937c/69542b5c95d04649d4139ae0_InterruptibleServiceRider.pdf,2026-09-28,Primary
SPP,NE,Nebraska Public Power District,Municipal,Interruptible Irrigation Service (Two-Day / Anytime),DR-DLC,LargeC&I,IrrigationPump,Opt-in,lower irrigation rate with fixed demand charge in exchange for interruption,"Rate discount; fixed charge from prior-season peak kW (~60% billed May, ~40% Aug)",Interruption up to 5 hr/day on assigned days (Two-Day: max 2 days/week Mon-Fri); none 10pm-10am or Jul 4/Labor Day except emergency; season Jun 1-Sep 30; notify by Apr 15,Interruptible Irrigation Service,Jun 1-Sep 30 (not 10pm-10am),,,No,,Active,https://www.nppd.com/rates/interruptible,2026-09-28,Primary
SPP,NE,Lincoln Electric System,Municipal,Peak Rewards (BYOT thermostat DR),DR-BYOT,Residential,Thermostat/AC,Opt-in,one-time gift card + annual bill credit,$25 gift card per eligible thermostat at enrollment; $25 bill credit annually after each program year for participating all summer,"Brief thermostat adjustments on non-holiday weekdays; min 1, max 15 adjustments per summer (Jun 1-Sep 30)",Peak Rewards,Non-holiday weekdays Jun-Sep peak demand periods,,,No,Sustainable Energy Program,Active,https://www.les.com/sustainability/les-peak-rewards,2026-09-28,Primary
SPP,NE,Lincoln Electric System,Municipal,Curtailment Rider (Large Light & Power / Large Power),DR-Curtailment,LargeC&I,GeneralLoad;Generator;Battery,Opt-in,$/kW seasonal curtailment payment,$2.40/kW of curtailed demand summed over curtailment periods (paid after summer),Max 10 events per summer (Jun 1-Sep 30); events 4pm-8pm; notice by 9am same day; effective after 12/31/2025,Curtailment Rider (LLP 15/16/39; LPC 44/45/46; Cogen 42),Summer curtailment periods 4-8pm,,,Yes-restricted,Not with Interruptible Service Rider,Active,https://www.les.com/rates/business-rates,2026-09-28,Primary
SPP,NE,Lincoln Electric System,Municipal,Large Light & Power Time-of-Use Demand (rates 30/31/32),TOU-Rate,LargeC&I,GeneralLoad;Battery,Opt-in,on-peak/off-peak demand charges + energy,,,LLP TOU Demand 30 (secondary) / 31 (primary) / 32 (35 kV),"Summer (Jun-Sep) on-peak every day 12pm-9pm; shoulder (May, Oct) 12pm-9pm; winter (Nov-Apr) on-peak 7am-12pm and 6pm-9pm; customer gets 2-yr notice of period changes","Secondary demand $13.00/kW on-peak, $4.50/kW off-peak (primary/35kV $12.50/$4.00); facilities $5.50/kW; energy 2.65c summer / 2.43c winter (secondary); $450/mo customer charge",,Yes,Curtailment Rider not stated,Active,https://www.les.com/rates/business-rates,2026-09-28,Primary
SPP,NE,Lincoln Electric System,Municipal,Large Light & Power Off-Peak Daily (rates 27/28/29),Demand-Charge,LargeC&I,GeneralLoad;Battery,Opt-in,summer base demand + lower off-peak excess demand,,,LLP Off-Peak Daily 27/28/29,Summer on-peak weekdays 2pm-8pm (DST),Secondary demand $17.75/kW summer base billing demand + $7.30/kW off-peak excess; facilities $7.42/kW,,Yes,,Active,https://www.les.com/rates/business-rates,2026-09-28,Primary
SPP,NE,Lincoln Electric System,Municipal,Large Power Customer Off-Peak Daily (rates 47/48/49),Demand-Charge,LargeC&I,GeneralLoad;Battery,Opt-in,summer base demand + lower off-peak excess demand,,,LPC Off-Peak Daily 47/48/49,Summer on-peak weekdays 2pm-8pm (DST),Secondary demand $18.00/kW summer base + $7.00/kW off-peak excess; facilities $7.25/kW,,Yes,,Active,https://www.les.com/rates/business-rates,2026-09-28,Primary
SPP,NE,Lincoln Electric System,Municipal,Net Metering per Neb. Rev. Stat. 70-2001 to 70-2005 (LES Renewable Net Metering Rider),Export-Comp,Residential;SmallC&I,Solar+Storage,Opt-in,retail netting; net excess at avoided cost,Net excess generation credited at avoided cost of supply; carry forward; paid at end of annualized period,,LES Renewable Net Metering Rider,,,Statutory: <=25 kW qualified facility; retail offset up to consumption; no added standby/demand fees; 1% capacity cap,Yes-restricted,,Active,https://nebraskalegislature.gov/laws/statutes.php?statute=70-2003,2026-09-28,Secondary
SPP,KS,Evergy Kansas Central,IOU,Residential Time of Use (TOU) three-period,TOU-Rate,Residential,Thermostat/AC;GeneralLoad;EV/EVSE;Battery,Opt-in,3-period TOU energy rate; $15.25/mo customer charge,,,TOU (WCTOU/WSTOU; with net metering WCTOUN/WSTOUN); eff. 10/1/2025,"Weekdays 4-8pm on-peak (CST year-round, excl 6 holidays); super off-peak 12am-6am daily; off-peak all other",Summer (Jun-Sep) on 26.196c / off 7.484c / super-off 3.743c; winter (Oct-May) on 23.291c / off 6.654c / super-off 3.328c per kWh (before adjustments),Not available to customers with parallel generation on this schedule variant; with-net-metering variants WCTOUN/WSTOUN exist,Yes,RBES pilot,Active,https://bcg.evergy.com/-/media/documents/billing/kansas-central/other/ks-central-rates.pdf,2026-09-28,Primary
SPP,KS,Evergy Kansas Central,IOU,"Residential Time of Use Two-Period (RTOU-2, marketed Nights & Weekends)",TOU-Rate,Residential,Thermostat/AC;GeneralLoad;EV/EVSE;Battery,Opt-in,2-period TOU; $15.25/mo customer charge,,,RTOU-2 (WCTOU2/WSTOU2; net metering WCTOU2N/WSTOU2N); eff. 10/1/2025,Summer on-peak weekdays 4-8pm; winter super off-peak midnight-6am,Summer on 26.625c / off 6.662c; winter off 9.205c / super-off 4.603c per kWh (before adjustments),Net-metering variants WCTOU2N/WSTOU2N,Yes,,Active,https://bcg.evergy.com/-/media/documents/billing/kansas-central/other/ks-central-rates.pdf,2026-09-28,Primary
SPP,KS,Evergy Kansas Central,IOU,Residential Battery Energy Storage Pilot (RBES),Storage-Incentive,Residential,Battery;Solar+Storage,Pilot,utility-owned battery on customer premises; participant pays $10/mo,Participant pays $10.00/month; Evergy owns/installs/operates BESS; up to 100 customers; pilot cost cap $2.5M ($1.34M through 12/31/2026),"Utility may dispatch battery for peak management, self-consumption, EV charging support; final report Q1 2027",RBES (eff. 12/21/2023),,,Minimizes exports; TOU bill savings,Yes,TOU; RTOU-2,Pilot,https://bcg.evergy.com/-/media/documents/billing/kansas-central/other/ks-central-rates.pdf,2026-09-28,Primary
SPP,KS,Evergy Kansas Central,IOU,Medium General Service Time of Use (MGS-TOU),TOU-Rate,SmallC&I,GeneralLoad;Battery,Opt-in,TOU energy + on-peak demand charge (>200 kW),,,MGS-TOU (WCMGSTOU/WSMGSTOU),On-peak summer only (window per tariff),"Summer on-peak 6.073c/kWh, off 1.207c, super-off 0.412c; winter off 0.902c, super-off 0.319c; on-peak demand $20.227/kW summer, $13.425 winter; facilities $3.765/kW; $147.53/mo",Not available with net metering,Yes,,Active,https://bcg.evergy.com/-/media/documents/billing/kansas-central/other/ks-central-rates.pdf,2026-09-28,Primary
SPP,KS,Evergy Kansas Central,IOU,Large General Service Time of Use (LGS-TOU),TOU-Rate,LargeC&I,GeneralLoad;Battery,Opt-in,"TOU energy + on-peak demand charge (>1,000 kW)",,,LGS-TOU (secondary WCLGSSECTOU/WSLGSSECTOU),On-peak summer only (window per tariff),"Secondary: summer on-peak 5.878c/kWh, off 1.278c, super-off 0.482c; winter off 0.948c, super-off 0.350c; on-peak demand $20.310/kW summer, $13.078 winter; facilities $3.330/kW; $386.86/mo",Not available with net metering,Yes,,Active,https://bcg.evergy.com/-/media/documents/billing/kansas-central/other/ks-central-rates.pdf,2026-09-28,Primary
SPP,KS,Evergy Kansas Central,IOU,"Net Metering Rider (Kansas Net Metering and Easy Connection Act, K.S.A. 66-1263 et seq.; HB 2527 of 2024)",Export-Comp,Residential;SmallC&I;LargeC&I,Solar+Storage;Battery,Opt-in,monthly netting; NEG at >=100% of system average energy cost,NEG credited at >=100% of the utility's monthly system average cost of energy per kWh (not full retail); TOU customers net by TOU period,,NMR / RNMR,,,Up to 150 kW AC for systems after 7/1/2014; cap 2% of prior-year peak rising 1%/yr to 5% by 2027; from 7/1/2026 generating capacity may not exceed export capacity by >50% unless export-limited; storage connected to renewable generation eligible,Yes,,Active,https://www.kcc.ks.gov/electric/net-metering-in-kansas,2026-09-28,Primary
SPP,KS,Evergy Kansas Central,IOU,Energy Savings Events (smart thermostat program),DR-BYOT,Residential,Thermostat/AC,Opt-in,enrollment incentive + annual reward,Nest Rush Hour Rewards: $100 check at signup + $10 after season if enrolled (third-party page); Missouri terms: $50 enroll + $25/yr (not KS),"Events typically <=4 hr; ~15 per year, max 20; pre-cool then reduce",Evergy Thermostat Program (KEEIA),High-demand afternoons,,,No,,Active,https://www.evergy.com/ways-to-save/discounts-link/thermostats,2026-09-28,Secondary
SPP,KS,Evergy Kansas Central,IOU,Business Demand Response (BDR),DR-Curtailment,SmallC&I;LargeC&I,GeneralLoad;Generator;Thermostat/AC,Opt-in,seasonal pay-for-performance for kW reduced,"$/kW rate not published on program page; third-party (GridBeyond) cites about $45,000 per MW-year ($45/kW-yr)","Events called on high-demand summer afternoons (often 4 hr); season Jun 1-Sep 30; voluntary, no penalties",BDR,Summer afternoons (event window ~4 hr),,,Yes-restricted,,Active,https://www.evergy.com/ways-to-save/incentives-link/demand-response,2026-09-28,Primary
SPP,KS,Evergy Kansas South,IOU,Residential Time of Use (TOU) three-period,TOU-Rate,Residential,Thermostat/AC;GeneralLoad;EV/EVSE;Battery,Opt-in,3-period TOU energy rate; $15.25/mo customer charge,,,TOU (WCTOU/WSTOU; with net metering WCTOUN/WSTOUN); eff. 10/1/2025,"Weekdays 4-8pm on-peak (CST year-round, excl 6 holidays); super off-peak 12am-6am daily; off-peak all other",Summer (Jun-Sep) on 26.196c / off 7.484c / super-off 3.743c; winter (Oct-May) on 23.291c / off 6.654c / super-off 3.328c per kWh (before adjustments),Not available to customers with parallel generation on this schedule variant; with-net-metering variants WCTOUN/WSTOUN exist,Yes,RBES pilot,Active,https://bcg.evergy.com/-/media/documents/billing/kansas-central/other/ks-central-rates.pdf,2026-09-28,Primary
SPP,KS,Evergy Kansas South,IOU,"Residential Time of Use Two-Period (RTOU-2, marketed Nights & Weekends)",TOU-Rate,Residential,Thermostat/AC;GeneralLoad;EV/EVSE;Battery,Opt-in,2-period TOU; $15.25/mo customer charge,,,RTOU-2 (WCTOU2/WSTOU2; net metering WCTOU2N/WSTOU2N); eff. 10/1/2025,Summer on-peak weekdays 4-8pm; winter super off-peak midnight-6am,Summer on 26.625c / off 6.662c; winter off 9.205c / super-off 4.603c per kWh (before adjustments),Net-metering variants WCTOU2N/WSTOU2N,Yes,,Active,https://bcg.evergy.com/-/media/documents/billing/kansas-central/other/ks-central-rates.pdf,2026-09-28,Primary
SPP,KS,Evergy Kansas South,IOU,Residential Battery Energy Storage Pilot (RBES),Storage-Incentive,Residential,Battery;Solar+Storage,Pilot,utility-owned battery on customer premises; participant pays $10/mo,Participant pays $10.00/month; Evergy owns/installs/operates BESS; up to 100 customers; pilot cost cap $2.5M ($1.34M through 12/31/2026),"Utility may dispatch battery for peak management, self-consumption, EV charging support; final report Q1 2027",RBES (eff. 12/21/2023),,,Minimizes exports; TOU bill savings,Yes,TOU; RTOU-2,Pilot,https://bcg.evergy.com/-/media/documents/billing/kansas-central/other/ks-central-rates.pdf,2026-09-28,Primary
SPP,KS,Evergy Kansas South,IOU,Medium General Service Time of Use (MGS-TOU),TOU-Rate,SmallC&I,GeneralLoad;Battery,Opt-in,TOU energy + on-peak demand charge (>200 kW),,,MGS-TOU (WCMGSTOU/WSMGSTOU),On-peak summer only (window per tariff),"Summer on-peak 6.073c/kWh, off 1.207c, super-off 0.412c; winter off 0.902c, super-off 0.319c; on-peak demand $20.227/kW summer, $13.425 winter; facilities $3.765/kW; $147.53/mo",Not available with net metering,Yes,,Active,https://bcg.evergy.com/-/media/documents/billing/kansas-central/other/ks-central-rates.pdf,2026-09-28,Primary
SPP,KS,Evergy Kansas South,IOU,Large General Service Time of Use (LGS-TOU),TOU-Rate,LargeC&I,GeneralLoad;Battery,Opt-in,"TOU energy + on-peak demand charge (>1,000 kW)",,,LGS-TOU (secondary WCLGSSECTOU/WSLGSSECTOU),On-peak summer only (window per tariff),"Secondary: summer on-peak 5.878c/kWh, off 1.278c, super-off 0.482c; winter off 0.948c, super-off 0.350c; on-peak demand $20.310/kW summer, $13.078 winter; facilities $3.330/kW; $386.86/mo",Not available with net metering,Yes,,Active,https://bcg.evergy.com/-/media/documents/billing/kansas-central/other/ks-central-rates.pdf,2026-09-28,Primary
SPP,KS,Evergy Kansas South,IOU,"Net Metering Rider (Kansas Net Metering and Easy Connection Act, K.S.A. 66-1263 et seq.; HB 2527 of 2024)",Export-Comp,Residential;SmallC&I;LargeC&I,Solar+Storage;Battery,Opt-in,monthly netting; NEG at >=100% of system average energy cost,NEG credited at >=100% of the utility's monthly system average cost of energy per kWh (not full retail); TOU customers net by TOU period,,NMR / RNMR,,,Up to 150 kW AC for systems after 7/1/2014; cap 2% of prior-year peak rising 1%/yr to 5% by 2027; from 7/1/2026 generating capacity may not exceed export capacity by >50% unless export-limited; storage connected to renewable generation eligible,Yes,,Active,https://www.kcc.ks.gov/electric/net-metering-in-kansas,2026-09-28,Primary
SPP,KS,Evergy Kansas South,IOU,Energy Savings Events (smart thermostat program),DR-BYOT,Residential,Thermostat/AC,Opt-in,enrollment incentive + annual reward,Nest Rush Hour Rewards: $100 check at signup + $10 after season if enrolled (third-party page); Missouri terms: $50 enroll + $25/yr (not KS),"Events typically <=4 hr; ~15 per year, max 20; pre-cool then reduce",Evergy Thermostat Program (KEEIA),High-demand afternoons,,,No,,Active,https://www.evergy.com/ways-to-save/discounts-link/thermostats,2026-09-28,Secondary
SPP,KS,Evergy Kansas South,IOU,Business Demand Response (BDR),DR-Curtailment,SmallC&I;LargeC&I,GeneralLoad;Generator;Thermostat/AC,Opt-in,seasonal pay-for-performance for kW reduced,"$/kW rate not published on program page; third-party (GridBeyond) cites about $45,000 per MW-year ($45/kW-yr)","Events called on high-demand summer afternoons (often 4 hr); season Jun 1-Sep 30; voluntary, no penalties",BDR,Summer afternoons (event window ~4 hr),,,Yes-restricted,,Active,https://www.evergy.com/ways-to-save/incentives-link/demand-response,2026-09-28,Primary
SPP,KS,Midwest Energy,Cooperative,Residential and Small Business three-part demand rate,Demand-Charge,Residential;SmallC&I,GeneralLoad;Thermostat/AC;Battery,Mandatory,"customer charge + energy + demand charge (kW), phased in 2023-2026","Customer charge $28/mo; energy charge falling from 7.8c/kWh (2022) to 4.2c/kWh by 2026 as demand charge phases in (residential demand $0 in 2023, billed from 1/1/2024)",,Residential / General Service Small (eff. 1/1/2023),Summer (Jun 1-Sep 30) demand set on highest 15-min use 3-7pm; rest of year highest 15-min any time,Energy 7.8c/kWh (2022) to 4.2c/kWh by 2026 (news release); demand $/kW not stated on page,See net metering row,Yes,,Active,https://demand-rates.mwenergy.com/,2026-09-28,Primary
SPP,KS,Midwest Energy,Cooperative,Net Metering Rider / Parallel Generation Rider (Renewable),Export-Comp,Residential;SmallC&I,Solar+Storage,Opt-in,monthly netting at retail for same-month use; excess to Midwest Energy as grid contribution; Parallel Generation buy-back per Kansas law,"Net metering: full retail value for kWh generated and used in same month, excess at end of billing period reverts to utility (no credit). Parallel Generation average buy-back: 2.300c/kWh (2024), 3.205c/kWh (2025); 2023 2.695c",,Net Metering Rider; Parallel Generation Rider - Renewable,,,"Size limit: residential 15 kW, commercial 100 kW",Yes,,Active,https://www.mwenergy.com/environmental/renewable-energy/renewable-interconnection,2026-09-28,Primary
SPP,KS,Kansas City Board of Public Utilities,Municipal,Net Metering / Parallel Generation policy (Board policy adopted 12/16/2009),Export-Comp,Residential;SmallC&I;LargeC&I,Solar+Storage,Opt-in,net energy metering; excess credited on next bill,Excess generation credited on next bill statement (credit rate not stated in source); customer still pays customer/billing charges,,BPU Board net metering / parallel generation policies,,,,Unknown,,Active,https://www.bpu.com/about/bpu_adopts.aspx,2026-09-28,Primary
WECC-nonRTO,CO,Xcel Energy Colorado (Public Service Co of Colorado),IOU,Residential Time of Use (RE-TOU) - default,TOU-Rate,Residential,Any,Default,rate differential (on-peak 2.7x off-peak),,,Sched. RE-TOU (Sheet 33B); Proceeding 24AL-0377E,Non-holiday weekdays 5-9pm year-round (new periods eff. 2025-11-01),Base energy 2026: summer (Jun-Sep) on 21.277c / off 7.884c; non-summer (Oct-May) on 18.331c / off 6.792c per kWh,,Yes,Renewable Battery Connect; AC Rewards; Net Metering (Sched. NM),Active,https://puc.colorado.gov/puc-home/energy/time-of-use-rates,2026-09-27,Primary
WECC-nonRTO,CO,Xcel Energy Colorado (Public Service Co of Colorado),IOU,Renewable Battery Connect (2026),VPP,Residential;SmallC&I,Battery;Solar+Storage,Opt-in,upfront $/kW-AC rebate + flat annual participation credit,"General $250/kW-AC max continuous discharge (cap $5,000/application); Income-qualified $1,000/kW-AC (cap 75% equipment cost); DI Community $500/kW-AC (cap 75%); + $100/yr for 5 yrs. 2026 budget: General $13.63M, IQ/DIC $6.66M (reopened 2026-05-21)",Up to 60 events/yr; up to 60% of battery discharged per event; 40% reserve kept; events ~3 hr on non-holiday weekdays; year-round; storm-mode override; battery offsets home load first then exports,,,,Event export to grid permitted (credited under NM),Yes,Residential TOU; Net Metering; Solar*Rewards,Active,https://co.my.xcelenergy.com/s/renewable/battery-connect,2026-09-27,Primary
WECC-nonRTO,CO,Xcel Energy Colorado (Public Service Co of Colorado),IOU,Commercial Time of Use (C-TOU),TOU-Rate,SmallC&I,Any,Opt-in,rate differential,,,"Sched. C-TOU (<50 kW, advanced meter)",Summer Jun 1-Sep 30; winter Oct 1-May 31 (on/shoulder/off periods per tariff),Base energy (eff. 2024-05-01): summer on 16.181c / shoulder 11.089c / off 5.998c; winter on 10.191c / shoulder 8.094c / off 5.998c per kWh; $12.00/mo S&F,,Yes,Unknown,Active,https://www.xcelenergy.com/staticfiles/xe-responsive/Company/Rates%20&%20Regulations/CO-Business-Rates-Brochure.pdf,2026-09-27,Primary
WECC-nonRTO,CO,Xcel Energy Colorado (Public Service Co of Colorado),IOU,Secondary General Service (SG),Demand-Charge,SmallC&I;LargeC&I,Any,Default,demand charge avoided,"Base (eff. 2024-05-01): distribution demand $9.36/kW + G&T demand $15.14/kW summer / $9.11/kW winter; energy 0.853c/kWh; S&F $88.07/mo; plus riders DSM $1.71, PCCA $1.31, TCA $0.70, TEP $0.34 per kW-mo",,Sched. SG,Summer Jun 1-Sep 30,,,Yes,Peak Partner Rewards; ISOC,Active,https://www.xcelenergy.com/staticfiles/xe-responsive/Company/Rates%20&%20Regulations/CO-Business-Rates-Brochure.pdf,2026-09-27,Primary
WECC-nonRTO,CO,Xcel Energy Colorado (Public Service Co of Colorado),IOU,Primary General Service (PG),Demand-Charge,LargeC&I,Any,Default,demand charge avoided,Base (eff. 2024-05-01): distribution demand $5.61/kW + G&T demand $16.15/kW summer / $10.83/kW winter; energy 0.701c/kWh; S&F $894/mo,,Sched. PG,,,,Yes,Peak Partner Rewards; ISOC,Active,https://www.xcelenergy.com/staticfiles/xe-responsive/Company/Rates%20&%20Regulations/CO-Business-Rates-Brochure.pdf,2026-09-27,Primary
WECC-nonRTO,CO,Xcel Energy Colorado (Public Service Co of Colorado),IOU,Critical Peak Pricing (SG-CPP / PG-CPP / TG-CPP),CPP-PTR,LargeC&I,Any,Opt-in,critical peak energy price with reduced demand charge,,,"Sched. SG-CPP, PG-CPP, TG-CPP (>=25 kW, load factor >30%, summer-peaking)",,,,Yes,Unknown,Active,https://www.xcelenergy.com/staticfiles/xe-responsive/Company/Rates%20&%20Regulations/CO-Business-Rates-Brochure.pdf,2026-09-27,Primary
WECC-nonRTO,CO,Xcel Energy Colorado (Public Service Co of Colorado),IOU,Secondary Voltage Time-of-Use Electric Vehicle Service (S-EV),EV-Rate,SmallC&I;LargeC&I,EV/EVSE,Opt-in,low distribution demand charge + TOU energy,Distribution demand $4.60/kW; S&F $88.07/mo (eff. 2024-05-01),,Sched. S-EV; CPP option S-EV-CPP,Summer Jun 1-Sep 30; winter Oct 1-May 31,Base energy: summer on 12.636c / off 2.528c; winter on 6.319c / off 1.264c per kWh; ECA on 4.185c / off 2.092c,,Yes-restricted,Unknown,Active,https://www.xcelenergy.com/staticfiles/xe-responsive/Company/Rates%20&%20Regulations/CO-Business-Rates-Brochure.pdf,2026-09-27,Primary
WECC-nonRTO,CO,Xcel Energy Colorado (Public Service Co of Colorado),IOU,Peak Partner Rewards,DR-Curtailment,SmallC&I;LargeC&I,GeneralLoad;Battery;Generator,Opt-in,$/kW-month reservation + $/kWh performance,Reservation $2.00/kW-month + Performance $1.35/kWh (subject to annual change),"Max 15 events/yr, up to 4 hr, 12-8pm non-holiday weekdays, max 1/day, 1-hr notice; min 25 kW Jun-Sep; 2-yr minimum term",Sched. PPRP (SG/PG/TG customers with interval meter),,,,Yes-restricted,Not with ISOC (separate curtailment products),Active,https://co.my.xcelenergy.com/s/business/rate-plans/peak-partner-rewards,2026-09-27,Primary
WECC-nonRTO,CO,Xcel Energy Colorado (Public Service Co of Colorado),IOU,Interruptible Service Option Credit (ISOC),DR-Curtailment,LargeC&I,GeneralLoad;Battery;Generator,Opt-in,$/kW-month bill credit by annual-hours option,"Secondary, 10-min notice, unconstrained: 40 hr $5.86 winter / $8.49 summer; 80 hr $7.75 / $11.22; 160 hr $9.42 / $13.65 per kW-month (2021 sheet; primary/transmission slightly lower)",Customer selects 40/80/160 hr/yr; min 300 kW interruptible; optional 4 hr max per 24 hr; economic events allow buy-through,Sched. ISOC,,,,Yes-restricted,Not with S-EV-CPP,Active,https://www.xcelenergy.com/staticfiles/xe-responsive/Admin/Managed%20Documents%20&%20PDFs/CO-Business-ISOC-Information-Sheet.pdf,2026-09-27,Primary
WECC-nonRTO,CO,Xcel Energy Colorado (Public Service Co of Colorado),IOU,AC Rewards Smart Thermostat Program,DR-BYOT,Residential,Thermostat/AC,Opt-in,enrollment bill credit + annual credit,$100 one-time enrollment + $25/yr (single-family); +$50 instant thermostat rebate at Xcel store,Cooling season events; customer override allowed except system emergencies,,,,,No,Residential TOU; Renewable Battery Connect,Active,https://co.my.xcelenergy.com/s/residential/heating-cooling/ac-rewards,2026-09-27,Primary
WECC-nonRTO,CO,Xcel Energy Colorado (Public Service Co of Colorado),IOU,EV Critical Peak Pricing (S-EV-CPP),EV-Rate,SmallC&I;LargeC&I,EV/EVSE,Opt-in,TOU + critical peak energy pricing,S&F $41.13/mo; demand $3.01/kW; critical peak $1.44/kWh (2022 sheet),"Up to 15 CPP events/yr, 4 hr each, 2-10pm non-holiday weekdays, max 1/day, notice by 4pm day prior",Sched. S-EV-CPP (separately metered EV load; not with ISOC),2-10pm (per sheet),"Summer on 6.935c / off 1.387c... per 2022 sheet: values listed $0.03467, $0.01387, $0.06935, $0.00693, $0.11400/kWh; CPP $1.44/kWh",,Yes-restricted,Not with ISOC,Active,https://www.xcelenergy.com/staticfiles/xe-responsive/Business%20Programs%20&%20Rebates/EV%20CO%20CPP%20Info%20Sheet_P3.pdf,2026-09-27,Primary
WECC-nonRTO,CO,Xcel Energy Colorado (Public Service Co of Colorado),IOU,Net Metering (Sched. NM) - Solar Bank election,Export-Comp,All,Solar+Storage,Opt-in,monthly 1:1 net metering; excess as $ rollover or annual cash-out,"Annual payout at average hourly incremental cost (AHIC) of prior 12 months (historic AHIC 1.36-2.62c/kWh, 2013-2018)",,Sched. NM; Sched. PV,,,1:1 net metering at total energy rate (base + per-kWh riders) for period generated; Option A continuous $ rollover (no cash-out) or Option B annual AHIC payout; system sized to <=120% of annual use,Yes-restricted,Solar*Rewards; Renewable Battery Connect; RE-TOU,Active,https://www.xcelenergy.com/staticfiles/xe-responsive/Programs%20and%20Rebates/Residential/CO-Solar-Rewards-FAQ.pdf,2026-09-27,Primary
WECC-nonRTO,CO,Xcel Energy Colorado (Public Service Co of Colorado),IOU,Save Plus - Optimize Your Charge,EV-Rate,Residential,EV/EVSE,Opt-in,annual bill credit for scheduled off-peak charging,$50/yr bill credit each October (enroll before Aug 1; >=25% charging in window),,,"Charging windows (through 2025-10-31): 9pm-6am, 12:30-9:30am, 6am-3pm",,,No,Residential TOU,Active,https://co.my.xcelenergy.com/customersupport/s/article/EV-Terms-and-Conditions-Optimize-Your-Charge-Terms-and-Conditions-Both-CO,2026-09-27,Primary
WECC-nonRTO,AZ,Arizona Public Service Co,IOU,Time-of-Use 4pm-7pm Weekdays (Saver Choice),TOU-Rate,Residential,Any,Opt-in,rate differential,,,"Rate Schedule TOU-E (A.C.C. No. 6154, eff. 2024-03-08, Decision 79293)",Weekdays 4-7pm year-round; winter (Nov-Apr bills) super off-peak weekdays 10am-3pm; weekends/holidays off-peak,Bundled: summer on 34.396c / off 12.345c; winter on 32.543c / off 12.351c / super-off 3.495c per kWh; basic service $0.458/day; solar Grid Access Charge $0.242/kW-dc,Via Rider RCP (see RCP row),Yes,CPP-RES; RCP; EPR-2; Cool Rewards; Storage Rewards,Active,https://www.aps.com/-/media/APS/APSCOM-PDFs/Utility/Regulatory-and-Legal/Regulatory-Plan-Details-Tariffs/Residential/Service-Plans/Time-of-Use-4pm-7pmWeekdays_R-TOU-E.pdf,2026-09-27,Primary
WECC-nonRTO,AZ,Arizona Public Service Co,IOU,Time-of-Use 4pm-7pm Weekdays with Demand Charge (Saver Choice Max),Demand-Charge,Residential,Any,Opt-in,on-peak demand charge + low TOU energy,On-peak demand $19.585/kW summer / $13.747/kW winter (max 1-hr avg kW in 4-7pm weekday window); solar Grid Access Charge $0.215/kW-dc,,"Rate Schedule R-3 (A.C.C. No. 6150, eff. 2024-03-08, Decision 79293)",Weekdays 4-7pm year-round; winter super off-peak weekdays 10am-3pm,Bundled: summer on 14.227c / off 5.943c; winter on 9.932c / off 5.938c / super-off 3.495c per kWh; basic service $0.458/day,Via Rider RCP,Yes,CPP-RES; RCP; EPR-2; Storage Rewards,Active,https://www.aps.com/-/media/APS/APSCOM-PDFs/Utility/Regulatory-and-Legal/Regulatory-Plan-Details-Tariffs/Residential/Service-Plans/Time-of-Use4pm-7pmWithDemandChargeR-3.pdf,2026-09-27,Primary
WECC-nonRTO,AZ,Arizona Public Service Co,IOU,EV Overnight Charging 11pm-5am Weekdays,EV-Rate,Residential,EV/EVSE,Opt-in,TOU with overnight tier,,,"Rate Schedule R-EV (A.C.C. No. 6152, eff. 2024-03-08); annual EV ownership certification",Weekdays 4-7pm; overnight weekdays 11pm-5am; winter super off-peak weekdays 10am-3pm,Summer on 36.824c / off 12.345c / overnight 8.468c; winter on 34.820c / off 12.351c / overnight 8.468c / super-off 3.495c per kWh,Via Rider RCP,Yes,RCP; EPR-2,Active,https://www.aps.com/-/media/APS/APSCOM-PDFs/Utility/Regulatory-and-Legal/Regulatory-Plan-Details-Tariffs/Residential/Service-Plans/R-EV-Overnight.pdf,2026-09-27,Primary
WECC-nonRTO,AZ,Arizona Public Service Co,IOU,Resource Comparison Proxy (RCP) Export Rate,Export-Comp,Residential,Solar+Storage,Default,"$/kWh bill credit for instantaneous exports, 10-yr lock",Tranche 2026 (2026-09-01 to 2027-08-31): 5.554c/kWh; 2025: 6.171c; 2024: 6.857c; 2023: 7.619c; 2022: 8.465c; 2017: 12.9c. Max 10%/yr step-down,,"Rate Rider RCP (A.C.C. No. 6248, eff. 2026-09-01, Decision 82122)",,,Net billing: all exports metered instantaneously and credited at RCP tranche rate locked 10 yrs from interconnection application; December true-up check if >$25,Yes-restricted,TOU-E; R-3; R-EV; CPP-RES,Active,https://www.aps.com/-/media/APS/APSCOM-PDFs/Utility/Regulatory-and-Legal/Regulatory-Plan-Details-Tariffs/Residential/Renewable-Plans-and-Riders/rcp_RateSchedule.pdf,2026-09-27,Primary
WECC-nonRTO,AZ,Arizona Public Service Co,IOU,Critical Peak Pricing - Residential,CPP-PTR,Residential,Any,Opt-in,CPP adder + summer non-event discount,+$0.25/kWh during CPP hours; -$0.012143/kWh discount all other Jun-Sep hours,"6-18 events/yr, 5 hr each, 3-8pm weekdays Jun-Sep, notice by 4pm day prior; not with other APS DR programs","Rate Rider CPP-RES (A.C.C. No. 6191, eff. 2024-03-08)",Events 3-8pm weekdays Jun-Sep,,,Yes,TOU-E; R-3 (not with other DR programs),Active,https://www.aps.com/-/media/APS/APSCOM-PDFs/Utility/Regulatory-and-Legal/Regulatory-Plan-Details-Tariffs/Residential/Renewable-Plans-and-Riders/cppres_CriticalPeakPricingRateRider.pdf,2026-09-27,Primary
WECC-nonRTO,AZ,Arizona Public Service Co,IOU,Storage Rewards Pilot (BYOD Storage Rewards),VPP,Residential,Battery;Solar+Storage,Pilot,seasonal $/avg-kW performance bill credit,$110 per average kW discharged across all event hours in season (e.g. 2 kW avg = $220/season); opted-out events count as 0 kW; no upfront incentive,Up to 60 conservation days May 1-Oct 31; 1-4 hr each between 4-10pm incl. weekends/holidays; battery serves home first then exports; customer opt-out per event; 5-yr pilot,Storage Rewards Plan of Administration (approved 2025-03-20); any APS residential rate,Events 4-10pm May-Oct,,Exports during events credited under customer's export rider (RCP),Yes,Not with another battery management program; TOU-E; R-3; RCP,Pilot,https://www.aps.com/en/About/Sustainability-and-Innovation/Technology-and-Innovation/Storage-Rewards,2026-09-28,Primary
WECC-nonRTO,AZ,Arizona Public Service Co,IOU,Cool Rewards,DR-BYOT,Residential,Thermostat/AC,Opt-in,one-time enrollment credit + annual participation credit per thermostat,$50 enrollment + $35/yr participation per thermostat (up to $85 first year),"Up to 20 events Jun 1-Sep 30; 2-3 hr, typically starting 5-6pm; pre-cool optional; customer override any time",,,,,No,Any APS service plan,Active,https://www.aps.com/en/About/Sustainability-and-Innovation/Technology-and-Innovation/Cool-Rewards,2026-09-28,Primary
WECC-nonRTO,AZ,Arizona Public Service Co,IOU,Cool Rewards Business,DR-BYOT,SmallC&I,Thermostat/AC,Opt-in,enrollment + annual participation credit per thermostat,Up to $100/thermostat first year ($60 enrollment + $40/yr participation per EnergyHub program page),Jun 1-Sep 30 conservation events,,,,,No,Unknown,Active,https://www.aps.com/en/About/Sustainability-and-Innovation/Technology-and-Innovation/Cool-Rewards-Business,2026-09-28,Primary
WECC-nonRTO,AZ,Arizona Public Service Co,IOU,Saver Choice Plus (Rate Schedule R-2),Demand-Charge,Residential,Any,Closed to new,on-peak demand charge + TOU energy,"On-peak demand $9.389/kW (max 1-hr avg in on-peak, both seasons; capped at 15% load factor for full-requirements); Grid Access Charge $0.250/kW-dc for DG",,"Rate Schedule R-2 (A.C.C. No. 6149, eff. 2024-03-08, Decision 79293); frozen 2021-12-01",Weekdays 3-8pm year-round,Summer on 14.585c / off 8.619c; winter on 12.189c / off 8.612c per kWh; basic service $0.468/day,Via Rider RCP,Yes,CPP-RES; RCP; EPR-2,Closed to new enrollment,https://www.aps.com/-/media/APS/APSCOM-PDFs/Utility/Regulatory-and-Legal/Regulatory-Plan-Details-Tariffs/Residential/Service-Plans/Saver-Choice-Plus.pdf,2026-09-28,Primary
WECC-nonRTO,AZ,Arizona Public Service Co,IOU,E-32 TOU S Small General Service Time of Use (21-100 kW),Demand-Charge,SmallC&I,Any,Default,on/off-peak demand charges + TOU energy,"Secondary: first 100 on-peak kW $21.620/kW, additional $10.918/kW; first 100 off-peak kW $8.636/kW, additional $2.970/kW (15-min max)",,"Rate Schedule E-32TOU S (A.C.C. No. 6161, eff. 2024-03-08); sibling XS/M/L schedules by size",Weekdays 3-8pm; summer May-Oct,Summer on 7.883c / off 5.998c; winter on 6.177c / off 4.559c per kWh; basic service $1.286-5.484/day,Rider EPR-2 net billing or EPR-6,Yes,EPR-2; EPR-6; DCFC pilot; APS Peak Solutions,Active,https://www.aps.com/-/media/APS/APSCOM-PDFs/Utility/Regulatory-and-Legal/Regulatory-Plan-Details-Tariffs/Business/TOU-Business-NonRes-Plans/e32_TimeOfUseSmall.pdf,2026-09-28,Primary
WECC-nonRTO,AZ,Arizona Public Service Co,IOU,E-32 L SP Large General Service Storage Pilot (401 kW+),Demand-Charge,LargeC&I,Battery;Solar+Storage,Pilot,storage-specific rate: low demand charges + steep summer TOU energy spread,"Secondary demand: on-peak $6.994/kW summer / $5.455 winter; off-peak $2.634 / $1.885 per kW; min on-peak billing 300 kW; pilot cap 35,000 kW",,"Rate Schedule E-32 L SP (A.C.C. No. 6180, eff. 2024-03-08); requires on-site chemical/mechanical/thermal storage",Weekdays 4-9pm year-round; summer May-Oct,Summer on 21.763c / off 7.889c; winter on 8.455c / off 4.959c per kWh,Rider EPR-2 net billing or EPR-6,Yes,EPR-2; EPR-6; E-56R,Pilot,https://www.aps.com/-/media/APS/APSCOM-PDFs/Utility/Regulatory-and-Legal/Regulatory-Plan-Details-Tariffs/Business/Specialized-Plans/E-32_L_Storage_Pilot-Rev01.ashx?la=en,2026-09-28,Primary
WECC-nonRTO,AZ,Arizona Public Service Co,IOU,APS Peak Solutions (with CPower),DR-Curtailment,SmallC&I;LargeC&I,GeneralLoad;Battery;Generator,Opt-in,$/kW capacity payment via aggregator,,Jun-Sep events; minimum 10 kW commitment; no non-performance penalties,,,,,Yes-restricted,Unknown,Active,https://www.aps.com/en/About/Our-Company/Newsroom/Articles/Receive-rewards-maintain-grid-reliability-through-APS-Peak-Solutions,2026-09-28,Secondary
WECC-nonRTO,AZ,Salt River Project,Federal/State,Customer Generation Price Plan (E-27),Demand-Charge,Residential,Solar+Storage;Battery,Opt-in,tiered on-peak demand charge (max 30-min on-peak kW) + low TOU energy,"On-peak demand first 3 kW / next 7 kW / above 10 kW: summer (May-Jun, Sep-Oct) $9.77 / $16.24 / $29.18; summer peak (Jul-Aug) $11.90 / $19.97 / $36.05; winter $4.93 / $7.02 / $11.00 per kW. Monthly service charge $20/$30/$40 by tier",,"Price Plan E-27 (eff. Nov 2025 billing cycle; plan eliminated Nov 2029, remaining customers moved to E-16)",May-Oct weekdays 2-8pm; Nov-Apr weekdays 5-9am & 5-9pm,Standard energy: summer on 6.62c / off 5.60c; summer peak on 8.23c / off 6.13c; winter on 6.73c / off 6.34c per kWh (temporary -0.38c May-Oct 2026),Monthly kWh netting by TOU period; net excess credited at plan retail per-kWh price,Yes,SRP Battery Partner,Active,https://www.srpnet.com/v3/assets/bltefc1fc708dcc94e7/blte387c22be2e0a2f6/2025-Ratebook-with-Temporary-FPPAM.pdf,2026-09-28,Primary
WECC-nonRTO,AZ,Salt River Project,Federal/State,Manage Demand 5-10 p.m. and Save (E-16),Demand-Charge,Residential,Any;Solar+Storage,Opt-in,average on-peak daily kW demand charge + 3-period TOU energy,Average on-peak daily kW: summer $13.56/kW; summer peak (Jul-Aug) $17.78/kW; winter $9.61/kW. Monthly service charge $20/$30/$40,,Price Plan E-16 (eff. Nov 2025 billing cycle),Weekdays 5-10pm year-round; super off-peak 8am-3pm daily,Standard: summer on 12.57c / off 9.95c / super-off 3.93c; summer peak on 16.54c / off 9.66c / super-off 6.22c; winter on 11.19c / off 9.94c / super-off 4.38c per kWh,"Instantaneous export credit 1.87c/kWh (eff. May 2026 billing cycle); reset each May = 3-yr avg CAISO ELAP hourly price weighted by solar export profile, adjusted for 5.76% loss factor",Yes,SRP Battery Partner,Active,https://www.srpnet.com/v3/assets/bltefc1fc708dcc94e7/blte387c22be2e0a2f6/2025-Ratebook-with-Temporary-FPPAM.pdf,2026-09-28,Primary
WECC-nonRTO,AZ,Salt River Project,Federal/State,Conserve 6-9 p.m. and Save,TOU-Rate,Residential,Any;Solar+Storage,Opt-in,3-period TOU energy with super off-peak,,,,On-peak 6-9pm (per plan name); super off-peak midday,Summer on 18.85c / off 15.06c / super-off 3.95c; summer peak (Jul-Aug) on 40.20c / off 12.76c / super-off 6.61c; winter on 15.08c / off 13.55c / super-off 4.32c per kWh,Export rate (instantaneous export credit),Yes,SRP Battery Partner,Active,https://www.srpnet.com/price-plans/residential-electric/solar/compare-solar-plans,2026-09-28,Primary
WECC-nonRTO,AZ,Salt River Project,Federal/State,Time-of-Use Export Price Plan (E-13),Export-Comp,Residential,Solar+Storage,Opt-in,TOU energy + fixed per-exported-kWh credit (no demand charge),Export credit 3.45c/kWh for all kWh delivered to SRP,,Price Plan E-13 (eff. Nov 2025 billing cycle),May-Oct weekdays 2-8pm; Nov-Apr weekdays 5-9am & 5-9pm,Standard: summer on 20.83c / off 11.19c; summer peak on 23.38c / off 11.19c; winter on 14.25c / off 10.41c per kWh,Instantaneous net billing: all exports credited at 3.45c/kWh; compatible with SRP Renewable Export Program,Yes,SRP Renewable Export Program; SRP Battery Partner,Active,https://www.srpnet.com/v3/assets/bltefc1fc708dcc94e7/blte387c22be2e0a2f6/2025-Ratebook-with-Temporary-FPPAM.pdf,2026-09-28,Primary
WECC-nonRTO,AZ,Salt River Project,Federal/State,Electric Vehicle Export Price Plan (E-14),EV-Rate,Residential,EV/EVSE;Solar+Storage,Opt-in,TOU with overnight super off-peak + per-exported-kWh credit,,,Price Plan E-14,May-Oct weekdays 2-8pm; Nov-Apr weekdays 5-9am & 5-9pm; super off-peak 11pm-5am year-round,Summer on 20.83c / off 12.30c / super-off 7.93c; summer peak on 23.38c / off 12.22c / super-off 7.94c; winter on 14.25c / off 11.77c / super-off 7.92c per kWh,Instantaneous export credit (fixed per-kWh rate); compatible with SRP Renewable Export Program,Yes,SRP Renewable Export Program,Active,https://www.srpnet.com/price-plans/residential-electric/solar/compare-solar-plans,2026-09-28,Primary
WECC-nonRTO,AZ,Salt River Project,Federal/State,Average Demand Price Plan (E-15),Demand-Charge,Residential,Solar+Storage,Opt-in,average-demand charge (higher $/kW) + low TOU energy,,,Price Plan E-15,May-Oct weekdays 2-8pm; Nov-Apr weekdays 5-9am & 5-9pm,Summer on 6.63c / off 5.61c; summer peak on 8.23c / off 6.13c; winter on 6.74c / off 6.34c per kWh,Net metering (per SRP comparison table),Yes,SRP Battery Partner,Active,https://www.srpnet.com/price-plans/residential-electric/solar/compare-solar-plans,2026-09-28,Primary
WECC-nonRTO,AZ,Salt River Project,Federal/State,SRP Battery Partner,VPP,Residential,Battery;Solar+Storage,Pilot,$/avg-kW performance bill credit paid per season (twice a year),"~$55 per average kW per season, paid after summer and winter seasons (~$110/kW-yr); no upfront incentive","Conservation events; SRP never discharges below 20% SOC; opt-out per event; 5-yr pilot to 2030-04-30, max 5,000 customers; Enphase, FranklinWH, Tesla, SolarEdge",,,,Customer keeps export credits under current price plan,Yes,Any SRP residential solar price plan,Pilot,https://www.srpnet.com/energy-savings-rebates/home/residential-solar/battery-partner,2026-09-28,Primary
WECC-nonRTO,AZ,Salt River Project,Federal/State,SRP Renewable Export Program,Export-Comp,Residential;SmallC&I,Solar+Storage;Battery,Opt-in,hourly real-time market energy credit + optional capacity credit,Capacity Cost Adjuster $6.30/kW-month per 2-hr block (2026 enrollees); credit = lesser of delivered or contracted capacity,,,,,Exports credited at hourly real-time market price instead of fixed export rate; QF <=100 kW AC; requires E-13/E-14 export plan or commercial buyback rider,Yes,E-13; E-14; commercial Buyback Service Rider,Active,https://www.srpnet.com/price-plans/residential-electric/solar/renewable-export-program,2026-09-28,Secondary
WECC-nonRTO,AZ,Salt River Project,Federal/State,SRP Business Demand Response Program (with Enel X),DR-Curtailment,SmallC&I;LargeC&I,GeneralLoad;Battery;Generator,Opt-in,$/kW-season payment on average delivered kW,Contract-specific $/kW-season (not published),Summer May 1-Oct 31; dispatch noon-9pm; >=90 min notice; up to 10 events/season (full) or 5 (limited option); separate Backup Resources program,,,,,Yes-restricted,Customized Interruptible Rider (Unknown),Active,https://www.srpnet.com/energy-savings-rebates/business/rebates/demand-response,2026-09-28,Secondary
WECC-nonRTO,AZ,Salt River Project,Federal/State,Standard Price Plan for Time-of-Use General Service (E-32),Demand-Charge,SmallC&I;LargeC&I,Any,Opt-in,on-peak + shoulder/off-peak demand charges (all kW over 5) + 3-period TOU energy,"On-peak kW: summer $5.05, summer peak $6.75, winter $4.45; max shoulder/off-peak kW $1.02 (30-min integrated)",,Price Plan E-32 (eff. Nov 2025; TCA update Jan 2026),Weekdays 5-10pm year-round; off-peak 8am-3pm daily; shoulder otherwise,Summer on 13.19c / shoulder 10.58c / off 8.03c; summer peak on 19.24c / shoulder 12.67c / off 10.93c; winter on 9.82c / shoulder 8.57c / off 6.09c per kWh,Buyback Service Rider (on-site generation or storage),Yes,Buyback Service Rider; Customized Interruptible Rider; Business Demand Response,Active,https://www.srpnet.com/v3/assets/bltefc1fc708dcc94e7/blt1f5b0eb44368dc55/2025_Ratebook_E-32_with_TCA.pdf,2026-09-28,Primary
WECC-nonRTO,AZ,Tucson Electric Power (TEP),IOU,Time-of-Use Residential Pricing Plan,TOU-Rate,Residential,Any,Opt-in,tiered TOU energy,,,Rate TRRESTOU (Sheet 102); Decision 79065 rates,Summer (May-Sep) weekdays 3-7pm; winter (Oct-Apr) weekdays 6-9am & 6-9pm,Summer on/off: 0-500 kWh 19.27c/12.19c; 501-1000 20.56c/13.47c; >1000 21.28c/14.19c. Winter on/off: 13.33c/12.48c; 14.61c/13.77c; 15.33c/14.49c per kWh (excl. PPFAC); BSC $12/mo,Rider-14 RCP export rate for DG,Yes,Smart Rewards; RCP,Active,https://www.tep.com/time-of-use/,2026-09-28,Primary
WECC-nonRTO,AZ,Tucson Electric Power (TEP),IOU,Demand Time-of-Use Residential Pricing Plan,Demand-Charge,Residential,Any,Opt-in,tiered on-peak demand charge (max 1-hr on-peak kW) + TOU energy,Demand: first 7 kW $11.60/kW; above 7 kW $16.85/kW,,Rate TRRESDT (Sheet 104),Summer (May-Sep) weekdays 3-7pm; winter (Oct-Apr) weekdays 6-9am & 6-9pm,Summer on 14.37c / off 7.29c; winter on 8.43c / off 7.58c per kWh (excl. PPFAC); BSC $12 single-phase / $17 three-phase,Rider-14 RCP,Yes,Smart Rewards; RCP,Active,https://www.tep.com/demand-tou/,2026-09-28,Primary
WECC-nonRTO,AZ,Tucson Electric Power (TEP),IOU,Residential Demand Time-of-Use Tech (R-Tech),Demand-Charge,Residential,Battery;Solar+Storage;EV/EVSE,Pilot,high demand charge + very low energy rate for customers with qualifying technologies,On-peak demand 0-7 kW $20.19 summer / $16.19 winter; >7 kW $30.94 / $23.07 per kW; off-peak excess demand (above 150% of on-peak kW) $13.04/kW,,"Rate TRRDTT (Sheet 109, eff. 2023-09-01, Decision 79065); cap 4,000 customers; battery 4 kWh to 125% of peak kW",Summer weekdays 3-7pm; winter weekdays 6-9am & 6-9pm,"Delivery energy on 3.6706c / off 2.2547c + base power supply summer on 6.895c / off 3.2096c, winter on 3.9694c / off 3.1266c per kWh; BSC $15.50",Rider-14 RCP,Yes,RCP,Pilot,https://docs.tep.com/wp-content/uploads/109-TRRDTT.pdf,2026-09-28,Primary
WECC-nonRTO,AZ,Tucson Electric Power (TEP),IOU,Resource Comparison Proxy (RCP) Export Rate,Export-Comp,Residential;SmallC&I,Solar+Storage,Default,"$/kWh excess generation credit, 10-yr lock at rate in effect at interconnection request","5.70c/kWh (2024-10-01 to 2025-09-30, TEP page); 5.13c/kWh eff. 2025-10-01 (secondary reports); max 10%/yr decline",,Rider-14 RCP (Sheet 714); applies to interconnection requests since 2018-09-20,,,Net billing: excess generation credited at RCP; annual update based on 5-yr avg solar market cost,Yes-restricted,TOU; Demand TOU; R-Tech,Active,https://www.tep.com/rcp/,2026-09-28,Primary
WECC-nonRTO,AZ,Tucson Electric Power (TEP),IOU,Smart Rewards,DR-BYOT,Residential,Thermostat/AC,Opt-in,enrollment gift card + annual gift card,$50 e-gift card at enrollment + $40/yr,Jun 1-Sep 30 incl. weekends/holidays; events <=3 hr between 4-8pm; setpoint up to +4F; pre-cool up to -3F; opt-out any time,,,,,No,Any residential plan,Active,https://www.tep.com/smart-rewards/,2026-09-28,Primary
WECC-nonRTO,AZ,Tucson Electric Power (TEP),IOU,Interruptible Service (Rider-12),DR-Curtailment,LargeC&I,GeneralLoad;Generator;Battery,Opt-in,monthly $/kW credit at Market Value Capacity Price,MVCP $2.25/kW-month (May-Sep 2025) x interruptible kW,"Customers on >3,000 kW rate plans; min 1,000 kW curtailable at single service point",Rider-12 (Sheet 712),,,,Yes-restricted,Unknown,Active,https://docs.tep.com/wp-content/uploads/712-Rider-12-Interruptible-Service.pdf,2026-09-28,Primary
WECC-nonRTO,OR,Portland General Electric,IOU,Time of Day,TOU-Rate,Residential,Any,Opt-in,3-period TOU with first-year bill protection (refund above 10% over Basic Service),,,Sched. 7 Time of Day option,Weekdays 5-9pm year-round; mid-peak weekdays 7am-5pm; off-peak 9pm-7am weekdays + all weekend/holidays,As of 2026-07-08: on 43.13c / mid 16.70c / off 8.93c per kWh (energy+transmission+distribution incl. Sch 125),Net metering (see Net Metering row),Yes,Peak Time Rebates; Smart Battery Pilot; Smart Thermostat,Active,https://portlandgeneral.com/about/info/pricing-plans/time-of-day,2026-09-28,Primary
WECC-nonRTO,OR,Portland General Electric,IOU,Peak Time Rebates,CPP-PTR,Residential,Any;Battery,Opt-in,$/kWh rebate below 10-day weather-adjusted baseline,$1.00/kWh reduced below baseline (avg $2-3/event in pilot),Summer Jun 1-Sep 30 events between 3-8pm; winter Nov 1-Feb 28 events 7-11am and evenings; typically 4-7 summer + 1-4 winter events; ~3 hr; day-ahead notice,,,,,Yes,Time of Day; not with Smart Thermostat program,Active,https://portlandgeneral.com/save-money/save-money-home/peak-time-rebates,2026-09-28,Primary
WECC-nonRTO,OR,Portland General Electric,IOU,Smart Battery Pilot,VPP,Residential,Battery;Solar+Storage,Pilot,$/kWh event bill credit by customer-chosen capacity tier,"$1.70/kWh discharged per Peak Time Event (earlier pilot design paid $20-$40/mo + upfront $1,000-3,000 per secondary sources)","~10-15 dispatches/yr (hot/cold days); customer chooses share tier (% of capacity); no dispatch during outages/severe weather; opt-out per event; VPP up to 9.5 MWh; Duracell, Eguana, Emporia, Enphase, FranklinWH, Tesla, SolarEdge",,,,,Yes,Time of Day; Energy Trust of Oregon battery incentive; Oregon Solar + Storage Rebate,Pilot,https://portlandgeneral.com/pge-smart-battery-pilot-residential-offering,2026-09-28,Primary
WECC-nonRTO,OR,Portland General Electric,IOU,Smart Thermostat Program,DR-BYOT,Residential,Thermostat/AC;HeatPump;SpaceHeat,Opt-in,per-season participation credit,$25 per season,Summer and winter Peak Time Events,,,,,No,Not with Peak Time Rebates,Active,https://portlandgeneral.com/save-money/save-money-home/smart-thermostat-program,2026-09-28,Primary
WECC-nonRTO,OR,Portland General Electric,IOU,Energy Partner On Demand,DR-Curtailment,LargeC&I,GeneralLoad;Battery;Generator,Opt-in,monthly reservation payment on committed kW (performance-adjusted) + energy payment per event kWh,,"~7 summer events (Jun 1-Sep 30, typically 4-8pm) + 5-6 winter events (Nov 1-Feb 28, typically 7-10am); 3-4 hr each; notice options 18-4 hr or 10 min; up to 4 pre-scheduled opt-out days/season",,,,,Yes-restricted,Dispatchable Standby Generation (Unknown),Active,https://portlandgeneral.com/save-money/save-money-business/energy-partner-program,2026-09-28,Primary
WECC-nonRTO,OR,Portland General Electric,IOU,Dispatchable Standby Generation,DR-Curtailment,LargeC&I,Generator;Battery,Opt-in,PGE operates/maintains customer backup generator or battery for grid dispatch (maintenance cost offset),,,,,,,Yes,Energy Partner On Demand (Unknown),Active,https://portlandgeneral.com/save-money/save-money-business/dispatchable-standby-generation,2026-09-28,Secondary
WECC-nonRTO,OR,Portland General Electric,IOU,Time of Use Pricing - Schedule 32 Business,TOU-Rate,SmallC&I,Any,Opt-in,3-period TOU energy,,,Sched. 32 TOU option,Summer (May-Oct) weekdays 3-8pm; winter (Nov-Apr) weekdays 6-10am & 5-8pm; off-peak 10pm-6am daily + Sundays/holidays,"On 20.53c (first 5,000 kWh) / 17.846c (over); mid 14.508c / 11.824c; off 11.278c / 8.594c per kWh",,Yes,Unknown,Active,https://portlandgeneral.com/about/info/pricing-plans/time-of-use/time-of-use-pricing-business,2026-09-28,Primary
WECC-nonRTO,OR,Portland General Electric,IOU,Net Metering,Export-Comp,All,Solar+Storage,Opt-in,monthly kWh netting with annual true-up,Excess kWh credits carried forward monthly at retail; unused credits at March true-up donated to low-income bill assistance (no cash-out),,Oregon net metering (ORS 757.300),,,1:1 kWh net metering; annual billing period ends March; excess donated to low-income assistance,Yes-restricted,Time of Day; Smart Battery Pilot,Active,https://portlandgeneral.com/understanding-your-net-metering-bill,2026-09-28,Secondary
WECC-nonRTO,UT,PacifiCorp (Pacific Power OR / Rocky Mountain Power WY-ID-UT),IOU,Wattsmart Battery Program - Residential (Utah),VPP,Residential,Battery;Solar+Storage,Opt-in,upfront enrollment incentive (4-yr commitment) + annual $/kW bill credit,"Eff. 2026-06-15: single battery <10 kW $1,000; >=10 kW $2,000 (cap per household); bill credit yrs 2-4 $15/kW-yr (cap $100), yrs 5+ $50/kW-yr (cap $250)",Utility-managed daily dispatch possible; not discharged below 10% SOC; prorated incentive clawback if leaving within 4 yrs; IEEE 2030.5 30-sec data; standalone batteries must be on TOU,,,,No export of battery energy except when dispatched by RMP; does not change customer's net billing rate,Yes,Sched. 137 Net Billing; Sched. 1 TOU,Active,https://www.rockymountainpower.net/savings-energy-choices/wattsmart-battery-program.html,2026-09-28,Primary
WECC-nonRTO,UT,PacifiCorp (Pacific Power OR / Rocky Mountain Power WY-ID-UT),IOU,Wattsmart Battery Program - Commercial (Utah),VPP,SmallC&I;LargeC&I,Battery;Solar+Storage,Opt-in,upfront $/kW + annual $/kW bill credit,"$200/kW up to 30 kW; bill credit yrs 2-4 $15/kW-yr (cap $250), yrs 5+ $50/kW-yr (cap $750); >30 kW custom offer (no bill credits)",Pre-approval >30 kW; must be on TOD and/or demand-charge schedule; 4-yr commitment,,,,,Yes,Sched. 6A,Active,https://www.rockymountainpower.net/savings-energy-choices/wattsmart-battery-program.html,2026-09-28,Primary
WECC-nonRTO,UT,PacifiCorp (Pacific Power OR / Rocky Mountain Power WY-ID-UT),IOU,Cool Keeper,DR-DLC,Residential;SmallC&I,Thermostat/AC;HeatPump,Opt-in,monthly summer bill credit (May-Sep),"<=5.5 tons: $6/mo, $30/yr; >5.5 tons: $12/mo, $60/yr","Season ~Apr-Oct; ~5 events/week any time of day; typically 5 min (avg ~7, up to 30 min); 2 opt-outs/season; Wasatch Front only",,,,,No,Unknown,Active,https://www.rockymountainpower.net/savings-energy-choices/home/cool-keeper.html,2026-09-28,Primary
WECC-nonRTO,UT,PacifiCorp (Pacific Power OR / Rocky Mountain Power WY-ID-UT),IOU,Irrigation Load Control (Utah),DR-Curtailment,LargeC&I,IrrigationPump,Opt-in,$/kW seasonal payment on avg usage + 20% bonus for full participation,2025: $33.31/kW (Utah); +20% bonus for participating in every mandatory event,Summer irrigation season; administered by Enel,,,,,No,Sched. 10 Irrigation TOD (Unknown),Active,https://www.enelnorthamerica.com/content/dam/enel-na/resources/flyers/pdf/Rocky-Mountain-Power-ILC-DR-FAQ_Flyer_RMP.pdf,2026-09-28,Secondary
WECC-nonRTO,UT,PacifiCorp (Pacific Power OR / Rocky Mountain Power WY-ID-UT),IOU,Residential Time of Use Option (Schedule 1),TOU-Rate,Residential,Any;EV/EVSE,Opt-in,2-period TOU with first-year 10% bill guarantee,,,Sched. 1 TOU option (Sched. 2 and 2E customers migrated by 2025-12-01 per 2024 GRC settlement),Weekdays 6-10pm year-round; weekends/holidays off-peak,Jun-Sep on 32.0834c / off 7.1296c; Oct-May on 28.3924c / off 6.3094c per kWh,Sched. 137 net billing,Yes,Wattsmart Battery (required for standalone batteries); Sched. 137,Active,https://www.rockymountainpower.net/savings-energy-choices/time-of-day.html,2026-09-28,Primary
WECC-nonRTO,UT,PacifiCorp (Pacific Power OR / Rocky Mountain Power WY-ID-UT),IOU,Commercial Time of Day Option (Schedule 6A),TOU-Rate,SmallC&I,Any,Opt-in,load-factor-blocked energy charge with off-peak credit,,,Sched. 6A (eff. 2025-12-01),Weekdays 6-10pm,"Jun-Sep 26.6152c first 50 kWh/kW, 9.7456c additional, off-peak credit -2.8581c; Oct-May 23.5533c / 8.6244c / -2.5293c per kWh",,Yes,Wattsmart Battery - Commercial,Active,https://www.rockymountainpower.net/savings-energy-choices/time-of-day.html,2026-09-28,Primary
WECC-nonRTO,UT,PacifiCorp (Pacific Power OR / Rocky Mountain Power WY-ID-UT),IOU,Irrigation Time of Day Option (Schedule 10),TOU-Rate,LargeC&I,IrrigationPump,Opt-in,TOU energy,,,Sched. 10,Weekdays 4-10pm May-Sep,May-Sep on 16.8531c / off 4.8152c per kWh,,Yes,Irrigation Load Control (Unknown),Active,https://www.rockymountainpower.net/savings-energy-choices/time-of-day.html,2026-09-28,Primary
WECC-nonRTO,UT,PacifiCorp (Pacific Power OR / Rocky Mountain Power WY-ID-UT),IOU,Net Billing Service (Schedule 137),Export-Comp,All,Solar+Storage,Default,$/kWh export credit updated annually (avoided energy + gen/trans/dist capacity),Eff. 2026-03-01: Jun-Sep 4.855c/kWh; Oct-May 4.033c/kWh (prior 5.704c / 4.199c),,"Sched. 137, Docket 26-035-T03 (annual ECR update per Docket 17-035-61)",,,"Net billing: all exported kWh credited at ECR; credits carry forward monthly, expire at end of annualized billing period",Yes-restricted,Wattsmart Battery; Sched. 1 TOU,Active,https://pscdocs.utah.gov/electric/26docs/26035T03/343554Trf1-26-2026.pdf,2026-09-28,Primary
WECC-nonRTO,ID,PacifiCorp (Pacific Power OR / Rocky Mountain Power WY-ID-UT),IOU,Wattsmart Battery Program - Residential (Idaho),VPP,Residential,Battery;Solar+Storage,Opt-in,upfront enrollment incentive (4-yr commitment) + annual $/kW bill credit,"Eff. 2026-07-01: single battery <10 kW $1,000; >=10 kW $2,000; bill credit yrs 2-4 $15/kW-yr (cap $100), yrs 5+ $50/kW-yr (cap $250); commercial $200/kW up to 30 kW",Not discharged below 10% SOC; utility-managed dispatch; 4-yr commitment with prorated clawback,,,,Battery export only when dispatched,Yes,Sched. 36 TOD; Sched. 136,Active,https://www.rockymountainpower.net/savings-energy-choices/wattsmart-battery-program.html,2026-09-28,Primary
WECC-nonRTO,ID,PacifiCorp (Pacific Power OR / Rocky Mountain Power WY-ID-UT),IOU,Irrigation Load Control (Idaho),DR-Curtailment,LargeC&I,IrrigationPump,Opt-in,$/kW seasonal payment + 20% full-participation bonus,2025: $32.50/kW (Idaho); +20% bonus,Summer irrigation season; administered by Enel,,,,,No,Unknown,Active,https://www.enelnorthamerica.com/content/dam/enel-na/resources/flyers/pdf/Rocky-Mountain-Power-ILC-DR-FAQ_Flyer_RMP.pdf,2026-09-28,Secondary
WECC-nonRTO,ID,PacifiCorp (Pacific Power OR / Rocky Mountain Power WY-ID-UT),IOU,Time of Day Residential (Schedule 36),TOU-Rate,Residential,Any,Opt-in,2-period TOU,,,Sched. 36,Jun-Oct 3-11pm all days; Nov-May 6-9am & 6-11pm all days,Summer on 18.5344c / off 5.9010c; winter on 15.8791c / off 5.4253c per kWh; customer charge $23.50,Sched. 136 net billing / Sched. 135 legacy,Yes,Wattsmart Battery,Active,https://www.rockymountainpower.net/savings-energy-choices/time-of-day.html,2026-09-28,Primary
WECC-nonRTO,ID,PacifiCorp (Pacific Power OR / Rocky Mountain Power WY-ID-UT),IOU,Time of Day General Service (Schedule 35),TOU-Rate,SmallC&I;LargeC&I,Any,Opt-in,2-period TOU energy,,,Sched. 35,Jun-Oct 3-11pm all days; Nov-May 6-9am & 6-11pm all days,Jun-Oct on 12.7229c / off 9.7288c; Nov-May on 11.5405c / off 8.8247c per kWh; customer charge $81 secondary / $200 primary,,Yes,Wattsmart Battery - Commercial,Active,https://www.rockymountainpower.net/savings-energy-choices/time-of-day.html,2026-09-28,Primary
WECC-nonRTO,ID,PacifiCorp (Pacific Power OR / Rocky Mountain Power WY-ID-UT),IOU,Net Billing Service (Schedule 136) - Export Credit Rate,Export-Comp,All,Solar+Storage,Default,proposed time-differentiated $/kWh export credit updated annually (replacing retail-rate credit),"Proposed ~4c/kWh (vs retail 7-18c); final IPUC-approved values not verified (secondary sources cite 14.666c on / 5.597c off Jun-Oct, 3.664c / 1.228c Nov-May as of Mar 2026)",,Sched. 136; IPUC Case PAC-E-25-02 (proposed eff. 2025-10-01); legacy Sched. 135 net metering grandfathered to 2045-10-02,,,Legacy Sched. 135: retail net metering to 2045; Sched. 136 (post-Oct 2020 systems): export credit rate per PAC-E-25-02,Yes-restricted,Wattsmart Battery,Proposed/pending,https://www.rockymountainpower.net/savings-energy-choices/customer-generation/idaho-export-credit.html,2026-09-28,Unverified
WECC-nonRTO,WY,PacifiCorp (Pacific Power OR / Rocky Mountain Power WY-ID-UT),IOU,Wattsmart Battery Program - Residential (Wyoming),VPP,Residential,Battery;Solar+Storage,Opt-in,upfront enrollment incentive (4-yr commitment) + annual $/kW bill credit,"Eff. 2026-07-01: single battery <10 kW $1,000; >=10 kW $2,000; bill credit yrs 2-4 $15/kW-yr (cap $100), yrs 5+ $50/kW-yr (cap $250); commercial $200/kW up to 30 kW",Not discharged below 10% SOC; utility-managed dispatch; 4-yr commitment,,,,Battery export only when dispatched,Yes,Sched. 19 TOU; WY net metering,Active,https://www.rockymountainpower.net/savings-energy-choices/wattsmart-battery-program.html,2026-09-28,Primary
WECC-nonRTO,WY,PacifiCorp (Pacific Power OR / Rocky Mountain Power WY-ID-UT),IOU,Residential Time of Use (Schedule 19),TOU-Rate,Residential,Any,Opt-in,2-period TOU with first-year 10% guarantee,,,Sched. 19; $2/mo metering fee,Daily 7-9am & 5-11pm,Approx. net energy: on 16c / off 10c per kWh,,Yes,Wattsmart Battery,Active,https://www.rockymountainpower.net/savings-energy-choices/time-of-day.html,2026-09-28,Primary
WECC-nonRTO,WY,PacifiCorp (Pacific Power OR / Rocky Mountain Power WY-ID-UT),IOU,Commercial Time of Use (Schedule 29),TOU-Rate,SmallC&I,Any,Opt-in,load-factor-blocked energy with off-peak credit; limited to 100 participants,,,Sched. 29; $2/mo metering fee,Daily 7-9am & 4-11pm,Approx. 27c/kWh first 100 kWh per kW; 7c additional; -2c/kWh off-peak credit,,Yes,Wattsmart Battery - Commercial,Active,https://www.rockymountainpower.net/savings-energy-choices/time-of-day.html,2026-09-28,Primary
WECC-nonRTO,WY,PacifiCorp (Pacific Power OR / Rocky Mountain Power WY-ID-UT),IOU,Net Metering Service (Schedule 135) - Wyoming,Export-Comp,All,Solar+Storage,Opt-in,monthly kWh net metering; annual true-up at avoided cost,Unused kWh credits at calendar year-end purchased at Sched. 37 avoided-cost rate,,Sched. 135 (P.S.C. Wyoming No. 19); systems <=25 kW,,,1:1 kWh net metering monthly with kWh carryforward; annual excess paid at Sched. 37 avoided cost,Yes-restricted,Wattsmart Battery; Sched. 19 TOU,Active,https://www.rockymountainpower.net/content/dam/pcorp/documents/en/rockymountainpower/rates-regulation/wyoming/rates/135_Net_Metering_Service.pdf,2026-09-28,Primary
WECC-nonRTO,OR,PacifiCorp (Pacific Power OR / Rocky Mountain Power WY-ID-UT),IOU,Wattsmart Battery Program (Oregon),VPP,Residential;SmallC&I,Battery;Solar+Storage,Opt-in,upfront $/kW enrollment incentive (4-yr commitment) + annual $/kW bill credit from year 2,"Residential $600/kW upfront (cap $3,000/household); commercial $600/kW up to 30 kW; $15/kW-yr bill credit from year 2 (e.g. 5 kW = $3,000 + $75/yr); >30 kW custom, no bill credit; existing qualified batteries get bill credit only",Daily dispatch possible in 5-min increments; not discharged below 10% SOC; standalone residential batteries must be on TOU; 4-yr commitment with prorated clawback,,,,Battery export only when dispatched; net metering unaffected,Yes,Energy Trust of Oregon battery incentive; Oregon Solar + Storage Rebate; Residential TOU; net metering,Active,https://www.pacificpower.net/savings-energy-choices/wattsmart-battery-program.html,2026-09-28,Primary
WECC-nonRTO,OR,PacifiCorp (Pacific Power OR / Rocky Mountain Power WY-ID-UT),IOU,Oregon Residential Time of Use,TOU-Rate,Residential,Any;EV/EVSE,Opt-in,2-period TOU with first-year 10% guarantee,,,Sched. 4 TOU option (see Oregon Price Summary),Daily 5-9pm,Estimated on ~28c / off ~10c per kWh (incl. most adjustments),Net metering,Yes,Wattsmart Battery (required TOU for standalone battery),Active,https://www.pacificpower.net/savings-energy-choices/time-of-use.html,2026-09-28,Primary
WECC-nonRTO,OR,PacifiCorp (Pacific Power OR / Rocky Mountain Power WY-ID-UT),IOU,Oregon Small Non-Residential Time of Use (Schedule 23),TOU-Rate,SmallC&I,Any,Opt-in,on-peak adder / off-peak credit on standard rate,,,Sched. 23 TOU option; larger customers Sched. 29,Daily 5-9pm,On-peak charge +12.578c/kWh; off-peak credit -2.532c/kWh (adjustments to base rate),,Yes,Wattsmart Battery (commercial),Active,https://www.pacificpower.net/savings-energy-choices/time-of-use.html,2026-09-28,Primary
WECC-nonRTO,OR,PacifiCorp (Pacific Power OR / Rocky Mountain Power WY-ID-UT),IOU,Oregon Irrigation Time of Use (Schedule 41),TOU-Rate,LargeC&I,IrrigationPump,Opt-in,on-peak adder / off-peak credit Jul-Sep,,,Sched. 41 + Sched. 201,Jul-Sep; Option A 2-6pm or Option B 6-10pm,On-peak +12.030c/kWh; off-peak credit -2.696c/kWh,,Yes,Unknown,Active,https://www.pacificpower.net/savings-energy-choices/time-of-use.html,2026-09-28,Primary
WECC-nonRTO,OR,PacifiCorp (Pacific Power OR / Rocky Mountain Power WY-ID-UT),IOU,Commercial & Industrial Demand Response (with Enel),DR-Curtailment,LargeC&I,GeneralLoad;Battery;Generator,Opt-in,annual $/MW capacity payment via Enel,"$30,000-$85,000 per MW-yr (i.e. $30-85/kW-yr) depending on product",,,,,,Yes-restricted,Unknown,Active,https://www.pacificpower.net/savings-energy-choices/business/CIDR.html,2026-09-28,Secondary
WECC-nonRTO,OR,PacifiCorp (Pacific Power OR / Rocky Mountain Power WY-ID-UT),IOU,Net Metering (Oregon),Export-Comp,All,Solar+Storage,Opt-in,monthly kWh net metering with annual true-up,Excess kWh carried forward; unused credits at annual true-up go to low-income assistance per Oregon net metering statute (no cash-out),,Oregon net metering (ORS 757.300); PacifiCorp OR Sched. 135,,,1:1 kWh net metering; annual excess donated to low-income programs,Yes-restricted,Wattsmart Battery; Residential TOU,Active,https://www.pacificpower.net/savings-energy-choices/customer-generation.html,2026-09-28,Unverified
WECC-nonRTO,NV,Nevada Power Co (NV Energy - South),IOU,Optional Residential Service - Critical Peak Price (ORS-CPP),CPP-PTR,Residential,Any;EV/EVSE,Opt-in,TOU with critical peak period price and overnight EV rider period,Critical peak period 49.675c/kWh,,"ORS-CPP (eff. 2026-01-01, PUCN-authorized); BSC $18.00/mo",Summer on-peak Jun 1-Sep 30 6:01-9pm daily; REVRR 12:01-8am daily; winter Oct-May flat,BTGR+BTER: summer on 41.046c / off 7.969c / REVRR 7.202c; winter 9.391c / REVRR 8.482c per kWh,"EEC NMR-405 Tier 4: CPP -37.257c, summer on -30.785c, summer off -5.977c, winter -7.044c per kWh",Yes,NMR-405 net metering; PowerShift,Active,https://www.nvenergy.com/publish/content/dam/nvenergy/bill_inserts/2026/01_jan/np_res_opt_rate-1_3_31.pdf,2026-09-28,Primary
WECC-nonRTO,NV,Nevada Power Co (NV Energy - South),IOU,Optional Residential Service TOU Critical Peak Price + Daily Demand Pricing (ORS-TOU CPP+DDP),Demand-Charge,Residential,Any;EV/EVSE,Opt-in,daily demand charge + facilities charge + TOU/CPP energy,"Daily demand: summer on-peak $0.12/kW, winter $0.05/kW; facilities $0.24/kW (all kW); critical peak 49.675c/kWh",,ORS-TOU CPP+DDP (eff. 2026-01-01); BSC $6.25/mo,Summer on-peak Jun 1-Sep 30 6:01-9pm daily; REVRR 12:01-8am,Summer on 11.870c / off 7.969c / REVRR 7.202c; winter 8.702c / REVRR 7.862c per kWh,"EEC NMR-405 Tier 4: summer on -8.903c, off -5.977c, winter -6.527c per kWh; CPP -37.257c",Yes,NMR-405; PowerShift,Active,https://www.nvenergy.com/publish/content/dam/nvenergy/bill_inserts/2026/01_jan/np_res_opt_rate-1_3_31.pdf,2026-09-28,Primary
WECC-nonRTO,NV,Nevada Power Co (NV Energy - South),IOU,Optional Residential Service - Daily Demand Pricing (ORS-DDP),Demand-Charge,Residential,Any,Opt-in,daily demand + facilities charge with flat energy,"Daily demand: summer on-peak $0.12/kW, winter $0.05/kW; facilities $0.24/kW",,ORS-DDP (eff. 2026-01-01); BSC $6.25/mo,Summer on-peak Jun 1-Sep 30 6:01-9pm daily,All kWh 9.083c (BTGR+BTER),"EEC: NMR-A -5.743c; NMR-405 Tier 1 -8.629c, Tier 2 -7.994c, Tier 3 -7.358c, Tier 4 -6.813c per kWh",Yes,NMR-405,Active,https://www.nvenergy.com/publish/content/dam/nvenergy/bill_inserts/2026/01_jan/np_res_opt_rate-1_3_31.pdf,2026-09-28,Primary
WECC-nonRTO,NV,Nevada Power Co (NV Energy - South),IOU,Net Metering 405 (NMR-405) - Tier 4,Export-Comp,All,Solar+Storage,Default,"Excess Energy Credit at 75% of retail (Tier 4), 20-yr lock, credits roll over","Tier 4 EEC examples (eff. 2026-01-01): ORS-DDP -6.813c/kWh; ORS-CPP summer on-peak -30.785c, off -5.977c, winter -7.044c per kWh",,"NMR-405 (AB 405, 2017); Tier 4 = 75% of retail after Tier 3 filled 80 MW",,,Monthly netting; excess exported kWh credited at 75% of applicable retail energy rate (by TOU period on TOU plans); credits carry forward; rate locked 20 yrs,Yes-restricted,All residential options; Energy Storage Incentives,Active,https://www.nvenergy.com/account-services/energy-pricing-plans/net-metering/nmr-405-opt-in,2026-09-28,Primary
WECC-nonRTO,NV,Nevada Power Co (NV Energy - South),IOU,PowerShift Smart Thermostat,DR-BYOT,Residential,Thermostat/AC,Opt-in,free/discounted thermostat + enrollment incentive + annual incentive,Free standard thermostat; $50 one-time enrollment + $25/summer (per program FAQ; FlexResponse BYOT variant $50 + $20/yr),Jun 1-Sep 30; setpoint +4F max; typically <=4 hr on non-holiday weekdays; <=3 consecutive days,,,,,No,Unknown,Active,https://www.nvenergy.com/save-with-powershift/smart-thermostat,2026-09-28,Secondary
WECC-nonRTO,NV,Nevada Power Co (NV Energy - South),IOU,Energy Storage Incentives - Residential,Storage-Incentive,Residential,Solar+Storage;Battery,Opt-in,"upfront $/Wh rebate, higher if on TOU","On TOU: lesser of $0.19/Wh ($190/kWh), 50% of equipment cost or $3,000/premise; not on TOU: lesser of $0.095/Wh, 50% or $1,500 (flyer rev 2020-08; current-year funding not confirmed)",,,,,,Yes,NMR-405; TOU/CPP options,Active,https://www.nvenergy.com/publish/content/dam/nvenergy/brochures_arch/cleanenergy/energy-storage/Energy-Storage-Incentives-Flyer-Residential.pdf,2026-09-28,Unverified
WECC-nonRTO,NV,Nevada Power Co (NV Energy - South),IOU,Commercial Demand Response (PowerShift Business),DR-Curtailment,SmallC&I;LargeC&I,Thermostat/AC;GeneralLoad,Opt-in,utility remote control of HVAC/lighting with incentive,,,,,,,Unclear,Unknown,Active,https://www.nvenergy.com/publish/content/dam/nvenergy/brochures_arch/save-with-powershift/commercial-energy-services/program-summaries/Commercial-Energy-Services-Summary.pdf,2026-09-28,Secondary
WECC-nonRTO,NV,Sierra Pacific Power Co (NV Energy - North),IOU,"Optional Domestic Service, Time-of-Use (OD-1-TOU)",TOU-Rate,Residential,Any;EV/EVSE,Opt-in,steep summer evening TOU with overnight EV rider period and first-year guarantee,,,OD-1-TOU (eff. 2026-01-01); BSC $18.25/mo,Summer on-peak Jun 1-Sep 30 6:01-9pm daily; EVRR 12:01-8am; winter Oct-May flat,BTGR+BTER: summer on 49.414c / off 8.610c / OD-REVRR 7.672c; winter 8.605c / REVRR 7.668c per kWh (standard D-1 effective 11.675c),NMR-405 net metering (Tier 4 = 75% of retail),Yes,NMR-405; PowerShift,Active,https://www.nvenergy.com/publish/content/dam/nvenergy/bill_inserts/2026/01_jan/spp_nv_resrates-1_3_31.pdf,2026-09-28,Primary
WECC-nonRTO,NV,Sierra Pacific Power Co (NV Energy - North),IOU,Net Metering 405 (NMR-405) - Tier 4,Export-Comp,All,Solar+Storage,Default,"Excess Energy Credit at 75% of retail (Tier 4), 20-yr lock",75% of applicable retail energy rate (Northern NV tariff EEC values not captured),,"NMR-405 (AB 405, 2017)",,,Monthly netting; excess kWh credited at 75% of retail; credits carry forward; 20-yr term,Yes-restricted,OD-1-TOU; Energy Storage Incentives,Active,https://puc.nv.gov/Renewable_Energy/Net_Metering/,2026-09-28,Secondary
WECC-nonRTO,NV,Sierra Pacific Power Co (NV Energy - North),IOU,PowerShift Smart Thermostat,DR-BYOT,Residential,Thermostat/AC,Opt-in,free/discounted thermostat + enrollment incentive + annual incentive,Free standard thermostat; $50 one-time enrollment + $25/summer (per program FAQ),Jun 1-Sep 30; setpoint +4F max; typically <=4 hr non-holiday weekdays,,,,,No,Unknown,Active,https://www.nvenergy.com/save-with-powershift/smart-thermostat,2026-09-28,Secondary
WECC-nonRTO,NV,Sierra Pacific Power Co (NV Energy - North),IOU,Energy Storage Incentives - Residential,Storage-Incentive,Residential,Solar+Storage;Battery,Opt-in,"upfront $/Wh rebate, higher if on TOU","On TOU: lesser of $0.19/Wh, 50% of cost or $3,000/premise; not on TOU: lesser of $0.095/Wh, 50% or $1,500 (flyer rev 2020-08; current funding not confirmed)",,,,,,Yes,NMR-405; OD-1-TOU,Active,https://www.nvenergy.com/publish/content/dam/nvenergy/brochures_arch/cleanenergy/energy-storage/Energy-Storage-Incentives-Flyer-Residential.pdf,2026-09-28,Unverified
WECC-nonRTO,NV,Sierra Pacific Power Co (NV Energy - North),IOU,Commercial Demand Response (PowerShift Business),DR-Curtailment,SmallC&I;LargeC&I,Thermostat/AC;GeneralLoad,Opt-in,utility remote control of HVAC/lighting with incentive,,,,,,,Unclear,Unknown,Active,https://www.nvenergy.com/publish/content/dam/nvenergy/brochures_arch/save-with-powershift/commercial-energy-services/program-summaries/Commercial-Energy-Services-Summary.pdf,2026-09-28,Secondary
WECC-nonRTO,WA,Puget Sound Energy,IOU,PSE Flex Rewards,DR-BYOD,Residential,Any,Opt-in,$ enrollment + $/kWh saved + annual retention credit (gift card),$25 enroll; $1.00/kWh saved during Flex events; $15/yr stay enrolled,"Events at most once/day 7am-10pm, typically 2-4 hr, never on holidays; winter Nov 1-Mar 31, summer May 1-Sep 30",,,,,Unclear,Flex Smart; Flex EV; Flex Water Heaters; Flex Batteries,Active,https://www.pse.com/en/rebates/PSE-flex,2026-09-28,Primary
WECC-nonRTO,WA,Puget Sound Energy,IOU,PSE Flex Smart (thermostat),DR-BYOT,Residential,Thermostat/AC,Opt-in,$ per device enrollment + annual per device (gift card),Up to $50/device enroll; up to $40/device/yr,"Events at most once/day 7am-10pm, typically 2-4 hr, never on holidays; winter Nov 1-Mar 31, summer May 1-Sep 30",,,,,No,Flex Rewards; Flex Batteries,Active,https://www.pse.com/en/rebates/PSE-flex,2026-09-28,Primary
WECC-nonRTO,WA,Puget Sound Energy,IOU,PSE Flex EV,EV-Rate,Residential,EV/EVSE,Opt-in,$ enrollment + $/kWh shifted outside events (gift card),$50 enroll; $0.50/kWh saved during Flex events,"Events at most once/day 7am-10pm, typically 2-4 hr, never on holidays; winter Nov 1-Mar 31, summer May 1-Sep 30",,,,,No,Flex Rewards,Active,https://www.pse.com/en/rebates/PSE-flex,2026-09-28,Primary
WECC-nonRTO,WA,Puget Sound Energy,IOU,PSE Flex Water Heaters,DR-BYOD,Residential,ElectricWaterHeater,Opt-in,$ enrollment + annual credit (gift card),$20 enroll; $20/yr stay enrolled,"Events at most once/day 7am-10pm, typically 2-4 hr, never on holidays; winter Nov 1-Mar 31, summer May 1-Sep 30",,,,,No,Flex Rewards,Active,https://www.pse.com/en/rebates/PSE-flex,2026-09-28,Primary
WECC-nonRTO,WA,Puget Sound Energy,IOU,PSE Flex Batteries,VPP,Residential,Battery;Solar+Storage,Opt-in,upfront $/kWh of storage + $/kWh event performance,"$75/kWh battery capacity up to $1,000 on enrollment; $0.50/kWh during Flex events","Events at most once/day 7am-10pm, typically 2-4 hr, never on holidays; winter Nov 1-Mar 31, summer May 1-Sep 30",,,,Battery may discharge/export during events (customer-generated solar under net metering),Yes,Flex Rewards,Active,https://www.pse.com/en/rebates/PSE-flex/flex-batteries,2026-09-28,Primary
WECC-nonRTO,WA,Puget Sound Energy,IOU,Peak Time Savings,CPP-PTR,Residential,Any,Opt-in,peak time rebate bill credit,$0.50 per kWh saved during Peak Time Savings periods,"Up to 5 events per season; winter Nov 1-Mar 31 and summer May 1-Sep 30; once/day 7am-10pm, typically 2-4 hr, no holidays",,,,,Unclear,PSE Flex,Active,https://www.pse.com/en/rebates/peak-time-savings,2026-09-28,Primary
WECC-nonRTO,WA,Puget Sound Energy,IOU,Schedule 327 Residential Time-of-Use with Super Off-Peak,TOU-Rate,Residential,Any;EV/EVSE,Waitlist,rate differential,"Effective 2026-01-29: winter peak 50.36c, winter off-peak 12.71c, summer peak 27.18c, summer off-peak 12.21c, super off-peak 7.55c per kWh (base TOU energy charge; basic charge $7.49/mo single phase)","Capped at 2,500 customer accounts; PSE may decline (at capacity)",Sch. 327,"Weekday peak 7-10am and 5-8pm; super off-peak 11pm-7am daily; winter Oct 1-Mar 31, summer Apr 1-Sep 30; weekends/holidays no peak",Winter (Oct-Mar) peak 50.36c / off-peak 12.71c; summer (Apr-Sep) peak 27.18c / off-peak 12.21c; super off-peak 7.55c per kWh (eff. 2026-01-29),Net metering (Sch. 150) - see Sch 150 row,Yes,PSE Flex; Sch 150 net metering,Active,https://www.pse.com/-/media/Project/PSE/Portal/Rate-documents/Electric/elec_sch_327.pdf?sc_lang=en,2026-09-28,Primary
WECC-nonRTO,WA,Puget Sound Energy,IOU,Schedule 307 Residential Time-of-Use,TOU-Rate,Residential,Any,Opt-in,rate differential,Eff. 2026-01-29 winter (Oct-Mar) weekday peak energy charge 50.27c/kWh (search-reported); other periods not captured,,Sch. 307,"Weekday peak 7-10am and 5-8pm (per PSE TOU FAQ; summer-season peak shorter, 5-8pm); off-peak all other hours and all weekends/holidays",Winter weekday peak 50.27c/kWh (eff. 2026-01-29); off-peak and summer rates in Sched. 307,Net metering (Sch. 150),Yes,PSE Flex; Sch 150 net metering,Active,https://www.pse.com/en/account-and-billing/time-of-use/tou-faq,2026-09-28,Primary
WECC-nonRTO,WA,Puget Sound Energy,IOU,Schedule 150 Net Metering,Export-Comp,All,Solar+Storage,Opt-in,1:1 kWh net metering credit rolled monthly; unused credits forfeited Mar 31,Credit at retail rate (kWh-for-kWh); $85 one-time aggregation set-up charge,,Sch. 150,,,"1:1 kWh net metering up to 100 kW AC; annual true-up Mar 31 (unused credits granted to PSE); available for interconnections applied for until Dec 31 2025 or until replacement schedule in place, whichever later; existing systems grandfathered",Yes,Sch 327/307 TOU,Active,https://www.pse.com/-/media/Project/PSE/Portal/Rate-documents/Electric/elec_sch_150.pdf,2026-09-28,Primary
WECC-nonRTO,WA,Puget Sound Energy,IOU,Flex for Business (behavioral demand response),DR-Curtailment,SmallC&I;LargeC&I,GeneralLoad;Thermostat/AC,Opt-in,"$/kW average reduction per season, paid twice a year",Up to $35/kW (Flex Smart business thermostats) up to $65/kW average reduction per season,"Events at most once/day 7am-10pm, typically 2-4 hr, never on holidays; winter Nov 1-Mar 31, summer May 1-Sep 30",,,,,Unclear,,Active,https://www.pse.com/en/business-incentives/energy-management-programs/flex-for-business,2026-09-28,Secondary
WECC-nonRTO,WA,Puget Sound Energy,IOU,Flex C&I (capacity + performance),DR-Curtailment,LargeC&I,GeneralLoad,Opt-in,$/kW-yr capacity standby + performance payment,Up to $130/kW annually (capacity + performance),,,,,,Unclear,,Active,https://www.pse.com/en/business-incentives/energy-management-programs/flex-c-i,2026-09-28,Secondary
WECC-nonRTO,ID,Idaho Power,IOU,Time-of-Use Plan (Schedule 5),TOU-Rate,Residential,Any;EV/EVSE,Opt-in,rate differential + Time-of-Use Trial bill protection (extra cost capped at $10/yr),"Trial from Jan 1 2026: if TOU kWh charges exceed Standard, extra cost capped at $10 for first year",,Sch. 5 (Schedule 1 customers); on-site-gen customers use Sch. 6 TOU,"Summer Jun-Sep Mon-Sat: on-peak 7-11pm, mid-peak 3-7pm; non-summer Oct-May Mon-Sat: on-peak 6-9am and 5-8pm; Sundays/holidays all off-peak",Summer: on 29.92c / mid 14.96c / off 7.48c per kWh; non-summer: on 13.83c / off 9.22c per kWh (energy charge only),See Schedule 6 on-site generation ECR row,Yes,A/C Cool Credit,Active,https://www.idahopower.com/accounts-service/understand-your-bill/pricing/idaho-pricing/time-use-plan/,2026-09-28,Primary
WECC-nonRTO,ID,Idaho Power,IOU,A/C Cool Credit,DR-DLC,Residential,Thermostat/AC,Opt-in,flat monthly bill credit,$5/month bill credit in summer season (Jun-Sep),"Program Jun 15-Sep 15; events on select summer weekdays, typically late afternoon/evening, max 4 hr, not weekends/holidays",,Weekday late afternoon/evening events Jun 15-Sep 15,,,No,Time-of-Use plan,Active,https://www.idahopower.com/energy-environment/ways-to-save/savings-for-your-home/rebates-and-offers/ac-cool-credit/,2026-09-28,Primary
WECC-nonRTO,ID,Idaho Power,IOU,Flex Peak,DR-Curtailment,LargeC&I,GeneralLoad;Generator;Battery,Opt-in,$/kW-week fixed capacity + $/kWh variable event incentive,"Fixed $3.25/kW-week at 100% of nomination (example: 100 kW x 13 wks = $4,225; $2.44/kW at 70% performance); variable $0.20/kWh for events beyond first three",Season Jun 15-Sep 15; minimum 3 events; events Mon-Fri 3-10pm,,"Mon-Fri 3-10pm events, Jun 15-Sep 15",,,Yes-restricted,,Active,https://www.idahopower.com/energy-environment/ways-to-save/savings-for-your-business/flex-peak/,2026-09-28,Primary
WECC-nonRTO,ID,Idaho Power,IOU,Irrigation Peak Rewards,DR-DLC,LargeC&I,IrrigationPump,Opt-in,fixed demand + energy bill credit plus variable per-kW event credit,Fixed credit $5.25/billed kW and $0.008/billed kWh; variable $0.09-$0.25/kW for event hours after third event depending on Early/Standard/Extended option; opt-out fee $6.25/kW per event,Season Jun 15-Sep 15; minimum 3 events,,Jun 15-Sep 15 summer weekday afternoons/evenings,,,No,,Active,https://www.idahopower.com/energy-environment/ways-to-save/savings-for-your-business/irrigation-programs/irrigation-peak-rewards/,2026-09-28,Secondary
WECC-nonRTO,ID,Idaho Power,IOU,Schedule 9 Large General Service - optional Time-of-Use,TOU-Rate,LargeC&I,Any,Opt-in,seasonal time-of-use energy rates plus demand charges,"Standard Sch. 9 secondary: $25/mo service charge; $1.84/kW basic; demand $9.49/kW summer, $7.75/kW winter; energy 5.09c summer / 4.99c winter per kWh (TOU energy rates in tariff)",,Sch. 9,,Standard energy 5.0908c summer / 4.9875c winter per kWh; TOU on/mid/off in tariff,,Yes,Flex Peak,Active,https://www.idahopower.com/accounts-service/understand-your-bill/pricing/idaho-pricing/business/schedule-9/,2026-09-28,Secondary
WECC-nonRTO,ID,Idaho Power,IOU,"Schedule 6 Residential On-Site Generation (net billing, Export Credit Rate)",Export-Comp,Residential,Solar+Storage,Default,"net billing: retail import, export credited at hourly-average avoided-cost ECR by season/time","Non-legacy ECR (2025-26, PUC Order 36785, approx.): 15.68c/kWh summer on-peak, 3.39c summer off-peak, 2.90c non-summer all hours (Idaho Power had proposed 14.06c/1.77c/0.95c)",,"Sch. 6 (residential), Sch. 8 (small general), Sch. 84 (large)",Summer on-peak per ECR definition (see tariff),,"Net billing since Dec 20 2023 (customers applying after Dec 20 2020 non-legacy, ECR fixed 15-yr per project); annual ECR update suspended until Idaho Power files next update Apr 1 2028",Yes,Sch 6 on-site generation TOU plan,Active,https://puc.idaho.gov/Fileroom/PublicFiles/Press/20251002Idaho%20Power%201002%20Release.pdf.pdf,2026-09-28,Primary
WECC-nonRTO,ID,Idaho Power,IOU,"Schedule 8 Small General Service On-Site Generation (net billing, ECR)",Export-Comp,SmallC&I,Solar+Storage,Default,net billing with Export Credit Rate,Same ECR as Sch. 6: approx. 15.68c summer on-peak / 3.39c summer off-peak / 2.90c non-summer per kWh exported (2025-26),,Sch. 8,,,ECR frozen until 2028 update filing,Yes,,Active,https://docs.idahopower.com/pdfs/aboutus/ratesregulatory/tariffs/314.pdf,2026-09-28,Primary
WECC-nonRTO,WA,Seattle City Light,Municipal,Residential Time of Use (TOU),TOU-Rate,Residential,Any;EV/EVSE,Opt-in,rate differential,Seattle: peak 16.10c / mid-peak 14.09c / off-peak 8.05c per kWh; base service $0.3945/day,,Residential TOU (launched May 2026),"Peak 5-9pm Mon-Sat excl. holidays; mid-peak 6am-5pm and 9pm-midnight Mon-Sat, 6am-midnight Sun/holidays; off-peak midnight-6am daily",Peak 16.10c / mid 14.09c / off 8.05c per kWh (City of Seattle; other jurisdictions higher),Net metering,Yes,TempWise,Active,https://www.seattle.gov/city-light/residential-services/billing-information/rates,2026-09-28,Primary
WECC-nonRTO,WA,Seattle City Light,Municipal,Small Business Time of Use (<50 kW),TOU-Rate,SmallC&I,Any,Opt-in,rate differential,City of Seattle: peak 15.24c / mid 13.34c / off 7.62c per kWh; base service $0.82/day,,Small business TOU (AMI meter required),Peak 5-9pm Mon-Sat excl. holidays; mid-peak 6am-5pm and 9pm-midnight; off-peak midnight-6am,Peak 15.24c / mid 13.34c / off 7.62c per kWh (City of Seattle),,Yes,,Active,https://seattle.gov/city-light/business-solutions/business-billing-and-account-information/time-of-use,2026-09-28,Primary
WECC-nonRTO,WA,Seattle City Light,Municipal,Medium Business Time of Use (50-999 kW),Demand-Charge,LargeC&I,Any,Opt-in,TOU energy plus peak/off-peak demand charge,"City of Seattle: peak 12.18c / mid 10.66c / off 6.09c per kWh; peak demand $5.36/kW, off-peak demand $0.31/kW (Downtown Network: 13.60c/11.90c/6.80c; $12.19/kW peak); base $3.01/day",,Medium business TOU (AMI meter required),Energy peak 5-9pm Mon-Sat; peak demand defined Mon-Sat 6am-midnight excl. observed holidays,"Peak 12.18c / mid 10.66c / off 6.09c per kWh; demand peak $5.36/kW, off-peak $0.31/kW (City of Seattle)",,Yes,,Active,https://seattle.gov/city-light/business-solutions/business-billing-and-account-information/time-of-use,2026-09-28,Primary
WECC-nonRTO,WA,Seattle City Light,Municipal,TempWise (2.0) smart thermostat demand response,DR-BYOT,Residential,Thermostat/AC;HeatPump;SpaceHeat,Pilot,enrollment + participation incentives; thermostat rebate,Up to $90/household in first year for enrolling and participating; $50 rebate per qualifying smart thermostat (max $250/customer); incentives up 31% avg from Jan 1 2025,Brief thermostat adjustments of 3 degrees or less during peak demand events (heating and cooling),TempWise pilot,,,,No,Residential TOU,Pilot,https://www.seattle.gov/documents/departments/citylight/residential/tempwisetermsconditions.pdf,2026-09-28,Secondary
WECC-nonRTO,WA,Seattle City Light,Municipal,Large customer voluntary demand response (industrial curtailment),DR-Curtailment,LargeC&I,GeneralLoad,Opt-in,voluntary curtailment commitment,Payment rate not confirmed,Participants commit to reduce at least 1 MW over 24 hours,,,,,Unclear,,Active,https://powerlines.seattle.gov/2025/12/23/2025-year-in-review-building-a-stronger-future-together/,2026-09-28,Secondary
WECC-nonRTO,WA,Seattle City Light,Municipal,Net Metering (systems up to 100 kW),Export-Comp,All,Solar+Storage,Opt-in,kWh credit at retail rate,1:1 retail-rate kWh credits; larger systems >100 kW paid seasonal export rates approx. $0.031-$0.094/kWh; City Light has signaled a future change with 6 months notice,,Net metering,,,1:1 retail kWh credit up to 100 kW,Yes,,Active,https://www.seattle.gov/city-light/business-solutions/renewable-energy-services/solar-programs-for-businesses,2026-09-28,Secondary
WECC-nonRTO,WA,Avista,IOU,Residential Time-of-Use Pilot - TOU-A (Schedule 07),TOU-Rate,Residential,Any;EV/EVSE,Closed to new,rate differential; first-year price guarantee (credit if >10% above default),Rates in WA rate summary tariff; price guarantee credits cost over 110% of default schedule after year 1,Pilot fully subscribed; enrollment ended May 31 2025; runs 2 years,Sch. 07,Weekdays: summer Apr 1-Oct 31 on-peak 2-7pm; winter Nov 1-Mar 31 on-peak 6-9am and 5-8pm,,Net metering (Sch 62/RCW 80.60),Yes,Peak Time Rebate pilot (Sch 84),Pilot,https://www.myavista.com/energy-savings/green-options/time-of-use,2026-09-28,Primary
WECC-nonRTO,WA,Avista,IOU,Residential Time-of-Use Pilot - TOU-B with Morning DisCOUNT (Schedule 08),TOU-Rate,Residential,Any;EV/EVSE,Closed to new,rate differential incl. morning discount,Rates in WA rate summary tariff,Pilot fully subscribed; enrollment ended May 31 2025,Sch. 08,"Weekdays: summer May 1-Sep 30 morning discount 9am-12pm, on-peak 2-7pm; winter Oct 1-Apr 30 on-peak 6-10am and 5-9pm",,Net metering,Yes,Peak Time Rebate pilot (Sch 84),Pilot,https://www.myavista.com/energy-savings/green-options/time-of-use,2026-09-28,Primary
WECC-nonRTO,WA,Avista,IOU,Small Business Time-of-Use Pilot (Schedules 17 and 18),TOU-Rate,SmallC&I,Any,Closed to new,rate differential,Rates in WA rate summary tariff,Pilot fully subscribed; enrollment ended May 31 2025,"Sch. 17 (TOU-A), Sch. 18 (TOU-B)",Same TOU-A / TOU-B windows as residential pilot,,,Yes,Peak Time Rebate pilot (Sch 84),Pilot,https://www.myavista.com/energy-savings/green-options/time-of-use,2026-09-28,Primary
WECC-nonRTO,WA,Avista,IOU,Schedule 84 Peak Time Rebate - Washington,CPP-PTR,Residential;SmallC&I,Any,Closed to new,peak time rebate bill credit vs baseline (avg of top 3 of prior 10 business days),$0.40 per kWh reduced during Company-called events,"Day-ahead notification; no events on legal holidays; pilot 2 years from Mar 2024 then until Commission evaluation; cap 1,500 accounts",Sch. 84,,,,Unclear,TOU pilot (Sch 07/08/17/18),Pilot,https://www.myavista.com/-/media/myavista/content-documents/our-rates-and-tariffs/wa/wa_084.pdf,2026-09-28,Primary
WECC-nonRTO,WA,Avista,IOU,Net Metering (RCW 80.60),Export-Comp,All,Solar+Storage,Opt-in,kWh net metering credit,Credits carry month to month at retail; unused credits reset to zero Mar 31 with no cash payment,,Net metering,,,1:1 kWh net metering for systems under 100 kW; annual reset Mar 31,Yes,,Active,https://www.myavista.com/energy-savings/green-options/go-solar/learn-about-net-metering,2026-09-28,Secondary
WECC-nonRTO,ID,Avista,IOU,Schedule 63 Net Metering Options (Idaho) - export credit,Export-Comp,All,Solar+Storage,Opt-in,export credit rate by season/time (on-peak vs off-peak),As of Mar 2026: Jun-Oct 14.67c on-peak / 5.60c off-peak per kWh; Nov-May 3.66c on-peak / 1.23c off-peak per kWh,,Sch. 63,,,Export credit rates listed at left; credits reset Mar 31 with no cash-out,Yes,,Active,https://www.myavista.com/-/media/myavista/content-documents/our-rates-and-tariffs/id/id_063.pdf,2026-09-28,Secondary
WECC-nonRTO,WA,Snohomish County PUD,Municipal,FlexTime (residential winter time-of-day pilot),TOU-Rate,Residential,Any;Thermostat/AC;EV/EVSE,Closed to new,rate differential with break-even guarantee,"Off-peak (10pm-6am, weekends, holidays) about 2.4c/kWh (over 20%) below standard rate; winter weekday peak surcharge (rate not captured); break-even guarantee credited difference vs standard rate",Two-winter pilot; no longer accepting participants,FlexTime pilot,Winter Nov 1-Feb 28 weekdays 7-10am and 5-8pm peak,Discount ~2.4c/kWh nights/weekends/holidays year-round; peak rate winter only,,Yes,FlexResponse,Closed to new,https://www.snopud.com/save-energy/residential/flexenergy/flextime/,2026-09-28,Primary
WECC-nonRTO,WA,Snohomish County PUD,Municipal,FlexResponse (winter thermostat / EV charger demand response pilot),DR-BYOT,Residential,Thermostat/AC;HeatPump;EV/EVSE,Closed to new,annual bill credit for event participation,$40 annual bill credit for 2022 and 2023 based on participation,Max 15 events per winter (Nov 1-Feb 28); 1-4 hr each; not on weekends/federal holidays; day-ahead SMS notice,FlexResponse pilot,"Winter peak events, weekdays",,,No,FlexTime,Closed to new,https://www.snopud.com/save-energy/residential/flexenergy/flexresponse/,2026-09-28,Primary
WECC-nonRTO,WA,Snohomish County PUD,Municipal,FlexEnergy pilot (Virtual Peaker cloud DER platform),VPP,Residential,Thermostat/AC;EV/EVSE,Closed to new,incentives for allowing Nest thermostat / JuiceBox EV charger control during peak events,Incentives via FlexTime/FlexResponse (see rows); current status of later program years not confirmed,Two consecutive winters 2022-2023 planned,FlexEnergy,,,,No,FlexTime; FlexResponse,Closed to new,https://www.snopud.com/save-energy/residential/flexenergy/,2026-09-28,Primary
WECC-nonRTO,WA,Snohomish County PUD,Municipal,"Supplemental Time of Day Service Schedule (C&I pilot; Schedules 20, 25, 36)",TOU-Rate,LargeC&I,Any,Pilot,billing adjustments $/kWh by period,"Schedules 20 & 25: peak (Nov-Feb) +10.24c/kWh, weekday non-peak +0.34c, nights/weekends -1.66c; Schedule 36: +10.33c, +0.43c, -1.57c per kWh",Pilot through Dec 31 2025 (reported); current status unverified,Supplemental TOD schedule (with Sch. 20/25/36),Weekday peak 7-9am and 5-8pm Nov-Feb; weekday non-peak 6am-10pm excl. peak,Adjustment per kWh: see left,,Yes,,Pilot,https://www.snopud.com/wp-content/uploads/2023/03/Supplemental_TOD-Sch_final_2025.pdf,2026-09-28,Primary
WECC-nonRTO,WA,Snohomish County PUD,Municipal,Net Metering Program,Export-Comp,All,Solar+Storage,Opt-in,kWh credit at retail rate; larger systems market-rate credit,Systems <100 kW: exported kWh credited at retail rate schedule of the customer; >100 kW: market-rate credits; reserve expires Mar 31; minimum energy charges cannot be offset,,Net metering (per RCW 80.60),,,Retail-rate net metering <100 kW; market rate >100 kW,Yes,,Active,https://www.snopud.com/account/services/solar-net-metering/,2026-09-28,Primary
WECC-nonRTO,WA,Clark Public Utilities,Municipal,Industrial Demand Response Program,DR-Curtailment,LargeC&I,GeneralLoad,Opt-in,"load-shed program with nominated fixed demand, day-ahead notice",Incentive rate not published in sources reviewed,Day-ahead notice; launched 2024,,,,,Unclear,,Active,https://www.clarkpublicutilities.com/wp-content/uploads/2025/11/Clark-Public-Utilities-2025-DRPA-Final-Report.pdf,2026-09-28,Secondary
WECC-nonRTO,WA,Clark Public Utilities,Municipal,Electric Vehicle Managed Charging Program (pilot),EV-Rate,Residential,EV/EVSE,Pilot,utility bill credits,"$25 bill credit on enrollment + $25 on completion at end of 2026 per EV; capped at 1,400 EVs",Events scheduled several times per month through 2026,EV managed charging pilot,,,,No,,Pilot,https://www.clarkpublicutilities.com/residential-customers/reduce-energy-waste-and-lower-your-bill/all-rebates-incentives/electric-vehicle-managed-charging-program/,2026-09-28,Secondary
WECC-nonRTO,WA,Clark Public Utilities,Municipal,Solar Net Metering,Export-Comp,All,Solar+Storage,Opt-in,1:1 retail kWh credit,Full retail-rate credit per exported kWh; credits reset Mar 31,,Net metering,,,"1:1 net metering (RCW 80.60, up to 100 kW); credits reset Mar 31",Yes,,Active,https://www.clarkpublicutilities.com/residential-customers/reduce-energy-waste-and-lower-your-bill/all-rebates-incentives-and-low-interest-loans/solar-energy-program/solar-net-metering/,2026-09-28,Secondary
WECC-nonRTO,WA,Tacoma Power,Municipal,Industrial electrofuels demand response pilot (curtailable discounted rate),DR-Curtailment,LargeC&I,GeneralLoad,Pilot,discounted electricity rate in exchange for curtailment,Discount level not published in sources reviewed,"Curtailment up to about 1,300 hours per year",,,,,Unclear,,Pilot,https://www.utilitydive.com/news/tacoma-powers-demand-response-could-support-green-fuels-hydrogen-constraints/597427/,2026-09-28,Secondary
WECC-nonRTO,WA,Tacoma Power,Municipal,Residential water heater pre-heat pilot (2022),DR-DLC,Residential,ElectricWaterHeater,Pilot,"pilot, remote pre-heating of water heaters before evening peak",Not published,Pilot ran 2022; about one third of volunteers opted out in year two (utility report per press),,Evening commute return,,,No,,Terminated,https://www.spokesman.com/stories/2026/mar/23/why-more-washington-state-utilities-want-to-remote/,2026-09-28,Secondary
WECC-nonRTO,WA,Tacoma Power,Municipal,Net Metering,Export-Comp,All,Solar+Storage,Opt-in,1:1 retail kWh credit,Credit at retail rate per exported kWh; unused credits expire Mar 31,,Net metering (Ch. 80.60 RCW),,,1:1 up to 100 kW; annual reset Mar 31,Yes,,Active,https://www.mytpu.org/payment-billing/rate-information/power-rates/power-rates-schedule/,2026-09-28,Secondary
WECC-nonRTO,MT,NorthWestern Energy,IOU,Time-of-Use Demonstration (Schedule RSGTOUD-1),TOU-Rate,Residential,Any,Pilot,rate differential (demonstration),Rates not captured (tariff PDF not machine-readable),,RSGTOUD-1,,,,Unclear,,Pilot,https://www.northwesternenergy.com/docs/default-source/default-document-library/billing-and-payment/rates-and-tariffs/montana/rates/rsgtoud-1.pdf,2026-09-28,Primary
WECC-nonRTO,MT,NorthWestern Energy,IOU,Rule 16 Electric Net Metering,Export-Comp,All,Solar+Storage,Opt-in,retail-rate net metering (kWh credit),Retail-rate credit for net excess generation; PSC rejected NorthWestern bid to end net metering and create separate export-credit class (proposed export credit $0.063/kWh) ,,Rule 16; Sched. QF-1 for qualifying facilities,,,"Net metering 1:1 retail, 50 kW system size limit (per press)",Yes,,Active,https://northwesternenergy.com/docs/default-source/default-document-library/billing-and-payment/rates-and-tariffs/montana/rules/electric/rule_16_et.pdf,2026-09-28,Secondary
WECC-nonRTO,MT,Flathead Electric Cooperative,Cooperative,Residential Service - Peak Demand Charge,Demand-Charge,Residential,Any,Default,peak-hour demand charge $/kW + tiered energy,"Eff. Jun 1 2026: demand $4.93/kW (peak hours); energy 5.47c/kWh first 600 kWh, 6.44c 601-3,500 kWh, 10.02c over 3,500 kWh; basic charge $26.66/mo single phase",,Residential Service,Mon-Fri 7-10am and 5-8pm (no demand charge weekends/6 holidays),Energy tiered 5.47c / 6.44c / 10.02c per kWh; demand $4.93/kW peak,,Yes,AC Smart Thermostat Program,Active,https://www.flatheadelectric.com/faqs/residential-service-rates-2/,2026-09-28,Secondary
WECC-nonRTO,MT,Flathead Electric Cooperative,Cooperative,Small General Service demand charge,Demand-Charge,SmallC&I,Any,Default,peak-hour demand charge,Demand charge for small general service accounts began Jun 1 2025; dollar amount not captured,,Small General Service,Peak hours Mon-Fri 7-10am and 5-8pm,,,Yes,,Active,https://www.flatheadelectric.com/my-account-bill/my-bill/demand-charge/,2026-09-28,Primary
WECC-nonRTO,MT,Flathead Electric Cooperative,Cooperative,AC Smart Thermostat Program,DR-BYOT,Residential,Thermostat/AC,Opt-in,bill credits and annual incentive for summer peak thermostat adjustments,Dollar amounts not published in sources reviewed,Events during high summer electricity demand; pre-cool then thermostat setpoint adjustment of up to 2 degrees,AC Smart Thermostat Program,,,,No,Residential demand charge,Active,https://www.flatheadelectric.com/energy-solutions/demand-reduction-programs/ac-smart-thermostat-program/,2026-09-28,Primary
WECC-nonRTO,MT,Flathead Electric Cooperative,Cooperative,Net Metering,Export-Comp,All,Solar+Storage,Opt-in,kWh credit for excess energy,Credits do not offset basic service or demand charges; cooperative-set policy,,Net metering,,,Net metering on member request; credits do not offset fixed or demand charges,Yes,,Active,https://www.flatheadelectric.com/energy-solutions/your-electricity-choices/solar-wind-batteries/systems-for-your-home-or-business/,2026-09-28,Secondary
WECC-nonRTO,OR,Eugene Water & Electric Board (EWEB),Municipal,Net Metering (Solar Generation Rates),Export-Comp,Residential;SmallC&I,Solar+Storage,Opt-in,annual renewable net-metered rate credit for excess generation,2026 Annual Renewable Net-Metered Rate 3.99c/kWh for monthly excess; alternative direct generation purchase rate 6.34c/kWh (2026),,Net metering / Solar Generation Rates,,,"Excess monthly generation credited at 3.99c/kWh (2026), applied first to energy/delivery charges then basic charge; systems under 25 kW",Yes,,Active,https://www.eweb.org/environment-and-climate/solar-electric/solar-generation-rates,2026-09-28,Secondary
WECC-nonRTO,WA,Benton PUD,Municipal,Residential Peak-Hour Demand Charge (mandatory),Demand-Charge,Residential,Any,Default,peak-hour demand charge $/kW on highest one-hour peak usage,Eff. Apr 1 2026: $1.54/kW-month (up from $1.05); daily system charge $0.66; energy 7.22c/kWh,Applies Oct 1-Apr 30 (winter) Mon-Fri; based on highest one-hour peak usage (net of on-site generation),"Residential (Resolution 2716, 2026 Retail Electric Rate Schedules)","Oct 1-Apr 30, Mon-Fri 6-9am and 5-8pm",Energy 7.22c/kWh flat; demand $1.54/kW peak hours,Net metering customers subject to demand charge on grid draw during peak hours,Yes,Net metering,Active,https://www.bentonpud.org/manage-my-account/payment-billing/demand-charge/residential-demand-charge,2026-09-28,Secondary
WECC-nonRTO,WA,Benton PUD,Municipal,Net Metering,Export-Comp,All,Solar+Storage,Opt-in,full retail rate kWh credit,Full retail-rate credit per kWh generated; excess carried forward; unused balance at Mar 31 given to Benton PUD,,Net metering (RCW 80.60),,,Retail-rate net metering; residential demand charge still applies to peak-hour grid draw,Yes,Residential demand charge,Active,https://www.bentonpud.org/solar-connections/rooftop-solar,2026-09-28,Secondary
WECC-nonRTO,WA,Grant County PUD,Municipal,Net Metering,Export-Comp,All,Solar+Storage,Opt-in,kWh banking credit,Excess energy banked month to month (not year to year); $20 minimum monthly charge,,Net metering,,,Excess kWh banked and carried forward within year; minimum charge $20/mo,Yes,,Active,https://www.grantpud.org/net-metering,2026-09-28,Secondary
WECC-nonRTO,WA,Grant County PUD,Municipal,"Planned retail demand response program (about 28 MW, 2025 DRPA)",DR-Curtailment,Residential;SmallC&I;LargeC&I,Any,Pilot,"planned program, not yet implemented",Not published,,,,,,Unclear,,Proposed/pending,https://www.grantpud.org/media/attachments/2025/12/22/lighthouse-grant-pud-2025-drpa-final-report.pdf,2026-09-28,Primary
WECC-nonRTO,CO,Holy Cross Energy,Cooperative,Power+FLEX,VPP,Residential,Battery;Solar+Storage,Opt-in,upfront $/kW rebate + monthly $/kW bill credit,"$500/kW of enrolled battery capacity up to $12,500 upfront; $10.60/kW-month of enrolled capacity bill credit; 5-yr term","HCE targets 100 peak event hrs/yr (typ 4-9pm, 2-3 hr) and up to 90 renewable-oversupply charge events/yr (typ 11am-4pm, 3-10 hr); max 10 operations/month; 20% min state of charge",Distribution Flexibility Tariff,4-9pm peak events,,Full credit for energy exported during discharge via reverse flow of net meter,Yes,"Not combinable with Power+, Peak Time Payback or optional TOU rate",Active,https://www.holycross.com/member-programs/powerplus,2026-09-28,Primary
WECC-nonRTO,CO,Holy Cross Energy,Cooperative,Power+FLEX,Storage-Incentive,Residential,Battery;Solar+Storage,Opt-in,upfront $/kW rebate,"$500/kW of enrolled battery capacity, up to $12,500; battery must be <=5 yrs old, approved brands (Emporia, Enphase, FranklinWH, Savant, Tesla)",,Distribution Flexibility Tariff,,,,Yes,See Power+FLEX VPP row,Active,https://www.holycross.com/member-programs/powerplus,2026-09-28,Primary
WECC-nonRTO,CO,Holy Cross Energy,Cooperative,Optional Time of Use Rate,TOU-Rate,Residential;SmallC&I,Any,Opt-in,rate discount off-peak,,,Optional TOU,4-9pm every day,on-peak $0.245/kWh; off-peak $0.065/kWh,,Yes,,Active,https://www.holycross.com/member-programs/time-of-use-rate,2026-09-28,Primary
WECC-nonRTO,CO,Colorado Springs Utilities,Municipal,Energy Wise Rates (ETR standard Time-of-Day),TOU-Rate,Residential;SmallC&I,Any,Default,rate differential on/off-peak,,,ETR,Weekdays 5-9pm (Jun-Sep summer; Oct-May winter); weekends/holidays off-peak,Residential base energy: summer on-peak $0.2903/kWh; winter on-peak $0.1451/kWh; off-peak $0.0726/kWh all year (plus ECA on-peak $0.0411/off-peak $0.0206 and ECC $0.0066/kWh); rates as of 1 Jul 2026,Excludes net metering customers,Yes,,Active,https://www.csu.org/hubfs/39606065/Document%20Library/ResidentialRateSheet.pdf,2026-09-28,Primary
WECC-nonRTO,CO,Colorado Springs Utilities,Municipal,Energy Wise Plus Time-of-Day (ETR-P),CPP-PTR,Residential;SmallC&I,Any,Opt-in,lower on-peak + off-peak saver + critical peak pricing,,"Critical Peak events 1-4 hr, max 15/yr, ~24hr notice",ETR-P,On-peak weekdays 5-9pm; Off-Peak Saver 9am-1pm daily incl. holidays,summer on-peak $0.2314; winter on-peak $0.0948; off-peak $0.0777; off-peak saver $0.0508 winter/$0.0550 summer; critical peak $0.7036/kWh (Jul 2026 sheet),,Yes,,Active,https://www.csu.org/hubfs/39606065/Document%20Library/ResidentialRateSheet.pdf,2026-09-28,Primary
WECC-nonRTO,CO,Colorado Springs Utilities,Municipal,Energy Wise Fixed Seasonal Option (ETR-F),TOU-Rate,Residential;SmallC&I,Any,Opt-in,seasonal flat energy rate (non-TOU alternative),,,ETR-F,,summer $0.1071/kWh; winter $0.0812/kWh; fixed ECA $0.0233/kWh; ECC $0.0066/kWh,,Unclear,,Active,https://www.csu.org/hubfs/39606065/Document%20Library/ResidentialRateSheet.pdf,2026-09-28,Primary
WECC-nonRTO,CO,Colorado Springs Utilities,Municipal,Energy Wise Rates - business with demand charge,Demand-Charge,LargeC&I;SmallC&I,Any,Default,demand charge for business >=10 kW,,,Business Energy Wise (see business rate sheet),"Weekdays 5-9pm Jun-Sep and Oct-May (since 1 Oct 2025; previously 11am-6pm summer Apr-Sep, 4-10pm winter)",,,Yes,,Active,https://www.csu.org/rates/energy-wise,2026-09-28,Primary
WECC-nonRTO,CO,Colorado Springs Utilities,Municipal,Peak Energy Rewards,DR-BYOT,Residential;SmallC&I,Thermostat/AC,Opt-in,enrollment credit + annual credit,$50 bill credit per thermostat on enrolling + $25 bill credit each year enrolled,"May 1-Sep 30; setpoint change <=4 deg F, <=4 hr; no weekends/holidays except emergencies; opt-out allowed",Peak Energy Rewards,,,,No,,Active,https://www.csu.org/peak-energy-rewards,2026-09-28,Primary
WECC-nonRTO,CO,Holy Cross Energy,Cooperative,Peak Time Payback,CPP-PTR,Residential,Any,Opt-in,$/kWh reduced vs baseline during alerts,Critical alert $1.50/kWh reduced; High alert $0.75/kWh reduced,"Alert blocks typically 2-3 hr, mostly 4-9pm; anticipated <=96 PTP hours/yr; no penalty",Peak Time Payback,Typically weekdays 4-9pm,,,Yes-restricted,Not combinable with Power+FLEX,Active,https://www.holycross.com/member-programs/peak-time-payback,2026-09-28,Primary
WECC-nonRTO,CO,Holy Cross Energy,Cooperative,Residential Small/Large Demand-based Rate,Demand-Charge,Residential,Any,Default,monthly kW demand charge + energy charge,Small Residential: $16.00/mo customer + $0.11/kWh + $1.00/kW; Large Residential: $45.00/mo + $0.082/kWh + $5.51/kW; ECA $0.00269/kWh (Sep 2026),,Small Residential / Large Residential,,,,Yes,,Active,https://www.holycross.com/current-rates,2026-09-28,Primary
WECC-nonRTO,CO,Holy Cross Energy,Cooperative,Commercial and Irrigation Rates (Small/Large Commercial),Demand-Charge,SmallC&I;LargeC&I,Any,Default,monthly kW demand charge + energy charge,Small Commercial: $20.00/mo + $0.10/kWh + $1.00/kW; Large Commercial & Irrigation: $62.00/mo + $0.078/kWh + $6.83/kW; ECA $0.00269/kWh (Sep 2026),,Small Commercial / Large Commercial & Irrigation,,,,Yes,,Active,https://www.holycross.com/current-rates,2026-09-28,Primary
WECC-nonRTO,CO,Holy Cross Energy,Cooperative,Charge at Home,EV-Rate,Residential,EV/EVSE,Opt-in,upfront charger rebate + managed charging,"Rebate for approved Level 2 charger up to $549 (installation $800-2,000 est. by HCE)",HCE may occasionally delay charging at times of peak demand,Charge at Home,,,,No,,Active,https://www.holycross.com/member-programs/charge-at-home,2026-09-28,Primary
WECC-nonRTO,CO,Colorado Springs Utilities,Municipal,Renewable Energy Net Metering - restructured (Grid Access Charge or Demand Charge options),Export-Comp,Residential;SmallC&I,Solar+Storage;Battery,Default,net metering with new fixed/demand charges,Option 1: ~$1.00/day Grid Access Charge with time-of-day energy credits; Option 2: demand charge on highest 15-min on-peak demand with flat 1:1 kWh credits and rollover; both expected to raise solar customers' bills >$30/mo,,NM (2026 rate case),Weekdays 5-9pm,,"Approved by City Council 7-2 on 22 Sep 2026; existing 11,000+ customers keep current net metering for 5 years (agreements before 1 Apr 2027 through 1 Apr 2032)",Yes-restricted,,Active,https://gazette.com/2026/09/22/electric-rate-decrease-net-metering-hikes-approved-for-colorado-springs-utilities/,2026-09-28,Secondary
WECC-nonRTO,CO,Colorado Springs Utilities,Municipal,Renewable Energy Net Metering - legacy (pre-Apr 2027 agreements),Export-Comp,Residential;SmallC&I,Solar+Storage;Battery,Default,"net metering, annual rollover of banked kWh credits","Application fee $100 residential / $1,000 for >=150 kW systems",,NM,,,Excess kWh credit rolled over year-end via rollover process; grandfathered 5 yrs,Yes,,Active,https://www.csu.org/solar-energy-program,2026-09-28,Primary
WECC-nonRTO,CO,Colorado Springs Utilities,Municipal,Planned distributed storage / battery program,Storage-Incentive,Residential,Battery,Pilot,program not yet launched,CEO said launch targeted ~March 2027; no incentive values published,,,,,,Yes,,Proposed/pending,https://gazette.com/2026/09/22/electric-rate-decrease-net-metering-hikes-approved-for-colorado-springs-utilities/,2026-09-28,Secondary
WECC-nonRTO,CO,CORE Electric Cooperative,Cooperative,Residential three-part rate (service + energy + on-peak demand),Demand-Charge,Residential,Any,Default,monthly on-peak kW demand charge,$20/month service charge; demand charge $5.47/kW (highest 60-min usage 4-8pm) from Jan 2026 bills; average 6.7% rate increase Jan 2026,,Residential rate schedule (Rates & Regulations eff. 1 Jan 2026),Daily 4-8pm (demand measurement),,,Yes,,Active,https://core.coop/my-cooperative/rates-and-regulations/rate-structure/,2026-09-28,Primary
WECC-nonRTO,CO,CORE Electric Cooperative,Cooperative,Non-residential three-part rate,Demand-Charge,SmallC&I;LargeC&I,Any,Default,monthly kW demand charge (highest 15-min),Demand rate varies by rate class (not extracted),,Non-residential rate schedules,,,,Yes,,Active,https://core.coop/my-cooperative/rates-and-regulations/rate-structure/,2026-09-28,Primary
WECC-nonRTO,CO,CORE Electric Cooperative,Cooperative,Time-of-Use metering program,TOU-Rate,Residential,Any,Opt-in,TOU metering rate,,,TOU,On-peak 4-8pm; off-peak 8pm-4pm,rate values not published on page,,Yes,,Active,https://core.coop/time-of-use-program-available/,2026-09-28,Primary
WECC-nonRTO,CO,CORE Electric Cooperative,Cooperative,CORE Cool Credits,DR-BYOT,Residential;SmallC&I,Thermostat/AC;HeatPump,Opt-in,enrollment bonus + participation bill credit,"$25 enrollment bonus; season credit $5 (25-49% of events), $15 (50-79%), $25 (>=80%) per thermostat, up to 2 thermostats",Summer demand response events; setpoint adjusted a few degrees; opt-out by override,CORE Cool Credits (implemented by Uplight),,,,No,FlexSaver,Active,https://core.coop/cool-credits/,2026-09-28,Primary
WECC-nonRTO,CO,CORE Electric Cooperative,Cooperative,Net Metering (<=10 kW AC residential),Export-Comp,Residential,Solar+Storage,Opt-in,net metering at retail,Excess sold back at retail rate; system <=10 kW AC and annual production <=200% of 12-month usage,,Net metering under Rates & Regulations / interconnection application,,,Net metering at retail rate for <=10 kW; larger systems not net metered,Unclear,,Active,https://core.coop/my-cooperative/renewables/rooftop-solar/,2026-09-28,Primary
WECC-nonRTO,CO,CORE Electric Cooperative,Cooperative,Small Qualifying Facility Service (avoided cost export),Export-Comp,Residential;SmallC&I,Solar+Storage,Opt-in,avoided-cost credit for exports,$0.04473/kWh through Apr 2026; $0.04616/kWh from May 2026,,Small QF Service,,,Avoided cost recalculated annually; per search summary Small QF Service not available to consumers who charge a battery storage (unconfirmed on primary page),Yes-restricted,,Active,https://core.coop/my-cooperative/renewables/rooftop-solar/,2026-09-28,Primary
WECC-nonRTO,CO,United Power,Cooperative,Standard Residential (R1),Demand-Charge,Residential,Any,Default,flat energy + anytime kW demand,$22.00/mo fixed; $0.1184/kWh; $4.55/kW (highest 15-min anytime); eff. 1 Jan 2026,,R1,,flat $0.1184/kWh,,Yes,,Active,https://www.unitedpower.com/residential-rates,2026-09-28,Primary
WECC-nonRTO,CO,United Power,Cooperative,Time of Use (RTD1),TOU-Rate,Residential,Any,Opt-in,TOU energy + anytime kW demand,$22.00/mo fixed; demand $4.55/kW anytime highest 15-min,,RTD1,On-peak 5-9pm Mon-Sat; off-peak all other + Sundays + 6 major holidays,on-peak $0.1880/kWh; off-peak $0.0672/kWh,,Yes,,Active,https://www.unitedpower.com/residential-rates,2026-09-28,Primary
WECC-nonRTO,CO,United Power,Cooperative,Peak Time of Use (RDP1),TOU-Rate,Residential,Any,Opt-in,TOU energy + on-peak-only kW demand,$22.00/mo fixed; on-peak demand $5.50/kW (highest 15-min 5-9pm),,RDP1,On-peak 5-9pm Mon-Sat,on-peak $0.1549/kWh; off-peak $0.0672/kWh,,Yes,,Active,https://www.unitedpower.com/residential-rates,2026-09-28,Primary
WECC-nonRTO,CO,United Power,Cooperative,Smart Choice (RD1),Demand-Charge,Residential,Any,Opt-in,low energy rate + on-peak and grid-access kW demand,$22.00/mo fixed; on-peak demand $8.19/kW (5-9pm); grid access demand $6.53/kW (anytime),,RD1,On-peak demand 5-9pm (Sun/holidays off-peak),flat $0.0557/kWh,,Yes,,Active,https://www.unitedpower.com/residential-rates,2026-09-28,Primary
WECC-nonRTO,CO,United Power,Cooperative,Smart Rewards,DR-BYOT,Residential,Thermostat/AC;HeatPump,Opt-in,annual bill credit,$30 bill credit per summer participated (Jun-Sep); enroll by 31 Jul,"Weekdays 4-8pm only; 1 event/day, max 3 events/week",Smart Rewards,,,,No,,Active,https://www.unitedpower.com/smart-rewards,2026-09-28,Primary
WECC-nonRTO,CO,United Power,Cooperative,Battery Pilot Program,VPP,Residential;SmallC&I;LargeC&I,Battery,Pilot,monthly bill credit by system size,Amount not published in accessible sources,"Charge/discharge schedule weekdays; co-op discharges up to 70% of capacity (30% reserved for member); search snippet cites Mon-Fri 4-8pm (other snippet 8am-8pm control window); only Generac, Lithion, Sol-Ark batteries",Battery Pilot,Weekdays 4-8pm,,,Yes,,Pilot,https://www.unitedpower.com/battery,2026-09-28,Unverified
WECC-nonRTO,CO,United Power,Cooperative,United EV (home charger service + smart charging rates),EV-Rate,Residential,EV/EVSE,Opt-in,charger lease + wiring rebate + managed charging,"ChargePoint Home Flex L2 at $19/month; make-ready wiring rebate up to $1,000; recommended RTD1 with Simple Saver schedule",Utility control of charging during on-peak 5-9pm (Flex Saver = Level 1 during 5-9pm),United EV / RTD1,5-9pm Mon-Sat,"RTD1 on-peak 18.80c, off-peak 6.72c per kWh",,No,"RTD1, RDP1, R1, RD1 rates",Active,https://www.unitedpower.com/sites/default/files/Documents/Energy%20Programs/UnitedEV/UnitedEV_ProgramGuide_2026.pdf,2026-09-28,Primary
WECC-nonRTO,CO,United Power,Cooperative,Net Metering,Export-Comp,Residential;SmallC&I,Solar+Storage,Default,"monthly kWh rollover, annual cash-out at wholesale",System <=200% of annual usage at location; annual (Apr-Mar) excess cashed out at wholesale energy rate (value not extracted),,Net metering policy,,,Monthly excess kWh rolled over; annual excess cashed out at wholesale rate; policy not grandfathered,Yes,,Active,https://www.unitedpower.com/solar-bill,2026-09-28,Secondary
WECC-nonRTO,CO,Black Hills Energy (Colorado Electric),IOU,Residential Time-of-Day / RS-EV (whole house),TOU-Rate,Residential,EV/EVSE;Any,Opt-in,2:1 on/off-peak TOD energy rate,$8.77/mo customer charge; required for Ready EV wiring rebate customers not in EVolved Charging; opt out after 12 months,,RS-EV (Residential TOD),"Weekdays 5-8pm excl. 6 holidays, year-round",on-peak $0.24034/kWh; off-peak $0.12017/kWh,,Yes,Ready EV rebates,Active,https://www.blackhillsenergy.com/sites/blackhillsenergy.com/files/2025-time-of-day-rate-factsheet.pdf,2026-09-28,Primary
WECC-nonRTO,CO,Black Hills Energy (Colorado Electric),IOU,Small Commercial Time-of-Day,TOU-Rate,SmallC&I,Any,Opt-in,2:1 on/off-peak TOD energy rate,"$11.39/mo customer charge; for demand <=50 kW, government, non-profit, multi-unit dwelling",,Small Commercial TOD,Weekdays 5-8pm excl. holidays,on-peak $0.20234/kWh; off-peak $0.10117/kWh (year-round),,Yes,,Active,https://www.blackhillsenergy.com/sites/blackhillsenergy.com/files/2025-time-of-day-rate-factsheet.pdf,2026-09-28,Primary
WECC-nonRTO,CO,Black Hills Energy (Colorado Electric),IOU,Large Commercial EV Time-of-Day (with demand charge),EV-Rate,LargeC&I,EV/EVSE,Opt-in,"TOD energy + reduced kW demand charge, separate EV meter",$64.00/mo customer charge; demand $7.62/kW (vs $28.00/kW standard per BHE site),,Large Commercial EV TOD,Weekdays 5-8pm excl. holidays; summer Jun 1-Sep 30,summer on-peak $0.79050 / off-peak $0.26350; non-summer on-peak $0.52700 / off-peak $0.26350 per kWh,,No,Ready EV rebates,Active,https://www.blackhillsenergy.com/sites/blackhillsenergy.com/files/2025-time-of-day-rate-factsheet.pdf,2026-09-28,Primary
WECC-nonRTO,CO,Black Hills Energy (Colorado Electric),IOU,"Large Commercial EV Time-of-Day (non-demand, public fast charging)",EV-Rate,LargeC&I,EV/EVSE,Opt-in,"TOD energy only, no demand charge, separate EV meter",$64.00/mo customer charge,,Large Commercial EV TOD (Non-Demand),Weekdays 5-8pm excl. holidays; summer Jun 1-Sep 30,summer on-peak $1.07439 / off-peak $0.35813; non-summer on-peak $0.71626 / off-peak $0.35813 per kWh,,No,Ready EV rebates,Active,https://www.blackhillsenergy.com/sites/blackhillsenergy.com/files/2025-time-of-day-rate-factsheet.pdf,2026-09-28,Primary
WECC-nonRTO,CO,Black Hills Energy (Colorado Electric),IOU,Residential Demand Response Program,DR-DLC,Residential,Thermostat/AC,Closed to new,,Discontinued as of 31 Dec 2025 per search-result summary of BHE page (not re-confirmed on primary page),,,,,,No,,Terminated,https://www.blackhillsenergy.com/efficiency-and-savings/residential-rebates/colorado-electric-residential-rebates,2026-09-28,Unverified
WECC-nonRTO,CO,Black Hills Energy (Colorado Electric),IOU,Net Metering (residential),Export-Comp,Residential,Solar+Storage,Default,net metering; excess purchased by utility,Residential systems sized up to 120% of average annual kWh usage; buyback rate not extracted,,Net Metering,,,Net metering; excess energy purchased by BHE (per search summary),Unclear,,Active,https://www.blackhillsenergy.com/billing-and-payments/rates-and-regulatory-information/colorado-rates-and-regulatory-information,2026-09-28,Unverified
WECC-nonRTO,CO,Fort Collins Utilities,Municipal,Residential Standard Time-of-Day Rate (2026),TOU-Rate,Residential,Any,Default,seasonal TOD energy rate,Base charge $12.67/mo; tier charge 3.16c/kWh above 700 kWh,,Residential Standard TOD,Summer May-Sep weekdays 2-7pm; non-summer Oct-Apr weekdays 5-9pm; weekends/holidays off-peak,summer on-peak 32.30c / off-peak 8.98c; non-summer on-peak 29.78c / off-peak 8.98c per kWh,,Yes,,Active,https://www.fortcollins.gov/Services/Utilities/Pay-My-Bill/Rates,2026-09-28,Primary
WECC-nonRTO,CO,Fort Collins Utilities,Municipal,Residential Electric Heat Time-of-Day Rate (2026),TOU-Rate,Residential,HeatPump;SpaceHeat,Default,seasonal TOD energy rate (all-electric homes),Base charge $12.67/mo; no tier charge,,Residential Electric Heat TOD,Summer May-Sep weekdays 2-7pm; non-summer Oct-Apr weekdays 5-9pm,summer on-peak 33.18c / off-peak 9.85c; non-summer on-peak 30.65c / off-peak 9.85c per kWh,,Yes,,Active,https://www.fortcollins.gov/Services/Utilities/Pay-My-Bill/Rates,2026-09-28,Primary
WECC-nonRTO,CO,Fort Collins Utilities,Municipal,Residential Solar Net Metering Credit (Standard TOD),Export-Comp,Residential,Solar+Storage;Battery,Default,"net metering credit at TOD rates, monthly rollover","Summer on-peak credit 25.10c, off-peak 6.36c; non-summer on-peak 21.79c, off-peak 6.36c per kWh; unused credits roll over; cash-out only if net credit >$300 on Mar 1 and account >1 yr",,Net metering (TOD),Summer 2-7pm weekdays; non-summer 5-9pm weekdays,credit rates listed at left,Net credit per kWh exported by time-of-day; net metering rate applies to customers with batteries; customer-owned systems up to 12 kW or 200% of use,Yes,Solar and Battery Storage Incentives,Active,https://www.fortcollins.gov/Services/Utilities/Pay-My-Bill/Rates,2026-09-28,Primary
WECC-nonRTO,CO,Fort Collins Utilities,Municipal,Residential Solar Net Metering Credit (Electric Heat TOD),Export-Comp,Residential,Solar+Storage;Battery,Default,net metering credit at TOD rates,"Summer on-peak 25.72c, off-peak 6.98c; non-summer on-peak 22.41c, off-peak 6.98c per kWh",,Net metering (Electric Heat TOD),Summer 2-7pm; non-summer 5-9pm weekdays,,Net credit per kWh exported by time-of-day,Yes,,Active,https://www.fortcollins.gov/Services/Utilities/Pay-My-Bill/Rates,2026-09-28,Primary
WECC-nonRTO,CO,Fort Collins Utilities,Municipal,Residential Battery Storage Incentive (2026),Storage-Incentive,Residential,Battery;Solar+Storage,Opt-in,upfront $/kWh rebate,"$300/kWh usable capacity; max $7,500 (20 kWh) for new system or adding to existing; new battery installations only; via Participating Solar Contractors; Epic Loan up to $50,000","Battery must be internet-connected, programmed for storing surplus solar or optimized to TOD rate; utility access to inverter data",Battery Controls Program,,Off-peak export ~6c vs on-peak ~20c per kWh per FC Utilities,,Yes,Epic Loan; Net Metering,Active,https://www.fortcollins.gov/Services/Utilities/Programs-and-Rebates/Energy-Programs/Residential-Solar-and-Battery-Storage,2026-09-28,Primary
WECC-nonRTO,CO,Fort Collins Utilities,Municipal,Peak Partners,DR-DLC,Residential;SmallC&I,Thermostat/AC;ElectricWaterHeater,Opt-in,utility-installed thermostat / load control; customer pays install fee,One-time $50 installation fee for utility-installed programmable thermostat (per search-result summary),Cycling during peak demand periods (details not extracted),Peak Partners,,,,No,,Active,https://www.fcgov.com/utilities/residential/conserve/energy-efficiency/peak-partners/program-faqs,2026-09-28,Secondary
WECC-nonRTO,CO,Fort Collins Utilities,Municipal,Efficiency Works Flex Thermostat,DR-BYOT,Residential;SmallC&I,Thermostat/AC,Opt-in,enrollment incentive + annual incentive,$50 enrollment incentive per search-result summary; annual incentive amount not extracted,Temporary setpoint adjustments during high-demand periods; override allowed,Flex Thermostat (Google Nest eligible),,,,No,Peak Partners? unknown,Active,https://efficiencyworks.org/for-your-home-flex/,2026-09-28,Secondary
WECC-nonRTO,CO,Fort Collins Utilities,Municipal,Efficiency Works Flex EV,EV-Rate,Residential,EV/EVSE,Pilot,managed charging incentive,"Enrollment and annual incentives, amounts not published",Managed charging to lower-cost/renewable hours; override allowed,Flex EV,,,,No,,Proposed/pending,https://efficiencyworks.org/for-your-home-flex/,2026-09-28,Primary
WECC-nonRTO,CO,Poudre Valley REA,Cooperative,Schedule ATOU / A2TOU / BTOU - Time of Use (single/three-phase),TOU-Rate,Residential;SmallC&I,Any,Opt-in,TOU energy + kW demand charge,Facilities charge + demand charge per kW (15-min max); dollar values not extracted from PDF; per search snippet off-peak as low as $0.05464/kWh vs on-peak $0.18800/kWh (unconfirmed which schedule),,"ATOU, A2TOU, BTOU (eff. 1 Jan 2025)",On-peak 4-9pm Mon-Sat excl. holidays; off-peak all other (based on Tri-State load profile); 12-month lockout after switching back,,,Yes,,Active,https://pvrea.coop/wp-content/uploads/2021/04/Rates-2025_rev1_12-3-2024.pdf,2026-09-28,Primary
WECC-nonRTO,CO,Poudre Valley REA,Cooperative,Schedule LPTOU / LPPTOU - Large Commercial Time of Use,Demand-Charge,LargeC&I,Any,Opt-in,TOU demand credit/charge (on-peak vs off-peak kW) + energy,Rates not extracted,,"LPTOU, LPPTOU",On-peak period set by Association (Tri-State profile),,,Yes,,Active,https://pvrea.coop/wp-content/uploads/2021/04/Rates-2025_rev1_12-3-2024.pdf,2026-09-28,Primary
WECC-nonRTO,CO,Poudre Valley REA,Cooperative,Power Peak Rewards,DR-BYOT,Residential,Thermostat/AC;HeatPump,Opt-in,enrollment credit + annual credit,$50 one-time enrollment incentive plus $50 smart thermostat rebate (per search summary); annual reward credit after cooling season (amount not extracted),"Max 20 events May 1-Oct 31, <=1/day, 1-9pm window, <=4 hr, <=4/week",Power Peak Rewards,,,,No,Smart thermostat rebate,Active,https://pvrea.coop/for-members/residential-services/power-peak-rewards/,2026-09-28,Primary
WECC-nonRTO,CO,Poudre Valley REA,Cooperative,EV Charger Rebates,EV-Rate,Residential;SmallC&I,EV/EVSE,Opt-in,upfront charger rebate,"Level 2 up to $250; Level 2 with Member Managed Program participation up to $1,000; public Level 2 up to $1,000; Level 3 DC fast up to $7,000",,EV rebates,,,,No,EV Charging Rewards,Active,https://pvrea.coop/for-members/rebates/ev-rebates/,2026-09-28,Primary
WECC-nonRTO,CO,Poudre Valley REA,Cooperative,EV Charging Rewards,EV-Rate,Residential,EV/EVSE,Opt-in,$/kWh discount for off-peak charging,2 cents/kWh off EV charging during program hours (~$8-10/month average savings),Program hours (off-peak); details in terms,EV Charging Rewards,Program hours,,,No,,Active,https://pvrea.coop/for-members/rebates/ev-rebates/,2026-09-28,Primary
WECC-nonRTO,CO,Poudre Valley REA,Cooperative,Schedule NP - Net Metering,Export-Comp,Residential;SmallC&I,Solar+Storage,Default,net metering; annual payout of remaining credits at avoided cost,Unused credit balance paid within 60 days after annual period Apr 1-Mar 31 at Association's avoided cost (published on website; value not extracted),,NP,,,"Monthly energy credit, annual cash-out at avoided cost",Unclear,,Active,https://pvrea.coop/wp-content/uploads/2021/04/Rates-2025_rev1_12-3-2024.pdf,2026-09-28,Primary
WECC-nonRTO,CO,Longmont Power & Communications,Municipal,Residential Demand Rate (RD),Demand-Charge,Residential,Any,Opt-in,kW demand charge + low energy rate,"$17.50/mo; demand $9.93/kW non-summer, $10.93/kW summer (highest 15-min); energy 6.21c non-summer / 6.84c summer per kWh; for electric-heat homes or >15,000 kWh/yr",,RD,,energy 6.21c/6.84c per kWh (non-summer/summer),,Yes,,Active,https://longmontcolorado.gov/longmont-power-communications/rates-and-fees/residential-rates/,2026-09-28,Primary
WECC-nonRTO,CO,Longmont Power & Communications,Municipal,Residential Energy Rate (RE) tiered,TOU-Rate,Residential,Any,Default,inclining block (not TOU),"$17.50/mo; Tier1 <=750 kWh 10.57c/11.64c; Tier2 751-1,500 12.45c/13.73c; Tier3 >1,500 16.18c/17.83c (non-summer/summer)",,RE,No time-of-use window (tiered by kWh),,,Unclear,,Active,https://longmontcolorado.gov/longmont-power-communications/rates-and-fees/residential-rates/,2026-09-28,Primary
WECC-nonRTO,CO,Longmont Power & Communications,Municipal,Residential Self Generation Rate (REGE) - PTO on/after 1 Jan 2025,Export-Comp,Residential,Solar+Storage;Battery,Default,net billing: generation credit for exported kWh,Generation credit 9.05c/kWh for all kWh flowing onto system; import energy 11.10c-11.16c non-summer / 12.22c-12.28c summer per kWh; $23.10/mo customer charge,,REGE,,,Generation credit 9.05c/kWh (both seasons),Yes,,Active,https://longmontcolorado.gov/longmont-power-communications/rates-and-fees/residential-rates/,2026-09-28,Primary
WECC-nonRTO,CO,Longmont Power & Communications,Municipal,Residential Self Generation Legacy Rate (REGL) - PTO on/before 31 Dec 2024,Export-Comp,Residential,Solar+Storage;Battery,Closed to new,legacy self-generation rate,"Energy 11.10c/11.16c non-summer, 12.22c/12.28c summer per kWh; $23.10/mo; transitions to REGE Jan 2040",,REGL,,,Legacy rate structure; resize/upgrade/ownership change moves customer to REGE,Yes,,Closed to new enrollment,https://longmontcolorado.gov/longmont-power-communications/rates-and-fees/residential-rates/,2026-09-28,Primary
WECC-nonRTO,CO,Longmont Power & Communications,Municipal,LPC / ecobee Smarter Summer thermostat trial,DR-BYOT,Residential,Thermostat/AC,Pilot,enrollment credit + participation credit,"$50 bill credit on signup; additional $25 if >=75% of events; limited to first 200 customers (2022 trial, Jun-Sep)",Events during high demand Jun 1-Sep 30; opt out of each event,ecobee eco+ Smarter Summer,,,,No,,Pilot,https://longmontcolorado.gov/news/volunteers-wanted-for-lpc-ecobee-thermostat-program/,2026-09-28,Primary
WECC-nonRTO,NM,Public Service Co of New Mexico (PNM),IOU,"Rate 1A Residential Service (27th revised, Adv. Notice 651)",TOU-Rate,Residential,Any,Default,3-block inclining energy rate (non-TOU base),Customer charge $11.93/mo; first 450 kWh $0.0896783/kWh; next 450 kWh $0.1486546 summer / $0.1282683 non-summer; additional $0.1994661 summer / $0.1701214 non-summer,,Rate 1A,Summer = Jun-Aug; no TOU window,,,Unclear,,Active,https://www.pnm.com/documents/d/pnm.com/27th-revised-rate-no-1a-1,2026-09-28,Primary
WECC-nonRTO,NM,Public Service Co of New Mexico (PNM),IOU,Rate 1B Residential Service Time-of-Use / TOD Rate Pilot,TOU-Rate,Residential,Any,Closed to new,"TOU / TOD pilot (up to 7,500 customers)",1B TOU (closed to new customers 15 Jan 2024): customer $21.14 + meter $5.37/mo; TOD pilot: $9.95/mo customer charge; one-time bill guarantee after 12 months,,Rate 1B (23rd revised),"TOU on-peak 8am-8pm Mon-Fri year-round; TOD pilot on-peak summer 5-8pm, non-summer 5-8am & 5-8pm Mon-Fri","1B TOU on-peak $0.1973457 summer/$0.1536420 non-summer, off-peak $0.0633977/kWh; TOD pilot summer on-peak $0.3117085/off-peak $0.0773746; non-summer on-peak $0.1712278/off-peak $0.0686586 per kWh",,Yes,,Closed to new enrollment,https://www.pnm.com/documents/28767612/28775078/1B+Residentail+Service+Time+of+Use+Rate.pdf/c0a2ac21-d395-6d40-e421-7c49383e6dc6?t=1706050347082,2026-09-28,Primary
WECC-nonRTO,NM,Public Service Co of New Mexico (PNM),IOU,PNM Power Saver (residential AC cycling / BYOT),DR-DLC,Residential,Thermostat/AC;HeatPump,Opt-in,sign-up bonus + annual thank-you check,$25 one-time sign-up bonus per device + $25 annual thank-you check per device (50% cycling level),"Activation weekdays Jun-Sep 12-9pm, <=4 hr; customer may opt out of up to 3 events/yr and keep annual check",PNM Power Saver (administered by Itron),Weekdays Jun-Sep 12pm-9pm,,,No,,Active,https://www.pnmpowersaver.com/overview/program-rules/,2026-09-28,Primary
WECC-nonRTO,NM,Public Service Co of New Mexico (PNM),IOU,PNM Peak Saver (commercial curtailment),DR-Curtailment,LargeC&I,GeneralLoad,Opt-in,annual incentive based on curtailed load,Amount not published,Events notified >=10 minutes before start; customer may withdraw from events; requires >=150 kW monthly billing demand (12 mo),PNM Peak Saver (Itron),,,,No,,Active,https://www.pnm.com/peaksaver,2026-09-28,Primary
WECC-nonRTO,NM,Public Service Co of New Mexico (PNM),IOU,Whole Home EV (WHEV) Rate Pilot,EV-Rate,Residential,EV/EVSE,Pilot,overnight flat energy rate,"Up to 10,000 EV drivers; $0.0575/kWh 10pm-5am; other hours billed at Rate 1A blocks; required for customers who take a charger rebate",,Rate 1A WHEV pilot,10pm-5am daily year-round,overnight $0.0575/kWh,Net-metered solar production not offset during 10pm-5am WHEV hours,No,,Pilot,https://www.pnm.com/documents/d/pnm.com/27th-revised-rate-no-1a-1,2026-09-28,Primary
WECC-nonRTO,NM,Public Service Co of New Mexico (PNM),IOU,Smart Home Charging Program (Optiwatt),EV-Rate,Residential,EV/EVSE,Opt-in,enrollment incentive + monthly incentive per EV,$75 one-time enrollment + $8/month per EV (per search summary),Managed charging via Optiwatt app,Smart Home Charging Program,,,,No,,Active,https://www.pnm.com/residential-ev,2026-09-28,Secondary
WECC-nonRTO,NM,Public Service Co of New Mexico (PNM),IOU,Residential EV Charger Rebates (Transportation Electrification Program),EV-Rate,Residential,EV/EVSE,Opt-in,upfront rebate,"Up to $500 toward charger + up to $1,500 installation; income-qualified up to $750 + $3,500 (per search summary); Rider 53 TEP surcharge $0.0028946/kWh for Rate 1A/1B",,Rider 53,,,,No,WHEV rate,Active,https://ev.pnm.com/residential-ev-charger-rebates/,2026-09-28,Secondary
WECC-nonRTO,NM,Public Service Co of New Mexico (PNM),IOU,Rider 24 Net Metering Service,Export-Comp,Residential;SmallC&I,Solar+Storage,Default,net metering; monthly credit/payment for excess,Excess <$50 carried to next bill; >$50 paid next month (per search summary); systems <10 kW 1:1 retail credit; larger paid at lower rate,,Rider 24,,,1:1 netting for small systems; excess >$50 paid out (per third-party summary; tariff PDF unreadable),Unclear,,Active,https://www.pnm.com/rates2,2026-09-28,Unverified
WECC-nonRTO,NM,Public Service Co of New Mexico (PNM),IOU,"Rate 2B Small Power Service Time-of-Use / TOD Pilot (26th revised, Adv. Notice 651)",TOU-Rate,SmallC&I,Any,Closed to new,"TOU and TOD pilot (up to 2,500 non-res customers)",2B TOU closed to new customers 15 Jan 2024; TOD pilot customer charge $23.61/mo; one-time bill guarantee,,Rate 2B,"TOU on-peak 8am-8pm Mon-Fri; TOD pilot on-peak summer 5-10pm, non-summer 5-8am & 5-8pm; super off-peak 8am-5pm Mon-Fri","2B TOU: on-peak $0.2210865 summer/$0.1714464 non-summer, off-peak $0.0636599; TOD pilot: summer on $0.2650882/off $0.1322264/super-off $0.0665954; non-summer on $0.1381114/off $0.0865132/super-off $0.0561538 per kWh",,Yes,,Closed to new enrollment,https://www.pnm.com/documents/d/pnm.com/26th-revised-rate-no-2b,2026-09-28,Primary
WECC-nonRTO,NM,El Paso Electric Co (New Mexico jurisdiction),IOU,New Mexico Residential Service Rate (standard),TOU-Rate,Residential,Any,Default,2-tier summer / flat winter energy rate (non-TOU base),"$7.00/mo customer charge; summer Tier 1 (0-600 kWh) $0.07035, Tier 2 $0.10876/kWh; winter $0.05816/kWh",,NM Residential Service Rate (Rate 01),No TOU window,,,Unclear,,Active,https://www.epelectric.com/residential/customer-programs/time-of-day-rates/new-mexico,2026-09-28,Primary
WECC-nonRTO,NM,El Paso Electric Co (New Mexico jurisdiction),IOU,New Mexico Residential Time-of-Day (TOD) Rate,TOU-Rate,Residential,Any,Opt-in,TOD energy rate; 12-month minimum with bill-guarantee opt-out,"$7.00/mo customer charge; 12-month enrollment, credited difference if no savings vs standard rate",,NM Residential TOD,On-peak weekdays 3-7pm Jun-Sep only; all other hours off-peak,summer on-peak $0.22108/kWh; summer off-peak $0.05527/kWh; winter (Oct-May) off-peak $0.05816/kWh,For DG customers net energy metering is applied by TOD period each billing cycle,Yes,,Active,https://www.epelectric.com/residential/customer-programs/time-of-day-rates/new-mexico,2026-09-28,Primary
WECC-nonRTO,NM,El Paso Electric Co (New Mexico jurisdiction),IOU,EV Smart Rewards NM (ev.energy),EV-Rate,Residential,EV/EVSE,Pilot,enrollment incentive + monthly + annual incentive,"$125 enrollment; up to $5/month for Low Carbon and demand response events; $50 annual for managed charging 80% of the time; first 220 customers in NM ZIPs 87930-87941, 88001-88081 (per search summary)",Managed charging optimized to avoid 3-7pm peak; override allowed,EV Smart Rewards NM,3-7pm,,,No,Whole-House EV Rate Plan,Active,https://www.epelectric.com/new-mexico-ev/residential/charging-programs,2026-09-28,Secondary
WECC-nonRTO,NM,El Paso Electric Co (New Mexico jurisdiction),IOU,Smart Charging Program (Level 2 charger rebate),EV-Rate,Residential,EV/EVSE,Opt-in,upfront charger rebate,Up to $500 for qualifying Level 2 charger; income-qualified up to $600,,Smart Charging Program,,,,No,EV Smart Rewards NM,Active,https://www.epelectric.com/new-mexico-ev/residential/charging-programs,2026-09-28,Primary
WECC-nonRTO,NM,El Paso Electric Co (New Mexico jurisdiction),IOU,Home Wiring Program,EV-Rate,Residential,EV/EVSE,Opt-in,upfront wiring rebate,"Up to $1,300 for new 240V outlet (income-qualified up to $1,800); up to $2,500 additional for panel upgrade; capped at 100% of cost",,Home Wiring Program,,,,No,,Active,https://www.epelectric.com/new-mexico-ev/residential/charging-programs,2026-09-28,Primary
WECC-nonRTO,NM,El Paso Electric Co (New Mexico jurisdiction),IOU,"Net Metering (NM, Rate No. 16 Purchased Power)",Export-Comp,Residential;SmallC&I,Solar+Storage,Opt-in,net metering: net production credited based on fuel & purchased power cost adjustment,DG systems <=120% of annual consumption qualify for net metering; larger systems choose Load Displacement (no payment for exports) or Separate Load Metering (EPE purchases all output at its energy rate),,Rate No. 16 - Purchased Power,,,Net production credited at fuel/purchased power adjustment (per EPE); oversized systems: no payment for exports under load displacement,Unclear,,Active,https://solarium3.epelectric.com/DGInterconnection/Templates/NMNetMeteringOptions.pdf,2026-09-28,Primary
WECC-nonRTO,AZ,Trico Electric Cooperative,Cooperative,"Residential Service (effective 1 Jan 2026, ACC Decision 81550)",TOU-Rate,Residential,Any,Default,flat energy rate (non-TOU base),$25.00/mo customer charge; $0.131760/kWh; rate case expense surcharge $0.07/customer/month,,Residential standard (Decision No. 81550),No TOU window,flat $0.131760/kWh,,Unclear,,Active,https://trico.coop/new-rates-go-in-effect-jan-1-2026/,2026-09-28,Primary
WECC-nonRTO,AZ,Trico Electric Cooperative,Cooperative,RS2TOU Residential Time of Use (frozen),TOU-Rate,Residential,Any,Closed to new,TOU energy rate; frozen tariff eff. 1 Mar 2017,$28.00/mo customer charge (power supply $11.18 + distribution),,RS2TOU (FROZEN),Apr-Oct weekdays 1-9pm; Nov-Mar weekdays 6-10am & 6-10pm,"on-peak $0.194250/kWh; off-peak $0.074250/kWh (2017 tariff; base only, before PCA)",,Yes,,Closed to new enrollment,https://trico.coop/wp-content/uploads/2025/08/RS2TOU-1.pdf,2026-09-28,Primary
WECC-nonRTO,AZ,Trico Electric Cooperative,Cooperative,TODP Time of Day Pumping Service,Demand-Charge,LargeC&I,IrrigationPump,Opt-in,TOD demand charge + flat energy rate for pumps >=10 HP,$27-35/mo customer charge; on-peak demand $16.00/kW; billing demand $1.75/kW; energy $0.064/kWh on- and off-peak (2017 tariff),,TODP,Apr-Oct weekdays 1-9pm; Nov-Mar weekdays 6-10am & 6-10pm,energy $0.064000/kWh both periods,,Yes,,Active,https://trico.coop/wp-content/uploads/2025/08/TODP.pdf,2026-09-28,Primary
WECC-nonRTO,AZ,Trico Electric Cooperative,Cooperative,Thermostat Energy Management Program (TEMP),DR-BYOT,Residential,Thermostat/AC,Pilot,enrollment incentive + monthly summer bill credit,$50 one-time (up to 2 thermostats) + $15/month bill credit Jun-Sep; $110 first year,"Jun 1-Sep 30; setpoint +4F (precool -3F up to 1 hr before); events <=4 hr, 1/day, any day incl. weekends; opting out of >=2 events/summer may lead to unenrollment",TEMP tariff,,,,No,,Pilot,https://trico.coop/sustainable-programs/energy-solutions/,2026-09-28,Primary
WECC-nonRTO,AZ,Trico Electric Cooperative,Cooperative,EV Time of Use Rate (experimental),EV-Rate,Residential,EV/EVSE,Pilot,49% discount on first 400 kWh charged overnight,"Up to 400 kWh/month at 49% rate reduction; first 1,000 members",,EV TOU,10pm-5am,49% reduction on up to 400 kWh,,No,,Pilot,https://trico.coop/sustainable-programs/energy-solutions/,2026-09-28,Primary
WECC-nonRTO,AZ,Trico Electric Cooperative,Cooperative,EV Unlimited Rate (experimental),EV-Rate,Residential,EV/EVSE,Waitlist,fixed monthly fee for unlimited EV charging with Trico-owned L2 charger,"Fixed monthly cost (amount not shown); $0.25/kWh outside allowed hours; first 1,000 members; waitlisted due to charger delays",,EV Unlimited,Allowed 9am-4pm and 10pm-6am,outside allowed hours +$0.25/kWh,,No,,Pilot,https://trico.coop/sustainable-programs/energy-solutions/,2026-09-28,Primary
WECC-nonRTO,AZ,Trico Electric Cooperative,Cooperative,Energy Efficiency Loan Program (incl. battery storage),Storage-Incentive,Residential,Battery;Solar+Storage,Opt-in,low-interest on-bill financing (no rebate),Rate/amount not stated on page,,Energy Efficiency Loan,,,,Yes,,Active,https://trico.coop/sustainable-programs/energy-solutions/,2026-09-28,Primary
WECC-nonRTO,AZ,Trico Electric Cooperative,Cooperative,Net metering (frozen) / export credit,Export-Comp,Residential;SmallC&I,Solar+Storage,Closed to new,frozen net metering tariff; excess credited at energy rates; annual true-up at avoided cost,Annual avoided-cost true-up $0.03659/kWh (per search summary; grandfathered customers),,Net metering (frozen),,,Excess credited at energy rates; avoided-cost annual true-up $0.03659/kWh; solar customers min bill ~$25 + $3.38/mo data charge,Yes,,Closed to new enrollment,https://trico.coop/sustainable-programs/solar/,2026-09-28,Secondary
WECC-nonRTO,AZ,Sulphur Springs Valley Electric Cooperative (SSVEC),Cooperative,Schedule RT Residential Time-of-Use Service,TOU-Rate,Residential,Any,Opt-in,TOU energy rate (tariff eff. 1 Nov 2017 - may be superseded by 2026 rate case),$19.50/mo service availability charge,,RT,Summer Apr 16-Oct 15: 1-7pm Mon-Sat; Winter Oct 16-Apr 15: 6-9am & 6-9pm Mon-Sat,on-peak $0.214903/kWh; off-peak $0.078273/kWh (2017 tariff totals),,Yes,,Active,https://azcc.gov/docs/default-source/utilities-files/electric/tariffs/sulphur-springs-valley-electric-cooperative-inc.pdf?sfvrsn=e29f8144_2,2026-09-28,Primary
WECC-nonRTO,AZ,Sulphur Springs Valley Electric Cooperative (SSVEC),Cooperative,Schedule GT General Service & Small Power Time-of-Use,TOU-Rate,SmallC&I,Any,Opt-in,TOU energy + demand (tariff eff. 1 Nov 2017),Values not extracted,,GT,,,,Yes,,Active,https://azcc.gov/docs/default-source/utilities-files/electric/tariffs/sulphur-springs-valley-electric-cooperative-inc.pdf?sfvrsn=e29f8144_2,2026-09-28,Primary
WECC-nonRTO,AZ,Sulphur Springs Valley Electric Cooperative (SSVEC),Cooperative,Schedule PT Large Power Service Time of Use,Demand-Charge,LargeC&I,Any,Opt-in,TOU + kW demand (tariff eff. 1 Nov 2017),Values not extracted,,PT,,,,Yes,,Active,https://azcc.gov/docs/default-source/utilities-files/electric/tariffs/sulphur-springs-valley-electric-cooperative-inc.pdf?sfvrsn=e29f8144_2,2026-09-28,Primary
WECC-nonRTO,AZ,Sulphur Springs Valley Electric Cooperative (SSVEC),Cooperative,Distributed Generation Energy Export Rate (RCP-based) - proposed 2026 rate case,Export-Comp,Residential;SmallC&I,Solar+Storage,Default,avoided-cost export rate stepping down annually,Proposed first-year export rate $0.071165/kWh; -10% in years 2-5; -11.5% in year 6 (per Net Zero Solar blog / SSVEC rate-case materials; final ACC outcome not confirmed),,DG Energy Export Rate - Plan of Administration,,,Export rate at RCP avoided cost,Yes-restricted,,Proposed/pending,https://blog.netzerosolar.net/solar-policy/ssvecs-proposals-mean-solar/,2026-09-28,Secondary
WECC-nonRTO,AZ,UniSource Energy Services / UNS Electric,IOU,Residential Demand Time-of-Use,Demand-Charge,Residential,Any,Opt-in,TOU energy + on-peak kW demand charge,"$14/mo basic service charge; demand $6.82/kW up to 7 kW, $9.61/kW above 7 kW (highest on-peak hourly avg)",,Residential Demand TOU,Summer May-Oct weekdays 3-7pm; winter Nov-Apr weekdays 6-9am & 6-9pm; excl. holidays,summer on-peak 15.87c / off-peak 6.88c; winter on-peak 13.31c / off-peak 6.37c per kWh (excl. PPFAC),,Yes,,Active,https://www.uesaz.com/demand-tou/,2026-09-28,Primary
WECC-nonRTO,AZ,UniSource Energy Services / UNS Electric,IOU,Small General Service Demand Time-of-Use,Demand-Charge,SmallC&I,Any,Opt-in,TOU energy + on-peak kW demand charge,"$20/mo basic service charge; demand $8.25/kW up to 7 kW, $11.00/kW above 7 kW; 12-month lockout after leaving",,SGS Demand TOU,Summer May-Oct weekdays 2-8pm; winter Nov-Apr weekdays 5-9am & 5-9pm; excl. holidays,summer on-peak 12.28c / off-peak 5.86c; winter on-peak 12.18c / off-peak 5.30c per kWh,,Yes,,Active,https://www.uesaz.com/sgs-demand-tou/,2026-09-28,Primary
WECC-nonRTO,AZ,UniSource Energy Services / UNS Electric,IOU,Interruptible Service,DR-Curtailment,LargeC&I,GeneralLoad,Opt-in,monthly $/kW credit on interruptible capacity (Market Value Capacity Price),"MVCP $1.39/kW for May-Sep 2026; must curtail >=1,000 kW at a single point; customers on plans for >3,000 kW demand","30-minute notice; interruptions typically May-Sep, limited length/frequency; subscribe Mar 15-Apr 15 each year",Interruptible Service (MVCP),May-Sep,,,No,,Active,https://www.uesaz.com/interruptible-service/,2026-09-28,Primary
WECC-nonRTO,AZ,UniSource Energy Services / UNS Electric,IOU,Resource Comparison Proxy (RCP) Export Rate,Export-Comp,Residential;SmallC&I,Solar+Storage,Default,avoided-cost-style export credit locked for up to 10 years,$0.0680/kWh for Oct 1 2024-Sep 30 2025 (page not updated for later period at time of read); annual decline capped at 10%; locked for 10 years at rate when interconnection requested,,RCP export rate (Statement of Charges),,,Export at RCP; customers interconnecting since 20 Sep 2018,Yes,,Active,https://www.uesaz.com/rcp/,2026-09-28,Primary
WECC-nonRTO,AZ,UniSource Energy Services / UNS Electric,IOU,EV Charger Rebate,EV-Rate,Residential,EV/EVSE,Opt-in,upfront rebate (75% of cost),"75% of networked Level 2 charger cost, up to $300; max 2 per premise; must stay on a TOU rate plan >=2 years",,EV charger rebate,,,Net-metering Rider 4 customers must move to Net Metering TOU rate,No,TOU rate plans,Active,https://www.uesaz.com/electric-vehicles/,2026-09-28,Primary
